Date,Customers,Quantity,Average_Price,Promotion,Sales,Profit
2018-01-01,187.0,58,407.79,0,181.91,28.93
2018-01-02,178.0,117,414.52,1,232.05,38.31
2018-01-03,190.0,92,409.29,1,194.57,32.97
2018-01-04,204.0,94,422.05,1,193.35,34.75
2018-01-05,178.0,85,441.63,0,181.44,24.72
2018-01-06,178.0,90,406.22,0,209.73,30.87
2018-01-07,206.0,86,438.13,0,155.22,22.04
2018-01-08,194.0,95,406.07,1,199.04,35.84
2018-01-09,176.0,99,404.9,0,196.53,29.98
2018-01-10,191.0,92,434.91,0,184.91,29.92
2018-01-11,177.0,77,436.79,0,194.61,33.63
2018-01-12,177.0,94,435.55,0,230.27,36.01
2018-01-13,188.0,92,396.56,0,164.73,22.64
2018-01-14,156.0,82,411.87,0,175.55,22.69
2018-01-15,159.0,95,435.09,0,194.24,31.55
2018-01-16,177.0,96,421.05,1,205.89,36.03
2018-01-17,170.0,85,400.99,0,154.75,24.39
2018-01-18,191.0,85,428.59,0,173.71,28.65
2018-01-19,173.0,63,407.49,0,159.57,28.99
2018-01-20,166.0,93,452.68,1,201.79,32.04
2018-01-21,209.0,95,448.21,0,184.21,26.68
2018-01-22,184.0,88,431.29,0,149.81,23.78
2018-01-23,189.0,76,444.94,0,168.06,24.02
2018-01-24,167.0,98,421.63,0,173.44,23.88
2018-01-25,180.0,96,434.26,1,242.21,49.57
2018-01-26,190.0,87,447.1,1,207.74,35.17
2018-01-27,172.0,111,424.94,0,161.19,22.62
2018-01-28,195.0,79,415.95,0,158.26,22.6
2018-01-29,181.0,98,389.88,0,188.2,33.18
2018-01-30,186.0,82,419.08,0,199.83,29.89
2018-01-31,181.0,91,435.42,0,209.33,29.14
2018-02-01,218.0,81,437.64,0,207.23,30.55
2018-02-02,191.0,77,429.72,0,197.55,31.47
2018-02-03,175.0,105,410.92,1,219.07,43.46
2018-02-04,204.0,94,385.1,0,202.77,34.9
2018-02-05,174.0,102,411.79,0,184.29,27.34
2018-02-06,195.0,90,415.24,0,217.93,33.13
2018-02-07,163.0,113,415.11,0,215.61,41.3
2018-02-08,173.0,103,431.89,1,209.67,41.92
2018-02-09,196.0,96,456.52,0,272.91,42.63
2018-02-10,204.0,77,423.02,0,210.78,26.47
2018-02-11,196.0,85,416.92,0,206.46,31.61
2018-02-12,192.0,96,416.17,0,213.72,29.94
2018-02-13,190.0,100,423.1,1,253.33,43.59
2018-02-14,172.0,93,405.97,0,189.86,27.63
2018-02-15,184.0,93,423.06,1,223.76,40.62
2018-02-16,188.0,103,429.03,1,213.32,39.69
2018-02-17,211.0,103,424.71,1,234.96,40.89
2018-02-18,201.0,90,429.2,1,194.52,32.26
2018-02-19,169.0,98,428.79,0,224.71,35.35
2018-02-20,201.0,85,389.11,1,214.95,38.16
2018-02-21,190.0,94,432.48,0,215.91,28.4
2018-02-22,186.0,110,408.96,0,214.45,36.27
2018-02-23,206.0,99,401.33,0,225.0,33.54
2018-02-24,212.0,99,401.2,0,174.38,27.2
2018-02-25,211.0,84,428.9,0,205.49,32.2
2018-02-26,185.0,110,417.11,0,172.47,27.56
2018-02-27,193.0,106,390.86,0,212.03,34.39
2018-02-28,203.0,84,429.76,0,194.28,27.28
2018-03-01,213.0,88,395.27,0,183.19,30.17
2018-03-02,191.0,105,423.72,0,201.73,31.24
2018-03-03,195.0,111,425.51,0,201.39,35.5
2018-03-04,182.0,80,437.18,0,198.16,34.13
2018-03-05,181.0,83,453.33,0,208.06,37.42
2018-03-06,211.0,92,396.72,0,230.77,33.68
2018-03-07,219.0,72,420.36,0,207.1,37.13
2018-03-08,198.0,94,416.35,0,223.63,36.1
2018-03-09,214.0,105,429.15,0,235.77,40.16
2018-03-10,205.0,79,425.24,0,221.32,37.65
2018-03-11,190.0,95,415.03,0,240.31,40.1
2018-03-12,205.0,98,413.46,1,273.17,46.08
2018-03-13,223.0,110,401.32,0,249.41,43.48
2018-03-14,199.0,98,439.22,1,261.42,49.74
2018-03-15,224.0,109,429.73,0,246.96,34.06
2018-03-16,161.0,88,438.0,0,214.98,32.84
2018-03-17,213.0,112,415.91,1,259.6,43.3
2018-03-18,202.0,97,409.7,0,194.36,26.94
2018-03-19,196.0,93,402.13,0,178.28,30.81
2018-03-20,202.0,86,428.02,0,193.19,26.62
2018-03-21,171.0,97,402.86,0,240.76,33.75
2018-03-22,198.0,90,454.88,0,204.68,38.82
2018-03-23,206.0,87,398.08,0,213.92,32.79
2018-03-24,223.0,119,426.57,1,224.18,43.68
2018-03-25,193.0,110,449.86,1,232.6,46.96
2018-03-26,189.0,101,432.46,0,212.23,36.42
2018-03-27,194.0,101,424.86,1,228.66,42.82
2018-03-28,215.0,93,404.29,0,224.43,35.78
2018-03-29,206.0,92,396.87,0,203.08,34.13
2018-03-30,193.0,98,435.62,0,223.23,34.96
2018-03-31,209.0,101,,0,206.21,35.14
2018-04-01,203.0,94,413.9,0,206.62,32.26
2018-04-02,216.0,97,401.32,1,228.39,41.75
2018-04-03,191.0,102,377.59,0,224.82,42.32
2018-04-04,196.0,95,404.21,0,218.78,33.43
2018-04-05,196.0,80,419.83,0,248.25,39.79
2018-04-06,179.0,83,450.68,1,211.73,40.54
2018-04-07,206.0,98,434.04,0,245.19,41.05
2018-04-08,205.0,86,427.43,0,188.47,30.98
2018-04-09,201.0,109,414.76,1,274.84,45.69
2018-04-10,198.0,87,411.48,0,219.31,35.62
2018-04-11,180.0,96,447.3,0,248.87,40.73
2018-04-12,195.0,101,425.63,1,256.12,51.76
2018-04-13,196.0,112,384.19,0,215.34,36.84
2018-04-14,189.0,114,409.94,1,275.06,55.86
2018-04-15,199.0,108,406.63,0,241.33,34.98
2018-04-16,207.0,95,412.27,0,240.05,34.82
2018-04-17,229.0,103,432.25,0,220.29,36.33
2018-04-18,203.0,96,420.21,0,239.84,42.45
2018-04-19,205.0,109,420.78,0,200.88,31.54
2018-04-20,200.0,94,445.82,0,171.66,25.56
2018-04-21,172.0,81,409.66,0,161.08,21.9
2018-04-22,200.0,85,455.78,1,194.77,37.09
2018-04-23,201.0,111,410.16,0,202.15,32.0
2018-04-24,237.0,99,423.87,0,206.26,31.66
2018-04-25,197.0,100,417.22,0,202.2,35.1
2018-04-26,205.0,109,424.52,0,202.04,32.06
2018-04-27,199.0,78,430.32,0,158.69,25.39
2018-04-28,182.0,91,430.15,0,197.89,34.33
2018-04-29,217.0,102,408.8,1,217.64,47.42
2018-04-30,211.0,102,402.17,0,204.47,31.35
2018-05-01,211.0,87,467.46,0,242.12,35.56
2018-05-02,186.0,82,413.71,0,206.8,30.02
2018-05-03,220.0,82,435.03,0,219.72,36.73
2018-05-04,178.0,106,393.52,0,243.01,34.91
2018-05-05,208.0,97,417.45,1,205.45,36.86
2018-05-06,231.0,88,420.21,0,217.83,33.92
2018-05-07,184.0,100,431.03,0,247.81,45.43
2018-05-08,190.0,87,373.54,0,226.42,40.28
2018-05-09,200.0,87,425.55,1,222.23,35.99
2018-05-10,190.0,78,401.88,0,215.62,39.62
2018-05-11,174.0,93,428.44,0,233.46,33.09
2018-05-12,199.0,99,403.97,0,180.19,29.26
2018-05-13,181.0,91,407.24,0,187.85,27.7
2018-05-14,204.0,98,417.73,0,270.07,41.64
2018-05-15,183.0,77,403.74,0,225.63,32.78
2018-05-16,220.0,88,414.14,1,269.93,56.72
2018-05-17,185.0,116,401.24,0,244.66,38.63
2018-05-18,191.0,105,389.74,0,227.52,37.17
2018-05-19,208.0,101,441.08,0,198.23,28.53
2018-05-20,177.0,86,399.45,0,198.22,27.51
2018-05-21,199.0,90,419.58,0,232.95,35.72
2018-05-22,215.0,93,436.37,0,221.0,37.09
2018-05-23,171.0,116,411.77,1,228.64,41.88
2018-05-24,198.0,97,408.01,0,196.82,34.37
2018-05-25,198.0,98,426.95,0,209.56,33.92
2018-05-26,206.0,101,443.02,1,196.76,36.42
2018-05-27,175.0,100,401.87,0,195.33,32.82
2018-05-28,174.0,95,420.24,0,181.77,29.36
2018-05-29,201.0,93,391.78,0,192.27,33.49
2018-05-30,198.0,85,415.9,0,176.6,29.73
2018-05-31,197.0,101,423.62,1,215.59,42.83
2018-06-01,198.0,81,407.64,0,186.26,31.8
2018-06-02,182.0,91,414.81,0,226.93,40.94
2018-06-03,196.0,103,397.71,1,202.88,40.06
2018-06-04,196.0,68,424.47,0,209.2,38.96
2018-06-05,181.0,89,442.1,0,192.47,29.23
2018-06-06,219.0,80,403.37,0,214.75,37.05
2018-06-07,198.0,96,411.93,0,225.73,31.44
2018-06-08,173.0,98,432.21,0,181.72,31.66
2018-06-09,200.0,87,445.0,0,177.39,28.53
2018-06-10,175.0,96,396.32,0,186.98,32.54
2018-06-11,201.0,97,420.18,0,194.61,36.04
2018-06-12,207.0,88,428.34,0,217.44,37.4
2018-06-13,177.0,106,421.42,0,222.95,34.29
2018-06-14,203.0,83,378.7,0,186.94,26.86
2018-06-15,195.0,105,432.32,0,216.54,36.39
2018-06-16,200.0,88,450.67,0,183.14,28.52
2018-06-17,216.0,82,425.44,0,185.27,31.49
2018-06-18,184.0,87,404.8,0,181.46,27.65
2018-06-19,176.0,79,414.14,0,195.66,28.58
2018-06-20,174.0,98,455.26,0,223.55,34.96
2018-06-21,174.0,74,439.8,0,192.5,32.25
2018-06-22,185.0,103,434.96,0,216.64,35.06
2018-06-23,191.0,90,429.88,1,159.48,27.56
2018-06-24,190.0,98,411.58,0,157.99,29.55
2018-06-25,198.0,89,419.89,0,190.82,30.13
2018-06-26,185.0,92,422.12,0,209.21,26.38
2018-06-27,206.0,83,433.43,0,190.88,33.21
2018-06-28,180.0,102,450.72,1,181.72,33.59
2018-06-29,225.0,100,443.71,1,199.51,36.4
2018-06-30,193.0,74,398.05,0,171.23,26.91
2018-07-01,170.0,89,427.65,1,185.49,33.8
2018-07-02,167.0,83,436.9,0,166.19,30.75
2018-07-03,190.0,81,434.8,0,180.74,30.18
2018-07-04,179.0,101,412.35,0,196.41,32.19
2018-07-05,193.0,88,476.15,0,173.13,27.02
2018-07-06,189.0,90,400.73,1,234.94,49.56
2018-07-07,180.0,83,404.24,0,173.82,30.01
2018-07-08,168.0,83,427.96,0,180.82,31.61
2018-07-09,158.0,85,461.88,0,215.2,35.33
2018-07-10,174.0,77,408.75,0,190.23,33.29
2018-07-11,193.0,79,419.04,0,214.8,35.63
2018-07-12,183.0,95,443.23,0,179.26,27.68
2018-07-13,161.0,89,423.54,0,201.22,33.31
2018-07-14,182.0,85,417.86,0,195.59,37.45
2018-07-15,184.0,87,434.08,0,160.41,26.16
2018-07-16,165.0,86,428.83,0,179.43,32.13
2018-07-17,180.0,84,442.49,0,177.22,31.52
2018-07-18,179.0,92,447.21,0,184.42,31.06
2018-07-19,160.0,91,429.51,0,183.38,33.9
2018-07-20,182.0,71,429.25,0,145.85,18.58
2018-07-21,185.0,85,427.87,0,154.35,20.44
2018-07-22,193.0,71,432.84,0,179.24,33.32
2018-07-23,192.0,92,425.05,0,187.51,28.18
2018-07-24,155.0,93,424.07,0,176.57,28.55
2018-07-25,161.0,90,445.64,1,173.07,36.56
2018-07-26,183.0,84,451.41,0,200.94,32.75
2018-07-27,183.0,74,397.0,1,192.59,40.51
2018-07-28,182.0,95,424.34,0,152.82,23.56
2018-07-29,232.0,92,411.78,0,162.43,27.49
2018-07-30,183.0,97,418.6,0,159.0,25.58
2018-07-31,191.0,110,431.47,1,203.01,42.1
2018-08-01,188.0,73,436.29,0,174.43,27.22
2018-08-02,183.0,94,422.24,0,188.05,27.37
2018-08-03,168.0,100,389.84,0,173.88,26.6
2018-08-04,184.0,70,406.93,0,126.92,19.5
2018-08-05,161.0,93,440.46,1,189.06,33.14
2018-08-06,169.0,91,375.01,1,212.3,37.08
2018-08-07,165.0,93,445.73,0,162.45,28.73
2018-08-08,173.0,60,433.76,0,167.21,30.28
2018-08-09,206.0,112,448.09,1,241.51,46.1
2018-08-10,143.0,83,420.85,0,151.68,22.8
2018-08-11,181.0,93,387.33,0,166.18,25.13
2018-08-12,146.0,93,432.21,1,213.84,32.91
2018-08-13,163.0,89,447.42,0,179.38,29.72
2018-08-14,186.0,61,441.14,0,153.26,22.95
2018-08-15,171.0,80,412.59,0,167.39,30.48
2018-08-16,153.0,92,426.1,0,184.0,25.64
2018-08-17,159.0,86,414.97,0,157.99,23.87
2018-08-18,179.0,67,409.83,0,152.38,24.16
2018-08-19,158.0,84,441.8,0,146.88,24.53
2018-08-20,172.0,75,403.06,0,155.0,28.99
2018-08-21,169.0,84,408.55,1,180.78,29.73
2018-08-22,158.0,68,404.79,0,132.77,20.64
2018-08-23,200.0,89,397.86,0,132.44,18.35
2018-08-24,177.0,94,427.34,0,159.08,27.34
2018-08-25,137.0,104,445.63,0,134.05,20.15
2018-08-26,170.0,68,421.41,0,115.54,18.31
2018-08-27,157.0,90,397.66,0,156.05,24.56
2018-08-28,180.0,91,439.9,0,175.54,28.39
2018-08-29,155.0,77,455.14,0,139.39,21.98
2018-08-30,165.0,73,413.19,0,144.27,20.98
2018-08-31,174.0,72,416.23,0,123.64,19.94
2018-09-01,179.0,77,434.14,0,136.41,20.2
2018-09-02,148.0,84,454.07,0,147.55,25.41
2018-09-03,161.0,96,415.54,0,164.45,26.45
2018-09-04,159.0,103,400.94,1,181.11,30.68
2018-09-05,156.0,66,436.31,0,170.14,33.36
2018-09-06,192.0,74,439.34,0,166.58,30.8
2018-09-07,172.0,95,425.09,0,225.63,44.37
2018-09-08,147.0,75,414.95,0,154.81,23.97
2018-09-09,179.0,82,442.92,0,102.92,15.18
2018-09-10,197.0,75,434.54,1,164.19,32.36
2018-09-11,181.0,94,411.23,0,184.66,32.61
2018-09-12,142.0,73,425.96,1,163.4,30.71
2018-09-13,158.0,66,400.77,0,143.26,18.4
2018-09-14,184.0,92,437.47,0,142.35,20.68
2018-09-15,154.0,101,420.42,0,143.14,23.81
2018-09-16,171.0,79,417.32,0,145.57,21.85
2018-09-17,176.0,81,424.59,0,159.7,22.28
2018-09-18,151.0,91,425.93,0,129.92,20.29
2018-09-19,164.0,95,441.33,1,184.79,25.19
2018-09-20,116.0,88,435.88,1,133.25,23.45
2018-09-21,149.0,87,422.44,1,167.06,29.84
2018-09-22,160.0,66,439.03,0,125.12,20.6
2018-09-23,145.0,84,432.51,0,104.78,17.63
2018-09-24,189.0,81,417.64,0,117.74,19.51
2018-09-25,143.0,77,423.1,0,139.18,24.14
2018-09-26,158.0,72,422.69,0,120.59,18.99
2018-09-27,166.0,73,434.47,0,130.69,18.06
2018-09-28,186.0,88,418.79,0,159.26,25.59
2018-09-29,143.0,101,418.39,1,164.12,28.21
2018-09-30,182.0,89,460.88,1,138.21,22.76
2018-10-01,164.0,78,442.38,0,145.32,24.51
2018-10-02,149.0,83,411.79,1,149.25,24.45
2018-10-03,171.0,91,435.78,0,176.69,30.07
2018-10-04,167.0,82,427.65,0,188.48,26.5
2018-10-05,155.0,96,432.59,1,166.45,30.07
2018-10-06,165.0,86,428.03,0,151.8,23.0
2018-10-07,158.0,89,446.99,1,191.2,38.63
2018-10-08,166.0,70,431.82,0,161.11,27.21
2018-10-09,174.0,82,424.5,1,197.0,34.01
2018-10-10,188.0,103,444.4,1,198.09,36.18
2018-10-11,146.0,75,429.86,0,139.81,25.16
2018-10-12,197.0,78,427.87,0,169.73,30.96
2018-10-13,135.0,71,431.35,0,165.7,23.11
2018-10-14,162.0,70,424.04,0,150.14,26.99
2018-10-15,174.0,75,425.91,0,189.55,33.85
2018-10-16,169.0,109,415.2,1,151.62,28.46
2018-10-17,156.0,89,412.26,0,163.19,25.89
2018-10-18,162.0,87,407.83,1,157.58,27.85
2018-10-19,158.0,93,400.76,0,134.48,18.99
2018-10-20,156.0,81,410.01,0,158.51,26.17
2018-10-21,178.0,96,422.72,0,133.94,21.09
2018-10-22,171.0,105,427.74,0,145.51,24.23
2018-10-23,155.0,93,421.02,0,150.93,25.19
2018-10-24,179.0,84,383.52,0,99.28,19.63
2018-10-25,171.0,90,454.28,0,171.24,30.47
2018-10-26,178.0,83,445.52,0,180.65,30.39
2018-10-27,176.0,65,434.0,0,141.87,18.15
2018-10-28,154.0,87,460.33,1,159.0,30.35
2018-10-29,158.0,84,408.43,1,160.0,33.4
2018-10-30,,77,460.02,0,126.94,19.5
2018-10-31,176.0,101,408.69,0,186.07,35.89
2018-11-01,167.0,95,430.38,0,180.1,30.29
2018-11-02,169.0,98,403.17,1,193.79,36.71
2018-11-03,187.0,92,426.38,0,164.28,23.84
2018-11-04,159.0,65,433.09,0,151.27,27.62
2018-11-05,176.0,91,423.38,0,163.32,24.1
2018-11-06,165.0,93,439.03,0,225.86,34.23
2018-11-07,165.0,62,427.98,0,158.09,20.83
2018-11-08,185.0,92,416.82,0,172.5,29.92
2018-11-09,181.0,70,416.04,0,193.79,32.71
2018-11-10,181.0,65,440.86,0,156.64,25.09
2018-11-11,189.0,98,414.51,0,172.13,29.45
2018-11-12,170.0,75,442.78,0,199.07,33.78
2018-11-13,180.0,88,448.33,1,207.8,37.3
2018-11-14,165.0,95,396.3,0,190.13,28.18
2018-11-15,175.0,92,446.75,1,162.68,25.91
2018-11-16,169.0,83,463.47,0,173.72,27.33
2018-11-17,172.0,83,430.94,0,131.33,18.44
2018-11-18,180.0,89,437.2,0,143.43,23.3
2018-11-19,159.0,83,445.11,0,160.43,25.28
2018-11-20,203.0,87,421.5,0,161.2,24.82
2018-11-21,157.0,81,429.76,0,165.12,29.01
2018-11-22,154.0,89,402.84,0,169.54,24.62
2018-11-23,190.0,89,429.02,0,174.78,23.12
2018-11-24,185.0,105,435.51,0,125.62,19.67
2018-11-25,182.0,92,435.85,1,212.24,36.91
2018-11-26,183.0,84,445.76,0,156.34,25.3
2018-11-27,173.0,89,412.65,0,184.06,26.93
2018-11-28,160.0,96,417.03,0,113.57,18.89
2018-11-29,175.0,76,460.76,0,154.27,22.43
2018-11-30,164.0,88,423.95,0,137.72,20.0
2018-12-01,189.0,62,430.28,0,132.53,22.43
2018-12-02,173.0,84,425.49,0,162.39,25.87
2018-12-03,163.0,98,411.93,0,175.41,24.94
2018-12-04,171.0,80,455.96,0,204.72,29.83
2018-12-05,182.0,89,417.26,0,222.39,34.34
2018-12-06,168.0,82,406.49,0,165.67,23.67
2018-12-07,164.0,79,418.69,0,175.77,27.36
2018-12-08,181.0,108,390.79,1,187.79,34.03
2018-12-09,181.0,78,415.12,0,201.22,29.43
2018-12-10,170.0,91,409.43,0,198.37,33.67
2018-12-11,171.0,91,437.99,0,195.88,28.34
2018-12-12,182.0,90,414.78,1,219.69,44.75
2018-12-13,157.0,90,442.9,0,185.0,28.99
2018-12-14,158.0,79,452.11,0,167.57,25.15
2018-12-15,169.0,94,441.02,0,179.73,30.21
2018-12-16,177.0,86,423.1,1,186.41,34.58
2018-12-17,185.0,86,429.54,0,191.2,32.77
2018-12-18,203.0,87,399.57,0,151.77,19.73
2018-12-19,194.0,101,424.63,0,191.02,32.04
2018-12-20,179.0,91,411.57,0,165.12,25.13
2018-12-21,181.0,99,439.58,0,184.06,29.55
2018-12-22,167.0,106,473.41,1,205.35,37.72
2018-12-23,182.0,96,436.12,0,154.71,27.88
2018-12-24,178.0,87,391.3,0,197.13,26.04
2018-12-25,188.0,101,420.66,0,146.41,26.97
2018-12-26,171.0,87,429.38,0,204.92,34.96
2018-12-27,191.0,73,428.77,0,196.68,31.92
2018-12-28,207.0,89,414.07,0,165.64,22.94
2018-12-29,183.0,96,431.66,0,156.91,21.17
2018-12-30,191.0,75,404.89,0,139.32,21.12
2018-12-31,195.0,83,410.27,0,207.25,35.13
2019-01-01,179.0,89,438.92,1,204.68,37.85
2019-01-02,189.0,100,409.04,0,195.09,32.91
2019-01-03,186.0,119,437.03,1,210.53,34.33
2019-01-04,188.0,90,402.71,0,241.82,38.85
2019-01-05,175.0,97,459.15,0,178.78,31.54
2019-01-06,188.0,97,413.46,0,202.91,36.88
2019-01-07,195.0,108,423.39,0,226.63,32.0
2019-01-08,210.0,86,433.39,0,207.75,32.14
2019-01-09,203.0,101,417.28,1,228.5,41.1
2019-01-10,221.0,100,430.06,1,235.08,41.28
2019-01-11,177.0,94,437.86,0,227.41,39.48
2019-01-12,202.0,128,444.81,1,232.51,53.03
2019-01-13,192.0,94,441.79,0,235.99,33.82
2019-01-14,223.0,95,424.47,1,220.22,42.14
2019-01-15,178.0,82,424.94,0,219.38,36.07
2019-01-16,178.0,116,469.88,1,200.06,37.96
2019-01-17,182.0,85,444.72,0,185.71,33.43
2019-01-18,160.0,111,411.05,1,209.57,39.94
2019-01-19,184.0,88,429.46,0,164.13,21.0
2019-01-20,181.0,82,421.65,0,186.91,25.88
2019-01-21,195.0,101,425.26,0,199.77,28.77
2019-01-22,198.0,98,405.59,1,172.42,29.96
2019-01-23,221.0,99,420.33,0,242.71,38.33
2019-01-24,208.0,100,460.37,0,205.41,32.2
2019-01-25,185.0,101,438.2,0,200.45,26.59
2019-01-26,181.0,103,382.96,1,234.5,37.72
2019-01-27,202.0,102,449.72,0,214.19,27.46
2019-01-28,175.0,86,447.45,0,192.58,26.32
2019-01-29,223.0,81,421.39,1,184.01,36.78
2019-01-30,213.0,103,440.79,0,228.39,35.62
2019-01-31,189.0,98,412.43,0,196.27,28.6
2019-02-01,170.0,90,419.46,0,238.07,31.24
2019-02-02,217.0,92,454.91,1,213.91,36.32
2019-02-03,195.0,76,423.07,0,195.99,33.14
2019-02-04,216.0,97,394.32,0,205.27,34.31
2019-02-05,173.0,123,426.86,1,234.16,42.43
2019-02-06,189.0,95,426.61,0,230.78,36.0
2019-02-07,198.0,103,449.61,1,253.26,40.12
2019-02-08,199.0,97,428.32,0,228.25,33.86
2019-02-09,192.0,119,420.49,0,276.29,46.51
2019-02-10,208.0,105,446.91,0,242.69,36.37
2019-02-11,183.0,88,430.29,0,231.33,42.65
2019-02-12,197.0,98,414.64,0,180.77,32.19
2019-02-13,201.0,101,448.95,0,252.4,38.67
2019-02-14,208.0,97,431.67,1,310.59,56.22
2019-02-15,211.0,106,428.25,0,230.86,44.64
2019-02-16,183.0,100,,1,215.74,42.65
2019-02-17,178.0,83,408.97,0,206.35,33.23
2019-02-18,220.0,99,418.76,0,196.21,31.94
2019-02-19,206.0,108,428.34,1,252.22,47.22
2019-02-20,190.0,99,424.8,0,247.16,39.48
2019-02-21,225.0,101,451.22,1,225.44,38.08
2019-02-22,204.0,92,432.25,0,200.67,30.9
2019-02-23,220.0,110,443.75,0,209.61,29.02
2019-02-24,203.0,103,428.55,0,196.36,33.55
2019-02-25,233.0,89,447.41,0,186.43,29.46
2019-02-26,229.0,80,435.58,0,206.04,35.36
2019-02-27,199.0,90,428.68,0,205.05,28.89
2019-02-28,218.0,101,428.22,0,253.97,46.05
2019-03-01,213.0,93,411.3,0,248.54,44.6
2019-03-02,224.0,102,437.62,1,268.01,43.25
2019-03-03,189.0,104,427.8,1,256.2,45.45
2019-03-04,214.0,99,419.5,0,242.45,37.35
2019-03-05,220.0,108,448.48,0,228.91,31.69
2019-03-06,178.0,100,406.08,0,267.33,41.73
2019-03-07,,101,421.0,0,251.99,42.43
2019-03-08,174.0,98,447.12,0,219.39,33.56
2019-03-09,201.0,105,434.32,1,240.14,38.26
2019-03-10,216.0,109,427.8,0,219.83,37.72
2019-03-11,228.0,108,433.2,0,217.49,32.22
2019-03-12,206.0,131,431.93,1,291.8,50.98
2019-03-13,230.0,106,401.42,0,232.07,42.98
2019-03-14,185.0,105,422.45,1,252.45,48.21
2019-03-15,180.0,91,457.86,0,241.52,35.71
2019-03-16,205.0,110,416.91,0,234.2,33.29
2019-03-17,212.0,102,423.07,1,236.28,47.14
2019-03-18,205.0,109,419.07,0,274.39,47.59
2019-03-19,175.0,93,427.27,0,199.78,30.45
2019-03-20,205.0,104,418.36,0,206.37,29.12
2019-03-21,187.0,90,437.64,0,234.1,38.81
2019-03-22,216.0,109,432.45,0,222.14,37.52
2019-03-23,212.0,89,442.84,0,197.99,30.57
2019-03-24,192.0,104,410.02,0,192.68,27.64
2019-03-25,199.0,99,422.83,0,230.81,37.02
2019-03-26,191.0,102,424.92,0,228.75,38.18
2019-03-27,206.0,97,437.2,0,226.6,34.6
2019-03-28,221.0,97,414.74,0,215.41,35.31
2019-03-29,192.0,103,445.52,0,212.88,35.21
2019-03-30,214.0,91,450.42,0,212.01,37.56
2019-03-31,199.0,91,411.28,0,235.35,36.17
2019-04-01,195.0,98,420.26,0,264.91,37.86
2019-04-02,205.0,97,419.55,0,259.58,41.27
2019-04-03,191.0,91,476.52,0,246.22,45.63
2019-04-04,199.0,120,421.42,1,290.82,46.11
2019-04-05,189.0,98,459.38,0,221.31,27.73
2019-04-06,236.0,99,406.4,0,227.32,36.0
2019-04-07,207.0,88,411.41,0,245.79,37.93
2019-04-08,196.0,122,416.88,0,260.54,40.87
2019-04-09,210.0,126,414.04,0,274.18,42.86
2019-04-10,205.0,93,424.46,0,271.98,47.62
2019-04-11,203.0,114,416.54,0,277.85,44.28
2019-04-12,216.0,110,414.57,1,256.44,50.59
2019-04-13,218.0,117,450.19,0,250.41,30.76
2019-04-14,199.0,115,451.39,1,244.56,43.3
2019-04-15,198.0,102,446.47,0,232.98,34.43
2019-04-16,202.0,76,438.83,0,200.25,25.18
2019-04-17,172.0,92,431.09,0,237.65,38.39
2019-04-18,184.0,101,420.49,0,201.57,31.95
2019-04-19,227.0,103,412.3,0,248.02,37.95
2019-04-20,231.0,99,436.01,1,268.94,49.25
2019-04-21,202.0,94,408.37,0,225.87,36.49
2019-04-22,215.0,107,411.63,0,233.31,40.88
2019-04-23,211.0,87,450.29,0,251.56,42.67
2019-04-24,252.0,102,463.77,0,237.71,39.21
2019-04-25,223.0,113,436.66,0,214.6,41.76
2019-04-26,204.0,105,449.52,0,228.33,34.11
2019-04-27,191.0,104,425.19,0,251.48,35.11
2019-04-28,181.0,81,405.56,0,179.95,31.96
2019-04-29,208.0,93,440.68,0,196.45,36.93
2019-04-30,194.0,131,439.93,1,271.83,47.7
2019-05-01,184.0,105,430.99,1,244.59,50.3
2019-05-02,195.0,113,425.36,0,228.03,34.66
2019-05-03,188.0,95,447.06,0,207.36,35.0
2019-05-04,230.0,108,412.02,1,213.24,41.5
2019-05-05,218.0,106,415.85,0,205.44,30.93
2019-05-06,204.0,102,411.65,0,277.8,52.14
2019-05-07,226.0,104,431.35,0,250.9,47.53
2019-05-08,205.0,92,410.26,0,205.48,29.73
2019-05-09,191.0,99,417.54,1,288.89,54.32
2019-05-10,226.0,91,417.18,0,272.91,47.41
2019-05-11,211.0,105,425.21,1,283.06,44.37
2019-05-12,187.0,98,403.15,0,225.12,36.11
2019-05-13,200.0,110,431.51,0,245.66,33.21
2019-05-14,189.0,111,452.41,1,268.85,52.43
2019-05-15,182.0,115,432.42,1,292.51,54.49
2019-05-16,216.0,101,457.74,0,230.19,35.54
2019-05-17,231.0,89,454.03,0,219.34,29.94
2019-05-18,181.0,100,444.04,0,231.85,35.01
2019-05-19,210.0,101,431.4,0,242.57,40.7
2019-05-20,192.0,107,430.49,0,226.48,36.1
2019-05-21,194.0,89,443.85,0,229.91,40.9
2019-05-22,192.0,79,423.07,0,211.17,37.36
2019-05-23,188.0,101,396.25,0,210.92,37.18
2019-05-24,201.0,103,439.02,0,199.94,30.38
2019-05-25,188.0,97,409.82,0,175.89,28.92
2019-05-26,204.0,99,412.88,0,188.81,27.48
2019-05-27,199.0,108,430.22,0,196.99,27.8
2019-05-28,196.0,94,428.53,0,216.09,38.41
2019-05-29,185.0,96,404.84,0,235.49,33.49
2019-05-30,190.0,99,433.26,0,218.81,30.76
2019-05-31,210.0,86,447.69,0,194.92,31.49
2019-06-01,206.0,107,410.01,1,247.77,44.83
2019-06-02,183.0,98,453.24,0,214.34,33.7
2019-06-03,199.0,115,402.28,0,242.47,47.18
2019-06-04,209.0,95,468.49,0,216.92,31.47
2019-06-05,172.0,100,423.0,0,250.11,41.87
2019-06-06,205.0,117,433.04,1,281.63,52.47
2019-06-07,187.0,89,396.38,0,224.2,39.27
2019-06-08,205.0,121,429.34,1,265.87,46.05
2019-06-09,184.0,115,434.59,0,250.8,39.28
2019-06-10,168.0,97,428.95,0,221.29,35.79
2019-06-11,171.0,92,420.38,0,226.3,31.34
2019-06-12,196.0,114,413.5,0,241.01,32.03
2019-06-13,199.0,115,450.91,1,234.26,43.27
2019-06-14,181.0,98,431.13,0,234.71,42.26
2019-06-15,204.0,111,458.33,0,239.96,37.13
2019-06-16,169.0,110,421.14,0,208.66,32.71
2019-06-17,192.0,103,422.81,1,244.41,49.43
2019-06-18,175.0,99,445.34,0,240.11,37.88
2019-06-19,183.0,102,401.47,0,202.74,34.8
2019-06-20,193.0,97,408.86,0,213.57,42.71
2019-06-21,179.0,82,450.47,0,183.4,27.76
2019-06-22,186.0,87,409.65,0,171.2,26.94
2019-06-23,207.0,82,398.02,0,188.0,31.2
2019-06-24,182.0,101,464.41,0,201.85,36.81
2019-06-25,203.0,94,405.71,1,224.42,41.13
2019-06-26,174.0,108,434.13,1,217.22,42.56
2019-06-27,198.0,114,432.08,0,212.77,35.15
2019-06-28,211.0,110,380.27,0,237.32,37.71
2019-06-29,152.0,87,426.07,1,215.1,38.44
2019-06-30,177.0,82,438.97,0,185.21,27.94
2019-07-01,197.0,87,437.3,0,207.34,42.71
2019-07-02,185.0,93,447.2,1,212.91,34.47
2019-07-03,194.0,78,423.99,0,194.55,26.91
2019-07-04,179.0,95,443.81,0,215.93,35.34
2019-07-05,189.0,102,418.59,0,214.55,34.98
2019-07-06,185.0,104,405.63,0,219.17,36.47
2019-07-07,204.0,90,407.68,0,226.35,33.25
2019-07-08,190.0,92,404.74,0,211.44,30.57
2019-07-09,191.0,98,449.25,0,176.8,27.53
2019-07-10,180.0,103,403.84,1,276.69,54.95
2019-07-11,178.0,102,436.05,0,203.72,29.49
2019-07-12,179.0,98,426.35,0,217.82,35.34
2019-07-13,191.0,90,429.31,0,212.53,32.37
2019-07-14,178.0,75,455.72,0,215.51,29.55
2019-07-15,189.0,108,423.31,0,248.81,35.03
2019-07-16,215.0,86,442.23,0,195.43,33.94
2019-07-17,197.0,97,431.92,0,225.83,34.09
2019-07-18,178.0,74,428.52,0,189.75,33.9
2019-07-19,201.0,93,472.68,0,248.34,39.6
2019-07-20,177.0,94,405.36,0,197.54,27.55
2019-07-21,152.0,94,454.52,0,165.71,27.7
2019-07-22,167.0,123,443.16,0,177.34,26.24
2019-07-23,154.0,96,422.73,1,142.5,25.56
2019-07-24,176.0,111,460.71,1,216.01,43.63
2019-07-25,181.0,98,398.13,0,198.12,27.87
2019-07-26,206.0,95,422.03,1,211.83,37.76
2019-07-27,185.0,100,409.69,0,119.54,17.18
2019-07-28,177.0,100,438.88,1,159.06,26.59
2019-07-29,192.0,101,411.44,0,191.24,29.24
2019-07-30,146.0,111,439.3,0,217.97,32.07
2019-07-31,183.0,93,428.16,0,179.56,27.99
2019-08-01,191.0,89,422.91,0,204.03,34.6
2019-08-02,157.0,102,438.56,0,165.83,24.67
2019-08-03,196.0,105,426.74,0,187.3,25.84
2019-08-04,183.0,82,412.0,0,168.28,28.54
2019-08-05,172.0,87,482.04,0,212.77,31.63
2019-08-06,187.0,98,422.87,0,186.97,35.04
2019-08-07,211.0,90,391.74,0,232.15,35.72
2019-08-08,180.0,91,416.52,1,208.24,38.1
2019-08-09,181.0,96,408.89,0,177.83,22.31
2019-08-10,170.0,107,446.59,1,187.99,31.5
2019-08-11,164.0,97,437.53,1,190.27,28.7
2019-08-12,189.0,91,438.94,0,203.04,33.38
2019-08-13,163.0,85,425.12,0,175.64,27.89
2019-08-14,177.0,79,426.77,0,167.93,28.46
2019-08-15,168.0,95,425.14,1,223.36,44.03
2019-08-16,182.0,91,430.38,0,120.0,20.93
2019-08-17,180.0,75,446.9,0,152.78,23.93
2019-08-18,190.0,86,437.93,0,137.36,22.15
2019-08-19,167.0,101,440.9,1,177.24,34.33
2019-08-20,170.0,102,440.91,0,179.07,26.52
2019-08-21,159.0,97,447.86,1,181.61,31.04
2019-08-22,167.0,77,437.15,0,151.27,27.7
2019-08-23,179.0,88,438.44,0,185.38,24.64
2019-08-24,185.0,84,453.4,0,146.83,24.59
2019-08-25,159.0,105,420.05,1,206.78,39.31
2019-08-26,186.0,86,416.64,0,173.46,24.83
2019-08-27,193.0,72,410.71,1,152.93,26.76
2019-08-28,179.0,136,435.37,1,239.17,42.97
2019-08-29,201.0,101,398.73,1,194.59,36.63
2019-08-30,161.0,90,440.44,0,200.82,33.19
2019-08-31,153.0,74,430.17,0,140.37,22.39
2019-09-01,145.0,74,452.58,0,152.88,24.89
2019-09-02,194.0,98,420.09,1,205.57,40.06
2019-09-03,181.0,102,428.54,1,196.61,38.18
2019-09-04,171.0,96,452.42,0,206.16,37.73
2019-09-05,176.0,91,457.14,0,220.1,38.66
2019-09-06,154.0,77,420.02,0,128.64,20.62
2019-09-07,208.0,74,435.55,1,203.46,39.6
2019-09-08,173.0,88,437.6,0,154.35,25.68
2019-09-09,172.0,93,439.05,1,152.89,28.66
2019-09-10,182.0,76,427.61,0,190.38,27.98
2019-09-11,178.0,97,455.42,0,198.52,32.25
2019-09-12,174.0,83,398.37,1,211.49,32.57
2019-09-13,159.0,95,424.82,0,188.91,33.26
2019-09-14,177.0,74,440.48,0,177.23,29.29
2019-09-15,198.0,100,440.67,1,177.06,32.33
2019-09-16,190.0,98,456.81,0,183.45,28.19
2019-09-17,194.0,85,454.05,0,183.58,31.18
2019-09-18,162.0,105,427.36,0,198.65,37.26
2019-09-19,155.0,108,455.92,0,169.92,28.14
2019-09-20,168.0,91,419.69,0,155.89,29.39
2019-09-21,171.0,94,449.32,0,146.36,25.14
2019-09-22,186.0,99,465.17,0,125.71,18.59
2019-09-23,144.0,94,454.47,0,168.3,28.16
2019-09-24,193.0,103,434.52,1,150.92,28.8
2019-09-25,167.0,83,426.67,0,157.64,23.32
2019-09-26,163.0,72,405.15,0,146.6,22.56
2019-09-27,154.0,75,438.27,0,115.3,17.71
2019-09-28,145.0,112,412.63,0,121.72,19.66
2019-09-29,182.0,92,418.44,0,132.18,20.59
2019-09-30,171.0,96,411.31,1,175.47,33.17
2019-10-01,150.0,101,424.47,0,196.6,32.73
2019-10-02,150.0,81,432.28,0,158.86,28.44
2019-10-03,165.0,94,437.73,0,182.78,30.75
2019-10-04,195.0,89,422.01,0,201.56,30.13
2019-10-05,166.0,93,452.09,0,186.83,35.81
2019-10-06,147.0,95,429.11,1,184.34,32.18
2019-10-07,166.0,79,418.7,0,161.5,24.9
2019-10-08,166.0,80,436.97,0,187.57,31.69
2019-10-09,129.0,81,468.26,0,160.84,32.72
2019-10-10,169.0,89,438.97,0,219.58,36.46
2019-10-11,166.0,73,426.43,0,192.79,28.99
2019-10-12,180.0,76,405.49,0,169.73,22.98
2019-10-13,198.0,90,429.05,0,182.81,24.57
2019-10-14,187.0,88,437.25,0,183.94,29.46
2019-10-15,166.0,91,426.06,0,169.46,28.5
2019-10-16,154.0,89,403.08,0,181.79,25.21
2019-10-17,209.0,114,417.77,0,181.96,29.72
2019-10-18,171.0,100,459.28,1,229.8,37.99
2019-10-19,171.0,85,458.93,0,137.64,20.11
2019-10-20,170.0,100,417.18,1,183.69,35.72
2019-10-21,174.0,99,445.27,0,149.61,22.26
2019-10-22,169.0,89,411.97,0,142.46,25.59
2019-10-23,163.0,96,458.48,0,123.71,18.71
2019-10-24,163.0,103,437.63,1,188.07,37.92
2019-10-25,,87,450.33,0,144.85,28.1
2019-10-26,163.0,91,402.39,0,166.55,24.79
2019-10-27,161.0,106,445.48,0,160.84,31.68
2019-10-28,174.0,92,433.16,0,164.57,26.36
2019-10-29,168.0,80,448.65,0,129.59,19.5
2019-10-30,195.0,87,449.81,0,178.64,27.79
2019-10-31,133.0,69,434.54,0,141.26,21.75
2019-11-01,189.0,91,422.57,0,145.79,26.39
2019-11-02,191.0,103,447.43,0,180.12,32.38
2019-11-03,142.0,77,432.34,0,132.16,23.73
2019-11-04,168.0,92,417.73,0,140.6,19.76
2019-11-05,168.0,100,416.9,0,214.91,35.0
2019-11-06,152.0,101,406.89,0,178.83,24.46
2019-11-07,162.0,103,424.31,0,159.31,27.91
2019-11-08,157.0,72,453.37,0,161.91,24.73
2019-11-09,201.0,96,436.74,0,171.71,28.77
2019-11-10,188.0,76,424.02,0,198.73,30.3
2019-11-11,194.0,81,448.07,0,157.2,21.01
2019-11-12,186.0,99,418.62,0,169.88,29.44
2019-11-13,158.0,93,435.34,0,208.74,36.41
2019-11-14,168.0,99,430.41,0,182.11,29.52
2019-11-15,183.0,82,447.68,0,187.54,24.07
2019-11-16,158.0,116,405.29,1,188.95,37.08
2019-11-17,187.0,99,418.4,0,214.38,31.93
2019-11-18,173.0,101,404.23,0,156.8,26.3
2019-11-19,171.0,81,429.07,0,176.54,26.95
2019-11-20,188.0,104,455.57,0,211.17,32.56
2019-11-21,184.0,99,424.68,1,187.1,36.01
2019-11-22,172.0,96,424.61,1,175.42,30.29
2019-11-23,195.0,109,449.51,1,201.71,36.81
2019-11-24,162.0,108,453.07,1,201.9,38.89
2019-11-25,188.0,84,432.27,0,152.65,29.38
2019-11-26,188.0,113,446.2,0,212.09,33.7
2019-11-27,174.0,121,414.51,1,205.55,40.62
2019-11-28,184.0,99,458.72,0,190.32,27.11
2019-11-29,161.0,107,472.62,1,231.55,48.72
2019-11-30,194.0,97,443.34,0,189.81,28.07
2019-12-01,177.0,78,396.46,0,167.31,26.44
2019-12-02,173.0,105,423.95,1,199.17,38.37
2019-12-03,197.0,95,445.05,0,250.8,37.19
2019-12-04,171.0,88,426.45,0,178.11,31.39
2019-12-05,160.0,91,456.96,0,203.57,30.55
2019-12-06,158.0,70,444.67,0,200.66,34.61
2019-12-07,191.0,93,421.38,1,224.41,45.11
2019-12-08,163.0,104,434.7,0,241.37,40.71
2019-12-09,209.0,112,418.05,0,222.24,37.92
2019-12-10,152.0,85,430.87,0,201.13,39.82
2019-12-11,209.0,107,424.2,1,268.93,51.43
2019-12-12,187.0,106,455.35,0,213.57,34.52
2019-12-13,183.0,90,472.31,0,225.05,37.14
2019-12-14,176.0,102,408.48,0,202.42,36.25
2019-12-15,191.0,105,399.64,1,236.13,51.93
2019-12-16,185.0,118,429.87,1,247.09,45.09
2019-12-17,202.0,83,406.97,0,190.38,27.86
2019-12-18,,85,435.15,0,158.31,28.09
2019-12-19,188.0,109,447.82,1,188.13,30.96
2019-12-20,181.0,97,461.25,0,158.4,25.96
2019-12-21,186.0,106,438.01,1,202.2,38.33
2019-12-22,192.0,102,430.92,0,136.5,21.62
2019-12-23,162.0,87,398.81,0,181.13,28.85
2019-12-24,168.0,83,434.91,0,185.64,25.1
2019-12-25,199.0,102,435.74,1,230.71,39.68
2019-12-26,191.0,93,445.98,0,201.64,35.1
2019-12-27,186.0,94,421.75,0,211.05,27.31
2019-12-28,190.0,110,426.69,0,199.16,31.61
2019-12-29,195.0,115,407.94,1,207.96,37.5
2019-12-30,182.0,103,393.32,0,202.48,26.35
2019-12-31,179.0,100,414.63,0,189.31,35.1
2020-01-01,194.0,94,406.33,0,213.66,30.88
2020-01-02,176.0,90,440.68,0,177.18,29.81
2020-01-03,198.0,86,425.31,0,234.7,35.9
2020-01-04,166.0,92,424.97,0,184.59,27.2
2020-01-05,208.0,98,416.96,0,217.71,34.06
2020-01-06,200.0,87,376.51,0,229.91,35.56
2020-01-07,197.0,111,461.87,1,277.43,50.55
2020-01-08,208.0,107,416.74,1,221.75,38.41
2020-01-09,219.0,95,427.34,0,227.84,32.99
2020-01-10,209.0,111,408.59,0,251.77,44.08
2020-01-11,167.0,75,452.29,0,242.35,38.8
2020-01-12,176.0,96,437.4,0,216.28,34.41
2020-01-13,186.0,76,419.97,0,208.03,30.5
2020-01-14,196.0,102,427.8,0,271.58,49.87
2020-01-15,204.0,108,465.09,0,248.61,39.45
2020-01-16,185.0,87,433.59,0,245.94,32.36
2020-01-17,199.0,88,431.65,0,193.94,31.83
2020-01-18,185.0,84,418.0,0,210.63,31.29
2020-01-19,188.0,101,400.86,0,184.27,32.0
2020-01-20,176.0,98,432.1,0,187.03,32.84
2020-01-21,184.0,98,440.86,0,224.11,38.96
2020-01-22,178.0,98,454.81,0,223.66,34.24
2020-01-23,184.0,92,394.57,0,198.42,31.41
2020-01-24,215.0,113,414.81,0,249.91,40.92
2020-01-25,185.0,104,424.63,0,194.9,33.79
2020-01-26,239.0,100,435.04,1,220.84,37.42
2020-01-27,207.0,95,432.51,0,215.32,34.75
2020-01-28,203.0,93,432.95,0,212.23,39.9
2020-01-29,188.0,126,442.51,1,276.58,48.95
2020-01-30,211.0,110,418.92,0,211.01,33.68
2020-01-31,192.0,101,452.01,0,213.94,42.62
2020-02-01,203.0,120,443.02,0,206.7,32.32
2020-02-02,240.0,117,429.48,0,274.92,37.64
2020-02-03,201.0,101,464.08,0,234.37,37.3
2020-02-04,220.0,99,463.3,0,230.1,42.59
2020-02-05,192.0,100,452.09,0,239.67,42.15
2020-02-06,202.0,94,380.99,0,263.28,38.26
2020-02-07,230.0,121,463.76,0,276.91,46.03
2020-02-08,194.0,94,449.67,0,224.88,35.39
2020-02-09,231.0,122,471.5,1,264.02,52.06
2020-02-10,215.0,111,457.67,0,229.97,34.67
2020-02-11,196.0,101,463.83,0,254.4,42.59
2020-02-12,214.0,122,451.26,0,287.64,54.26
2020-02-13,220.0,89,459.74,0,234.49,28.33
2020-02-14,215.0,104,471.37,0,262.86,44.4
2020-02-15,182.0,100,439.4,0,218.31,39.25
2020-02-16,195.0,124,407.22,1,235.81,38.12
2020-02-17,202.0,108,430.01,0,256.34,38.24
2020-02-18,205.0,88,442.58,0,278.52,42.92
2020-02-19,216.0,117,436.93,0,254.49,37.93
2020-02-20,209.0,110,413.16,0,229.38,33.93
2020-02-21,187.0,95,406.26,0,219.75,33.92
2020-02-22,213.0,102,422.3,0,258.18,44.61
2020-02-23,217.0,92,450.2,0,221.69,40.42
2020-02-24,216.0,114,464.13,1,240.2,49.13
2020-02-25,224.0,107,452.2,0,234.91,41.09
2020-02-26,221.0,102,454.75,0,239.28,44.86
2020-02-27,215.0,101,434.29,0,245.19,46.7
2020-02-28,207.0,90,404.4,0,262.63,42.67
2020-02-29,184.0,109,427.59,0,254.59,46.2
2020-03-01,215.0,87,431.14,0,230.06,38.27
2020-03-02,212.0,106,426.87,0,248.83,39.01
2020-03-03,213.0,98,436.82,1,275.53,50.77
2020-03-04,190.0,107,443.81,0,242.08,42.41
2020-03-05,193.0,106,451.23,0,276.88,50.39
2020-03-06,226.0,111,430.89,0,262.22,44.24
2020-03-07,209.0,115,401.65,0,266.24,41.02
2020-03-08,220.0,117,427.25,0,294.75,45.0
2020-03-09,211.0,91,436.75,0,272.01,35.96
2020-03-10,211.0,106,457.99,0,272.94,45.15
2020-03-11,225.0,127,425.78,0,269.08,44.23
2020-03-12,203.0,118,445.25,1,288.52,48.86
2020-03-13,212.0,99,441.26,0,240.63,40.21
2020-03-14,204.0,106,436.85,0,262.42,43.78
2020-03-15,205.0,103,452.83,0,205.6,28.32
2020-03-16,207.0,95,424.2,0,273.72,42.47
2020-03-17,215.0,116,425.77,0,276.59,50.1
2020-03-18,204.0,113,435.93,0,258.36,38.88
2020-03-19,230.0,94,424.64,0,237.44,38.05
2020-03-20,198.0,106,445.32,0,246.64,40.06
2020-03-21,209.0,102,423.36,0,196.59,31.38
2020-03-22,205.0,91,440.29,0,241.1,41.07
2020-03-23,234.0,93,434.44,0,236.19,41.1
2020-03-24,215.0,95,440.13,0,267.42,47.86
2020-03-25,228.0,117,428.0,1,274.05,49.41
2020-03-26,190.0,103,430.2,0,242.23,40.66
2020-03-27,216.0,98,438.05,0,247.37,42.7
2020-03-28,226.0,114,439.98,1,235.7,43.19
2020-03-29,213.0,125,436.28,1,251.58,43.83
2020-03-30,228.0,111,467.08,0,255.19,41.38
2020-03-31,205.0,118,418.57,0,249.66,37.68
2020-04-01,233.0,115,435.26,1,267.2,46.61
2020-04-02,247.0,124,408.11,0,263.93,43.1
2020-04-03,207.0,111,443.16,0,262.91,41.32
2020-04-04,206.0,113,416.41,1,318.12,59.69
2020-04-05,234.0,109,431.49,0,251.45,34.38
2020-04-06,236.0,95,429.82,0,252.61,39.75
2020-04-07,204.0,105,441.6,0,265.54,33.48
2020-04-08,206.0,112,426.61,0,303.23,43.76
2020-04-09,208.0,114,425.86,0,306.39,48.61
2020-04-10,192.0,104,462.45,0,307.44,54.78
2020-04-11,198.0,135,441.74,0,271.66,45.65
2020-04-12,197.0,106,426.54,0,268.79,43.37
2020-04-13,201.0,101,432.14,1,261.31,46.87
2020-04-14,212.0,120,466.3,0,264.75,41.36
2020-04-15,216.0,114,432.47,0,244.55,43.92
2020-04-16,235.0,120,424.31,1,296.26,49.89
2020-04-17,197.0,103,424.41,0,254.18,37.9
2020-04-18,227.0,112,426.88,0,250.37,44.07
2020-04-19,209.0,124,426.08,0,229.07,35.47
2020-04-20,211.0,120,413.77,1,288.58,61.78
2020-04-21,222.0,93,416.58,0,192.08,32.72
2020-04-22,195.0,73,421.91,0,220.88,39.17
2020-04-23,217.0,111,447.51,0,241.99,32.82
2020-04-24,214.0,98,430.02,0,196.53,34.57
2020-04-25,218.0,107,433.17,0,236.85,34.88
2020-04-26,215.0,99,459.78,0,222.04,37.91
2020-04-27,248.0,99,460.25,0,253.59,39.19
2020-04-28,201.0,100,431.88,0,278.63,45.51
2020-04-29,203.0,101,425.62,0,247.77,35.53
2020-04-30,201.0,115,421.44,0,269.13,36.11
2020-05-01,202.0,113,449.49,0,279.14,45.29
2020-05-02,201.0,105,433.36,1,266.43,48.12
2020-05-03,228.0,97,430.1,0,223.73,32.8
2020-05-04,231.0,111,422.43,0,229.63,30.95
2020-05-05,,118,423.25,0,271.96,32.6
2020-05-06,197.0,127,442.88,1,280.19,54.04
2020-05-07,216.0,97,413.46,0,286.36,44.72
2020-05-08,201.0,127,455.07,1,282.06,49.63
2020-05-09,218.0,99,427.57,1,269.29,50.68
2020-05-10,212.0,115,434.51,1,252.82,50.62
2020-05-11,186.0,122,413.15,1,280.46,53.02
2020-05-12,232.0,86,437.02,0,238.47,36.57
2020-05-13,235.0,138,431.35,1,280.14,60.79
2020-05-14,199.0,120,436.38,0,263.26,39.61
2020-05-15,202.0,123,463.79,1,269.01,44.08
2020-05-16,212.0,97,440.52,0,290.04,46.84
2020-05-17,212.0,106,423.04,0,254.82,39.79
2020-05-18,217.0,114,424.56,0,272.51,47.47
2020-05-19,237.0,95,448.09,0,239.02,36.36
2020-05-20,204.0,104,460.78,0,240.2,37.84
2020-05-21,194.0,115,442.49,0,230.3,33.86
2020-05-22,185.0,101,449.84,1,299.46,59.03
2020-05-23,195.0,109,448.44,0,217.57,35.28
2020-05-24,205.0,88,463.02,0,197.95,30.85
2020-05-25,232.0,96,402.41,0,212.94,33.59
2020-05-26,197.0,100,,0,232.1,37.06
2020-05-27,208.0,111,455.25,0,260.48,36.06
2020-05-28,204.0,108,413.46,1,270.96,54.85
2020-05-29,222.0,107,421.64,0,219.31,38.72
2020-05-30,242.0,98,422.29,0,207.11,33.26
2020-05-31,196.0,100,424.5,0,245.32,39.01
2020-06-01,196.0,127,428.97,1,307.08,52.22
2020-06-02,219.0,93,442.03,0,234.21,43.54
2020-06-03,213.0,112,453.26,0,271.64,49.52
2020-06-04,230.0,105,457.16,0,219.47,36.41
2020-06-05,211.0,99,422.64,0,229.06,39.47
2020-06-06,197.0,102,422.54,1,233.11,47.43
2020-06-07,211.0,93,461.44,0,242.4,42.52
2020-06-08,218.0,97,449.42,0,245.86,36.18
2020-06-09,213.0,103,439.29,0,256.34,39.82
2020-06-10,208.0,110,446.34,0,277.9,46.42
2020-06-11,216.0,101,437.3,0,236.13,38.5
2020-06-12,218.0,101,447.3,0,249.46,42.73
2020-06-13,221.0,103,431.83,0,207.69,35.24
2020-06-14,209.0,118,442.74,1,278.17,52.49
2020-06-15,197.0,110,410.73,0,262.55,31.75
2020-06-16,201.0,89,425.56,0,235.4,41.81
2020-06-17,217.0,100,425.77,0,233.81,40.35
2020-06-18,186.0,115,431.24,0,220.64,42.15
2020-06-19,204.0,90,421.32,0,190.33,29.09
2020-06-20,192.0,104,428.42,0,213.98,28.32
2020-06-21,198.0,101,410.78,0,219.49,34.52
2020-06-22,216.0,107,447.94,1,277.22,53.18
2020-06-23,200.0,118,436.59,0,212.14,32.54
2020-06-24,197.0,103,407.41,0,217.06,39.2
2020-06-25,176.0,127,423.09,1,259.6,45.46
2020-06-26,207.0,102,444.2,0,234.69,37.2
2020-06-27,205.0,107,428.39,0,189.98,29.7
2020-06-28,228.0,96,425.64,0,195.84,39.48
2020-06-29,190.0,96,436.86,0,200.02,29.28
2020-06-30,198.0,116,444.4,1,222.51,43.11
2020-07-01,198.0,106,412.39,0,249.81,35.47
2020-07-02,217.0,107,448.16,0,226.86,37.46
2020-07-03,192.0,105,423.87,0,222.73,32.45
2020-07-04,197.0,98,437.98,1,235.04,47.36
2020-07-05,202.0,93,437.68,0,213.69,37.1
2020-07-06,195.0,109,428.85,0,228.39,37.47
2020-07-07,185.0,81,419.93,0,205.16,28.54
2020-07-08,195.0,104,433.24,0,264.1,42.05
2020-07-09,208.0,99,467.66,0,220.97,34.35
2020-07-10,176.0,109,413.91,0,214.06,36.92
2020-07-11,193.0,105,468.9,0,218.3,31.97
2020-07-12,180.0,94,433.79,0,254.93,45.21
2020-07-13,208.0,93,439.12,0,208.07,36.31
2020-07-14,167.0,95,418.94,0,231.99,32.34
2020-07-15,181.0,106,424.64,0,216.4,33.91
2020-07-16,195.0,87,429.49,1,233.95,43.1
2020-07-17,212.0,101,419.74,0,234.25,41.01
2020-07-18,188.0,91,434.82,0,158.4,23.71
2020-07-19,180.0,101,431.27,0,174.85,28.52
2020-07-20,216.0,103,471.93,0,224.81,39.68
2020-07-21,166.0,83,417.65,0,190.57,31.21
2020-07-22,154.0,107,440.51,1,217.63,34.2
2020-07-23,194.0,101,443.14,0,209.65,31.99
2020-07-24,179.0,100,419.43,0,173.89,30.18
2020-07-25,171.0,98,451.08,0,198.06,34.01
2020-07-26,197.0,86,431.57,0,190.86,24.1
2020-07-27,189.0,98,393.9,1,214.08,40.25
2020-07-28,177.0,85,450.66,0,194.38,33.86
2020-07-29,166.0,114,418.7,1,239.57,46.26
2020-07-30,198.0,107,419.96,1,207.05,40.33
2020-07-31,194.0,98,451.22,0,211.92,40.46
2020-08-01,183.0,81,432.61,0,215.12,34.28
2020-08-02,212.0,98,455.4,0,206.78,34.03
2020-08-03,168.0,114,460.68,1,224.0,38.28
2020-08-04,161.0,79,427.31,0,242.61,36.51
2020-08-05,173.0,92,453.22,0,210.25,32.59
2020-08-06,182.0,82,425.36,0,231.88,40.06
2020-08-07,186.0,93,479.18,0,202.11,30.07
2020-08-08,179.0,98,426.53,1,239.95,48.83
2020-08-09,187.0,101,457.49,0,192.0,27.57
2020-08-10,163.0,99,454.23,0,217.02,36.81
2020-08-11,203.0,110,444.75,0,206.94,34.82
2020-08-12,180.0,96,427.01,0,246.23,40.35
2020-08-13,198.0,100,436.37,0,205.4,35.9
2020-08-14,186.0,91,400.36,0,179.38,26.7
2020-08-15,188.0,86,443.18,0,186.3,28.51
2020-08-16,189.0,105,445.45,0,200.44,29.17
2020-08-17,187.0,109,441.58,0,199.25,31.91
2020-08-18,190.0,104,385.68,0,178.17,28.19
2020-08-19,200.0,108,416.44,1,232.89,46.08
2020-08-20,182.0,97,425.77,1,227.21,43.35
2020-08-21,190.0,108,444.51,0,154.35,26.29
2020-08-22,178.0,102,444.49,0,151.5,23.79
2020-08-23,201.0,126,436.24,1,195.84,37.42
2020-08-24,169.0,85,450.75,0,159.17,29.8
2020-08-25,206.0,115,420.87,1,215.93,35.59
2020-08-26,178.0,111,450.34,1,237.37,37.37
2020-08-27,157.0,92,447.93,0,164.84,27.95
2020-08-28,180.0,109,446.2,0,215.91,31.8
2020-08-29,168.0,100,436.14,0,139.5,19.43
2020-08-30,190.0,86,472.39,0,176.7,29.69
2020-08-31,168.0,104,448.34,1,193.8,32.93
2020-09-01,171.0,96,422.05,1,214.8,44.7
2020-09-02,149.0,91,443.97,0,150.04,24.36
2020-09-03,170.0,103,453.06,0,170.1,26.7
2020-09-04,140.0,105,428.95,0,205.08,30.29
2020-09-05,153.0,98,459.17,0,171.5,27.99
2020-09-06,188.0,88,446.46,0,179.01,24.37
2020-09-07,188.0,109,397.44,1,262.78,38.89
2020-09-08,183.0,103,445.01,0,208.05,28.44
2020-09-09,162.0,76,432.33,0,208.58,36.93
2020-09-10,175.0,96,449.33,0,185.23,27.07
2020-09-11,176.0,93,456.68,0,171.05,23.69
2020-09-12,159.0,105,443.21,0,185.76,29.47
2020-09-13,198.0,99,469.69,0,157.2,30.4
2020-09-14,189.0,100,436.52,0,181.67,32.04
2020-09-15,172.0,90,451.01,0,190.84,28.24
2020-09-16,176.0,95,454.27,0,183.41,27.09
2020-09-17,179.0,105,438.05,0,193.98,28.72
2020-09-18,145.0,104,453.84,1,209.67,35.93
2020-09-19,172.0,107,429.14,1,163.46,31.57
2020-09-20,165.0,80,432.25,0,135.02,20.92
2020-09-21,160.0,94,416.26,0,125.91,18.04
2020-09-22,171.0,85,444.25,1,175.8,29.0
2020-09-23,202.0,90,445.77,0,184.97,35.98
2020-09-24,185.0,96,461.17,0,200.41,34.29
2020-09-25,167.0,103,454.2,0,175.72,25.86
2020-09-26,184.0,85,434.85,0,182.29,32.48
2020-09-27,196.0,99,418.79,0,171.8,24.52
2020-09-28,189.0,110,447.81,0,184.46,29.13
2020-09-29,176.0,89,460.03,0,161.59,25.26
2020-09-30,165.0,90,453.65,1,146.08,27.42
2020-10-01,186.0,108,459.6,1,231.92,39.63
2020-10-02,181.0,83,436.29,0,179.67,29.09
2020-10-03,189.0,87,431.72,0,202.33,27.07
2020-10-04,185.0,104,426.88,0,165.63,25.56
2020-10-05,191.0,114,439.15,0,253.01,45.55
2020-10-06,167.0,85,438.77,0,185.71,32.57
2020-10-07,195.0,88,443.92,0,183.24,27.41
2020-10-08,178.0,91,437.89,0,193.22,26.49
2020-10-09,206.0,90,437.83,0,204.34,26.0
2020-10-10,165.0,115,426.28,0,193.74,32.79
2020-10-11,202.0,100,457.23,1,199.79,37.8
2020-10-12,179.0,92,441.68,0,160.36,26.59
2020-10-13,166.0,122,437.18,1,208.45,43.85
2020-10-14,168.0,111,426.89,1,239.05,44.77
2020-10-15,171.0,105,416.39,0,177.03,28.93
2020-10-16,182.0,87,463.92,0,150.69,20.95
2020-10-17,184.0,90,450.38,0,150.61,27.77
2020-10-18,168.0,85,411.19,0,162.93,25.67
2020-10-19,176.0,104,454.18,0,168.34,24.87
2020-10-20,208.0,108,457.06,0,181.19,29.56
2020-10-21,202.0,90,442.72,0,160.02,30.4
2020-10-22,183.0,92,469.27,0,193.33,37.12
2020-10-23,177.0,93,444.42,0,181.78,26.44
2020-10-24,179.0,81,415.04,0,198.88,35.33
2020-10-25,186.0,89,447.13,0,151.69,25.03
2020-10-26,162.0,104,444.99,0,170.5,29.81
2020-10-27,173.0,88,429.74,0,195.6,32.11
2020-10-28,152.0,107,450.94,1,205.95,40.0
2020-10-29,184.0,83,410.62,0,156.98,28.23
2020-10-30,188.0,95,458.49,0,195.83,26.19
2020-10-31,171.0,91,424.87,0,180.07,29.78
2020-11-01,202.0,84,422.97,0,140.24,19.98
2020-11-02,160.0,105,438.67,0,182.91,27.99
2020-11-03,157.0,105,448.53,0,202.67,32.43
2020-11-04,182.0,97,443.71,1,248.23,42.17
2020-11-05,195.0,95,427.41,0,218.59,33.07
2020-11-06,204.0,98,431.69,0,197.99,27.52
2020-11-07,173.0,79,420.43,0,172.5,26.06
2020-11-08,196.0,83,436.8,0,208.25,34.92
2020-11-09,179.0,120,460.21,1,188.82,37.38
2020-11-10,178.0,87,440.8,0,188.05,27.92
2020-11-11,194.0,120,456.37,1,266.37,54.58
2020-11-12,190.0,84,467.12,0,208.11,35.1
2020-11-13,157.0,104,430.36,0,190.24,34.53
2020-11-14,203.0,95,437.6,0,168.65,22.5
2020-11-15,202.0,96,480.06,0,207.36,34.15
2020-11-16,172.0,127,467.0,1,229.86,44.63
2020-11-17,188.0,86,410.92,0,186.78,25.07
2020-11-18,190.0,104,448.01,0,204.47,40.12
2020-11-19,186.0,114,441.07,1,220.04,38.61
2020-11-20,174.0,132,455.96,0,205.26,34.52
2020-11-21,173.0,88,427.69,0,143.65,24.98
2020-11-22,183.0,93,426.01,0,152.14,24.57
2020-11-23,201.0,107,428.97,0,207.79,37.57
2020-11-24,192.0,97,430.87,0,198.75,37.75
2020-11-25,179.0,95,455.86,0,193.72,27.77
2020-11-26,196.0,119,419.94,1,206.78,38.61
2020-11-27,142.0,97,430.01,0,201.6,35.03
2020-11-28,202.0,101,409.04,1,196.56,31.55
2020-11-29,159.0,107,459.39,0,212.64,37.42
2020-11-30,180.0,104,464.16,0,188.25,34.94
2020-12-01,169.0,97,435.41,0,191.8,34.38
2020-12-02,167.0,107,435.96,1,225.18,43.14
2020-12-03,204.0,91,449.5,0,227.97,41.74
2020-12-04,180.0,108,467.9,0,218.47,36.13
2020-12-05,192.0,97,448.73,0,207.46,29.09
2020-12-06,187.0,103,428.84,1,221.6,39.26
2020-12-07,195.0,98,412.28,1,247.62,44.86
2020-12-08,189.0,105,421.37,0,226.81,36.07
2020-12-09,169.0,96,442.78,0,207.0,32.83
2020-12-10,204.0,81,429.68,0,222.96,34.54
2020-12-11,182.0,100,445.01,1,247.0,46.51
2020-12-12,166.0,99,431.57,0,257.7,47.05
2020-12-13,183.0,100,422.49,0,199.53,32.57
2020-12-14,213.0,110,420.37,1,231.2,44.95
2020-12-15,203.0,98,469.7,0,226.78,28.82
2020-12-16,186.0,88,457.6,0,192.41,31.15
2020-12-17,186.0,94,472.77,0,191.03,33.68
2020-12-18,187.0,114,451.36,0,190.46,34.04
2020-12-19,223.0,113,433.92,0,193.33,34.25
2020-12-20,198.0,109,465.5,0,187.09,30.79
2020-12-21,199.0,108,441.1,0,186.57,31.01
2020-12-22,208.0,112,445.7,0,209.08,31.34
2020-12-23,197.0,92,440.97,0,156.0,26.94
2020-12-24,190.0,114,388.72,1,240.38,42.06
2020-12-25,191.0,92,470.67,0,192.43,32.75
2020-12-26,193.0,93,450.64,0,185.5,29.8
2020-12-27,194.0,108,447.76,0,214.33,34.34
2020-12-28,206.0,114,440.73,0,228.74,40.03
2020-12-29,196.0,112,444.8,1,227.62,44.03
2020-12-30,207.0,121,431.13,0,240.0,39.42
2020-12-31,195.0,107,453.0,0,257.81,39.32
2021-01-01,198.0,107,418.39,1,228.67,47.8
2021-01-02,167.0,94,445.29,0,228.12,37.64
2021-01-03,,115,452.07,0,209.06,35.79
2021-01-04,203.0,117,438.4,1,288.04,53.64
2021-01-05,213.0,112,448.68,0,234.13,35.02
2021-01-06,155.0,79,424.18,0,213.96,35.37
2021-01-07,230.0,108,424.66,0,275.84,41.67
2021-01-08,197.0,111,446.32,1,283.92,54.39
2021-01-09,216.0,92,454.29,0,220.23,24.45
2021-01-10,184.0,106,408.35,0,238.79,36.77
2021-01-11,209.0,127,451.52,1,263.85,48.76
2021-01-12,185.0,129,432.36,0,225.02,32.78
2021-01-13,191.0,109,438.69,0,250.71,41.48
2021-01-14,230.0,100,418.07,0,238.38,36.63
2021-01-15,199.0,99,426.87,0,220.11,35.2
2021-01-16,205.0,117,459.61,0,259.49,39.37
2021-01-17,215.0,107,442.83,1,227.39,45.38
2021-01-18,210.0,114,435.37,0,242.72,40.82
2021-01-19,205.0,110,440.18,0,256.94,42.26
2021-01-20,209.0,110,451.11,0,228.97,36.85
2021-01-21,240.0,92,450.25,0,213.74,42.31
2021-01-22,203.0,104,440.99,0,234.6,36.98
2021-01-23,207.0,94,462.03,0,221.6,33.14
2021-01-24,220.0,102,459.85,0,235.66,33.56
2021-01-25,221.0,128,449.84,1,298.49,59.27
2021-01-26,223.0,121,443.4,0,232.73,42.93
2021-01-27,215.0,111,454.27,0,242.62,35.73
2021-01-28,189.0,103,448.12,0,209.37,32.6
2021-01-29,231.0,135,461.57,1,288.68,51.85
2021-01-30,189.0,113,458.69,1,255.54,46.8
2021-01-31,211.0,98,424.19,0,229.79,30.67
2021-02-01,196.0,116,422.99,0,242.95,41.81
2021-02-02,206.0,114,429.94,0,252.18,44.85
2021-02-03,213.0,104,460.15,0,263.53,34.64
2021-02-04,213.0,121,414.23,1,268.1,56.67
2021-02-05,215.0,114,449.73,0,262.9,48.44
2021-02-06,233.0,112,449.17,0,260.62,29.7
2021-02-07,216.0,115,463.59,0,230.2,29.33
2021-02-08,206.0,105,445.93,0,247.03,39.03
2021-02-09,224.0,116,418.52,0,262.09,47.11
2021-02-10,228.0,111,425.45,0,304.38,50.02
2021-02-11,192.0,106,421.46,0,248.74,39.88
2021-02-12,219.0,108,433.08,0,266.77,44.98
2021-02-13,221.0,110,439.49,0,234.18,34.63
2021-02-14,206.0,97,421.82,0,229.46,41.11
2021-02-15,232.0,105,469.29,0,232.33,36.81
2021-02-16,209.0,112,418.98,0,272.31,36.9
2021-02-17,214.0,108,467.09,1,246.62,42.68
2021-02-18,209.0,115,464.21,1,291.44,55.53
2021-02-19,212.0,135,459.07,0,271.94,42.33
2021-02-20,196.0,100,430.43,0,229.73,35.4
2021-02-21,191.0,108,449.1,0,251.88,41.07
2021-02-22,237.0,104,419.97,0,310.27,51.31
2021-02-23,200.0,111,459.38,0,256.48,36.3
2021-02-24,198.0,104,441.67,0,221.79,39.56
2021-02-25,181.0,110,435.65,0,275.89,43.6
2021-02-26,204.0,115,421.01,1,274.69,52.55
2021-02-27,194.0,133,398.46,1,310.45,57.89
2021-02-28,239.0,113,424.39,0,239.3,36.82
2021-03-01,230.0,103,463.13,0,284.61,49.43
2021-03-02,204.0,121,435.87,0,267.29,43.09
2021-03-03,249.0,103,440.09,0,321.15,51.74
2021-03-04,230.0,97,454.96,0,260.78,31.99
2021-03-05,210.0,123,475.68,1,356.95,70.43
2021-03-06,178.0,132,467.05,0,278.83,43.9
2021-03-07,250.0,95,425.72,0,281.46,48.22
2021-03-08,195.0,100,408.27,0,308.17,56.91
2021-03-09,191.0,131,485.73,1,291.3,57.49
2021-03-10,231.0,107,484.12,0,303.24,48.76
2021-03-11,253.0,120,446.69,0,286.65,44.63
2021-03-12,237.0,105,420.45,0,286.37,56.67
2021-03-13,225.0,115,460.68,0,274.97,45.99
2021-03-14,225.0,141,441.42,1,312.81,58.85
2021-03-15,229.0,102,441.35,0,286.78,45.1
2021-03-16,228.0,124,459.5,0,271.96,39.86
2021-03-17,221.0,121,449.44,0,281.02,36.74
2021-03-18,218.0,109,422.1,1,241.19,50.12
2021-03-19,216.0,119,437.61,0,291.05,43.17
2021-03-20,206.0,125,455.38,1,309.87,56.44
2021-03-21,213.0,115,452.68,0,255.64,40.5
2021-03-22,192.0,127,448.24,1,250.45,51.72
2021-03-23,216.0,111,460.34,0,273.43,40.61
2021-03-24,203.0,115,437.05,0,242.4,39.72
2021-03-25,201.0,117,446.8,0,261.44,43.84
2021-03-26,220.0,122,382.84,0,276.12,38.45
2021-03-27,238.0,99,435.53,0,253.85,34.99
2021-03-28,231.0,137,457.39,1,300.1,52.3
2021-03-29,194.0,103,436.63,0,257.52,42.14
2021-03-30,203.0,122,435.29,0,270.01,43.67
2021-03-31,232.0,115,424.95,0,284.31,44.98
2021-04-01,203.0,102,461.78,0,261.78,44.45
2021-04-02,214.0,120,453.61,0,261.97,38.55
2021-04-03,226.0,105,458.62,0,270.57,42.6
2021-04-04,203.0,135,412.71,1,270.69,49.62
2021-04-05,219.0,107,440.91,0,277.72,40.98
2021-04-06,198.0,109,438.78,1,270.54,59.39
2021-04-07,209.0,140,438.79,1,304.19,46.42
2021-04-08,223.0,116,432.77,0,279.28,49.88
2021-04-09,194.0,123,437.65,0,270.3,46.49
2021-04-10,224.0,106,459.19,0,296.07,50.96
2021-04-11,217.0,96,409.49,0,288.57,46.59
2021-04-12,226.0,141,475.93,1,344.67,70.66
2021-04-13,221.0,114,452.67,0,282.16,43.25
2021-04-14,238.0,119,443.22,0,279.3,46.33
2021-04-15,219.0,131,460.32,1,322.51,60.02
2021-04-16,211.0,111,417.89,0,278.09,43.53
2021-04-17,219.0,127,432.08,1,289.0,53.99
2021-04-18,225.0,130,441.88,0,216.51,31.56
2021-04-19,218.0,114,468.66,0,283.33,42.51
2021-04-20,218.0,124,443.26,0,282.24,51.85
2021-04-21,207.0,94,452.22,0,252.21,51.26
2021-04-22,207.0,125,433.53,0,280.38,47.05
2021-04-23,196.0,99,452.92,0,261.39,45.09
2021-04-24,243.0,124,474.37,0,239.19,39.17
2021-04-25,198.0,128,462.12,1,262.62,50.38
2021-04-26,206.0,113,442.75,0,235.2,39.55
2021-04-27,206.0,113,456.4,0,285.34,50.09
2021-04-28,230.0,122,454.66,1,301.88,62.81
2021-04-29,212.0,116,453.4,1,263.01,45.17
2021-04-30,235.0,112,464.32,0,276.87,56.04
2021-05-01,206.0,146,464.2,1,290.44,54.33
2021-05-02,220.0,127,442.05,0,249.03,40.36
2021-05-03,203.0,105,455.91,0,268.12,41.24
2021-05-04,248.0,116,437.48,0,295.92,45.53
2021-05-05,197.0,115,427.78,0,293.55,49.68
2021-05-06,220.0,112,439.57,0,325.06,55.12
2021-05-07,224.0,104,443.07,0,279.03,47.01
2021-05-08,221.0,118,414.55,0,267.66,41.0
2021-05-09,212.0,132,459.97,1,307.63,44.45
2021-05-10,212.0,105,394.69,0,274.7,36.55
2021-05-11,215.0,143,493.39,1,301.6,55.86
2021-05-12,212.0,128,471.57,0,268.52,44.32
2021-05-13,228.0,129,439.86,1,237.09,42.37
2021-05-14,247.0,101,444.75,0,289.72,43.34
2021-05-15,205.0,127,450.05,1,252.17,47.77
2021-05-16,192.0,116,434.02,0,239.7,37.97
2021-05-17,211.0,118,448.11,0,274.97,42.03
2021-05-18,251.0,129,442.07,0,268.97,36.52
2021-05-19,200.0,111,442.98,0,300.71,44.31
2021-05-20,237.0,133,447.97,0,238.56,41.51
2021-05-21,237.0,117,421.08,0,303.28,44.15
2021-05-22,203.0,110,445.45,0,264.23,44.91
2021-05-23,220.0,136,447.7,0,266.36,48.16
2021-05-24,236.0,121,447.1,0,282.51,41.85
2021-05-25,205.0,108,440.92,0,251.21,38.52
2021-05-26,208.0,113,465.3,0,211.27,36.93
2021-05-27,202.0,118,438.47,0,257.39,45.94
2021-05-28,195.0,110,448.95,0,213.86,32.15
2021-05-29,200.0,113,468.23,0,224.23,30.42
2021-05-30,191.0,104,443.47,0,229.94,41.12
2021-05-31,210.0,105,448.78,1,248.21,48.09
2021-06-01,197.0,113,443.21,0,271.85,45.13
2021-06-02,212.0,123,467.23,1,275.54,54.76
2021-06-03,185.0,117,440.34,0,266.65,37.92
2021-06-04,213.0,105,468.1,0,258.69,42.91
2021-06-05,220.0,98,443.16,0,249.29,38.82
2021-06-06,178.0,111,429.57,1,249.67,48.45
2021-06-07,213.0,121,457.29,0,247.99,42.65
2021-06-08,225.0,104,439.6,0,263.0,45.93
2021-06-09,189.0,106,456.27,0,243.55,41.15
2021-06-10,231.0,107,395.99,0,295.8,48.44
2021-06-11,212.0,104,445.23,0,235.71,38.72
2021-06-12,195.0,103,436.89,0,293.81,48.63
2021-06-13,205.0,102,426.04,0,251.61,37.9
2021-06-14,213.0,134,435.24,1,289.58,51.96
2021-06-15,206.0,127,434.89,1,270.25,51.63
2021-06-16,213.0,122,444.38,0,271.36,46.07
2021-06-17,190.0,124,420.65,0,248.67,37.36
2021-06-18,206.0,86,450.97,0,239.95,34.52
2021-06-19,182.0,113,469.89,0,244.51,32.98
2021-06-20,202.0,104,450.38,0,236.09,33.31
2021-06-21,189.0,121,459.9,0,262.61,39.89
2021-06-22,192.0,112,465.06,1,260.35,46.42
2021-06-23,221.0,109,467.64,1,230.68,41.7
2021-06-24,218.0,95,479.06,0,182.03,25.83
2021-06-25,211.0,106,436.43,0,231.16,30.7
2021-06-26,185.0,128,432.51,1,244.07,45.62
2021-06-27,196.0,121,459.56,1,276.7,51.72
2021-06-28,219.0,97,458.23,0,222.86,37.73
2021-06-29,202.0,130,459.46,0,247.01,42.54
2021-06-30,235.0,115,479.53,0,254.24,42.17
2021-07-01,206.0,116,445.74,0,248.2,40.14
2021-07-02,202.0,121,453.23,0,259.04,44.85
2021-07-03,194.0,102,427.93,1,224.81,46.39
2021-07-04,201.0,99,484.04,0,205.59,30.81
2021-07-05,196.0,116,439.56,0,240.82,41.31
2021-07-06,209.0,99,440.09,0,198.8,29.95
2021-07-07,212.0,105,439.42,0,246.07,40.18
2021-07-08,186.0,117,434.07,1,254.96,51.26
2021-07-09,177.0,94,432.57,0,245.6,38.29
2021-07-10,169.0,113,436.29,1,247.26,42.21
2021-07-11,204.0,116,421.16,0,218.98,33.53
2021-07-12,179.0,114,431.62,0,272.16,39.65
2021-07-13,163.0,118,480.86,0,245.44,35.32
2021-07-14,201.0,117,459.04,0,262.6,46.77
2021-07-15,232.0,111,462.49,0,247.04,41.5
2021-07-16,195.0,120,467.03,1,266.93,46.5
2021-07-17,207.0,109,478.87,0,193.37,28.08
2021-07-18,195.0,100,413.99,0,237.03,34.67
2021-07-19,192.0,96,423.76,0,235.29,35.11
2021-07-20,207.0,99,431.45,0,217.07,38.48
2021-07-21,189.0,103,437.48,0,219.72,34.79
2021-07-22,197.0,109,440.55,1,252.95,54.88
2021-07-23,197.0,110,437.93,0,205.68,32.79
2021-07-24,182.0,118,449.95,1,187.6,33.09
2021-07-25,207.0,108,446.66,0,191.66,33.33
2021-07-26,189.0,109,433.03,0,211.66,28.56
2021-07-27,180.0,117,406.9,0,210.72,34.31
2021-07-28,199.0,115,428.21,1,257.94,43.03
2021-07-29,177.0,115,436.21,0,193.14,24.58
2021-07-30,191.0,110,441.67,0,196.95,31.16
2021-07-31,190.0,116,425.81,0,185.25,31.96
2021-08-01,206.0,121,437.33,0,221.62,36.17
2021-08-02,197.0,110,425.82,0,191.08,30.84
2021-08-03,189.0,105,443.94,0,235.86,28.54
2021-08-04,201.0,105,426.9,0,206.21,32.51
2021-08-05,210.0,110,430.96,1,232.93,42.58
2021-08-06,197.0,99,422.7,0,261.1,44.21
2021-08-07,188.0,113,443.52,0,244.92,35.3
2021-08-08,168.0,104,430.7,1,235.01,46.4
2021-08-09,172.0,120,462.64,0,208.28,31.73
2021-08-10,183.0,102,453.65,0,267.59,41.61
2021-08-11,178.0,142,445.1,1,257.73,49.72
2021-08-12,184.0,97,432.03,0,227.42,32.33
2021-08-13,188.0,106,453.25,0,243.04,41.89
2021-08-14,194.0,100,458.85,0,168.89,23.59
2021-08-15,185.0,95,449.01,0,188.96,32.09
2021-08-16,193.0,114,475.33,0,218.59,34.2
2021-08-17,187.0,92,454.75,0,208.49,32.88
2021-08-18,156.0,96,462.94,0,174.42,19.89
2021-08-19,171.0,109,448.92,0,211.32,31.94
2021-08-20,183.0,110,458.7,0,204.25,32.04
2021-08-21,167.0,89,432.22,0,210.81,38.63
2021-08-22,194.0,109,438.33,0,207.43,33.08
2021-08-23,207.0,104,452.89,0,191.62,28.78
2021-08-24,203.0,93,452.78,0,186.52,32.18
2021-08-25,181.0,95,455.78,0,208.5,31.78
2021-08-26,206.0,82,466.47,0,191.19,33.55
2021-08-27,186.0,120,421.03,0,173.57,28.45
2021-08-28,178.0,113,429.16,0,228.11,33.42
2021-08-29,174.0,89,450.85,0,157.02,27.33
2021-08-30,179.0,120,433.7,1,273.22,53.01
2021-08-31,177.0,97,507.56,0,206.2,35.76
2021-09-01,185.0,111,456.06,0,194.96,30.66
2021-09-02,185.0,97,445.39,0,156.85,26.51
2021-09-03,183.0,98,437.54,0,222.69,42.05
2021-09-04,189.0,99,438.2,0,167.86,27.29
2021-09-05,200.0,95,447.4,0,207.76,32.0
2021-09-06,196.0,116,448.9,0,262.06,48.0
2021-09-07,160.0,111,438.68,0,195.36,33.21
2021-09-08,144.0,113,442.0,1,250.57,44.66
2021-09-09,196.0,122,471.14,1,229.96,48.53
2021-09-10,161.0,86,471.88,0,229.93,32.64
2021-09-11,178.0,89,451.52,0,198.84,33.39
2021-09-12,164.0,116,422.86,1,223.9,45.27
2021-09-13,154.0,109,456.71,0,235.86,41.53
2021-09-14,189.0,104,475.02,0,223.53,32.75
2021-09-15,193.0,83,471.72,0,183.01,25.88
2021-09-16,172.0,91,460.3,0,232.78,38.05
2021-09-17,142.0,116,472.7,1,188.76,36.92
2021-09-18,173.0,126,448.08,0,200.07,28.78
2021-09-19,187.0,114,458.45,0,171.42,28.2
2021-09-20,159.0,117,434.91,0,165.49,22.86
2021-09-21,183.0,115,452.44,1,190.32,38.24
2021-09-22,180.0,105,471.13,0,187.46,28.39
2021-09-23,189.0,91,436.61,0,189.1,29.79
2021-09-24,182.0,121,431.73,1,233.46,46.22
2021-09-25,166.0,101,449.01,0,201.04,34.49
2021-09-26,199.0,109,443.2,0,185.43,30.99
2021-09-27,178.0,102,458.98,0,178.74,31.36
2021-09-28,180.0,104,439.16,0,211.47,35.13
2021-09-29,167.0,101,478.27,0,177.88,32.32
2021-09-30,174.0,104,424.15,0,163.22,21.93
2021-10-01,167.0,112,469.95,0,219.67,34.95
2021-10-02,178.0,89,433.63,0,209.46,33.19
2021-10-03,206.0,87,415.09,0,172.11,26.97
2021-10-04,160.0,106,451.72,0,245.74,41.15
2021-10-05,156.0,126,442.88,1,247.4,46.56
2021-10-06,203.0,119,427.51,0,231.21,39.85
2021-10-07,178.0,90,417.24,0,197.98,28.16
2021-10-08,171.0,98,447.37,0,232.7,45.23
2021-10-09,196.0,87,465.11,0,168.6,25.99
2021-10-10,172.0,96,458.09,0,193.52,31.8
2021-10-11,208.0,113,448.6,0,209.06,32.8
2021-10-12,191.0,102,456.22,0,189.4,30.53
2021-10-13,174.0,98,447.13,0,227.3,34.54
2021-10-14,214.0,108,421.9,0,224.01,36.53
2021-10-15,172.0,94,422.08,0,219.43,37.02
2021-10-16,192.0,118,444.02,0,196.2,24.32
2021-10-17,186.0,102,444.81,0,210.67,32.67
2021-10-18,201.0,98,463.04,0,201.63,31.15
2021-10-19,205.0,108,461.37,0,192.88,37.58
2021-10-20,182.0,122,458.65,1,208.61,41.28
2021-10-21,171.0,128,442.73,1,181.01,37.56
2021-10-22,189.0,100,422.95,0,213.89,36.01
2021-10-23,172.0,113,455.24,0,202.36,32.63
2021-10-24,213.0,104,457.29,0,240.3,39.76
2021-10-25,185.0,97,404.87,0,180.73,31.96
2021-10-26,177.0,95,432.86,0,173.06,32.23
2021-10-27,186.0,92,435.46,0,153.54,25.26
2021-10-28,163.0,96,450.05,0,207.83,31.31
2021-10-29,169.0,114,433.48,0,214.56,37.31
2021-10-30,201.0,120,447.27,1,246.46,42.44
2021-10-31,174.0,91,444.19,0,166.02,27.54
2021-11-01,168.0,86,445.14,0,211.1,35.93
2021-11-02,192.0,92,435.12,0,195.33,30.94
2021-11-03,202.0,96,436.54,0,238.98,34.99
2021-11-04,195.0,110,428.62,1,249.41,44.44
2021-11-05,199.0,115,454.92,0,195.09,30.29
2021-11-06,173.0,98,458.38,0,203.15,29.29
2021-11-07,164.0,121,434.25,0,177.91,27.44
2021-11-08,208.0,87,475.51,0,196.82,27.2
2021-11-09,180.0,101,442.5,0,201.6,34.04
2021-11-10,182.0,112,475.72,0,216.02,35.64
2021-11-11,206.0,113,436.64,0,226.3,37.11
2021-11-12,194.0,101,411.74,0,226.82,34.98
2021-11-13,193.0,114,455.48,0,217.87,34.04
2021-11-14,219.0,113,452.73,0,215.68,31.83
2021-11-15,177.0,98,448.9,0,220.62,36.97
2021-11-16,201.0,108,436.74,0,193.78,27.06
2021-11-17,188.0,112,447.7,0,217.85,35.13
2021-11-18,192.0,99,439.14,0,237.15,35.69
2021-11-19,211.0,122,442.92,0,215.43,40.15
2021-11-20,196.0,97,463.53,0,201.57,33.84
2021-11-21,196.0,107,451.72,0,202.63,32.42
2021-11-22,205.0,93,459.4,0,217.55,31.2
2021-11-23,183.0,107,444.27,0,209.23,29.2
2021-11-24,177.0,95,442.3,0,214.42,35.9
2021-11-25,174.0,113,427.72,1,234.19,49.64
2021-11-26,160.0,90,441.84,0,208.58,34.65
2021-11-27,221.0,124,388.74,1,234.91,44.08
2021-11-28,174.0,120,437.92,1,201.04,37.76
2021-11-29,187.0,127,447.09,1,217.46,40.57
2021-11-30,187.0,103,458.73,0,208.33,33.97
2021-12-01,196.0,128,443.76,1,280.31,48.98
2021-12-02,204.0,117,454.88,1,245.5,41.83
2021-12-03,205.0,108,409.4,0,236.8,38.28
2021-12-04,183.0,128,447.64,0,189.07,34.49
2021-12-05,190.0,102,418.45,0,224.58,38.55
2021-12-06,197.0,120,426.95,0,246.12,34.83
2021-12-07,189.0,112,445.35,0,188.64,29.46
2021-12-08,218.0,102,471.71,0,248.6,42.49
2021-12-09,201.0,105,455.44,1,228.16,47.4
2021-12-10,205.0,98,449.11,0,226.47,42.32
2021-12-11,204.0,129,448.45,1,280.52,51.01
2021-12-12,212.0,126,435.97,0,244.63,42.17
2021-12-13,198.0,109,439.05,0,233.89,38.3
2021-12-14,176.0,110,456.55,0,228.23,36.11
2021-12-15,202.0,116,423.94,0,234.26,37.7
2021-12-16,186.0,110,459.57,0,238.87,38.49
2021-12-17,189.0,120,441.93,0,214.04,38.02
2021-12-18,206.0,112,463.8,0,244.53,33.97
2021-12-19,216.0,121,466.26,1,220.04,42.25
2021-12-20,198.0,102,418.86,0,189.7,34.73
2021-12-21,203.0,110,438.53,1,264.62,54.64
2021-12-22,224.0,78,433.62,0,205.0,34.55
2021-12-23,202.0,122,416.41,0,231.69,34.44
2021-12-24,238.0,109,430.47,0,241.84,41.51
2021-12-25,208.0,116,493.02,1,220.53,45.18
2021-12-26,173.0,91,460.07,0,205.48,31.29
2021-12-27,211.0,114,483.63,1,262.48,49.97
2021-12-28,206.0,113,464.06,1,283.75,51.62
2021-12-29,220.0,103,435.81,0,222.75,33.59
2021-12-30,211.0,114,442.31,0,230.87,35.85
2021-12-31,199.0,112,459.79,0,252.61,40.9
2022-01-01,184.0,98,457.1,0,229.12,33.5
2022-01-02,199.0,98,438.85,0,227.72,32.74
2022-01-03,190.0,99,422.08,0,277.29,40.67
2022-01-04,194.0,130,508.46,0,229.58,37.86
2022-01-05,212.0,137,446.76,1,261.11,42.56
2022-01-06,229.0,104,443.46,0,227.86,28.88
2022-01-07,210.0,92,451.38,0,279.64,50.5
2022-01-08,186.0,124,444.99,1,284.83,48.36
2022-01-09,211.0,113,451.59,0,227.95,35.81
2022-01-10,223.0,116,472.57,0,267.83,46.56
2022-01-11,196.0,120,447.18,0,267.83,37.07
2022-01-12,204.0,128,428.51,1,245.71,40.15
2022-01-13,206.0,112,446.55,1,285.16,50.05
2022-01-14,195.0,116,441.12,0,238.37,41.58
2022-01-15,217.0,122,475.13,0,267.14,42.66
2022-01-16,205.0,106,470.6,0,219.0,35.01
2022-01-17,214.0,117,451.48,0,261.88,40.74
2022-01-18,195.0,108,426.54,0,274.67,46.26
2022-01-19,,134,427.51,0,278.63,50.57
2022-01-20,219.0,101,449.87,0,254.63,52.14
2022-01-21,203.0,126,455.67,0,250.77,39.57
2022-01-22,235.0,108,442.9,1,223.24,46.41
2022-01-23,204.0,133,441.02,0,233.67,40.89
2022-01-24,213.0,103,439.01,0,237.82,39.0
2022-01-25,224.0,117,449.28,0,244.94,31.07
2022-01-26,189.0,99,406.83,0,209.48,32.33
2022-01-27,185.0,102,429.92,0,251.85,39.02
2022-01-28,188.0,124,438.47,0,232.44,38.44
2022-01-29,231.0,126,471.52,0,284.11,44.62
2022-01-30,204.0,128,435.15,1,275.19,48.59
2022-01-31,251.0,133,453.07,1,315.28,67.93
2022-02-01,204.0,126,453.92,0,291.72,52.4
2022-02-02,216.0,109,473.22,0,311.49,40.39
2022-02-03,236.0,102,472.61,0,276.21,43.03
2022-02-04,244.0,126,448.86,1,297.61,57.87
2022-02-05,245.0,111,441.36,0,264.02,47.51
2022-02-06,232.0,120,437.99,0,305.99,47.03
2022-02-07,230.0,122,445.62,0,263.89,41.37
2022-02-08,224.0,120,442.17,1,290.06,54.07
2022-02-09,227.0,124,459.97,0,296.82,50.44
2022-02-10,207.0,124,457.59,0,286.29,39.21
2022-02-11,203.0,124,460.69,0,307.28,39.88
2022-02-12,216.0,113,472.73,0,244.3,43.69
2022-02-13,213.0,125,483.61,0,272.85,39.6
2022-02-14,210.0,123,452.34,0,278.91,53.51
2022-02-15,227.0,124,469.91,0,261.18,38.41
2022-02-16,231.0,135,443.81,0,303.0,47.64
2022-02-17,218.0,121,471.49,0,273.13,45.21
2022-02-18,239.0,112,469.29,0,268.3,34.35
2022-02-19,200.0,107,468.35,0,233.38,47.37
2022-02-20,215.0,130,451.91,0,252.84,38.96
2022-02-21,207.0,122,438.21,0,245.93,36.26
2022-02-22,190.0,135,425.16,0,286.69,40.85
2022-02-23,217.0,98,449.56,0,276.5,45.74
2022-02-24,217.0,128,477.89,0,303.42,49.87
2022-02-25,242.0,116,444.74,0,277.19,39.64
2022-02-26,229.0,125,464.47,1,271.9,44.71
2022-02-27,204.0,111,465.55,0,244.23,42.94
2022-02-28,247.0,128,445.27,0,290.92,43.69
2022-03-01,238.0,125,474.09,0,285.74,38.34
2022-03-02,229.0,108,398.06,0,272.8,43.04
2022-03-03,217.0,121,428.43,0,278.87,42.94
2022-03-04,206.0,126,433.98,0,311.87,59.02
2022-03-05,215.0,121,435.73,0,269.9,41.07
2022-03-06,237.0,131,456.55,0,315.61,49.04
2022-03-07,249.0,117,455.74,0,302.08,49.33
2022-03-08,244.0,97,457.63,0,283.63,42.95
2022-03-09,214.0,122,461.29,0,284.52,47.41
2022-03-10,205.0,122,433.48,0,297.03,42.99
2022-03-11,224.0,123,428.67,0,313.25,49.0
2022-03-12,195.0,131,457.75,0,283.46,47.08
2022-03-13,227.0,101,439.3,0,297.41,52.66
2022-03-14,220.0,118,422.39,0,289.18,43.73
2022-03-15,215.0,121,468.16,1,311.97,54.92
2022-03-16,198.0,118,475.81,1,282.95,58.89
2022-03-17,230.0,130,478.75,1,326.42,57.69
2022-03-18,214.0,137,454.11,1,308.26,56.77
2022-03-19,205.0,123,462.03,0,304.9,56.62
2022-03-20,179.0,114,475.44,0,277.44,44.67
2022-03-21,222.0,119,439.25,0,281.86,44.05
2022-03-22,249.0,140,470.81,1,333.11,60.76
2022-03-23,248.0,127,455.8,0,290.92,43.32
2022-03-24,216.0,115,467.31,0,292.45,48.77
2022-03-25,214.0,125,454.23,1,276.58,47.33
2022-03-26,230.0,104,474.23,0,265.43,45.57
2022-03-27,208.0,126,454.94,1,292.05,54.1
2022-03-28,228.0,103,424.23,0,238.29,38.97
2022-03-29,235.0,142,477.09,0,319.41,59.39
2022-03-30,242.0,112,433.92,0,255.61,35.34
2022-03-31,222.0,132,473.56,0,262.04,42.02
2022-04-01,220.0,139,449.4,0,236.86,40.16
2022-04-02,210.0,123,472.21,0,285.99,43.11
2022-04-03,211.0,120,471.49,0,245.54,42.79
2022-04-04,220.0,108,458.82,0,278.78,42.33
2022-04-05,229.0,116,460.25,0,313.39,51.51
2022-04-06,237.0,147,458.73,1,335.88,61.52
2022-04-07,211.0,125,414.89,0,290.6,47.2
2022-04-08,246.0,121,453.29,0,275.2,44.34
2022-04-09,,134,431.09,0,296.41,47.28
2022-04-10,223.0,128,454.28,0,313.76,47.97
2022-04-11,212.0,120,430.65,0,317.41,47.62
2022-04-12,187.0,123,429.91,0,336.51,55.44
2022-04-13,236.0,123,480.15,1,310.02,57.6
2022-04-14,234.0,115,470.53,0,272.81,40.82
2022-04-15,219.0,129,451.23,1,325.3,61.86
2022-04-16,224.0,127,454.65,0,290.14,44.41
2022-04-17,231.0,108,446.88,0,274.99,50.41
2022-04-18,199.0,122,461.62,0,271.41,53.56
2022-04-19,215.0,127,439.21,1,252.27,51.93
2022-04-20,235.0,112,469.29,0,259.84,46.77
2022-04-21,204.0,117,446.86,0,286.92,49.41
2022-04-22,227.0,98,443.88,0,273.34,42.87
2022-04-23,202.0,113,451.85,0,276.87,36.41
2022-04-24,229.0,110,440.84,0,265.08,38.34
2022-04-25,222.0,118,457.42,0,286.98,43.0
2022-04-26,198.0,98,441.85,0,275.62,49.09
2022-04-27,239.0,123,459.97,0,277.47,45.46
2022-04-28,211.0,130,473.45,0,278.56,41.81
2022-04-29,209.0,119,438.63,0,216.32,28.62
2022-04-30,224.0,126,449.25,0,256.45,49.95
2022-05-01,239.0,125,459.92,1,279.15,53.88
2022-05-02,206.0,105,443.79,0,272.99,47.4
2022-05-03,222.0,120,460.02,0,268.05,40.73
2022-05-04,227.0,127,461.68,0,311.95,49.26
2022-05-05,231.0,107,471.2,0,269.68,41.76
2022-05-06,223.0,126,440.81,1,337.31,62.73
2022-05-07,215.0,118,434.77,0,263.45,49.45
2022-05-08,208.0,149,446.22,0,285.19,40.48
2022-05-09,221.0,122,434.36,0,285.99,45.58
2022-05-10,204.0,101,461.96,0,278.48,46.06
2022-05-11,176.0,98,430.91,0,306.93,48.57
2022-05-12,226.0,137,493.83,1,317.38,63.45
2022-05-13,233.0,155,475.19,1,325.23,51.7
2022-05-14,184.0,117,452.11,0,261.3,49.19
2022-05-15,204.0,116,467.51,0,270.25,37.68
2022-05-16,228.0,124,422.46,0,295.22,42.23
2022-05-17,249.0,112,497.36,0,280.41,42.98
2022-05-18,218.0,94,441.34,0,266.43,40.04
2022-05-19,207.0,130,449.81,0,301.16,50.1
2022-05-20,215.0,113,418.59,0,276.26,45.48
2022-05-21,238.0,130,460.77,0,243.05,39.3
2022-05-22,207.0,111,432.13,0,249.32,34.59
2022-05-23,205.0,130,453.89,1,276.24,50.53
2022-05-24,209.0,127,442.28,0,276.77,44.37
2022-05-25,202.0,140,432.7,1,290.22,59.06
2022-05-26,218.0,121,437.64,0,285.56,46.54
2022-05-27,240.0,120,456.2,0,250.39,41.5
2022-05-28,220.0,125,429.09,0,249.86,47.33
2022-05-29,212.0,123,438.7,0,231.79,33.05
2022-05-30,211.0,105,464.14,0,257.73,39.74
2022-05-31,191.0,116,499.06,1,250.49,42.07
2022-06-01,228.0,97,460.84,0,267.94,49.33
2022-06-02,213.0,126,435.75,0,274.21,50.76
2022-06-03,211.0,114,445.67,0,275.39,50.38
2022-06-04,262.0,136,452.87,1,312.57,60.39
2022-06-05,218.0,122,446.03,0,274.01,45.41
2022-06-06,202.0,108,468.6,0,249.7,38.24
2022-06-07,206.0,126,456.27,1,292.21,57.43
2022-06-08,230.0,113,468.72,0,281.72,39.66
2022-06-09,214.0,111,446.74,0,274.33,38.61
2022-06-10,190.0,126,476.28,0,280.4,43.1
2022-06-11,225.0,142,449.44,0,315.46,59.4
2022-06-12,201.0,138,434.98,1,296.84,52.63
2022-06-13,239.0,117,491.67,0,289.5,44.68
2022-06-14,227.0,129,419.65,0,243.02,39.93
2022-06-15,204.0,144,439.22,1,317.07,62.93
2022-06-16,229.0,103,441.25,0,322.38,57.64
2022-06-17,211.0,139,497.71,1,320.73,53.94
2022-06-18,222.0,124,485.1,0,245.94,38.99
2022-06-19,216.0,128,479.49,0,297.87,48.66
2022-06-20,196.0,124,446.67,0,257.2,42.4
2022-06-21,199.0,124,496.31,1,278.06,55.05
2022-06-22,224.0,136,459.29,0,254.31,43.82
2022-06-23,203.0,129,470.27,1,263.96,48.93
2022-06-24,201.0,111,455.93,0,196.93,34.91
2022-06-25,193.0,121,451.83,0,248.2,43.32
2022-06-26,213.0,125,448.21,0,230.38,39.93
2022-06-27,237.0,116,448.99,0,243.67,37.05
2022-06-28,190.0,119,463.73,0,249.48,42.58
2022-06-29,206.0,126,459.41,1,260.2,52.83
2022-06-30,227.0,108,452.25,0,252.04,38.38
2022-07-01,204.0,107,480.01,0,269.81,43.7
2022-07-02,212.0,111,399.46,1,265.02,55.25
2022-07-03,189.0,130,462.06,0,244.17,40.52
2022-07-04,211.0,122,465.82,1,276.29,50.75
2022-07-05,201.0,80,473.57,0,247.0,44.94
2022-07-06,218.0,118,451.77,0,247.53,37.86
2022-07-07,221.0,118,456.7,0,270.34,36.38
2022-07-08,242.0,95,470.73,0,273.21,40.52
2022-07-09,211.0,106,479.84,0,251.09,44.45
2022-07-10,207.0,115,447.61,1,262.42,50.6
2022-07-11,205.0,116,457.85,1,276.73,51.48
2022-07-12,196.0,126,483.27,0,279.66,49.2
2022-07-13,206.0,122,414.85,1,260.14,48.78
2022-07-14,197.0,109,440.68,0,238.46,37.36
2022-07-15,203.0,134,479.51,1,249.74,49.33
2022-07-16,220.0,118,472.81,0,244.15,37.66
2022-07-17,185.0,95,462.56,0,242.66,40.61
2022-07-18,217.0,107,445.11,0,269.67,39.93
2022-07-19,219.0,116,437.33,0,274.69,39.61
2022-07-20,197.0,103,442.58,0,217.93,32.04
2022-07-21,167.0,133,481.1,0,243.42,38.85
2022-07-22,189.0,113,441.95,0,221.17,33.24
2022-07-23,218.0,105,455.11,0,247.68,37.33
2022-07-24,197.0,111,439.73,1,257.15,46.98
2022-07-25,182.0,121,468.49,0,229.93,36.54
2022-07-26,190.0,105,443.64,0,207.36,28.35
2022-07-27,209.0,116,451.6,0,158.08,19.31
2022-07-28,205.0,100,423.08,0,191.36,31.77
2022-07-29,193.0,112,424.36,0,188.19,30.5
2022-07-30,190.0,105,453.56,0,182.53,25.45
2022-07-31,190.0,108,429.59,0,252.5,42.05
2022-08-01,182.0,103,491.35,0,200.22,33.34
2022-08-02,219.0,121,416.37,0,220.01,34.2
2022-08-03,190.0,116,439.1,1,237.69,50.96
2022-08-04,213.0,110,453.82,0,292.64,52.39
2022-08-05,217.0,110,446.97,0,242.17,37.3
2022-08-06,209.0,127,433.69,0,259.93,40.11
2022-08-07,187.0,120,436.34,0,239.25,33.05
2022-08-08,200.0,118,435.77,0,209.68,37.4
2022-08-09,193.0,95,448.46,0,269.2,44.07
2022-08-10,179.0,104,488.77,0,248.7,42.86
2022-08-11,198.0,122,455.06,0,247.75,31.71
2022-08-12,175.0,98,474.97,0,270.33,46.41
2022-08-13,210.0,111,462.83,0,224.2,34.16
2022-08-14,185.0,99,473.77,0,217.29,36.67
2022-08-15,195.0,100,403.34,0,223.97,37.59
2022-08-16,196.0,127,448.28,0,261.41,41.74
2022-08-17,187.0,117,477.31,0,247.15,36.96
2022-08-18,200.0,120,443.51,0,235.88,39.15
2022-08-19,184.0,117,485.54,0,202.6,29.88
2022-08-20,204.0,108,480.55,0,199.4,35.05
2022-08-21,170.0,103,445.42,0,176.58,26.34
2022-08-22,192.0,105,444.82,0,233.95,37.51
2022-08-23,219.0,107,435.66,0,181.5,27.01
2022-08-24,175.0,137,442.59,1,269.8,50.56
2022-08-25,179.0,96,431.75,0,227.02,32.81
2022-08-26,197.0,104,461.68,0,188.63,27.89
2022-08-27,192.0,100,427.77,0,184.88,35.94
2022-08-28,194.0,120,464.87,0,189.4,32.7
2022-08-29,196.0,127,465.33,0,229.37,37.97
2022-08-30,198.0,112,424.14,0,244.67,41.03
2022-08-31,205.0,113,481.96,0,243.94,40.15
2022-09-01,194.0,110,463.32,0,211.63,33.58
2022-09-02,185.0,113,467.59,0,248.47,42.58
2022-09-03,198.0,126,440.46,1,263.01,45.39
2022-09-04,216.0,123,465.34,1,239.22,49.98
2022-09-05,186.0,114,474.44,0,231.49,37.46
2022-09-06,173.0,116,452.41,0,263.79,45.38
2022-09-07,204.0,91,490.23,0,248.03,45.54
2022-09-08,186.0,108,455.01,0,257.73,43.14
2022-09-09,155.0,111,474.77,0,282.85,41.82
2022-09-10,200.0,113,459.53,0,236.03,42.08
2022-09-11,179.0,107,464.82,0,225.41,41.8
2022-09-12,186.0,120,424.22,1,281.19,43.81
2022-09-13,192.0,111,461.0,1,288.37,52.91
2022-09-14,190.0,101,441.11,1,229.12,43.39
2022-09-15,197.0,128,439.12,1,247.43,44.79
2022-09-16,180.0,97,485.77,0,194.0,27.41
2022-09-17,194.0,107,450.55,0,212.2,31.14
2022-09-18,182.0,101,436.36,0,215.81,28.54
2022-09-19,197.0,124,447.98,0,200.18,34.9
2022-09-20,195.0,107,431.05,0,231.21,41.76
2022-09-21,172.0,115,480.29,1,215.97,44.36
2022-09-22,202.0,116,441.98,0,198.54,31.68
2022-09-23,178.0,130,464.05,0,233.97,38.39
2022-09-24,198.0,112,478.95,0,180.5,31.78
2022-09-25,192.0,104,445.56,0,160.59,25.13
2022-09-26,214.0,125,464.16,1,246.24,42.05
2022-09-27,183.0,92,436.06,0,193.4,29.29
2022-09-28,181.0,109,498.64,0,229.21,37.28
2022-09-29,186.0,128,471.49,0,233.34,34.84
2022-09-30,181.0,110,451.19,0,175.68,29.36
2022-10-01,198.0,109,440.77,0,229.5,32.06
2022-10-02,162.0,108,452.65,0,239.51,37.45
2022-10-03,170.0,114,448.6,1,258.97,49.48
2022-10-04,170.0,121,489.89,1,265.93,49.73
2022-10-05,200.0,126,432.7,1,248.13,43.17
2022-10-06,212.0,105,457.21,0,219.96,37.62
2022-10-07,185.0,93,454.47,1,245.08,46.3
2022-10-08,184.0,113,452.71,0,239.55,30.82
2022-10-09,187.0,140,452.88,1,270.41,51.87
2022-10-10,204.0,115,452.77,1,246.78,44.09
2022-10-11,172.0,104,470.6,1,235.58,41.73
2022-10-12,190.0,125,465.86,1,227.17,39.2
2022-10-13,201.0,126,462.46,0,252.13,36.55
2022-10-14,194.0,114,400.33,0,223.13,36.39
2022-10-15,190.0,126,460.36,0,215.4,36.23
2022-10-16,202.0,117,425.18,0,250.66,40.68
2022-10-17,146.0,116,466.63,0,230.03,40.08
2022-10-18,197.0,104,481.56,0,222.35,37.52
2022-10-19,177.0,112,438.37,0,230.9,29.99
2022-10-20,160.0,109,450.35,0,236.76,34.63
2022-10-21,195.0,118,444.29,1,200.03,40.57
2022-10-22,208.0,107,477.34,0,185.91,26.21
2022-10-23,186.0,121,456.83,1,213.01,30.67
2022-10-24,202.0,96,486.25,0,182.12,34.14
2022-10-25,212.0,127,462.61,1,229.54,43.49
2022-10-26,208.0,101,459.54,0,174.29,26.1
2022-10-27,213.0,107,456.43,0,228.33,33.63
2022-10-28,200.0,123,469.94,1,225.04,43.76
2022-10-29,190.0,100,423.96,0,200.25,33.48
2022-10-30,165.0,90,456.8,0,192.58,31.76
2022-10-31,185.0,106,454.02,0,227.44,35.75
2022-11-01,176.0,96,468.36,0,164.85,23.21
2022-11-02,222.0,117,451.94,0,241.47,38.5
2022-11-03,187.0,98,436.64,0,217.58,38.29
2022-11-04,192.0,125,455.49,0,247.16,37.54
2022-11-05,198.0,110,435.89,0,200.3,33.85
2022-11-06,191.0,111,420.75,0,234.25,36.06
2022-11-07,216.0,91,468.51,0,259.92,44.71
2022-11-08,181.0,122,465.86,1,266.9,45.45
2022-11-09,194.0,110,463.87,0,227.72,36.48
2022-11-10,180.0,108,478.93,1,244.19,46.85
2022-11-11,171.0,112,443.53,0,251.45,37.68
2022-11-12,182.0,107,429.76,0,237.36,39.27
2022-11-13,191.0,109,454.28,0,233.53,37.26
2022-11-14,185.0,111,449.3,0,235.84,37.58
2022-11-15,182.0,106,440.42,0,235.72,35.32
2022-11-16,171.0,114,454.16,0,230.1,40.26
2022-11-17,191.0,121,444.61,1,244.71,41.8
2022-11-18,170.0,116,422.59,0,242.12,39.76
2022-11-19,205.0,116,447.72,1,240.96,41.51
2022-11-20,195.0,111,435.23,1,255.0,46.92
2022-11-21,172.0,105,459.87,0,238.34,40.43
2022-11-22,189.0,126,443.91,0,231.83,36.09
2022-11-23,183.0,122,475.75,0,235.01,26.76
2022-11-24,199.0,124,484.63,0,206.75,28.91
2022-11-25,215.0,125,468.01,0,227.32,29.01
2022-11-26,167.0,118,427.88,1,234.07,43.54
2022-11-27,197.0,126,482.91,1,204.61,37.84
2022-11-28,193.0,114,484.2,0,235.38,36.42
2022-11-29,206.0,120,456.2,0,214.74,32.34
2022-11-30,200.0,110,479.69,0,214.96,35.11
2022-12-01,185.0,114,445.97,0,224.86,31.1
2022-12-02,192.0,114,422.33,0,239.31,41.72
2022-12-03,185.0,119,442.25,0,206.4,33.26
2022-12-04,214.0,120,487.09,0,257.53,37.56
2022-12-05,198.0,125,429.14,1,277.52,49.6
2022-12-06,227.0,115,455.99,0,296.32,46.83
2022-12-07,198.0,116,456.63,0,263.21,36.66
2022-12-08,188.0,141,446.81,1,298.53,58.23
2022-12-09,177.0,97,448.08,0,232.19,40.51
2022-12-10,173.0,105,457.38,0,217.38,35.16
2022-12-11,176.0,131,445.98,1,283.47,56.44
2022-12-12,204.0,127,430.52,1,262.18,58.92
2022-12-13,208.0,118,460.01,0,274.16,36.14
2022-12-14,177.0,122,475.48,0,291.9,46.93
2022-12-15,215.0,127,471.83,1,299.47,49.37
2022-12-16,194.0,110,441.62,0,261.5,47.96
2022-12-17,204.0,122,433.7,0,247.64,40.54
2022-12-18,227.0,116,451.12,0,232.16,34.71
2022-12-19,216.0,121,484.48,1,266.12,48.19
2022-12-20,199.0,123,467.9,0,235.84,42.46
2022-12-21,190.0,133,468.97,1,240.5,46.12
2022-12-22,171.0,118,472.34,0,239.17,40.34
2022-12-23,193.0,134,463.91,0,269.68,49.17
2022-12-24,201.0,140,458.53,1,231.22,46.09
2022-12-25,190.0,127,468.3,0,260.25,46.03
2022-12-26,203.0,143,446.57,0,278.46,44.03
2022-12-27,207.0,116,430.96,0,252.09,31.81
2022-12-28,202.0,113,469.45,0,252.58,40.81
2022-12-29,196.0,126,478.74,0,248.66,37.31
2022-12-30,209.0,115,436.35,0,253.03,43.48
2022-12-31,214.0,118,471.29,0,236.36,31.54
2023-01-01,191.0,108,486.77,0,242.68,41.84
2023-01-02,229.0,124,456.5,0,272.33,44.34
2023-01-03,207.0,103,441.84,0,298.71,49.38
2023-01-04,209.0,117,458.79,0,282.38,47.8
2023-01-05,219.0,118,446.69,0,271.65,43.35
2023-01-06,213.0,114,445.52,0,274.02,42.47
2023-01-07,224.0,111,464.44,1,269.87,54.52
2023-01-08,214.0,101,427.79,0,251.05,42.4
2023-01-09,201.0,112,430.69,0,296.58,50.52
2023-01-10,216.0,125,457.05,0,276.45,43.89
2023-01-11,194.0,122,456.32,0,269.68,43.59
2023-01-12,213.0,119,462.92,0,270.22,43.18
2023-01-13,211.0,111,490.51,0,262.24,35.1
2023-01-14,209.0,133,458.66,1,313.18,51.45
2023-01-15,210.0,102,467.57,0,259.48,41.04
2023-01-16,184.0,106,439.26,1,277.27,43.49
2023-01-17,205.0,118,470.66,0,270.95,42.9
2023-01-18,215.0,115,447.38,0,272.13,39.89
2023-01-19,216.0,131,458.17,0,257.91,40.97
2023-01-20,199.0,132,454.94,1,259.52,48.67
2023-01-21,233.0,137,475.51,0,288.87,38.17
2023-01-22,202.0,116,433.36,0,267.64,44.13
2023-01-23,230.0,126,415.86,0,274.81,42.12
2023-01-24,222.0,119,453.14,0,281.66,35.25
2023-01-25,206.0,135,465.43,0,307.6,47.09
2023-01-26,243.0,120,459.76,0,257.68,42.7
2023-01-27,198.0,130,479.22,0,247.07,38.03
2023-01-28,230.0,111,464.93,0,268.5,41.08
2023-01-29,232.0,128,446.93,1,254.78,47.72
2023-01-30,207.0,131,415.24,1,298.53,53.08
2023-01-31,239.0,135,452.85,0,282.97,44.14
2023-02-01,214.0,100,475.64,0,287.31,40.25
2023-02-02,223.0,119,450.1,0,277.43,42.23
2023-02-03,222.0,119,457.69,0,314.41,59.19
2023-02-04,217.0,102,464.78,0,258.4,42.04
2023-02-05,231.0,118,438.94,0,299.12,49.07
2023-02-06,231.0,118,468.46,1,303.98,53.31
2023-02-07,194.0,100,486.73,0,299.47,46.14
2023-02-08,240.0,121,454.17,0,284.3,44.51
2023-02-09,195.0,121,436.98,0,299.19,51.79
2023-02-10,236.0,121,456.12,0,330.87,58.89
2023-02-11,238.0,136,417.3,1,318.95,56.83
2023-02-12,205.0,115,463.42,0,307.57,49.1
2023-02-13,215.0,152,465.52,1,329.43,59.78
2023-02-14,205.0,124,487.56,0,285.86,49.01
2023-02-15,219.0,137,453.93,0,304.47,50.86
2023-02-16,218.0,118,464.79,1,320.12,58.79
2023-02-17,234.0,116,441.96,0,250.04,43.79
2023-02-18,242.0,131,451.06,0,291.8,48.96
2023-02-19,244.0,132,430.05,1,278.98,48.38
2023-02-20,215.0,114,454.01,0,254.52,40.75
2023-02-21,220.0,107,452.04,0,285.06,44.85
2023-02-22,198.0,132,462.95,0,308.74,44.82
2023-02-23,212.0,132,446.36,0,287.65,45.05
2023-02-24,239.0,128,459.1,0,257.95,45.68
2023-02-25,249.0,130,451.62,1,280.67,56.53
2023-02-26,206.0,114,451.67,0,256.88,44.62
2023-02-27,216.0,125,459.11,0,289.4,49.69
2023-02-28,225.0,112,458.41,0,281.83,45.97
2023-03-01,229.0,118,471.4,0,299.31,45.19
2023-03-02,213.0,138,455.55,0,319.72,53.86
2023-03-03,232.0,107,451.44,0,298.34,40.37
2023-03-04,219.0,133,454.51,0,310.96,46.62
2023-03-05,226.0,141,444.92,0,295.36,52.15
2023-03-06,234.0,134,451.32,0,379.57,57.93
2023-03-07,226.0,130,494.38,0,324.7,55.07
2023-03-08,220.0,122,441.41,0,325.28,50.27
2023-03-09,225.0,120,452.84,0,348.2,58.59
2023-03-10,225.0,104,450.91,0,308.77,42.27
2023-03-11,221.0,127,453.45,0,292.48,52.38
2023-03-12,223.0,123,451.96,0,329.83,47.25
2023-03-13,251.0,120,462.97,0,344.25,48.05
2023-03-14,236.0,137,427.18,1,342.52,69.62
2023-03-15,223.0,127,476.65,0,348.72,55.78
2023-03-16,238.0,120,469.39,0,308.21,47.9
2023-03-17,223.0,143,435.65,0,334.45,61.38
2023-03-18,245.0,134,417.2,0,329.88,56.4
2023-03-19,233.0,136,440.47,0,298.09,45.68
2023-03-20,226.0,136,453.71,1,331.58,60.67
2023-03-21,235.0,132,504.55,0,321.58,56.63
2023-03-22,205.0,118,467.9,0,281.48,40.97
2023-03-23,211.0,134,425.6,0,278.49,50.59
2023-03-24,210.0,135,445.75,1,338.32,60.34
2023-03-25,231.0,117,457.22,0,281.33,41.34
2023-03-26,254.0,127,462.77,0,272.08,47.97
2023-03-27,262.0,134,434.55,1,318.54,62.44
2023-03-28,238.0,151,455.81,0,314.57,41.95
2023-03-29,236.0,132,445.34,0,265.77,42.1
2023-03-30,202.0,153,438.41,1,336.92,56.74
2023-03-31,221.0,139,462.97,0,311.24,53.53
2023-04-01,217.0,128,472.25,0,321.58,59.75
2023-04-02,219.0,133,473.48,1,307.62,59.39
2023-04-03,226.0,120,468.7,1,349.66,60.7
2023-04-04,222.0,119,449.43,0,305.37,52.94
2023-04-05,199.0,134,471.26,0,315.93,50.31
2023-04-06,240.0,125,463.98,0,322.24,51.2
2023-04-07,213.0,131,460.85,0,360.14,55.0
2023-04-08,232.0,107,447.45,0,274.65,44.38
2023-04-09,260.0,142,449.54,1,347.57,63.93
2023-04-10,,139,459.83,0,326.25,40.43
2023-04-11,191.0,110,502.44,0,308.75,49.52
2023-04-12,224.0,131,463.96,0,333.59,52.69
2023-04-13,245.0,151,447.56,1,372.17,70.79
2023-04-14,258.0,144,443.6,0,339.13,44.05
2023-04-15,210.0,133,449.75,1,346.06,66.68
2023-04-16,236.0,145,497.81,1,322.05,59.72
2023-04-17,221.0,152,451.45,1,336.39,64.73
2023-04-18,227.0,142,474.98,1,310.36,49.83
2023-04-19,268.0,150,451.91,1,375.36,62.49
2023-04-20,206.0,137,463.4,1,315.61,49.51
2023-04-21,232.0,131,472.97,0,293.0,47.52
2023-04-22,235.0,121,448.45,0,292.49,45.28
2023-04-23,244.0,126,447.22,0,303.84,47.96
2023-04-24,229.0,132,488.64,0,279.31,38.86
2023-04-25,232.0,120,476.52,0,311.0,44.12
2023-04-26,222.0,125,473.05,0,282.02,34.56
2023-04-27,231.0,145,473.01,1,345.17,56.89
2023-04-28,222.0,148,467.13,0,289.01,43.42
2023-04-29,236.0,107,495.2,0,287.31,43.39
2023-04-30,221.0,157,459.69,1,314.17,57.8
2023-05-01,233.0,124,469.31,0,273.77,46.93
2023-05-02,226.0,137,432.82,0,275.65,41.26
2023-05-03,243.0,149,444.11,1,317.35,61.04
2023-05-04,226.0,143,437.37,0,332.13,57.02
2023-05-05,200.0,120,481.93,0,262.64,46.55
2023-05-06,245.0,125,413.07,0,306.28,51.25
2023-05-07,212.0,126,451.8,0,303.12,48.83
2023-05-08,216.0,133,405.17,1,299.79,50.6
2023-05-09,217.0,140,444.12,0,303.85,49.86
2023-05-10,246.0,136,450.26,1,323.97,58.11
2023-05-11,193.0,110,484.05,0,304.78,55.06
2023-05-12,272.0,120,466.28,0,346.23,55.87
2023-05-13,241.0,121,444.16,1,339.71,62.03
2023-05-14,228.0,134,478.37,1,313.28,64.61
2023-05-15,223.0,133,459.52,0,294.34,44.96
2023-05-16,228.0,120,459.9,0,271.58,43.44
2023-05-17,232.0,122,437.59,0,293.32,55.77
2023-05-18,233.0,123,441.44,0,280.06,45.93
2023-05-19,232.0,127,444.43,0,295.51,52.27
2023-05-20,225.0,141,460.14,1,304.32,63.16
2023-05-21,220.0,134,460.72,0,269.81,40.94
2023-05-22,220.0,148,487.13,0,285.65,49.6
2023-05-23,220.0,127,466.29,0,268.95,41.69
2023-05-24,239.0,143,410.64,1,298.11,64.27
2023-05-25,231.0,110,464.13,0,301.9,54.84
2023-05-26,178.0,122,433.32,0,281.83,48.24
2023-05-27,231.0,123,442.05,0,276.78,48.62
2023-05-28,224.0,115,444.84,0,282.45,42.24
2023-05-29,221.0,120,447.54,0,295.64,54.92
2023-05-30,215.0,124,434.75,0,308.33,45.15
2023-05-31,237.0,120,463.18,0,294.45,48.91
2023-06-01,234.0,151,434.15,0,302.71,45.19
2023-06-02,208.0,130,465.98,0,276.75,47.85
2023-06-03,226.0,145,499.85,0,271.59,50.56
2023-06-04,205.0,139,435.67,0,303.05,50.54
2023-06-05,198.0,118,454.5,0,287.25,47.32
2023-06-06,209.0,125,414.22,0,268.8,42.55
2023-06-07,231.0,120,454.24,0,256.16,41.37
2023-06-08,232.0,122,471.25,0,343.12,53.17
2023-06-09,225.0,114,472.67,0,276.56,51.03
2023-06-10,228.0,119,461.11,0,273.1,46.95
2023-06-11,225.0,127,475.75,0,313.92,48.59
2023-06-12,207.0,127,505.59,0,273.69,44.04
2023-06-13,223.0,126,490.6,0,308.02,62.76
2023-06-14,228.0,133,450.39,1,353.1,66.76
2023-06-15,227.0,132,433.7,0,337.44,61.34
2023-06-16,233.0,121,452.53,0,278.7,42.18
2023-06-17,226.0,147,442.81,1,300.75,57.78
2023-06-18,220.0,104,468.0,0,251.36,37.86
2023-06-19,231.0,129,438.64,0,279.89,42.53
2023-06-20,214.0,128,458.61,0,300.27,51.62
2023-06-21,201.0,116,475.02,0,236.17,34.61
2023-06-22,211.0,119,458.15,0,276.87,39.35
2023-06-23,202.0,127,442.95,0,260.21,44.31
2023-06-24,203.0,131,481.15,0,279.65,42.7
2023-06-25,211.0,105,426.2,0,266.7,41.55
2023-06-26,201.0,128,454.14,0,252.88,33.63
2023-06-27,207.0,117,459.31,0,254.69,35.9
2023-06-28,183.0,143,460.37,1,302.3,56.93
2023-06-29,215.0,103,463.35,0,273.21,42.76
2023-06-30,211.0,156,471.11,1,247.2,49.1
2023-07-01,198.0,113,459.5,0,265.64,38.92
2023-07-02,220.0,136,453.53,0,296.14,46.64
2023-07-03,224.0,120,452.84,0,276.11,44.37
2023-07-04,186.0,123,449.19,1,307.3,55.91
2023-07-05,198.0,124,474.4,0,300.15,50.71
2023-07-06,198.0,131,448.6,0,284.29,40.86
2023-07-07,195.0,105,475.5,0,285.85,47.93
2023-07-08,221.0,128,,0,272.59,48.27
2023-07-09,205.0,120,450.92,0,266.54,39.35
2023-07-10,204.0,126,471.45,0,269.1,44.67
2023-07-11,177.0,130,447.25,1,301.88,57.47
2023-07-12,217.0,124,471.85,1,337.16,65.35
2023-07-13,188.0,119,464.21,1,273.93,50.68
2023-07-14,207.0,127,449.67,0,289.92,52.56
2023-07-15,210.0,126,469.94,0,269.16,51.59
2023-07-16,226.0,126,470.28,0,291.0,49.29
2023-07-17,186.0,134,481.3,1,320.12,60.73
2023-07-18,160.0,129,477.87,0,241.4,38.67
2023-07-19,208.0,133,469.34,0,252.33,35.4
2023-07-20,232.0,110,440.22,1,260.42,42.6
2023-07-21,223.0,96,504.61,0,232.45,33.17
2023-07-22,207.0,136,435.29,0,235.28,38.58
2023-07-23,196.0,105,477.67,0,232.41,36.51
2023-07-24,215.0,108,468.36,0,222.08,40.62
2023-07-25,188.0,126,439.49,1,246.37,36.32
2023-07-26,210.0,102,458.4,0,217.85,34.99
2023-07-27,210.0,115,459.24,0,249.25,41.5
2023-07-28,218.0,109,484.18,0,236.89,41.09
2023-07-29,243.0,116,447.86,0,228.58,37.06
2023-07-30,207.0,121,456.0,0,216.1,35.76
2023-07-31,194.0,115,418.69,0,210.62,34.26
2023-08-01,201.0,114,491.99,0,278.06,46.32
2023-08-02,174.0,120,441.51,0,241.65,38.59
2023-08-03,190.0,138,466.68,1,332.26,72.01
2023-08-04,194.0,134,458.99,0,276.73,46.68
2023-08-05,192.0,125,459.08,1,301.92,56.75
2023-08-06,202.0,136,475.44,0,275.39,41.01
2023-08-07,187.0,126,490.96,0,266.02,41.2
2023-08-08,216.0,115,465.43,1,268.54,55.76
2023-08-09,199.0,104,472.71,0,236.51,29.03
2023-08-10,198.0,111,466.86,0,281.4,45.26
2023-08-11,193.0,131,479.28,0,272.01,43.42
2023-08-12,200.0,112,452.65,0,258.01,43.22
2023-08-13,210.0,98,480.36,0,254.97,41.81
2023-08-14,185.0,114,481.01,0,259.58,47.43
2023-08-15,187.0,97,480.53,0,232.76,37.58
2023-08-16,192.0,106,449.18,0,263.92,41.97
2023-08-17,177.0,110,458.05,0,236.3,41.18
2023-08-18,184.0,118,465.41,0,243.04,44.47
2023-08-19,189.0,126,436.44,0,244.34,41.61
2023-08-20,209.0,123,489.85,0,226.61,39.7
2023-08-21,200.0,104,460.94,0,190.85,29.91
2023-08-22,199.0,112,466.29,0,248.95,40.3
2023-08-23,208.0,117,450.81,0,254.52,46.4
2023-08-24,193.0,113,437.34,0,187.72,31.52
2023-08-25,201.0,123,450.37,1,226.09,41.01
2023-08-26,193.0,98,465.21,0,245.02,39.32
2023-08-27,199.0,104,473.4,0,213.03,37.4
2023-08-28,186.0,122,464.21,1,246.04,49.67
2023-08-29,158.0,85,467.56,0,201.02,29.62
2023-08-30,192.0,122,455.27,0,211.72,35.03
2023-08-31,215.0,112,470.29,1,247.13,45.69
2023-09-01,208.0,122,488.07,0,258.85,41.16
2023-09-02,208.0,121,474.09,0,229.41,41.28
2023-09-03,212.0,110,475.99,0,240.27,37.59
2023-09-04,195.0,135,466.73,1,305.26,53.84
2023-09-05,196.0,123,434.4,0,237.48,35.09
2023-09-06,184.0,112,442.68,0,250.81,39.47
2023-09-07,188.0,111,469.69,0,266.46,39.69
2023-09-08,202.0,126,461.32,0,237.19,34.87
2023-09-09,211.0,117,469.46,0,244.88,35.91
2023-09-10,191.0,135,491.74,1,302.29,52.16
2023-09-11,186.0,91,474.65,0,230.84,34.3
2023-09-12,192.0,116,484.26,0,269.59,44.75
2023-09-13,201.0,109,463.32,1,259.39,40.36
2023-09-14,171.0,115,447.11,0,276.89,41.39
2023-09-15,158.0,122,460.62,0,206.79,32.78
2023-09-16,184.0,132,447.19,0,233.56,41.39
2023-09-17,174.0,115,489.75,1,208.65,37.83
2023-09-18,184.0,110,475.95,0,213.96,33.74
2023-09-19,190.0,114,471.11,0,213.29,33.85
2023-09-20,185.0,105,484.01,0,214.61,28.47
2023-09-21,213.0,125,425.42,0,206.08,35.01
2023-09-22,197.0,114,472.39,0,219.54,37.16
2023-09-23,196.0,116,438.23,0,217.52,37.46
2023-09-24,201.0,121,461.71,0,179.68,35.5
2023-09-25,174.0,114,456.25,0,203.02,28.53
2023-09-26,207.0,107,473.79,0,267.79,36.87
2023-09-27,190.0,114,466.01,0,225.74,38.51
2023-09-28,202.0,116,486.13,1,204.79,36.85
2023-09-29,175.0,126,451.11,1,216.55,36.86
2023-09-30,168.0,125,474.72,0,220.36,34.32
2023-10-01,204.0,103,464.9,0,215.16,32.43
2023-10-02,197.0,99,432.56,0,213.83,39.74
2023-10-03,178.0,115,445.48,0,277.49,53.81
2023-10-04,178.0,107,459.34,0,285.45,38.67
2023-10-05,208.0,115,482.08,0,237.84,32.79
2023-10-06,174.0,118,470.43,0,260.39,38.7
2023-10-07,216.0,103,441.08,1,267.8,46.77
2023-10-08,178.0,122,459.59,0,258.04,38.29
2023-10-09,201.0,103,498.46,0,231.35,36.34
2023-10-10,187.0,115,464.16,0,287.07,44.01
2023-10-11,201.0,108,456.29,0,245.23,34.26
2023-10-12,184.0,120,471.05,1,275.57,46.74
2023-10-13,190.0,132,475.96,0,253.89,46.51
2023-10-14,193.0,118,454.03,0,231.21,35.75
2023-10-15,177.0,134,471.31,1,260.53,46.6
2023-10-16,203.0,117,456.36,0,218.07,29.92
2023-10-17,185.0,122,475.25,0,199.62,30.55
2023-10-18,189.0,120,465.37,0,231.46,40.37
2023-10-19,178.0,128,471.02,1,235.57,45.68
2023-10-20,154.0,127,448.69,0,240.16,41.35
2023-10-21,190.0,117,447.6,0,223.38,31.71
2023-10-22,229.0,138,479.42,0,227.2,32.2
2023-10-23,205.0,135,460.99,1,280.94,56.75
2023-10-24,193.0,104,467.57,0,216.99,37.41
2023-10-25,189.0,114,456.94,0,191.79,29.94
2023-10-26,194.0,130,478.66,1,242.75,48.01
2023-10-27,202.0,126,451.56,1,270.91,45.23
2023-10-28,176.0,133,460.08,1,199.54,33.19
2023-10-29,211.0,124,476.69,0,219.75,29.83
2023-10-30,205.0,113,483.67,1,260.17,49.54
2023-10-31,205.0,129,453.15,0,293.98,47.99
2023-11-01,201.0,111,497.87,0,259.82,39.54
2023-11-02,195.0,110,468.26,0,240.56,35.67
2023-11-03,205.0,111,443.87,0,253.37,49.72
2023-11-04,204.0,125,469.3,0,202.44,31.6
2023-11-05,190.0,114,455.79,0,215.75,39.01
2023-11-06,187.0,120,470.51,1,284.71,52.05
2023-11-07,197.0,113,461.95,0,257.09,39.2
2023-11-08,219.0,99,464.08,0,257.56,46.68
2023-11-09,178.0,109,446.35,0,253.02,43.48
2023-11-10,174.0,115,480.6,1,272.8,50.37
2023-11-11,199.0,115,441.99,0,247.68,43.84
2023-11-12,198.0,124,442.86,0,227.56,45.01
2023-11-13,200.0,123,469.45,0,254.48,37.92
2023-11-14,201.0,140,491.71,1,258.07,49.57
2023-11-15,194.0,128,456.53,0,244.08,37.55
2023-11-16,220.0,113,475.52,0,274.27,40.04
2023-11-17,174.0,118,482.24,0,240.85,35.06
2023-11-18,186.0,128,477.6,1,265.72,55.5
2023-11-19,197.0,97,457.36,0,223.0,29.58
2023-11-20,174.0,106,443.34,0,224.07,37.56
2023-11-21,197.0,117,423.26,0,217.47,32.1
2023-11-22,224.0,127,458.29,1,254.01,53.75
2023-11-23,200.0,124,484.25,0,242.63,37.83
2023-11-24,203.0,123,442.83,0,250.27,38.68
2023-11-25,181.0,101,475.68,0,217.01,39.83
2023-11-26,191.0,124,446.0,0,240.17,41.59
2023-11-27,195.0,121,465.03,0,209.6,35.28
2023-11-28,196.0,126,475.88,0,261.96,45.08
2023-11-29,221.0,140,451.29,1,252.11,42.54
2023-11-30,210.0,118,466.25,0,268.28,45.91
2023-12-01,185.0,142,455.73,1,287.9,52.4
2023-12-02,206.0,111,475.91,0,202.63,33.52
2023-12-03,210.0,121,467.48,1,281.39,54.1
2023-12-04,220.0,124,464.28,0,286.66,41.09
2023-12-05,227.0,117,491.33,0,292.93,49.48
2023-12-06,188.0,123,475.22,0,253.41,39.84
2023-12-07,192.0,141,450.89,0,283.5,40.09
2023-12-08,185.0,125,461.79,0,287.79,45.41
2023-12-09,201.0,123,461.99,0,279.08,44.74
2023-12-10,212.0,112,464.83,0,269.73,45.56
2023-12-11,220.0,104,508.84,0,262.54,32.6
2023-12-12,205.0,121,470.1,0,296.25,49.12
2023-12-13,201.0,132,426.79,0,299.83,45.67
2023-12-14,209.0,118,453.69,0,270.02,46.48
2023-12-15,194.0,126,428.7,0,257.31,41.16
2023-12-16,238.0,136,457.56,0,253.98,39.37
2023-12-17,183.0,136,427.75,0,286.82,45.13
2023-12-18,210.0,126,447.85,0,286.8,47.32
2023-12-19,238.0,124,436.19,0,267.45,46.43
2023-12-20,209.0,107,470.49,0,250.53,36.74
2023-12-21,206.0,116,463.61,0,220.97,34.22
2023-12-22,204.0,120,469.07,0,254.75,46.37
2023-12-23,207.0,114,461.76,0,217.34,33.6
2023-12-24,230.0,126,438.56,0,252.15,41.73
2023-12-25,177.0,142,472.92,0,285.78,40.43
2023-12-26,234.0,139,498.3,0,248.87,33.42
2023-12-27,190.0,126,471.09,0,263.65,38.07
2023-12-28,207.0,132,456.07,0,285.69,42.75
2023-12-29,205.0,117,438.05,0,265.8,46.67
2023-12-30,221.0,149,447.43,1,276.32,55.88
2023-12-31,188.0,109,471.95,0,250.47,32.84
2024-01-01,220.0,133,483.14,0,299.68,45.52
2024-01-02,243.0,129,468.54,0,290.47,49.52
2024-01-03,193.0,117,478.26,0,277.44,43.95
2024-01-04,217.0,123,476.62,0,309.72,56.55
2024-01-05,204.0,124,473.02,1,317.0,61.85
2024-01-06,221.0,114,452.07,0,253.0,39.46
2024-01-07,215.0,109,467.07,0,289.04,45.47
2024-01-08,206.0,133,448.69,0,318.87,50.75
2024-01-09,223.0,138,464.29,0,280.55,41.33
2024-01-10,243.0,104,469.96,0,247.52,43.09
2024-01-11,213.0,144,494.24,0,286.33,49.0
2024-01-12,227.0,136,440.46,1,320.46,61.47
2024-01-13,198.0,129,472.73,0,304.8,49.88
2024-01-14,203.0,112,490.74,0,258.0,37.34
2024-01-15,225.0,140,477.76,0,312.07,52.29
2024-01-16,240.0,139,479.11,1,260.12,48.63
2024-01-17,224.0,148,474.72,1,321.24,69.08
2024-01-18,214.0,139,487.53,0,283.8,39.9
2024-01-19,219.0,150,444.61,1,355.14,61.85
2024-01-20,201.0,121,439.25,0,228.07,31.06
2024-01-21,229.0,125,464.11,0,269.11,42.18
2024-01-22,233.0,131,425.34,1,263.42,41.85
2024-01-23,214.0,137,486.41,0,272.17,48.39
2024-01-24,214.0,141,486.25,1,268.89,54.15
2024-01-25,225.0,149,456.5,1,354.43,64.72
2024-01-26,215.0,149,457.65,1,301.32,51.16
2024-01-27,221.0,111,463.04,0,259.65,35.61
2024-01-28,254.0,142,465.3,0,283.29,42.34
2024-01-29,219.0,138,466.67,0,270.34,45.79
2024-01-30,217.0,125,474.45,0,311.22,46.12
2024-01-31,213.0,132,461.31,0,309.07,58.3
2024-02-01,235.0,128,481.42,0,319.09,58.19
2024-02-02,221.0,145,472.49,1,303.98,56.24
2024-02-03,214.0,136,453.55,1,337.67,60.13
2024-02-04,244.0,134,488.53,0,323.32,48.97
2024-02-05,246.0,130,440.07,0,311.63,57.33
2024-02-06,216.0,125,462.88,0,330.77,49.66
2024-02-07,197.0,132,481.96,0,321.09,55.87
2024-02-08,241.0,157,451.56,0,301.58,48.35
2024-02-09,215.0,133,470.17,1,334.54,65.47
2024-02-10,238.0,128,474.4,0,299.1,44.18
2024-02-11,197.0,124,449.15,0,303.11,46.98
2024-02-12,240.0,125,463.36,0,338.26,54.0
2024-02-13,209.0,139,461.86,0,285.9,43.04
2024-02-14,238.0,138,454.77,0,310.79,55.55
2024-02-15,228.0,131,506.15,0,296.48,44.04
2024-02-16,213.0,151,451.0,1,319.96,56.42
2024-02-17,222.0,139,482.85,0,282.13,50.89
2024-02-18,238.0,130,457.71,0,295.27,52.4
2024-02-19,230.0,116,445.24,0,306.76,56.39
2024-02-20,237.0,140,466.67,0,312.89,41.11
2024-02-21,259.0,133,476.52,0,307.53,50.13
2024-02-22,206.0,132,481.43,0,308.37,49.76
2024-02-23,254.0,127,493.0,0,346.55,52.53
2024-02-24,231.0,139,517.91,0,292.42,48.21
2024-02-25,216.0,135,469.43,0,307.27,47.68
2024-02-26,210.0,130,453.0,0,316.52,51.41
2024-02-27,227.0,120,473.11,0,332.26,70.12
2024-02-28,244.0,143,460.19,0,322.74,53.17
2024-02-29,229.0,138,481.67,0,293.45,48.53
2024-03-01,254.0,135,441.67,0,321.25,55.36
2024-03-02,209.0,106,507.67,0,293.09,47.69
2024-03-03,231.0,132,480.47,0,322.14,46.24
2024-03-04,213.0,130,434.77,0,300.66,40.68
2024-03-05,237.0,127,452.34,0,348.15,55.55
2024-03-06,245.0,140,479.81,0,332.59,51.87
2024-03-07,226.0,140,486.31,0,349.41,45.61
2024-03-08,193.0,147,442.26,1,357.91,74.96
2024-03-09,235.0,143,478.01,0,328.74,53.13
2024-03-10,239.0,123,430.15,0,323.14,58.68
2024-03-11,239.0,129,463.61,0,346.65,43.86
2024-03-12,251.0,134,485.26,0,375.49,68.29
2024-03-13,217.0,127,455.33,0,287.55,43.92
2024-03-14,243.0,151,438.16,1,368.88,75.21
2024-03-15,251.0,138,467.93,1,351.89,66.23
2024-03-16,206.0,146,454.44,0,313.12,52.23
2024-03-17,238.0,124,476.67,0,260.56,43.47
2024-03-18,226.0,155,449.42,0,341.04,52.39
2024-03-19,232.0,154,451.47,0,324.33,48.75
2024-03-20,239.0,133,429.02,0,298.81,46.19
2024-03-21,226.0,145,468.48,0,317.73,43.82
2024-03-22,224.0,130,462.54,0,301.97,46.14
2024-03-23,234.0,144,444.07,0,266.88,39.91
2024-03-24,218.0,132,468.97,0,295.13,40.6
2024-03-25,218.0,121,483.99,0,311.57,51.99
2024-03-26,244.0,99,461.64,0,282.38,45.21
2024-03-27,217.0,131,470.37,0,310.57,50.84
2024-03-28,244.0,137,470.48,0,314.83,53.67
2024-03-29,241.0,147,443.9,0,339.64,53.13
2024-03-30,208.0,134,502.62,0,297.24,43.37
2024-03-31,224.0,144,457.14,0,324.5,53.4
2024-04-01,252.0,130,477.45,0,314.27,36.51
2024-04-02,220.0,131,479.51,0,359.6,56.95
2024-04-03,227.0,155,463.17,1,344.26,67.64
2024-04-04,241.0,109,476.62,0,305.24,53.63
2024-04-05,246.0,134,470.14,0,331.47,50.4
2024-04-06,230.0,130,440.22,0,305.52,38.61
2024-04-07,225.0,148,459.78,0,304.44,36.69
2024-04-08,256.0,129,454.75,0,352.42,59.76
2024-04-09,260.0,139,457.49,0,282.26,43.66
2024-04-10,249.0,143,442.35,0,329.67,62.72
2024-04-11,235.0,119,486.12,0,304.09,42.22
2024-04-12,222.0,133,494.7,0,337.26,55.69
2024-04-13,222.0,130,483.48,0,275.48,50.95
2024-04-14,242.0,144,488.77,0,336.61,54.9
2024-04-15,240.0,141,459.72,0,346.47,47.16
2024-04-16,255.0,142,454.49,1,317.94,72.04
2024-04-17,244.0,124,451.95,0,323.82,59.49
2024-04-18,211.0,144,477.57,0,332.15,52.01
2024-04-19,249.0,143,470.09,1,359.63,70.95
2024-04-20,219.0,118,464.63,0,263.69,45.47
2024-04-21,228.0,119,489.35,0,259.85,44.08
2024-04-22,237.0,138,473.35,0,341.6,47.58
2024-04-23,263.0,121,450.98,0,288.97,47.64
2024-04-24,280.0,153,453.84,0,310.28,56.44
2024-04-25,242.0,125,478.4,0,315.92,52.94
2024-04-26,230.0,134,484.89,0,282.71,46.92
2024-04-27,241.0,135,476.09,0,291.38,44.27
2024-04-28,246.0,136,500.32,1,334.98,57.43
2024-04-29,228.0,111,495.63,0,271.2,36.99
2024-04-30,259.0,136,474.16,0,306.89,52.59
2024-05-01,236.0,126,451.15,0,289.69,45.39
2024-05-02,240.0,135,442.68,0,304.05,42.53
2024-05-03,242.0,132,459.31,0,344.96,60.25
2024-05-04,238.0,136,479.86,0,341.4,51.62
2024-05-05,244.0,149,499.2,0,327.56,48.19
2024-05-06,222.0,138,473.85,1,357.66,63.5
2024-05-07,223.0,129,487.4,0,336.94,52.93
2024-05-08,215.0,117,461.96,0,308.28,51.44
2024-05-09,237.0,131,477.61,0,336.08,49.36
2024-05-10,242.0,137,481.24,0,308.73,54.08
2024-05-11,237.0,138,430.81,1,320.7,61.66
2024-05-12,255.0,137,459.02,0,320.58,48.82
2024-05-13,230.0,131,483.57,0,305.55,48.16
2024-05-14,240.0,120,471.44,0,295.19,45.36
2024-05-15,213.0,136,444.98,0,307.54,49.51
2024-05-16,224.0,141,422.8,1,363.11,75.45
2024-05-17,240.0,144,459.98,1,371.21,66.26
2024-05-18,242.0,127,465.29,0,298.52,48.61
2024-05-19,224.0,126,450.69,0,304.77,45.57
2024-05-20,227.0,134,469.2,0,294.54,49.48
2024-05-21,205.0,130,475.75,0,257.07,42.2
2024-05-22,223.0,149,478.73,0,288.63,51.94
2024-05-23,241.0,140,424.27,0,296.35,43.73
2024-05-24,236.0,137,443.04,0,301.84,51.42
2024-05-25,235.0,130,461.24,0,280.81,50.25
2024-05-26,228.0,112,477.04,0,267.96,41.11
2024-05-27,227.0,124,475.57,0,279.7,44.22
2024-05-28,217.0,125,475.27,0,298.24,48.57
2024-05-29,237.0,129,459.9,0,269.73,42.2
2024-05-30,232.0,131,460.92,0,315.25,51.28
2024-05-31,233.0,148,453.73,1,315.5,61.55
2024-06-01,217.0,134,480.69,0,332.83,52.68
2024-06-02,193.0,143,450.31,0,288.95,45.7
2024-06-03,241.0,128,482.2,0,299.24,49.08
2024-06-04,217.0,134,470.66,0,299.83,46.18
2024-06-05,211.0,134,466.13,0,303.11,46.91
2024-06-06,234.0,133,455.14,0,328.73,48.16
2024-06-07,218.0,143,442.58,0,319.6,50.93
2024-06-08,239.0,149,455.34,1,352.13,67.51
2024-06-09,232.0,117,461.08,0,308.55,48.12
2024-06-10,233.0,129,424.4,0,316.88,47.02
2024-06-11,202.0,130,463.51,0,319.27,50.62
2024-06-12,240.0,152,483.72,0,348.42,57.82
2024-06-13,226.0,127,477.31,0,322.37,52.2
2024-06-14,216.0,120,458.19,0,307.68,59.52
2024-06-15,223.0,134,467.98,0,302.47,45.42
2024-06-16,194.0,145,457.15,1,286.97,52.44
2024-06-17,227.0,129,469.86,0,348.6,59.85
2024-06-18,205.0,137,494.92,1,323.06,56.4
2024-06-19,200.0,139,484.65,0,303.85,57.4
2024-06-20,197.0,121,476.61,0,278.98,44.66
2024-06-21,236.0,126,458.39,0,237.62,40.02
2024-06-22,209.0,124,480.78,0,259.66,41.62
2024-06-23,242.0,140,436.94,0,275.73,48.33
2024-06-24,210.0,142,462.78,1,283.49,47.93
2024-06-25,192.0,118,477.85,0,251.66,46.2
2024-06-26,201.0,129,480.69,1,285.47,53.8
2024-06-27,236.0,157,479.44,1,325.04,63.34
2024-06-28,215.0,139,472.71,0,307.22,45.75
2024-06-29,208.0,137,463.9,0,273.4,45.13
2024-06-30,219.0,128,477.12,0,257.92,37.52
2024-07-01,224.0,153,450.31,1,306.18,62.04
2024-07-02,232.0,127,452.28,1,307.16,50.88
2024-07-03,237.0,135,468.61,0,298.25,48.41
2024-07-04,210.0,123,470.64,0,296.38,45.69
2024-07-05,195.0,125,434.68,0,280.21,38.27
2024-07-06,208.0,145,475.75,1,318.02,54.37
2024-07-07,218.0,136,481.49,1,315.04,60.41
2024-07-08,199.0,123,466.21,0,284.92,41.76
2024-07-09,199.0,122,510.36,0,258.32,38.74
2024-07-10,218.0,107,455.35,0,270.25,44.75
2024-07-11,212.0,134,461.16,0,329.81,57.3
2024-07-12,213.0,126,460.57,1,277.56,54.1
2024-07-13,201.0,145,466.33,0,312.77,49.82
2024-07-14,208.0,123,461.8,0,240.16,39.21
2024-07-15,198.0,139,442.42,0,274.21,44.36
2024-07-16,224.0,108,457.92,0,267.98,38.71
2024-07-17,226.0,133,466.02,0,319.04,52.38
2024-07-18,183.0,136,489.91,0,276.47,39.9
2024-07-19,196.0,139,507.46,0,271.0,45.86
2024-07-20,187.0,110,491.88,0,227.07,36.79
2024-07-21,200.0,118,453.9,0,258.3,32.94
2024-07-22,208.0,131,455.36,0,253.77,44.33
2024-07-23,187.0,127,465.03,0,252.99,38.5
2024-07-24,195.0,128,500.04,0,250.25,37.77
2024-07-25,193.0,121,464.96,0,267.49,46.63
2024-07-26,211.0,140,444.06,0,278.74,43.92
2024-07-27,209.0,161,458.96,1,261.24,50.67
2024-07-28,197.0,126,481.63,0,232.25,34.88
2024-07-29,210.0,129,480.44,0,246.65,42.44
2024-07-30,199.0,125,464.44,0,263.63,42.96
2024-07-31,202.0,147,480.36,1,308.62,58.97
2024-08-01,231.0,133,427.16,0,276.09,43.44
2024-08-02,226.0,114,469.97,0,221.8,40.91
2024-08-03,186.0,118,483.61,0,268.38,50.47
2024-08-04,218.0,114,453.15,0,230.66,29.28
2024-08-05,217.0,161,453.11,1,296.5,58.97
2024-08-06,188.0,140,434.58,1,303.6,51.25
2024-08-07,217.0,118,496.82,0,274.8,46.07
2024-08-08,227.0,117,455.26,0,295.39,39.39
2024-08-09,187.0,132,472.58,0,267.78,44.46
2024-08-10,190.0,133,479.13,0,248.95,36.71
2024-08-11,219.0,131,495.5,0,263.48,40.34
2024-08-12,207.0,119,465.53,0,292.67,44.93
2024-08-13,211.0,126,458.61,0,287.07,42.77
2024-08-14,208.0,134,471.46,1,294.72,51.4
2024-08-15,208.0,114,491.47,0,289.39,44.57
2024-08-16,182.0,114,465.32,0,279.3,44.04
2024-08-17,218.0,127,451.21,0,266.88,43.99
2024-08-18,219.0,135,440.69,1,245.81,52.34
2024-08-19,198.0,138,446.46,1,292.55,49.97
2024-08-20,201.0,131,484.02,0,248.99,40.31
2024-08-21,178.0,148,462.71,1,265.36,52.17
2024-08-22,209.0,115,457.56,0,228.28,34.1
2024-08-23,209.0,129,455.63,0,243.16,30.67
2024-08-24,200.0,130,470.07,0,220.42,28.95
2024-08-25,217.0,119,464.25,0,233.03,29.52
2024-08-26,195.0,123,463.66,0,237.59,43.5
2024-08-27,209.0,119,492.89,0,246.21,41.66
2024-08-28,185.0,143,496.3,0,262.23,44.93
2024-08-29,199.0,123,439.66,0,239.89,41.91
2024-08-30,197.0,127,474.56,0,234.93,35.56
2024-08-31,203.0,119,454.7,0,197.29,38.38
2024-09-01,194.0,117,464.23,0,253.64,41.86
2024-09-02,197.0,109,474.29,0,251.38,39.95
2024-09-03,211.0,133,464.91,0,261.49,46.19
2024-09-04,192.0,139,472.91,1,309.38,60.33
2024-09-05,175.0,129,480.89,1,255.8,52.45
2024-09-06,225.0,113,474.1,0,265.22,47.98
2024-09-07,219.0,123,457.18,0,237.8,36.79
2024-09-08,179.0,117,457.51,0,263.32,42.87
2024-09-09,208.0,119,442.95,0,222.06,32.5
2024-09-10,190.0,109,453.51,0,275.37,37.33
2024-09-11,202.0,124,504.22,0,281.5,48.57
2024-09-12,202.0,134,454.66,1,268.49,53.52
2024-09-13,194.0,132,447.46,0,266.13,34.67
2024-09-14,186.0,120,474.72,0,225.72,33.69
2024-09-15,187.0,128,466.99,1,271.03,50.37
2024-09-16,184.0,106,465.48,0,259.46,42.1
2024-09-17,185.0,142,494.38,1,254.07,54.8
2024-09-18,196.0,130,478.92,0,223.03,33.59
2024-09-19,187.0,122,459.52,0,263.31,41.45
2024-09-20,207.0,108,461.44,0,273.73,46.47
2024-09-21,219.0,109,460.05,0,232.55,35.99
2024-09-22,188.0,116,484.87,0,231.85,35.34
2024-09-23,201.0,131,463.59,0,233.13,35.25
2024-09-24,205.0,124,436.88,0,240.32,39.29
2024-09-25,204.0,116,468.31,1,258.27,47.1
2024-09-26,198.0,135,441.53,1,256.33,50.05
2024-09-27,208.0,113,508.54,0,261.78,43.29
2024-09-28,204.0,116,451.86,0,229.21,26.65
2024-09-29,178.0,131,466.35,0,237.88,31.81
2024-09-30,210.0,129,473.93,0,246.28,37.55
2024-10-01,210.0,132,464.1,0,252.69,44.14
2024-10-02,186.0,131,464.1,1,296.07,51.88
2024-10-03,198.0,140,476.93,1,283.19,53.98
2024-10-04,207.0,116,496.83,0,258.86,43.74
2024-10-05,194.0,119,483.2,0,249.54,41.95
2024-10-06,213.0,118,496.01,0,242.68,36.84
2024-10-07,233.0,122,450.58,0,239.76,34.23
2024-10-08,185.0,109,475.15,0,288.95,40.54
2024-10-09,177.0,119,472.25,0,282.99,57.89
2024-10-10,202.0,136,475.8,0,297.21,49.58
2024-10-11,208.0,111,494.27,0,239.59,44.95
2024-10-12,194.0,108,465.55,0,273.66,40.37
2024-10-13,219.0,109,462.24,0,285.78,51.08
2024-10-14,178.0,148,479.17,0,289.75,44.29
2024-10-15,208.0,126,437.57,0,292.95,46.74
2024-10-16,189.0,129,465.34,1,290.23,52.45
2024-10-17,224.0,133,467.2,1,260.45,44.75
2024-10-18,228.0,134,453.07,1,285.6,49.13
2024-10-19,187.0,116,488.69,0,209.31,33.37
2024-10-20,190.0,117,450.56,0,216.16,32.68
2024-10-21,211.0,121,467.25,0,248.72,40.27
2024-10-22,193.0,115,475.0,0,239.63,35.33
2024-10-23,198.0,128,494.1,1,268.73,52.57
2024-10-24,199.0,136,469.57,1,226.99,40.43
2024-10-25,170.0,112,486.63,0,227.76,42.03
2024-10-26,199.0,149,482.41,0,250.88,39.95
2024-10-27,189.0,130,472.04,0,246.66,39.09
2024-10-28,192.0,110,450.23,0,253.43,46.64
2024-10-29,221.0,98,444.04,0,242.85,37.05
2024-10-30,181.0,116,471.8,0,236.52,36.4
2024-10-31,212.0,140,460.13,1,289.91,50.59
2024-11-01,196.0,128,486.47,0,251.96,41.09
2024-11-02,196.0,122,483.37,0,264.7,39.43
2024-11-03,212.0,117,466.64,0,258.21,44.32
2024-11-04,206.0,124,449.14,1,283.93,52.33
2024-11-05,209.0,129,479.19,1,275.11,54.36
2024-11-06,216.0,113,451.7,0,290.79,49.69
2024-11-07,196.0,130,456.39,1,304.57,54.0
2024-11-08,192.0,137,452.43,0,321.26,47.85
2024-11-09,186.0,116,467.59,0,268.08,41.57
2024-11-10,190.0,130,491.16,0,276.43,44.27
2024-11-11,247.0,132,470.03,0,253.95,41.9
2024-11-12,221.0,113,462.16,0,276.53,46.09
2024-11-13,182.0,126,442.7,1,281.4,51.92
2024-11-14,183.0,145,480.12,1,310.79,54.32
2024-11-15,210.0,115,456.15,0,270.26,40.86
2024-11-16,212.0,124,472.34,0,272.97,45.8
2024-11-17,212.0,145,463.86,0,302.74,45.49
2024-11-18,200.0,135,485.35,0,247.66,41.71
2024-11-19,202.0,126,467.45,0,276.45,46.69
2024-11-20,209.0,133,469.24,0,273.22,50.0
2024-11-21,206.0,125,479.06,0,293.67,44.87
2024-11-22,172.0,135,508.26,0,267.63,41.52
2024-11-23,202.0,105,486.35,0,243.27,30.48
2024-11-24,193.0,124,468.79,0,255.99,37.34
2024-11-25,209.0,105,470.46,0,263.65,38.4
2024-11-26,251.0,127,460.97,0,290.77,48.73
2024-11-27,212.0,124,453.34,0,241.37,45.16
2024-11-28,202.0,140,460.51,0,258.54,43.62
2024-11-29,221.0,133,456.58,0,303.27,53.03
2024-11-30,215.0,131,482.26,1,237.14,41.34
2024-12-01,214.0,122,451.24,0,256.03,36.36
2024-12-02,217.0,130,494.54,0,280.32,43.83
2024-12-03,239.0,121,484.1,0,275.97,41.57
2024-12-04,192.0,137,470.95,1,334.09,57.49
2024-12-05,216.0,140,470.61,0,301.32,49.2
2024-12-06,195.0,119,460.59,0,274.76,39.07
2024-12-07,218.0,123,475.5,0,264.56,45.61
2024-12-08,196.0,124,490.25,0,282.3,43.48
2024-12-09,204.0,159,458.02,0,329.68,52.53
2024-12-10,206.0,144,443.1,1,320.98,59.86
2024-12-11,226.0,149,483.38,1,319.91,56.94
2024-12-12,225.0,136,476.58,0,283.87,50.81
2024-12-13,193.0,137,450.6,0,300.49,40.84
2024-12-14,213.0,133,457.58,0,286.16,51.29
2024-12-15,202.0,142,455.34,1,283.88,51.04
2024-12-16,194.0,114,457.78,0,296.96,51.61
2024-12-17,210.0,132,465.01,0,318.1,51.86
2024-12-18,209.0,128,466.06,0,280.61,48.48
2024-12-19,250.0,135,459.17,0,291.47,46.12
2024-12-20,221.0,128,457.25,0,254.72,41.67
2024-12-21,194.0,137,466.8,0,278.79,49.2
2024-12-22,206.0,139,473.96,0,274.59,44.33
2024-12-23,231.0,111,465.27,1,278.66,57.11
2024-12-24,247.0,125,491.84,0,260.62,43.08
2024-12-25,192.0,121,480.15,1,322.77,56.16
2024-12-26,188.0,133,442.38,0,281.76,43.58
2024-12-27,245.0,127,480.47,0,261.85,45.38
2024-12-28,223.0,144,481.96,0,292.83,41.41
2024-12-29,204.0,143,463.25,1,298.55,58.78
2024-12-30,226.0,126,444.19,0,287.47,44.42
2024-12-31,179.0,140,471.27,0,310.11,43.62
2025-01-01,218.0,128,471.0,0,241.27,39.35
2025-01-02,224.0,126,450.97,0,260.92,39.01
2025-01-03,233.0,145,445.06,1,355.84,62.78
2025-01-04,204.0,148,469.62,0,296.86,44.71
2025-01-05,221.0,150,467.02,1,314.78,58.78
2025-01-06,206.0,148,463.73,1,308.33,55.24
2025-01-07,224.0,160,469.76,0,330.44,54.81
2025-01-08,208.0,125,451.43,0,316.55,55.46
2025-01-09,215.0,125,463.47,0,340.53,57.25
2025-01-10,207.0,134,480.92,0,322.3,60.3
2025-01-11,232.0,148,465.04,0,305.52,58.28
2025-01-12,235.0,123,441.26,0,307.67,47.89
2025-01-13,219.0,150,462.87,0,342.36,48.86
2025-01-14,224.0,119,452.14,0,322.64,50.22
2025-01-15,202.0,142,476.23,1,340.67,63.63
2025-01-16,219.0,135,477.18,0,312.18,60.37
2025-01-17,223.0,125,441.6,0,288.57,44.55
2025-01-18,264.0,127,485.14,0,270.99,44.49
2025-01-19,208.0,142,451.48,0,265.73,39.8
2025-01-20,247.0,148,499.59,0,315.02,48.77
2025-01-21,240.0,113,470.66,0,299.18,42.42
2025-01-22,230.0,136,449.12,0,319.44,44.1
2025-01-23,253.0,133,451.02,0,309.98,55.92
2025-01-24,232.0,136,477.87,0,319.0,56.14
2025-01-25,233.0,132,464.58,0,282.73,43.67
2025-01-26,226.0,122,469.9,0,297.07,52.27
2025-01-27,246.0,150,500.69,0,290.84,40.83
2025-01-28,244.0,147,459.09,0,310.79,48.92
2025-01-29,219.0,134,472.78,0,269.64,43.85
2025-01-30,209.0,131,497.28,0,307.77,55.09
2025-01-31,226.0,129,476.61,0,336.38,54.82
2025-02-01,217.0,110,442.84,0,295.3,49.66
2025-02-02,228.0,139,480.88,0,326.26,49.9
2025-02-03,248.0,144,450.87,0,337.29,55.3
2025-02-04,223.0,137,497.14,0,317.28,56.78
2025-02-05,230.0,135,457.03,0,327.48,44.46
2025-02-06,231.0,138,525.31,0,358.33,63.44
2025-02-07,244.0,128,498.29,0,347.6,54.52
2025-02-08,197.0,142,457.56,1,328.42,53.83
2025-02-09,222.0,135,472.28,0,295.07,46.03
2025-02-10,235.0,154,485.51,1,366.63,74.92
2025-02-11,250.0,151,486.07,0,332.28,50.76
2025-02-12,225.0,145,479.94,1,351.12,66.53
2025-02-13,204.0,127,494.54,0,294.97,40.06
2025-02-14,242.0,148,469.81,1,374.56,59.04
2025-02-15,224.0,168,465.44,1,344.1,58.1
2025-02-16,215.0,128,465.82,0,307.42,53.86
2025-02-17,224.0,147,487.53,0,308.71,49.16
2025-02-18,231.0,161,478.67,1,342.55,69.02
2025-02-19,225.0,134,477.36,0,317.55,56.32
2025-02-20,201.0,131,486.45,0,296.89,44.13
2025-02-21,248.0,154,435.24,1,337.6,70.39
2025-02-22,254.0,142,477.76,0,334.29,50.76
2025-02-23,245.0,145,476.13,0,271.78,47.56
2025-02-24,218.0,159,502.26,0,326.1,56.87
2025-02-25,232.0,140,444.73,0,301.02,48.46
2025-02-26,236.0,137,500.29,1,362.36,67.4
2025-02-27,245.0,139,473.64,0,318.3,52.46
2025-02-28,246.0,151,481.1,1,327.24,61.11
2025-03-01,225.0,152,,0,314.9,48.54
2025-03-02,238.0,137,482.43,0,324.33,49.58
2025-03-03,244.0,135,479.57,0,388.09,59.87
2025-03-04,259.0,125,476.74,0,291.07,51.89
2025-03-05,248.0,155,463.7,1,342.7,55.23
2025-03-06,249.0,173,471.91,0,385.95,58.88
2025-03-07,239.0,147,459.56,1,337.32,60.76
2025-03-08,259.0,144,471.66,0,340.8,53.36
2025-03-09,244.0,134,430.43,0,326.13,53.63
2025-03-10,225.0,127,480.22,0,330.43,46.19
2025-03-11,259.0,144,470.33,0,351.76,61.69
2025-03-12,249.0,140,466.49,0,345.14,59.81
2025-03-13,232.0,116,476.52,0,359.07,61.08
2025-03-14,231.0,156,446.78,0,380.79,59.74
2025-03-15,243.0,144,507.33,0,344.72,51.34
2025-03-16,246.0,141,470.77,0,328.02,50.88
2025-03-17,242.0,136,470.01,0,344.46,55.43
2025-03-18,243.0,154,455.28,1,378.73,73.85
2025-03-19,264.0,145,473.11,0,360.24,57.2
2025-03-20,255.0,144,497.67,0,343.3,56.78
2025-03-21,242.0,151,491.37,0,365.5,56.1
2025-03-22,253.0,153,488.12,0,310.64,51.04
2025-03-23,224.0,160,482.6,0,343.71,53.71
2025-03-24,245.0,142,466.33,1,358.21,67.71
2025-03-25,267.0,145,446.7,1,335.3,53.14
2025-03-26,236.0,144,469.2,0,329.99,55.21
2025-03-27,227.0,133,468.59,0,325.96,54.79
2025-03-28,230.0,134,491.74,0,319.13,53.59
2025-03-29,223.0,155,478.45,1,335.31,57.07
2025-03-30,228.0,150,501.92,0,290.49,43.38
2025-03-31,234.0,153,494.47,0,323.93,47.61
2025-04-01,219.0,149,464.72,1,350.28,66.54
2025-04-02,240.0,145,440.65,0,329.41,55.96
2025-04-03,253.0,143,497.92,0,327.53,48.98
2025-04-04,226.0,151,497.47,1,387.24,79.28
2025-04-05,263.0,143,448.43,1,355.56,72.72
2025-04-06,247.0,131,500.21,0,378.08,61.28
2025-04-07,255.0,147,479.94,0,361.34,59.82
2025-04-08,230.0,132,475.97,0,369.38,49.79
2025-04-09,253.0,133,502.17,1,366.47,64.89
2025-04-10,223.0,150,497.32,1,361.66,60.11
2025-04-11,253.0,155,484.86,0,367.56,53.79
2025-04-12,242.0,113,481.68,0,354.92,59.53
2025-04-13,248.0,138,484.28,0,337.54,57.83
2025-04-14,222.0,147,466.0,0,359.01,61.74
2025-04-15,226.0,122,472.23,0,341.84,55.93
2025-04-16,248.0,139,457.0,0,342.09,57.42
2025-04-17,225.0,129,467.27,0,332.71,45.3
2025-04-18,246.0,131,466.68,0,313.89,44.15
2025-04-19,219.0,147,461.86,1,340.44,61.91
2025-04-20,252.0,129,475.78,0,328.61,55.52
2025-04-21,220.0,129,467.51,0,326.95,50.12
2025-04-22,247.0,140,482.4,0,330.65,46.15
2025-04-23,248.0,163,444.18,0,350.18,52.4
2025-04-24,228.0,148,471.36,0,329.24,48.07
2025-04-25,247.0,151,475.79,0,328.67,44.09
2025-04-26,242.0,148,467.85,0,329.19,63.65
2025-04-27,230.0,133,470.36,0,309.69,55.28
2025-04-28,223.0,143,444.95,0,319.13,41.6
2025-04-29,209.0,151,479.92,0,336.91,44.19
2025-04-30,243.0,149,485.18,0,332.21,49.14
2025-05-01,214.0,142,482.42,0,323.18,44.49
2025-05-02,239.0,145,492.26,0,339.01,66.36
2025-05-03,233.0,165,477.21,0,338.34,50.06
2025-05-04,247.0,148,482.22,0,309.73,51.24
2025-05-05,233.0,137,476.43,0,346.44,52.8
2025-05-06,232.0,139,486.02,0,379.79,54.12
2025-05-07,248.0,139,445.27,1,345.08,69.26
2025-05-08,242.0,163,457.6,0,348.1,59.12
2025-05-09,241.0,156,502.26,0,411.3,65.44
2025-05-10,243.0,141,429.43,0,320.95,62.82
2025-05-11,213.0,161,471.22,0,368.08,60.19
2025-05-12,247.0,146,494.86,0,346.02,52.99
2025-05-13,245.0,135,472.1,0,344.92,65.1
2025-05-14,220.0,158,466.51,1,364.2,69.58
2025-05-15,231.0,143,,0,349.2,64.4
2025-05-16,234.0,148,467.48,0,308.62,49.2
2025-05-17,233.0,126,474.42,0,318.59,36.57
2025-05-18,239.0,131,461.58,0,306.3,41.85
2025-05-19,256.0,154,493.86,0,298.02,52.52
2025-05-20,250.0,156,,0,354.55,53.6
2025-05-21,214.0,163,471.54,1,303.73,57.34
2025-05-22,243.0,171,449.0,1,393.22,79.43
2025-05-23,253.0,144,464.55,0,331.4,53.92
2025-05-24,239.0,144,470.69,0,276.46,40.67
2025-05-25,249.0,129,483.12,0,323.79,51.75
2025-05-26,263.0,133,455.9,0,297.02,48.0
2025-05-27,248.0,118,460.22,0,289.53,44.55
2025-05-28,236.0,135,483.27,0,274.58,38.23
2025-05-29,247.0,128,491.0,1,310.79,55.84
2025-05-30,234.0,149,462.93,0,304.82,48.35
2025-05-31,232.0,142,450.14,0,322.88,44.67
2025-06-01,226.0,118,533.27,0,320.77,46.91
2025-06-02,254.0,136,488.28,0,298.65,44.57
2025-06-03,218.0,157,469.39,0,336.6,44.46
2025-06-04,253.0,146,489.86,1,314.11,58.71
2025-06-05,237.0,127,472.0,0,330.17,54.0
2025-06-06,208.0,129,489.87,1,385.23,68.12
2025-06-07,235.0,130,477.15,1,299.51,49.26
2025-06-08,197.0,142,475.94,0,298.53,49.59
2025-06-09,238.0,133,472.28,0,346.52,58.28
2025-06-10,242.0,133,448.29,0,349.01,56.36
2025-06-11,219.0,143,509.25,1,332.04,61.63
2025-06-12,230.0,135,457.43,0,358.44,60.54
2025-06-13,257.0,124,449.92,0,308.77,48.96
2025-06-14,219.0,140,470.59,0,346.5,50.67
2025-06-15,211.0,122,457.13,0,310.25,49.31
2025-06-16,249.0,129,473.53,0,342.6,52.8
2025-06-17,256.0,146,486.86,0,329.5,52.37
2025-06-18,226.0,140,492.42,0,325.29,56.36
2025-06-19,241.0,143,489.19,0,325.94,46.27
2025-06-20,245.0,157,469.04,0,338.06,54.99
2025-06-21,214.0,135,475.45,0,285.86,40.37
2025-06-22,217.0,136,481.92,0,266.74,39.0
2025-06-23,243.0,133,442.96,0,294.85,54.14
2025-06-24,249.0,131,484.89,0,281.4,46.95
2025-06-25,232.0,125,448.41,0,277.1,45.0
2025-06-26,210.0,136,511.39,0,324.31,43.82
2025-06-27,253.0,139,467.4,0,310.56,48.59
2025-06-28,215.0,139,471.37,0,294.04,37.9
2025-06-29,217.0,145,460.87,1,326.39,60.56
2025-06-30,227.0,144,463.4,0,313.95,44.36
2025-07-01,245.0,135,515.69,0,339.29,57.13
2025-07-02,234.0,140,491.71,1,281.42,52.74
2025-07-03,227.0,125,446.91,0,280.3,39.73
2025-07-04,228.0,119,501.9,0,286.13,47.42
2025-07-05,221.0,149,496.32,0,275.58,52.75
2025-07-06,228.0,137,469.8,1,320.78,58.37
2025-07-07,182.0,124,480.4,0,305.92,52.99
2025-07-08,215.0,129,474.63,0,349.52,44.9
2025-07-09,223.0,131,510.43,0,330.45,55.19
2025-07-10,201.0,160,460.61,1,330.52,58.32
2025-07-11,224.0,130,477.59,0,321.07,50.08
2025-07-12,215.0,159,467.27,0,273.24,46.16
2025-07-13,244.0,134,449.21,0,302.89,47.36
2025-07-14,241.0,153,514.47,0,319.52,43.37
2025-07-15,210.0,142,453.77,0,288.08,52.69
2025-07-16,214.0,146,479.02,1,319.09,52.09
2025-07-17,215.0,148,443.75,0,288.75,42.56
2025-07-18,209.0,144,467.92,0,277.8,44.98
2025-07-19,219.0,139,482.72,0,293.29,47.53
2025-07-20,204.0,155,460.29,0,302.43,50.33
2025-07-21,198.0,127,485.72,0,287.46,46.57
2025-07-22,224.0,132,470.34,1,289.1,58.46
2025-07-23,224.0,125,496.08,0,261.17,43.71
2025-07-24,202.0,149,499.73,0,272.71,38.78
2025-07-25,227.0,146,464.68,0,276.99,33.52
2025-07-26,204.0,126,476.64,0,239.71,38.9
2025-07-27,217.0,108,478.58,0,271.85,49.47
2025-07-28,225.0,129,,0,269.91,38.12
2025-07-29,212.0,121,475.58,0,285.41,41.17
2025-07-30,219.0,126,478.76,0,247.01,40.84
2025-07-31,204.0,120,470.98,0,258.92,43.3
2025-08-01,209.0,115,477.45,0,290.66,51.4
2025-08-02,208.0,160,498.76,1,319.66,67.01
2025-08-03,200.0,124,487.05,0,245.57,40.16
2025-08-04,208.0,155,488.06,1,323.07,55.28
2025-08-05,187.0,128,488.48,0,293.15,42.96
2025-08-06,203.0,119,472.71,0,272.14,41.32
2025-08-07,206.0,145,481.24,1,324.91,65.13
2025-08-08,206.0,126,455.99,0,260.49,39.72
2025-08-09,206.0,128,498.38,0,262.74,45.83
2025-08-10,,132,425.47,0,294.95,40.45
2025-08-11,216.0,122,474.01,0,291.04,47.82
2025-08-12,222.0,114,496.14,0,287.62,42.78
2025-08-13,199.0,129,451.07,0,284.34,47.72
2025-08-14,190.0,139,482.84,0,299.38,46.75
2025-08-15,192.0,121,463.41,0,289.47,49.78
2025-08-16,201.0,131,469.04,0,283.89,43.57
2025-08-17,202.0,145,492.73,0,273.55,43.66
2025-08-18,196.0,129,479.29,0,263.87,45.42
2025-08-19,188.0,140,439.12,1,279.12,51.21
2025-08-20,200.0,130,458.18,0,244.92,39.4
2025-08-21,209.0,122,493.34,0,252.7,43.31
2025-08-22,215.0,129,483.88,1,268.16,49.3
2025-08-23,198.0,119,507.29,0,273.98,37.32
2025-08-24,200.0,133,506.13,0,226.34,34.28
2025-08-25,192.0,146,469.7,1,302.35,47.21
2025-08-26,205.0,147,520.94,1,278.33,50.45
2025-08-27,193.0,125,476.34,0,250.92,41.92
2025-08-28,214.0,140,458.59,0,273.64,44.29
2025-08-29,178.0,132,464.53,0,231.13,41.82
2025-08-30,200.0,139,435.34,1,257.52,52.6
2025-08-31,209.0,105,504.91,1,237.03,44.76
2025-09-01,207.0,120,504.71,0,257.52,31.96
2025-09-02,245.0,113,457.74,0,251.17,42.72
2025-09-03,210.0,145,471.94,1,326.67,56.65
2025-09-04,189.0,129,477.78,0,263.52,45.65
2025-09-05,203.0,118,458.79,0,226.62,37.32
2025-09-06,177.0,131,444.51,0,260.09,44.17
2025-09-07,203.0,114,472.33,0,279.75,46.87
2025-09-08,191.0,128,470.36,1,331.86,73.29
2025-09-09,217.0,131,469.17,1,299.31,57.71
2025-09-10,195.0,134,480.19,0,273.82,38.55
2025-09-11,202.0,142,501.93,0,287.24,50.57
2025-09-12,194.0,122,470.76,0,284.23,43.64
2025-09-13,229.0,151,479.31,1,274.44,56.31
2025-09-14,198.0,128,489.34,0,257.47,47.15
2025-09-15,231.0,130,486.25,0,275.31,46.62
2025-09-16,215.0,127,465.24,0,270.82,38.14
2025-09-17,210.0,126,478.05,0,262.75,40.23
2025-09-18,208.0,132,486.2,0,246.23,44.35
2025-09-19,209.0,145,456.05,1,292.71,62.93
2025-09-20,174.0,119,499.12,0,236.46,38.05
2025-09-21,198.0,126,502.17,0,240.18,37.44
2025-09-22,215.0,145,463.41,0,240.29,34.19
2025-09-23,202.0,130,479.93,0,265.25,37.8
2025-09-24,181.0,131,488.02,0,230.85,37.74
2025-09-25,202.0,140,466.66,0,288.79,49.24
2025-09-26,228.0,133,485.17,1,251.57,40.93
2025-09-27,221.0,128,479.46,0,258.64,44.6
2025-09-28,202.0,136,450.12,0,208.44,37.64
2025-09-29,217.0,140,484.82,0,219.39,37.18
2025-09-30,197.0,114,456.78,1,260.08,54.56
2025-10-01,177.0,121,493.51,0,211.72,35.0
2025-10-02,189.0,128,464.54,1,297.21,56.61
2025-10-03,226.0,127,473.74,0,271.28,44.81
2025-10-04,198.0,119,501.36,0,283.76,51.19
2025-10-05,199.0,135,485.61,0,262.44,44.11
2025-10-06,198.0,140,457.27,1,305.14,54.03
2025-10-07,231.0,137,458.45,0,281.41,46.81
2025-10-08,227.0,138,465.95,0,270.62,45.06
2025-10-09,236.0,135,483.86,0,280.45,43.98
2025-10-10,200.0,125,483.23,0,255.82,44.86
2025-10-11,207.0,129,461.62,0,277.8,44.83
2025-10-12,180.0,124,455.81,0,257.32,43.89
2025-10-13,225.0,115,481.91,0,273.19,45.8
2025-10-14,186.0,138,473.59,0,335.24,49.99
2025-10-15,206.0,128,515.71,0,266.13,38.67
2025-10-16,187.0,113,477.56,0,268.69,40.11
2025-10-17,195.0,134,509.58,0,268.87,42.69
2025-10-18,191.0,126,455.87,0,274.14,50.41
2025-10-19,194.0,108,448.64,0,245.25,39.07
2025-10-20,196.0,115,456.82,0,247.93,41.06
2025-10-21,196.0,122,498.4,0,300.21,51.96
2025-10-22,216.0,131,508.63,0,241.93,37.41
2025-10-23,188.0,137,462.96,0,253.45,38.98
2025-10-24,208.0,136,468.77,0,277.07,48.7
2025-10-25,223.0,135,456.04,0,231.83,39.07
2025-10-26,197.0,129,444.49,0,258.44,39.16
2025-10-27,194.0,146,490.05,0,254.21,39.1
2025-10-28,201.0,136,481.15,0,282.15,45.51
2025-10-29,223.0,132,477.35,0,284.93,47.0
2025-10-30,208.0,135,451.98,0,266.02,47.53
2025-10-31,197.0,135,506.72,1,267.68,51.66
2025-11-01,213.0,129,468.16,0,252.45,36.67
2025-11-02,189.0,119,486.85,1,274.04,47.47
2025-11-03,216.0,126,451.08,0,295.84,48.71
2025-11-04,212.0,147,473.85,0,296.61,48.09
2025-11-05,202.0,131,482.54,0,295.38,43.52
2025-11-06,194.0,141,483.21,1,315.56,63.36
2025-11-07,193.0,140,480.12,0,308.82,39.0
2025-11-08,215.0,134,486.26,0,277.14,45.74
2025-11-09,226.0,122,457.03,0,281.06,38.45
2025-11-10,198.0,141,480.95,1,313.59,62.16
2025-11-11,215.0,129,479.47,1,300.36,54.37
2025-11-12,177.0,132,481.61,0,307.03,52.57
2025-11-13,199.0,122,478.76,0,303.12,46.72
2025-11-14,208.0,140,454.56,0,314.56,56.58
2025-11-15,195.0,126,453.78,0,252.94,33.39
2025-11-16,195.0,123,437.66,0,271.32,46.99
2025-11-17,199.0,140,492.26,1,321.66,56.57
2025-11-18,214.0,135,492.46,0,308.85,51.15
2025-11-19,207.0,119,492.76,0,238.2,39.6
2025-11-20,176.0,126,483.12,0,265.69,36.96
2025-11-21,178.0,133,439.22,0,263.71,46.14
2025-11-22,201.0,145,459.16,0,294.34,48.83
2025-11-23,218.0,107,480.73,0,202.72,32.79
2025-11-24,170.0,138,480.12,0,246.22,40.82
2025-11-25,204.0,128,473.69,0,296.12,47.94
2025-11-26,204.0,127,484.36,0,258.96,44.68
2025-11-27,233.0,126,477.95,0,247.31,37.82
2025-11-28,207.0,139,479.93,1,326.79,64.55
2025-11-29,218.0,139,466.28,0,242.18,40.83
2025-11-30,215.0,127,495.48,0,288.79,45.46
2025-12-01,181.0,150,470.07,0,258.94,48.6
2025-12-02,225.0,139,453.89,0,265.27,44.24
2025-12-03,217.0,135,463.98,0,298.98,48.71
2025-12-04,222.0,132,471.61,0,280.73,47.33
2025-12-05,273.0,155,495.79,1,340.81,62.51
2025-12-06,184.0,147,477.16,0,329.93,58.73
2025-12-07,241.0,122,474.59,0,288.7,46.1
2025-12-08,211.0,127,455.48,0,336.78,58.02
2025-12-09,220.0,140,492.12,0,318.81,45.9
2025-12-10,215.0,144,466.26,0,333.17,44.33
2025-12-11,210.0,131,476.22,0,260.45,43.24
2025-12-12,208.0,127,504.68,0,317.51,48.97
2025-12-13,222.0,135,487.22,0,306.48,48.15
2025-12-14,195.0,150,448.77,0,291.43,36.39
2025-12-15,229.0,135,446.25,0,343.8,63.78
2025-12-16,212.0,122,476.96,0,285.81,46.18
2025-12-17,202.0,136,456.31,0,266.14,47.91
2025-12-18,212.0,143,489.83,0,315.85,43.94
2025-12-19,238.0,135,478.94,0,268.93,43.43
2025-12-20,212.0,148,481.18,0,287.59,47.77
2025-12-21,225.0,155,465.5,1,333.87,62.44
2025-12-22,209.0,135,509.58,0,298.88,48.87
2025-12-23,232.0,137,529.43,0,286.94,39.93
2025-12-24,231.0,128,473.27,1,298.61,56.66
2025-12-25,249.0,149,484.65,0,325.1,47.91
2025-12-26,219.0,133,480.07,0,265.78,40.06
2025-12-27,232.0,133,473.67,0,297.04,47.6
2025-12-28,224.0,131,463.38,0,325.91,50.43
2025-12-29,242.0,142,458.85,0,314.87,48.99
2025-12-30,212.0,126,457.96,0,291.68,51.59
2025-12-31,235.0,128,485.71,0,300.43,47.37
2026-01-01,221.0,137,469.09,0,300.09,46.23
2026-01-02,223.0,131,432.05,0,297.94,47.12
2026-01-03,226.0,141,486.49,0,309.8,44.4
2026-01-04,229.0,132,477.81,0,320.74,52.1
2026-01-05,224.0,154,502.76,0,363.72,62.13
2026-01-06,229.0,155,485.26,1,314.03,59.57
2026-01-07,250.0,145,451.94,0,286.47,45.99
2026-01-08,241.0,133,438.45,0,362.86,61.33
2026-01-09,240.0,173,465.65,1,368.14,65.05
2026-01-10,220.0,145,467.37,1,342.4,63.55
2026-01-11,214.0,132,495.62,0,325.26,58.86
2026-01-12,242.0,146,478.5,0,332.18,51.68
2026-01-13,241.0,141,499.09,0,371.56,62.84
2026-01-14,251.0,141,454.85,1,359.19,69.86
2026-01-15,220.0,162,496.09,0,325.91,48.44
2026-01-16,226.0,150,491.72,0,320.6,54.6
2026-01-17,205.0,140,442.43,0,303.4,45.78
2026-01-18,224.0,164,502.59,0,301.4,50.16
2026-01-19,245.0,148,480.48,0,355.85,53.61
2026-01-20,224.0,140,485.88,0,316.52,51.98
2026-01-21,240.0,163,463.27,0,301.43,48.81
2026-01-22,228.0,147,501.81,0,323.34,52.28
2026-01-23,236.0,147,457.53,0,344.59,56.54
2026-01-24,215.0,137,493.88,0,318.23,48.38
2026-01-25,233.0,142,493.69,0,287.09,40.91
2026-01-26,188.0,147,461.4,1,308.44,57.44
2026-01-27,230.0,156,514.66,0,352.32,62.2
2026-01-28,209.0,126,483.15,0,277.86,46.89
2026-01-29,252.0,165,490.77,1,361.49,69.3
2026-01-30,245.0,133,451.53,0,312.81,47.65
2026-01-31,241.0,152,517.16,1,368.09,69.13
2026-02-01,257.0,139,457.02,0,302.43,44.62
2026-02-02,221.0,137,497.53,0,317.98,48.86
2026-02-03,261.0,149,461.19,0,359.87,59.51
2026-02-04,249.0,153,467.98,1,384.92,60.72
2026-02-05,232.0,146,493.34,1,393.72,83.05
2026-02-06,253.0,144,497.66,0,361.82,50.65
2026-02-07,220.0,136,456.3,0,341.43,64.3
2026-02-08,224.0,138,498.83,0,357.82,52.75
2026-02-09,228.0,128,498.03,0,317.78,46.8
2026-02-10,229.0,139,462.36,0,332.41,51.2
2026-02-11,222.0,148,508.04,0,326.61,50.1
2026-02-12,256.0,144,453.06,0,299.5,45.2
2026-02-13,234.0,162,468.05,0,373.64,57.71
2026-02-14,244.0,170,487.94,0,375.95,60.67
2026-02-15,230.0,139,463.98,0,340.35,49.87
2026-02-16,211.0,136,484.11,0,342.59,59.13
2026-02-17,243.0,166,483.72,1,369.41,76.17
2026-02-18,211.0,148,476.03,0,336.4,44.01
2026-02-19,238.0,156,494.4,0,373.82,70.21
2026-02-20,219.0,149,475.33,0,363.63,62.39
2026-02-21,270.0,153,483.63,1,333.49,62.98
2026-02-22,254.0,143,500.12,0,342.12,51.79
2026-02-23,242.0,149,493.73,0,357.56,58.1
2026-02-24,260.0,153,493.67,1,368.33,73.1
2026-02-25,228.0,157,458.85,0,344.05,68.52
2026-02-26,249.0,132,489.01,0,336.25,64.86
2026-02-27,244.0,157,463.77,0,312.36,42.82
2026-02-28,245.0,137,456.53,1,310.34,56.45
2026-03-01,261.0,147,478.33,0,348.85,56.22
2026-03-02,253.0,142,463.36,0,323.23,58.23
2026-03-03,246.0,130,493.89,0,314.62,49.94
2026-03-04,217.0,125,494.34,0,298.57,44.39
2026-03-05,228.0,145,445.45,1,362.18,67.3
2026-03-06,241.0,146,464.81,0,366.23,56.48
2026-03-07,244.0,140,453.46,0,356.17,62.26
2026-03-08,226.0,146,471.43,1,384.83,84.98
2026-03-09,279.0,160,487.97,0,368.3,63.96
2026-03-10,266.0,134,475.44,0,366.07,63.79
2026-03-11,252.0,153,469.2,0,388.12,69.29
2026-03-12,245.0,137,503.24,0,372.21,62.09
2026-03-13,241.0,135,438.37,0,349.0,53.75
2026-03-14,230.0,140,502.14,0,354.18,55.07
2026-03-15,245.0,153,470.1,0,314.21,55.44
2026-03-16,248.0,133,478.51,0,354.9,58.32
2026-03-17,226.0,150,470.45,0,344.87,50.1
2026-03-18,249.0,137,507.73,0,381.68,68.56
2026-03-19,242.0,139,457.82,0,328.92,48.81
2026-03-20,216.0,151,480.21,0,350.25,50.12
2026-03-21,232.0,169,489.51,0,334.74,49.16
2026-03-22,238.0,148,451.04,1,339.12,64.3
2026-03-23,273.0,164,463.5,1,379.36,75.72
2026-03-24,253.0,144,477.41,0,332.69,54.5
2026-03-25,225.0,152,464.14,1,395.55,69.87
2026-03-26,252.0,168,465.44,1,329.28,56.93
2026-03-27,222.0,139,473.84,0,347.2,59.57
2026-03-28,261.0,136,491.85,0,325.28,51.59
2026-03-29,238.0,162,474.01,1,354.55,67.41
2026-03-30,244.0,163,499.61,0,358.91,56.67
2026-03-31,265.0,155,462.26,0,374.3,61.57
2026-04-01,226.0,133,457.71,0,347.94,57.71
2026-04-02,224.0,141,514.93,0,369.08,72.48
2026-04-03,236.0,157,468.44,0,361.75,60.06
2026-04-04,261.0,163,456.7,0,336.89,51.94
2026-04-05,222.0,150,448.96,0,348.12,56.62
2026-04-06,203.0,141,499.69,0,381.17,55.56
2026-04-07,238.0,174,474.22,1,389.06,66.38
2026-04-08,253.0,147,475.81,0,348.87,62.36
2026-04-09,263.0,141,477.53,0,382.43,62.93
2026-04-10,238.0,140,498.65,0,373.71,66.07
2026-04-11,239.0,135,477.21,0,337.17,45.73
2026-04-12,262.0,186,522.65,1,390.74,66.57
2026-04-13,217.0,162,482.89,0,368.07,60.54
2026-04-14,239.0,141,499.61,0,362.98,53.59
2026-04-15,248.0,165,495.01,0,385.16,53.4
2026-04-16,252.0,153,479.88,0,356.35,51.25
2026-04-17,237.0,152,469.99,0,373.08,57.9
2026-04-18,245.0,140,486.56,0,328.8,54.65
2026-04-19,207.0,142,489.78,0,365.95,67.97
2026-04-20,235.0,147,470.31,0,380.95,54.94
2026-04-21,251.0,138,483.63,1,343.17,58.33
2026-04-22,230.0,142,502.91,0,314.68,43.5
2026-04-23,245.0,147,517.94,0,360.9,60.85
2026-04-24,251.0,170,496.08,1,374.21,69.93
2026-04-25,239.0,151,514.25,1,357.34,60.94
2026-04-26,246.0,155,469.41,0,317.72,46.88
2026-04-27,229.0,136,493.39,1,348.07,63.75
2026-04-28,241.0,159,504.87,0,338.7,53.85
2026-04-29,253.0,138,464.67,0,345.3,49.86
2026-04-30,246.0,148,472.08,0,320.04,52.06
2026-05-01,234.0,151,512.12,0,345.32,48.12
2026-05-02,246.0,149,463.31,0,313.42,50.38
2026-05-03,254.0,146,456.74,0,330.64,52.02
2026-05-04,212.0,134,508.4,0,343.37,57.01
2026-05-05,260.0,148,502.46,1,388.19,78.87
2026-05-06,237.0,157,488.72,0,375.53,58.0
2026-05-07,249.0,141,480.14,0,375.2,60.03
2026-05-08,260.0,145,473.09,0,334.99,43.65
2026-05-09,221.0,131,486.08,0,367.94,69.75
2026-05-10,231.0,155,509.46,0,342.14,45.19
2026-05-11,237.0,133,485.33,0,346.16,54.96
2026-05-12,230.0,155,520.07,0,371.12,45.19
2026-05-13,267.0,135,464.92,0,352.92,52.1
2026-05-14,228.0,156,480.75,0,369.58,68.75
2026-05-15,232.0,146,474.4,0,366.68,64.96
2026-05-16,244.0,140,461.61,0,324.22,56.67
2026-05-17,222.0,162,478.4,0,339.79,53.38
2026-05-18,234.0,155,488.69,1,365.23,76.61
2026-05-19,245.0,142,490.64,0,361.47,59.23
2026-05-20,235.0,165,520.29,1,356.76,69.69
2026-05-21,238.0,131,489.6,0,319.79,63.86
2026-05-22,231.0,120,501.96,0,300.92,53.07
2026-05-23,216.0,157,482.47,0,303.62,48.28
2026-05-24,243.0,137,511.51,0,287.18,48.15
2026-05-25,265.0,164,524.49,1,343.65,70.81
2026-05-26,238.0,155,490.9,1,381.64,74.17
2026-05-27,241.0,133,463.49,0,336.02,57.71
2026-05-28,248.0,151,471.5,0,357.28,64.07
2026-05-29,218.0,151,486.47,1,328.29,73.19
2026-05-30,263.0,134,489.64,0,277.75,40.55
2026-05-31,240.0,144,494.01,1,344.84,67.43
2026-06-01,261.0,137,489.74,1,389.32,74.71
2026-06-02,225.0,148,481.61,0,327.72,50.54
2026-06-03,263.0,135,470.05,0,340.78,51.22
2026-06-04,247.0,144,488.74,0,312.0,57.65
2026-06-05,244.0,142,514.93,0,345.02,49.91
2026-06-06,239.0,135,499.92,0,328.19,45.57
2026-06-07,231.0,129,491.2,0,286.73,43.46
2026-06-08,252.0,169,500.13,0,341.41,45.5
2026-06-09,236.0,153,474.94,1,349.16,60.16
2026-06-10,204.0,162,472.49,0,321.94,46.43
2026-06-11,217.0,155,468.2,0,336.63,54.3
2026-06-12,230.0,140,479.42,0,354.68,64.44
2026-06-13,238.0,145,474.1,0,321.02,48.53
2026-06-14,232.0,145,503.47,0,353.38,61.13
2026-06-15,251.0,161,473.18,0,341.64,58.51
2026-06-16,203.0,151,467.31,0,341.83,43.31
2026-06-17,234.0,135,516.75,0,338.23,51.32
2026-06-18,204.0,156,473.68,1,379.17,68.01
2026-06-19,242.0,151,484.58,0,314.89,52.18
2026-06-20,229.0,131,489.96,0,312.07,52.6
2026-06-21,237.0,157,461.4,1,311.82,59.23
2026-06-22,217.0,166,504.12,1,376.12,64.53
2026-06-23,249.0,133,493.37,0,289.65,43.59
2026-06-24,245.0,135,509.97,0,316.87,43.55
2026-06-25,238.0,153,469.71,0,346.6,55.8
2026-06-26,227.0,138,483.74,0,282.99,43.72
2026-06-27,237.0,132,482.69,0,305.53,51.33
2026-06-28,217.0,150,486.75,0,280.29,47.78
2026-06-29,241.0,147,455.84,0,361.58,56.04
2026-06-30,252.0,142,484.04,0,278.06,45.67
2026-07-01,243.0,152,456.38,0,291.12,45.64
2026-07-02,216.0,153,488.53,0,298.65,42.8
2026-07-03,232.0,140,443.78,0,297.87,44.08
2026-07-04,207.0,160,448.79,0,326.58,41.14
2026-07-05,234.0,166,496.87,1,378.45,67.77
2026-07-06,232.0,121,472.32,0,341.15,51.55
2026-07-07,197.0,130,,0,324.27,46.56
2026-07-08,207.0,118,505.08,0,316.81,54.58
2026-07-09,220.0,137,488.12,0,315.27,52.93
2026-07-10,220.0,128,497.94,0,331.24,55.75
2026-07-11,206.0,132,479.27,0,306.79,52.27
2026-07-12,229.0,151,530.51,0,324.87,51.97
2026-07-13,227.0,122,471.42,0,303.16,48.45
2026-07-14,220.0,151,513.72,1,321.8,63.54
2026-07-15,211.0,141,481.24,0,319.94,54.39
2026-07-16,238.0,138,452.58,0,318.18,55.81
2026-07-17,247.0,140,491.07,0,304.7,48.55
2026-07-18,214.0,117,488.07,0,271.36,39.4
2026-07-19,212.0,131,463.5,0,300.29,49.11
2026-07-20,228.0,154,465.84,0,318.99,48.27
2026-07-21,215.0,127,482.02,0,330.45,56.11
2026-07-22,218.0,155,488.78,0,330.61,54.32
2026-07-23,231.0,124,438.03,0,264.29,42.49
2026-07-24,191.0,123,501.48,0,277.21,42.72
2026-07-25,239.0,129,473.64,0,248.9,43.56
2026-07-26,220.0,149,458.59,0,245.47,42.68
2026-07-27,213.0,143,499.52,1,352.61,62.27
2026-07-28,217.0,141,482.17,0,320.49,45.37
2026-07-29,218.0,139,504.51,0,278.69,45.34
2026-07-30,192.0,137,490.52,0,313.8,55.79
2026-07-31,240.0,150,482.63,0,330.46,46.62
2026-08-01,218.0,145,479.93,0,249.71,41.72
2026-08-02,224.0,136,491.39,1,322.36,55.67
2026-08-03,231.0,135,475.28,0,292.51,42.34
2026-08-04,201.0,155,467.39,0,317.92,55.31
2026-08-05,223.0,150,493.74,1,391.16,76.18
2026-08-06,212.0,122,480.18,0,332.73,52.48
2026-08-07,228.0,123,483.4,0,302.38,51.96
2026-08-08,183.0,146,502.43,0,327.35,55.73
2026-08-09,214.0,144,480.79,0,263.75,36.32
2026-08-10,206.0,127,483.13,0,315.48,50.88
2026-08-11,221.0,144,472.09,0,324.61,58.82
2026-08-12,221.0,152,490.65,0,330.36,55.21
2026-08-13,204.0,151,489.22,0,301.6,36.42
2026-08-14,203.0,152,499.15,0,317.24,45.66
2026-08-15,212.0,142,472.54,0,308.39,53.95
2026-08-16,200.0,134,474.74,0,236.55,35.87
2026-08-17,226.0,132,497.26,0,287.49,50.83
2026-08-18,207.0,136,487.56,0,271.78,51.83
2026-08-19,169.0,127,466.73,0,291.07,45.53
2026-08-20,207.0,132,506.58,0,308.98,46.57
2026-08-21,197.0,149,452.51,0,272.74,39.52
2026-08-22,188.0,120,497.22,0,234.6,40.2
2026-08-23,193.0,120,460.35,0,257.36,38.85
2026-08-24,213.0,144,517.08,0,255.77,39.38
2026-08-25,231.0,142,455.36,1,292.82,49.3
2026-08-26,216.0,116,503.92,0,259.11,39.78
2026-08-27,202.0,135,481.73,0,284.75,42.54
2026-08-28,218.0,133,476.62,0,281.6,36.68
2026-08-29,204.0,131,486.58,0,265.62,39.16
2026-08-30,200.0,142,494.63,0,301.72,51.65
2026-08-31,193.0,122,467.0,0,279.02,50.29
2026-09-01,184.0,135,468.62,0,272.75,43.2
2026-09-02,204.0,133,495.01,0,279.52,44.86
2026-09-03,212.0,135,452.61,0,274.79,45.15
2026-09-04,208.0,128,472.84,1,286.72,61.48
2026-09-05,203.0,130,538.11,0,251.98,36.5
2026-09-06,195.0,135,465.98,0,305.73,43.13
2026-09-07,219.0,140,504.08,0,287.31,45.75
2026-09-08,189.0,163,472.89,1,333.7,63.71
2026-09-09,221.0,143,492.62,0,298.57,47.62
2026-09-10,194.0,139,495.26,0,298.67,41.67
2026-09-11,198.0,157,503.82,1,348.02,69.0
2026-09-12,187.0,142,479.92,1,306.92,56.14
2026-09-13,201.0,150,519.34,0,270.19,45.48
2026-09-14,223.0,146,472.95,0,287.72,52.74
2026-09-15,216.0,130,487.8,0,305.32,42.15
2026-09-16,223.0,154,488.01,0,306.34,41.12
2026-09-17,216.0,139,463.42,0,304.34,51.28
2026-09-18,192.0,156,478.49,0,282.71,36.61
2026-09-19,203.0,138,486.57,0,237.73,36.61
2026-09-20,196.0,129,475.9,0,268.12,40.6
2026-09-21,228.0,127,527.64,0,275.59,45.58
2026-09-22,190.0,131,468.62,0,271.44,40.72
2026-09-23,221.0,129,504.97,0,239.69,40.12
2026-09-24,221.0,147,499.18,0,261.88,37.71
2026-09-25,235.0,134,483.53,0,251.65,35.58
2026-09-26,202.0,118,468.23,0,255.79,41.0
2026-09-27,219.0,147,469.99,1,290.74,54.25
2026-09-28,242.0,146,474.52,1,297.24,56.31
2026-09-29,199.0,130,451.72,0,289.33,52.71
2026-09-30,185.0,137,465.82,0,303.89,54.46
2026-10-01,180.0,134,457.22,0,282.11,47.05
2026-10-02,219.0,141,508.15,0,299.39,51.54
2026-10-03,180.0,140,495.07,0,261.14,42.81
2026-10-04,202.0,138,498.11,0,262.23,46.6
2026-10-05,215.0,122,494.58,0,306.1,50.65
2026-10-06,211.0,156,487.01,0,285.71,43.35
2026-10-07,214.0,129,510.31,1,325.39,56.52
2026-10-08,211.0,133,473.05,0,330.78,58.64
2026-10-09,227.0,134,485.98,1,330.76,60.28
2026-10-10,194.0,139,497.53,0,284.68,53.73
2026-10-11,198.0,136,460.32,0,258.3,37.05
2026-10-12,197.0,133,539.86,0,297.98,53.27
2026-10-13,221.0,150,484.65,0,323.94,49.76
2026-10-14,222.0,156,486.72,1,319.02,60.97
2026-10-15,215.0,142,506.8,1,333.51,55.19
2026-10-16,226.0,143,500.67,0,301.47,39.92
2026-10-17,191.0,151,484.91,0,284.55,51.84
2026-10-18,234.0,146,486.58,0,272.4,41.79
2026-10-19,232.0,134,457.19,0,253.17,44.25
2026-10-20,220.0,119,474.26,0,263.0,39.49
2026-10-21,236.0,139,493.61,0,271.5,47.46
2026-10-22,185.0,152,492.31,1,307.57,54.92
2026-10-23,202.0,128,506.32,0,267.7,37.97
2026-10-24,199.0,136,482.19,0,280.2,47.55
2026-10-25,221.0,145,459.41,1,288.78,57.52
2026-10-26,194.0,150,503.42,0,266.65,45.23
2026-10-27,222.0,154,510.27,0,266.8,42.11
2026-10-28,231.0,148,500.61,0,271.21,36.28
2026-10-29,221.0,135,481.51,0,281.78,40.57
2026-10-30,215.0,157,503.28,1,301.06,52.53
2026-10-31,196.0,153,546.22,1,274.02,49.63
2026-11-01,198.0,135,486.59,0,293.16,51.88
2026-11-02,230.0,157,460.93,0,305.23,48.3
2026-11-03,223.0,129,474.01,0,297.63,38.22
2026-11-04,211.0,142,495.84,0,283.31,34.32
2026-11-05,206.0,155,455.71,1,305.12,53.27
2026-11-06,182.0,144,487.67,1,317.41,56.28
2026-11-07,196.0,142,491.49,0,252.91,41.81
2026-11-08,241.0,146,512.29,0,317.75,43.92
2026-11-09,193.0,139,508.26,0,292.04,40.67
2026-11-10,216.0,142,500.26,0,305.12,50.9
2026-11-11,228.0,138,445.79,0,318.28,57.29
2026-11-12,195.0,155,501.32,1,325.97,50.7
2026-11-13,216.0,135,497.46,0,281.13,41.74
2026-11-14,228.0,144,489.39,1,344.16,69.41
2026-11-15,214.0,138,453.66,0,258.73,45.02
2026-11-16,257.0,149,470.84,0,264.24,38.61
2026-11-17,190.0,120,463.84,0,302.75,53.71
2026-11-18,231.0,139,448.59,1,284.95,52.91
2026-11-19,213.0,161,484.83,0,326.49,55.47
2026-11-20,227.0,151,470.54,1,321.99,56.17
2026-11-21,222.0,134,532.18,0,280.09,46.04
2026-11-22,205.0,146,481.9,0,265.13,37.78
2026-11-23,220.0,141,508.25,1,288.83,51.06
2026-11-24,189.0,118,456.74,0,265.64,41.32
2026-11-25,226.0,152,475.46,1,293.89,54.99
2026-11-26,222.0,132,486.76,0,309.28,60.65
2026-11-27,227.0,140,468.69,0,276.26,54.81
2026-11-28,234.0,142,477.46,0,293.32,45.22
2026-11-29,223.0,151,481.16,1,326.85,67.72
2026-11-30,221.0,122,480.89,0,273.04,39.14
2026-12-01,205.0,140,518.51,0,307.85,51.1
2026-12-02,208.0,144,491.95,0,288.23,43.15
2026-12-03,237.0,126,493.79,0,301.65,46.22
2026-12-04,241.0,125,494.89,0,299.51,59.88
2026-12-05,216.0,129,496.23,0,284.85,43.92
2026-12-06,221.0,158,483.73,1,336.49,58.97
2026-12-07,207.0,120,479.47,0,286.75,41.58
2026-12-08,238.0,149,488.26,0,348.32,51.71
2026-12-09,231.0,155,506.1,1,329.3,53.9
2026-12-10,251.0,138,505.57,0,303.05,49.5
2026-12-11,209.0,126,480.99,0,312.99,51.04
2026-12-12,217.0,143,499.16,1,324.66,61.71
2026-12-13,226.0,159,481.86,1,346.41,64.03
2026-12-14,233.0,154,485.99,0,332.01,50.3
2026-12-15,220.0,131,476.88,0,283.88,42.62
2026-12-16,210.0,153,482.15,0,342.59,55.63
2026-12-17,237.0,159,509.58,1,338.81,62.42
2026-12-18,235.0,142,487.12,0,320.83,48.27
2026-12-19,211.0,135,487.92,0,339.64,52.88
2026-12-20,245.0,136,459.45,0,323.7,59.27
2026-12-21,243.0,161,479.95,0,323.38,61.3
2026-12-22,228.0,144,481.2,0,280.88,44.01
2026-12-23,227.0,156,470.64,0,285.65,42.56
2026-12-24,235.0,145,485.97,0,331.77,52.87
2026-12-25,214.0,149,477.87,1,318.14,64.28
2026-12-26,228.0,159,487.06,1,318.0,58.62
2026-12-27,195.0,165,487.83,0,280.83,46.43
2026-12-28,241.0,147,468.46,1,342.28,59.95
2026-12-29,205.0,153,478.5,0,339.3,48.35
2026-12-30,251.0,146,487.09,0,352.46,60.42
2026-12-31,224.0,139,507.04,1,328.1,61.66
2027-01-01,226.0,129,490.36,0,331.36,56.28
2027-01-02,220.0,150,473.85,1,335.01,53.38
2027-01-03,226.0,158,492.96,1,362.51,77.03
2027-01-04,252.0,153,516.54,0,343.16,56.2
2027-01-05,193.0,129,502.32,0,312.04,41.47
2027-01-06,250.0,151,495.7,0,374.41,65.45
2027-01-07,236.0,154,498.92,1,369.88,66.36
2027-01-08,214.0,145,511.8,0,337.84,54.21
2027-01-09,216.0,151,505.26,0,340.4,52.02
2027-01-10,258.0,163,496.12,0,332.94,52.78
2027-01-11,219.0,149,505.18,0,356.77,56.83
2027-01-12,216.0,132,466.49,0,335.7,45.3
2027-01-13,251.0,144,458.94,0,331.98,57.43
2027-01-14,239.0,165,488.83,1,419.62,78.34
2027-01-15,220.0,155,487.26,0,325.01,54.18
2027-01-16,238.0,153,476.25,0,339.11,58.41
2027-01-17,220.0,141,500.93,0,323.15,52.29
2027-01-18,252.0,143,452.55,1,333.81,63.41
2027-01-19,252.0,153,476.47,0,331.79,45.77
2027-01-20,244.0,135,477.39,0,300.63,44.36
2027-01-21,242.0,154,456.69,0,375.52,60.56
2027-01-22,263.0,154,513.07,0,330.24,53.76
2027-01-23,237.0,143,461.71,0,311.32,51.68
2027-01-24,220.0,147,475.61,0,353.69,64.05
2027-01-25,244.0,150,502.56,0,315.23,49.99
2027-01-26,269.0,142,497.87,0,358.31,59.28
2027-01-27,223.0,144,466.31,1,359.56,66.84
2027-01-28,233.0,148,498.56,0,295.57,46.18
2027-01-29,245.0,149,491.52,0,332.53,52.15
2027-01-30,238.0,162,528.31,0,344.96,51.14
2027-01-31,225.0,141,493.61,0,329.44,52.13
2027-02-01,257.0,159,483.82,0,357.07,55.96
2027-02-02,275.0,137,470.96,0,340.05,53.63
2027-02-03,243.0,136,473.0,0,337.13,45.13
2027-02-04,227.0,146,471.56,0,351.01,55.64
2027-02-05,218.0,140,511.12,0,395.46,58.07
2027-02-06,245.0,146,486.78,1,352.38,64.86
2027-02-07,258.0,179,496.65,1,379.11,63.91
2027-02-08,249.0,155,513.76,1,390.64,72.56
2027-02-09,242.0,173,444.07,0,350.62,54.54
2027-02-10,234.0,140,509.56,0,372.63,56.12
2027-02-11,226.0,143,487.56,1,355.92,67.39
2027-02-12,256.0,163,494.41,0,353.27,58.51
2027-02-13,257.0,143,471.69,0,329.67,52.5
2027-02-14,220.0,152,473.03,0,317.02,53.43
2027-02-15,268.0,137,495.44,0,383.77,59.02
2027-02-16,253.0,160,529.58,1,392.79,75.02
2027-02-17,265.0,137,504.74,0,371.27,59.17
2027-02-18,225.0,150,509.48,0,367.97,53.36
2027-02-19,224.0,156,483.26,1,366.26,63.36
2027-02-20,243.0,153,475.94,0,338.0,59.99
2027-02-21,253.0,157,472.71,0,360.35,66.18
2027-02-22,273.0,154,477.99,0,384.91,65.7
2027-02-23,256.0,156,449.85,0,325.43,49.22
2027-02-24,242.0,150,473.77,0,396.83,71.99
2027-02-25,231.0,147,476.75,0,318.29,53.85
2027-02-26,265.0,166,483.7,1,367.45,69.83
2027-02-27,232.0,151,489.25,0,339.48,63.7
2027-02-28,271.0,151,493.42,0,348.51,51.27
2027-03-01,243.0,156,486.65,0,398.27,68.34
2027-03-02,271.0,142,476.47,0,379.5,56.08
2027-03-03,258.0,166,451.62,0,380.13,57.36
2027-03-04,246.0,160,476.62,1,409.87,91.82
2027-03-05,240.0,154,469.5,0,377.99,63.33
2027-03-06,243.0,152,495.41,0,348.14,65.36
2027-03-07,255.0,159,503.41,0,378.74,63.69
2027-03-08,250.0,156,503.95,0,382.77,63.55
2027-03-09,240.0,152,500.71,0,363.38,54.73
2027-03-10,246.0,167,484.7,0,414.19,72.34
2027-03-11,250.0,131,477.72,1,390.72,72.43
2027-03-12,217.0,165,473.69,0,362.68,58.47
2027-03-13,256.0,162,460.03,0,356.48,55.64
2027-03-14,235.0,135,505.03,0,370.48,58.72
2027-03-15,232.0,162,484.06,0,402.75,64.59
2027-03-16,224.0,164,464.79,0,389.09,62.97
2027-03-17,223.0,159,472.36,0,384.22,61.18
2027-03-18,229.0,148,471.65,1,369.25,59.69
2027-03-19,239.0,160,488.05,0,373.01,62.71
2027-03-20,279.0,163,506.51,0,355.84,56.28
2027-03-21,242.0,148,481.06,0,344.66,38.0
2027-03-22,253.0,158,446.79,0,361.74,49.26
2027-03-23,256.0,150,483.95,0,345.54,52.83
2027-03-24,252.0,172,484.57,1,399.68,81.61
2027-03-25,249.0,150,483.35,0,335.25,56.7
2027-03-26,232.0,148,476.13,0,326.17,48.83
2027-03-27,272.0,153,491.35,0,331.77,52.13
2027-03-28,278.0,140,488.65,0,360.91,63.73
2027-03-29,225.0,152,487.03,0,362.55,54.66
2027-03-30,235.0,157,494.93,0,325.56,46.79
2027-03-31,246.0,162,479.78,0,379.19,65.68
2027-04-01,236.0,156,478.78,0,365.17,64.54
2027-04-02,258.0,149,512.4,1,378.3,66.55
2027-04-03,240.0,167,497.65,0,360.87,60.38
2027-04-04,283.0,168,502.49,0,347.73,55.43
2027-04-05,269.0,155,509.69,0,385.27,58.23
2027-04-06,254.0,146,497.11,0,353.24,62.71
2027-04-07,266.0,149,504.37,0,376.63,56.51
2027-04-08,267.0,152,459.25,0,379.88,65.09
2027-04-09,242.0,157,491.37,0,402.68,64.84
2027-04-10,238.0,161,484.43,1,395.96,72.23
2027-04-11,252.0,145,517.94,0,385.69,58.5
2027-04-12,263.0,174,504.46,1,391.3,66.6
2027-04-13,253.0,166,476.43,1,406.93,73.76
2027-04-14,227.0,143,494.51,0,386.32,58.84
2027-04-15,238.0,157,490.84,0,405.8,65.49
2027-04-16,249.0,155,496.02,0,355.82,50.54
2027-04-17,249.0,147,469.52,0,343.15,54.12
2027-04-18,280.0,166,494.36,0,379.15,62.97
2027-04-19,229.0,155,483.79,0,399.0,59.81
2027-04-20,258.0,162,493.0,1,394.03,77.28
2027-04-21,272.0,153,474.9,0,342.89,59.23
2027-04-22,284.0,158,477.43,0,344.46,48.88
2027-04-23,244.0,153,509.11,0,359.87,53.49
2027-04-24,257.0,153,469.07,0,352.37,49.29
2027-04-25,258.0,174,470.42,1,367.44,70.31
2027-04-26,252.0,139,487.11,0,327.51,53.03
2027-04-27,248.0,141,474.17,0,371.86,50.57
2027-04-28,256.0,171,472.15,1,376.24,65.92
2027-04-29,211.0,188,489.99,1,397.48,75.37
2027-04-30,259.0,162,461.03,0,329.5,53.28
2027-05-01,251.0,182,470.0,1,405.38,82.35
2027-05-02,245.0,149,525.13,0,336.72,48.06
2027-05-03,279.0,147,496.45,0,395.28,63.19
2027-05-04,238.0,158,474.76,0,383.49,55.6
2027-05-05,242.0,163,495.75,0,348.11,56.27
2027-05-06,278.0,140,498.45,0,378.04,59.46
2027-05-07,235.0,161,506.16,1,430.69,81.43
2027-05-08,239.0,153,485.99,0,354.17,54.49
2027-05-09,245.0,156,505.88,1,420.51,82.6
2027-05-10,260.0,147,451.63,0,387.36,57.83
2027-05-11,250.0,161,469.33,0,411.47,59.57
2027-05-12,227.0,157,491.31,0,382.57,62.5
2027-05-13,239.0,161,494.31,0,378.78,71.14
2027-05-14,237.0,156,471.99,0,413.58,56.73
2027-05-15,245.0,144,493.09,0,372.36,53.18
2027-05-16,252.0,157,477.21,0,357.03,58.36
2027-05-17,252.0,153,483.47,1,395.21,79.8
2027-05-18,219.0,149,506.93,0,348.26,57.32
2027-05-19,261.0,142,504.86,0,360.12,54.33
2027-05-20,249.0,146,470.57,0,378.81,63.0
2027-05-21,266.0,153,469.51,0,353.61,59.32
2027-05-22,251.0,157,481.16,1,342.43,59.86
2027-05-23,261.0,143,488.1,0,314.97,54.29
2027-05-24,251.0,173,476.76,1,376.06,69.38
2027-05-25,264.0,151,507.35,0,330.66,44.23
2027-05-26,251.0,146,494.89,0,313.51,49.53
2027-05-27,242.0,151,495.97,1,337.17,59.5
2027-05-28,277.0,143,465.88,1,385.66,78.9
2027-05-29,256.0,159,509.71,1,353.0,58.27
2027-05-30,251.0,137,437.96,0,330.03,50.41
2027-05-31,223.0,158,503.75,0,329.59,54.01
2027-06-01,223.0,151,505.58,0,336.44,66.04
2027-06-02,246.0,177,481.0,1,370.77,79.46
2027-06-03,244.0,163,511.71,1,373.57,68.86
2027-06-04,232.0,143,487.68,0,320.05,52.88
2027-06-05,243.0,132,489.96,0,361.77,61.15
2027-06-06,264.0,159,494.97,0,356.41,51.61
2027-06-07,251.0,137,546.24,0,363.02,58.14
2027-06-08,223.0,146,513.1,0,379.14,68.38
2027-06-09,238.0,167,501.54,0,389.49,63.15
2027-06-10,227.0,166,472.51,1,377.47,80.87
2027-06-11,233.0,154,491.54,0,377.75,57.91
2027-06-12,233.0,159,474.34,0,366.53,58.16
2027-06-13,231.0,159,503.8,0,358.85,56.98
2027-06-14,219.0,165,491.55,0,384.6,54.03
2027-06-15,236.0,144,468.8,0,369.08,65.18
2027-06-16,229.0,156,490.52,1,386.95,69.65
2027-06-17,193.0,140,473.79,0,366.69,60.09
2027-06-18,268.0,149,491.82,0,349.38,52.76
2027-06-19,253.0,148,473.66,0,332.09,61.73
2027-06-20,231.0,131,489.63,0,333.55,59.54
2027-06-21,236.0,142,502.67,0,327.92,52.75
2027-06-22,218.0,163,488.23,0,345.57,48.95
2027-06-23,261.0,151,482.16,0,322.12,55.13
2027-06-24,263.0,156,492.88,0,288.39,50.83
2027-06-25,237.0,147,501.79,0,337.54,49.31
2027-06-26,250.0,139,469.33,1,297.98,54.49
2027-06-27,237.0,147,493.97,0,299.05,48.19
2027-06-28,214.0,158,513.02,0,344.26,60.69
2027-06-29,227.0,136,499.65,0,337.36,53.21
2027-06-30,235.0,155,490.38,0,355.43,62.0
2027-07-01,226.0,131,500.88,0,281.72,41.81
2027-07-02,229.0,158,497.52,1,360.88,61.05
2027-07-03,231.0,153,502.96,0,320.3,60.05
2027-07-04,230.0,144,452.99,0,343.56,48.21
2027-07-05,232.0,182,461.48,1,403.07,70.03
2027-07-06,215.0,142,507.55,0,311.49,53.51
2027-07-07,220.0,141,462.38,0,339.96,51.69
2027-07-08,211.0,149,496.73,0,360.18,54.62
2027-07-09,245.0,139,483.18,0,337.18,52.95
2027-07-10,198.0,132,471.61,0,358.3,45.74
2027-07-11,247.0,136,495.85,0,322.65,57.05
2027-07-12,250.0,154,493.2,0,344.11,55.97
2027-07-13,224.0,143,527.59,0,318.94,47.15
2027-07-14,189.0,163,478.37,0,346.07,46.46
2027-07-15,223.0,142,515.56,0,274.56,38.31
2027-07-16,227.0,153,496.0,0,332.28,45.22
2027-07-17,212.0,151,477.78,0,344.5,56.29
2027-07-18,219.0,141,504.09,0,283.94,46.44
2027-07-19,250.0,137,499.9,0,289.79,49.03
2027-07-20,236.0,128,490.39,0,335.2,57.32
2027-07-21,212.0,151,494.55,0,342.04,57.95
2027-07-22,202.0,157,479.03,0,288.39,52.79
2027-07-23,221.0,129,474.94,0,337.27,60.01
2027-07-24,222.0,141,503.49,0,302.73,52.79
2027-07-25,232.0,138,485.81,0,313.45,51.27
2027-07-26,217.0,160,488.42,1,313.9,61.47
2027-07-27,232.0,151,494.92,1,357.07,63.86
2027-07-28,253.0,168,494.68,1,332.54,60.42
2027-07-29,236.0,151,464.19,1,322.99,68.09
2027-07-30,223.0,132,513.09,0,312.31,47.36
2027-07-31,220.0,140,492.14,0,288.04,43.36
2027-08-01,218.0,141,486.33,0,267.99,41.42
2027-08-02,240.0,149,497.76,0,321.8,48.84
2027-08-03,213.0,140,494.28,0,308.11,47.15
2027-08-04,223.0,148,503.85,0,306.47,50.15
2027-08-05,223.0,136,499.74,0,343.62,56.4
2027-08-06,214.0,141,503.0,0,369.91,64.24
2027-08-07,201.0,136,514.42,0,289.55,55.83
2027-08-08,226.0,135,506.03,0,315.62,48.76
2027-08-09,220.0,156,487.25,0,325.05,51.69
2027-08-10,228.0,146,469.95,1,393.25,61.91
2027-08-11,212.0,150,520.2,1,356.57,59.05
2027-08-12,238.0,164,485.92,1,373.45,68.27
2027-08-13,207.0,150,481.7,0,348.7,58.22
2027-08-14,245.0,169,458.98,1,344.41,66.25
2027-08-15,193.0,148,496.35,0,301.59,51.05
2027-08-16,225.0,147,492.96,1,365.93,74.6
2027-08-17,226.0,163,463.03,0,337.06,62.55
2027-08-18,207.0,148,498.48,0,292.08,45.67
2027-08-19,225.0,141,481.37,0,290.08,42.92
2027-08-20,237.0,143,538.79,0,295.83,50.24
2027-08-21,185.0,144,480.13,0,306.01,53.25
2027-08-22,225.0,140,482.57,0,312.7,50.67
2027-08-23,180.0,128,474.67,0,325.35,51.18
2027-08-24,203.0,158,513.44,0,282.86,43.12
2027-08-25,241.0,142,483.75,0,296.27,47.22
2027-08-26,208.0,144,477.43,0,282.12,48.06
2027-08-27,199.0,163,503.23,0,294.3,44.14
2027-08-28,213.0,135,465.67,0,294.6,43.6
2027-08-29,247.0,148,501.79,0,286.54,48.42
2027-08-30,189.0,134,522.63,0,314.52,46.32
2027-08-31,200.0,145,500.78,0,286.54,46.5
2027-09-01,238.0,144,502.08,0,318.46,51.42
2027-09-02,243.0,150,506.28,0,300.88,48.14
2027-09-03,214.0,164,521.41,1,296.63,52.02
2027-09-04,197.0,146,512.44,1,293.5,61.93
2027-09-05,247.0,156,498.59,0,311.38,51.68
2027-09-06,239.0,156,506.97,0,360.47,54.89
2027-09-07,225.0,139,474.77,0,305.16,50.34
2027-09-08,203.0,141,504.71,0,310.35,58.19
2027-09-09,214.0,136,472.66,0,323.12,52.13
2027-09-10,212.0,148,484.17,1,324.4,67.48
2027-09-11,219.0,129,435.31,0,288.28,41.16
2027-09-12,236.0,149,498.05,0,309.11,45.51
2027-09-13,227.0,121,479.25,0,295.37,37.78
2027-09-14,198.0,134,510.86,0,268.45,50.91
2027-09-15,235.0,141,497.9,0,295.95,39.8
2027-09-16,219.0,154,511.13,0,322.16,52.39
2027-09-17,224.0,136,471.42,0,312.1,58.07
2027-09-18,236.0,145,509.63,0,316.19,55.2
2027-09-19,197.0,140,528.87,0,304.56,50.45
2027-09-20,213.0,161,504.73,1,299.95,61.26
2027-09-21,206.0,145,505.23,0,274.49,41.17
2027-09-22,190.0,149,494.07,0,273.2,45.83
2027-09-23,219.0,136,481.6,0,280.3,44.37
2027-09-24,251.0,131,504.76,0,271.55,42.91
2027-09-25,186.0,155,463.97,1,289.24,54.34
2027-09-26,213.0,136,483.58,0,252.35,44.82
2027-09-27,223.0,141,459.24,0,301.92,55.4
2027-09-28,215.0,144,478.47,0,269.25,42.0
2027-09-29,212.0,153,502.72,0,274.05,39.37
2027-09-30,194.0,149,500.28,0,302.98,44.75
2027-10-01,217.0,134,492.12,0,305.88,57.88
2027-10-02,202.0,130,494.29,0,274.39,50.0
2027-10-03,181.0,158,457.29,0,309.48,44.45
2027-10-04,231.0,125,484.55,0,314.26,58.11
2027-10-05,228.0,137,479.02,0,344.23,51.4
2027-10-06,214.0,148,479.44,0,326.75,55.54
2027-10-07,217.0,158,502.11,0,353.26,52.75
2027-10-08,230.0,139,475.85,0,315.03,60.63
2027-10-09,217.0,142,480.48,0,330.67,50.08
2027-10-10,227.0,133,453.81,0,328.73,47.42
2027-10-11,209.0,143,486.11,0,311.67,47.73
2027-10-12,234.0,130,471.84,0,297.14,59.25
2027-10-13,219.0,134,492.87,0,299.32,49.06
2027-10-14,217.0,149,474.34,0,322.54,46.63
2027-10-15,195.0,137,493.36,0,280.93,41.63
2027-10-16,218.0,161,488.9,1,311.8,49.51
2027-10-17,202.0,140,521.62,0,312.63,52.55
2027-10-18,205.0,128,500.49,0,306.09,43.23
2027-10-19,202.0,153,458.45,0,253.74,44.81
2027-10-20,199.0,129,468.81,0,260.32,44.74
2027-10-21,247.0,136,492.59,0,336.69,53.37
2027-10-22,235.0,140,474.88,0,315.51,56.33
2027-10-23,244.0,162,438.21,1,295.78,58.83
2027-10-24,197.0,137,515.95,0,241.91,39.27
2027-10-25,216.0,133,504.64,0,258.91,38.44
2027-10-26,196.0,144,501.08,0,297.03,49.37
2027-10-27,205.0,140,480.79,0,326.69,54.27
2027-10-28,202.0,138,499.44,0,325.8,54.53
2027-10-29,235.0,145,479.08,0,265.32,42.77
2027-10-30,210.0,140,495.47,1,294.33,55.9
2027-10-31,232.0,125,475.23,0,264.02,43.44
2027-11-01,225.0,164,519.11,0,315.9,57.0
2027-11-02,251.0,144,463.58,0,284.07,40.02
2027-11-03,195.0,155,514.04,1,319.42,54.29
2027-11-04,236.0,135,492.58,0,294.19,47.4
2027-11-05,234.0,162,483.09,1,354.94,61.62
2027-11-06,203.0,138,494.93,0,292.3,47.69
2027-11-07,233.0,115,505.14,0,290.62,41.65
2027-11-08,223.0,138,516.56,0,331.05,48.22
2027-11-09,215.0,151,497.62,1,377.62,81.53
2027-11-10,206.0,142,475.97,0,364.38,57.05
2027-11-11,208.0,142,493.02,0,331.22,47.18
2027-11-12,250.0,137,524.74,0,322.32,51.02
2027-11-13,219.0,136,516.32,0,332.89,58.44
2027-11-14,231.0,141,508.44,0,331.78,59.08
2027-11-15,208.0,138,506.42,1,349.76,57.04
2027-11-16,208.0,125,504.71,0,274.23,40.72
2027-11-17,236.0,145,513.0,0,339.73,55.49
2027-11-18,200.0,146,483.94,0,316.24,50.44
2027-11-19,214.0,153,467.79,0,293.54,39.92
2027-11-20,221.0,142,493.44,0,279.61,38.71
2027-11-21,223.0,143,477.5,1,321.49,54.33
2027-11-22,219.0,135,473.25,1,266.11,42.16
2027-11-23,228.0,136,479.29,0,296.48,45.4
2027-11-24,232.0,149,537.02,0,291.94,51.94
2027-11-25,233.0,160,494.75,0,295.32,44.3
2027-11-26,208.0,146,498.83,0,293.01,51.64
2027-11-27,219.0,143,470.34,1,280.16,51.95
2027-11-28,241.0,137,459.17,0,314.93,49.52
2027-11-29,237.0,137,477.64,0,265.54,35.85
2027-11-30,203.0,142,518.29,0,312.76,55.53
2027-12-01,229.0,157,498.44,0,305.71,49.45
2027-12-02,195.0,158,503.21,0,362.3,49.27
2027-12-03,225.0,155,505.75,1,346.98,66.18
2027-12-04,253.0,148,481.84,0,277.83,42.0
2027-12-05,211.0,149,517.48,1,348.01,64.7
2027-12-06,213.0,130,481.13,0,303.95,49.73
2027-12-07,237.0,165,517.85,0,366.74,65.37
2027-12-08,203.0,124,500.52,0,338.95,48.5
2027-12-09,217.0,129,460.38,0,361.49,60.94
2027-12-10,236.0,165,479.14,0,355.15,63.9
2027-12-11,218.0,148,460.49,0,346.24,68.49
2027-12-12,224.0,136,513.58,0,325.67,57.23
2027-12-13,239.0,155,492.21,0,334.43,55.32
2027-12-14,235.0,156,452.57,0,366.06,60.08
2027-12-15,233.0,135,499.46,0,308.56,56.55
2027-12-16,224.0,153,483.05,1,355.27,64.2
2027-12-17,235.0,167,466.03,1,349.84,68.9
2027-12-18,228.0,140,522.96,0,332.59,64.16
2027-12-19,237.0,151,494.71,0,300.43,47.58
2027-12-20,223.0,163,487.52,0,324.68,42.14
2027-12-21,228.0,125,485.63,0,315.31,46.38
2027-12-22,216.0,146,465.6,0,350.69,57.65
2027-12-23,231.0,152,469.38,0,313.79,46.27
2027-12-24,220.0,132,516.01,0,305.67,47.32
2027-12-25,215.0,144,484.37,0,279.72,43.52
2027-12-26,236.0,160,493.32,0,297.57,50.12
2027-12-27,236.0,143,456.14,0,331.3,48.31
2027-12-28,245.0,135,469.23,0,323.22,48.88
2027-12-29,227.0,162,503.96,0,336.12,60.87
2027-12-30,240.0,155,499.8,0,371.42,56.74
2027-12-31,243.0,150,524.58,0,304.65,52.06
2028-01-01,241.0,160,517.21,1,398.33,73.77
2028-01-02,223.0,161,488.91,0,359.55,57.4
2028-01-03,238.0,154,501.59,0,343.81,58.82
2028-01-04,241.0,158,487.4,0,363.85,48.05
2028-01-05,236.0,144,530.11,0,338.73,56.45
2028-01-06,205.0,132,513.82,0,352.52,59.33
2028-01-07,239.0,158,496.21,0,407.3,70.35
2028-01-08,270.0,163,496.79,0,347.16,53.59
2028-01-09,232.0,150,519.21,0,346.25,55.4
2028-01-10,227.0,161,503.65,0,352.68,43.45
2028-01-11,244.0,149,521.3,0,352.47,52.85
2028-01-12,243.0,151,453.77,0,356.46,57.97
2028-01-13,257.0,170,501.58,0,351.63,64.02
2028-01-14,220.0,150,484.02,0,353.13,66.28
2028-01-15,251.0,159,524.93,1,371.19,66.76
2028-01-16,249.0,134,521.18,0,330.24,57.17
2028-01-17,238.0,160,493.95,0,312.24,49.27
2028-01-18,246.0,156,521.02,1,369.84,59.46
2028-01-19,256.0,155,525.5,0,352.39,59.58
2028-01-20,254.0,150,494.76,0,386.71,72.5
2028-01-21,225.0,149,537.93,0,343.65,53.02
2028-01-22,254.0,153,492.9,0,353.84,51.8
2028-01-23,241.0,154,489.62,0,324.79,52.29
2028-01-24,244.0,166,509.09,0,376.91,59.61
2028-01-25,244.0,170,487.15,0,334.36,66.59
2028-01-26,241.0,161,495.08,0,360.08,63.05
2028-01-27,262.0,167,518.93,0,373.75,60.53
2028-01-28,243.0,173,493.93,1,391.54,55.43
2028-01-29,228.0,170,463.09,1,408.59,74.71
2028-01-30,239.0,170,500.23,0,340.12,63.87
2028-01-31,248.0,142,481.11,0,384.02,61.9
2028-02-01,264.0,148,509.23,0,387.09,66.71
2028-02-02,255.0,147,506.21,0,367.07,60.89
2028-02-03,233.0,163,520.19,1,428.96,76.23
2028-02-04,283.0,163,510.06,0,380.55,70.54
2028-02-05,250.0,145,513.36,0,362.82,59.08
2028-02-06,266.0,161,481.72,0,373.89,55.86
2028-02-07,245.0,150,508.25,0,355.03,56.92
2028-02-08,255.0,153,529.23,0,399.64,72.5
2028-02-09,260.0,158,481.42,0,400.11,55.14
2028-02-10,266.0,173,526.24,0,393.47,64.55
2028-02-11,264.0,159,483.97,1,441.74,82.21
2028-02-12,262.0,156,478.54,0,365.04,49.97
2028-02-13,244.0,156,499.23,1,353.4,69.44
2028-02-14,240.0,150,506.81,0,414.81,67.97
2028-02-15,254.0,146,510.35,0,394.5,68.32
2028-02-16,264.0,160,476.65,0,391.74,69.37
2028-02-17,246.0,162,501.8,0,368.53,58.66
2028-02-18,266.0,164,481.66,0,382.89,58.07
2028-02-19,272.0,150,467.22,0,330.89,45.87
2028-02-20,237.0,163,477.32,0,351.18,52.79
2028-02-21,238.0,159,480.54,0,346.28,55.46
2028-02-22,249.0,157,503.47,0,368.86,53.69
2028-02-23,256.0,156,514.84,1,399.91,77.48
2028-02-24,244.0,160,467.6,0,342.89,50.22
2028-02-25,272.0,160,500.48,0,382.37,51.07
2028-02-26,258.0,169,472.98,1,381.53,67.28
2028-02-27,253.0,162,505.5,0,371.32,60.44
2028-02-28,231.0,165,482.99,0,365.89,51.63
2028-02-29,233.0,148,475.3,0,380.22,55.77
2028-03-01,257.0,166,508.63,1,384.33,67.47
2028-03-02,221.0,164,483.7,0,344.73,52.58
2028-03-03,268.0,156,488.59,0,354.76,58.35
2028-03-04,251.0,169,454.34,0,368.96,62.56
2028-03-05,302.0,170,511.36,1,374.53,66.62
2028-03-06,288.0,150,509.12,1,442.0,74.88
2028-03-07,251.0,168,494.46,0,397.47,64.41
2028-03-08,252.0,168,,1,437.61,84.36
2028-03-09,269.0,142,516.17,0,408.7,75.29
2028-03-10,280.0,157,482.43,0,401.93,71.22
2028-03-11,230.0,157,486.28,1,472.65,78.52
2028-03-12,228.0,167,536.08,0,446.22,70.45
2028-03-13,245.0,159,481.81,0,424.83,70.88
2028-03-14,264.0,150,507.86,0,375.45,55.28
2028-03-15,262.0,178,504.64,1,450.43,80.96
2028-03-16,271.0,174,501.56,1,383.57,74.84
2028-03-17,237.0,167,499.64,1,436.49,82.39
2028-03-18,221.0,147,501.35,0,313.62,50.19
2028-03-19,268.0,161,499.49,1,385.42,67.52
2028-03-20,243.0,151,493.69,0,399.73,55.29
2028-03-21,225.0,167,521.84,0,385.8,59.92
2028-03-22,258.0,143,471.03,0,339.56,53.86
2028-03-23,268.0,160,513.07,0,379.73,52.39
2028-03-24,254.0,158,509.5,0,380.34,61.13
2028-03-25,249.0,171,507.29,0,369.45,61.28
2028-03-26,254.0,163,514.85,0,354.32,53.01
2028-03-27,250.0,166,493.09,0,393.16,65.28
2028-03-28,,155,461.14,0,393.65,64.61
2028-03-29,245.0,148,493.5,0,367.47,57.12
2028-03-30,264.0,157,476.98,0,409.61,62.98
2028-03-31,261.0,168,481.67,0,383.39,59.43
2028-04-01,259.0,168,472.5,0,367.45,54.07
2028-04-02,241.0,156,486.29,0,399.93,66.06
2028-04-03,253.0,152,484.16,0,413.95,60.98
2028-04-04,224.0,160,452.12,1,396.24,68.66
2028-04-05,259.0,159,507.54,0,381.82,63.94
2028-04-06,278.0,162,534.93,0,438.41,68.55
2028-04-07,234.0,185,505.89,1,426.03,79.21
2028-04-08,247.0,162,491.35,0,390.71,52.48
2028-04-09,261.0,177,494.03,1,412.77,73.12
2028-04-10,275.0,153,487.46,0,429.23,79.5
2028-04-11,249.0,161,496.68,0,445.62,59.4
2028-04-12,246.0,162,494.41,0,403.06,75.07
2028-04-13,226.0,159,479.96,0,444.51,72.86
2028-04-14,257.0,170,525.41,1,409.48,72.48
2028-04-15,286.0,172,468.37,1,404.63,73.62
2028-04-16,260.0,175,508.09,1,419.0,85.25
2028-04-17,255.0,182,493.36,1,400.59,60.42
2028-04-18,260.0,148,529.41,1,412.22,85.01
2028-04-19,255.0,171,501.36,0,377.26,61.86
2028-04-20,243.0,153,488.76,1,362.27,72.52
2028-04-21,268.0,163,490.8,0,345.19,46.18
2028-04-22,259.0,184,496.0,0,367.75,57.59
2028-04-23,255.0,160,474.73,0,369.63,46.23
2028-04-24,240.0,172,481.52,1,366.56,74.4
2028-04-25,274.0,157,463.21,0,376.2,54.65
2028-04-26,265.0,177,478.75,1,402.32,68.41
2028-04-27,246.0,164,497.07,0,369.97,48.46
2028-04-28,270.0,153,500.8,0,354.06,59.01
2028-04-29,247.0,169,459.79,1,389.66,72.51
2028-04-30,243.0,149,492.97,0,356.79,53.08
2028-05-01,243.0,169,505.6,1,420.83,79.51
2028-05-02,227.0,156,492.55,0,352.33,52.25
2028-05-03,261.0,161,484.09,0,389.62,52.06
2028-05-04,226.0,163,488.1,1,379.36,68.11
2028-05-05,235.0,158,485.81,0,383.44,70.81
2028-05-06,222.0,160,484.1,0,355.87,62.13
2028-05-07,252.0,160,498.71,0,364.84,60.87
2028-05-08,251.0,162,537.14,0,397.2,65.01
2028-05-09,248.0,158,482.23,0,384.53,59.43
2028-05-10,237.0,152,489.91,0,421.25,72.05
2028-05-11,235.0,170,494.73,1,440.81,85.29
2028-05-12,259.0,157,483.31,0,411.17,65.27
2028-05-13,244.0,169,515.47,0,400.59,65.29
2028-05-14,256.0,181,453.04,1,410.02,65.98
2028-05-15,238.0,155,486.18,1,428.87,76.25
2028-05-16,254.0,165,510.49,0,382.18,54.31
2028-05-17,271.0,167,490.49,0,430.02,60.98
2028-05-18,260.0,145,481.02,0,354.1,59.15
2028-05-19,244.0,165,503.75,0,353.99,49.92
2028-05-20,254.0,168,512.15,0,335.91,57.62
2028-05-21,247.0,159,499.65,1,349.48,70.06
2028-05-22,250.0,156,481.46,0,331.67,52.76
2028-05-23,245.0,160,504.11,0,367.58,55.47
2028-05-24,247.0,164,488.68,0,380.81,66.82
2028-05-25,252.0,148,509.35,0,356.81,60.05
2028-05-26,234.0,170,522.66,0,335.79,59.75
2028-05-27,233.0,148,449.08,1,350.33,59.13
2028-05-28,228.0,171,498.0,0,369.15,57.62
2028-05-29,224.0,163,464.78,0,354.79,55.6
2028-05-30,230.0,152,539.99,0,343.28,56.0
2028-05-31,,166,487.63,0,339.88,57.57
2028-06-01,234.0,147,509.51,0,353.7,57.32
2028-06-02,255.0,159,495.46,0,358.61,64.56
2028-06-03,247.0,160,481.66,0,361.01,55.73
2028-06-04,217.0,170,479.54,1,393.61,66.62
2028-06-05,256.0,149,524.7,0,369.85,55.48
2028-06-06,258.0,152,513.39,0,382.6,56.68
2028-06-07,231.0,158,531.18,0,389.15,59.6
2028-06-08,252.0,150,497.22,0,354.82,55.34
2028-06-09,232.0,159,501.42,0,418.97,65.61
2028-06-10,246.0,150,491.45,0,351.6,57.48
2028-06-11,225.0,166,491.11,0,380.35,58.23
2028-06-12,217.0,172,477.55,0,359.33,63.15
2028-06-13,238.0,153,497.83,0,375.96,49.22
2028-06-14,242.0,165,482.13,0,379.81,48.08
2028-06-15,237.0,154,504.31,0,401.35,70.24
2028-06-16,225.0,157,499.44,1,377.98,75.16
2028-06-17,236.0,152,501.58,0,374.09,66.81
2028-06-18,246.0,157,526.57,0,353.73,59.98
2028-06-19,241.0,148,495.76,1,406.78,75.27
2028-06-20,244.0,162,510.08,0,319.49,49.88
2028-06-21,231.0,156,533.41,0,357.51,48.61
2028-06-22,258.0,165,520.02,0,299.18,48.53
2028-06-23,223.0,161,517.28,0,343.49,47.56
2028-06-24,248.0,166,491.02,1,374.92,83.23
2028-06-25,258.0,151,500.69,0,359.09,51.9
2028-06-26,247.0,170,472.85,0,364.04,57.83
2028-06-27,236.0,176,505.58,0,345.32,63.05
2028-06-28,231.0,151,501.56,0,351.24,54.27
2028-06-29,254.0,165,497.06,0,401.28,62.04
2028-06-30,217.0,147,515.15,0,341.89,41.44
2028-07-01,223.0,148,474.94,0,351.05,49.27
2028-07-02,232.0,150,526.13,0,327.69,55.19
2028-07-03,256.0,161,512.95,0,380.04,70.34
2028-07-04,243.0,153,495.47,1,392.04,67.29
2028-07-05,222.0,179,494.08,1,373.14,70.13
2028-07-06,232.0,173,505.43,1,401.33,90.55
2028-07-07,227.0,160,524.18,0,379.33,63.92
2028-07-08,225.0,150,498.65,0,361.88,63.2
2028-07-09,250.0,162,499.43,0,355.07,52.73
2028-07-10,214.0,124,497.19,0,370.84,67.97
2028-07-11,259.0,157,528.96,0,346.96,51.91
2028-07-12,247.0,154,490.26,0,361.59,53.15
2028-07-13,250.0,134,496.39,0,352.93,64.3
2028-07-14,227.0,157,523.28,0,379.15,57.04
2028-07-15,231.0,158,499.61,0,322.31,51.55
2028-07-16,212.0,134,517.45,0,330.04,60.86
2028-07-17,225.0,140,480.6,0,328.08,47.99
2028-07-18,240.0,173,493.32,0,353.13,55.25
2028-07-19,251.0,150,523.76,0,346.17,52.22
2028-07-20,215.0,162,484.89,0,310.43,48.14
2028-07-21,226.0,163,494.36,0,359.93,57.8
2028-07-22,229.0,166,501.72,1,348.22,71.42
2028-07-23,210.0,162,479.32,0,298.2,55.06
2028-07-24,239.0,130,489.69,0,308.0,50.0
2028-07-25,219.0,149,499.19,0,349.85,52.16
2028-07-26,227.0,130,498.02,1,338.32,66.03
2028-07-27,223.0,134,520.25,0,294.28,47.11
2028-07-28,217.0,146,524.97,0,303.45,48.72
2028-07-29,229.0,144,481.83,0,321.57,46.47
2028-07-30,225.0,151,499.26,0,328.5,44.59
2028-07-31,223.0,151,509.42,0,334.85,53.48
2028-08-01,217.0,152,524.59,0,323.97,46.64
2028-08-02,233.0,152,510.25,0,350.51,53.29
2028-08-03,252.0,154,502.58,0,333.84,60.84
2028-08-04,229.0,141,509.36,0,316.82,50.36
2028-08-05,242.0,143,509.51,0,358.28,63.27
2028-08-06,206.0,150,480.7,0,336.96,55.41
2028-08-07,229.0,160,500.89,1,350.08,67.83
2028-08-08,210.0,139,523.7,0,339.51,51.52
2028-08-09,204.0,161,493.73,0,346.73,61.47
2028-08-10,215.0,157,499.81,0,338.26,55.7
2028-08-11,243.0,141,493.13,0,345.01,53.83
2028-08-12,239.0,148,455.87,0,310.77,51.17
2028-08-13,229.0,180,497.91,1,375.79,65.49
2028-08-14,202.0,151,502.99,0,333.22,51.85
2028-08-15,222.0,153,488.36,0,301.39,47.97
2028-08-16,229.0,153,476.82,1,344.53,61.02
2028-08-17,227.0,156,481.77,1,334.43,69.69
2028-08-18,196.0,164,511.4,0,265.35,40.8
2028-08-19,210.0,150,533.17,0,302.08,57.77
2028-08-20,222.0,148,522.56,0,323.38,52.07
2028-08-21,231.0,149,473.5,0,311.3,48.71
2028-08-22,190.0,184,513.1,1,354.19,62.85
2028-08-23,220.0,149,485.8,0,308.34,51.29
2028-08-24,225.0,140,487.28,0,294.49,51.07
2028-08-25,235.0,142,489.46,0,290.62,35.44
2028-08-26,233.0,156,510.51,0,273.84,43.83
2028-08-27,231.0,134,515.09,0,308.67,40.18
2028-08-28,210.0,163,496.08,1,346.68,69.24
2028-08-29,193.0,141,496.4,0,298.44,52.23
2028-08-30,216.0,130,506.24,0,263.62,42.34
2028-08-31,236.0,148,508.12,1,344.64,64.84
2028-09-01,242.0,148,519.09,0,302.6,41.93
2028-09-02,232.0,162,474.82,0,319.5,48.5
2028-09-03,227.0,157,498.32,0,285.7,43.09
2028-09-04,226.0,145,478.76,0,327.38,50.18
2028-09-05,212.0,158,497.08,0,329.3,57.0
2028-09-06,218.0,144,493.95,0,279.94,50.17
2028-09-07,245.0,133,497.2,0,360.05,60.91
2028-09-08,206.0,148,483.66,0,323.94,50.26
2028-09-09,244.0,133,471.31,0,311.16,46.3
2028-09-10,215.0,156,460.4,0,333.36,53.79
2028-09-11,240.0,156,495.76,0,335.49,55.17
2028-09-12,199.0,139,490.38,0,329.48,51.62
2028-09-13,228.0,159,485.99,1,327.56,57.36
2028-09-14,208.0,149,521.99,0,320.05,54.16
2028-09-15,198.0,156,482.73,0,283.7,48.43
2028-09-16,223.0,135,523.72,0,295.54,41.47
2028-09-17,234.0,164,527.47,1,358.35,64.23
2028-09-18,207.0,134,463.14,0,273.45,46.94
2028-09-19,197.0,155,499.94,0,301.87,52.78
2028-09-20,218.0,158,491.11,0,267.66,43.08
2028-09-21,,141,445.91,0,300.45,49.72
2028-09-22,227.0,160,472.34,0,317.57,52.01
2028-09-23,233.0,142,512.31,1,313.45,62.48
2028-09-24,218.0,169,534.73,1,303.63,51.12
2028-09-25,247.0,162,514.65,0,267.3,43.84
2028-09-26,222.0,151,504.25,0,278.23,40.81
2028-09-27,214.0,146,498.06,0,326.4,57.55
2028-09-28,195.0,151,528.75,0,320.79,46.23
2028-09-29,215.0,142,537.15,0,302.15,50.2
2028-09-30,214.0,174,487.94,0,312.28,45.83
2028-10-01,233.0,142,462.52,0,279.38,47.85
2028-10-02,226.0,161,460.77,0,348.57,58.07
2028-10-03,201.0,140,522.35,0,299.03,48.92
2028-10-04,222.0,164,497.73,0,338.43,64.1
2028-10-05,229.0,168,501.9,0,308.44,46.1
2028-10-06,242.0,152,466.39,0,328.08,57.05
2028-10-07,232.0,151,485.08,0,344.78,61.23
2028-10-08,231.0,138,493.34,0,296.16,51.5
2028-10-09,220.0,147,502.42,1,363.48,63.55
2028-10-10,225.0,151,491.53,0,311.31,48.71
2028-10-11,238.0,163,480.05,0,321.26,48.48
2028-10-12,199.0,143,484.62,0,324.27,50.44
2028-10-13,214.0,170,520.51,0,356.12,52.49
2028-10-14,208.0,142,503.19,0,303.23,46.86
2028-10-15,225.0,150,509.82,0,324.68,59.1
2028-10-16,238.0,151,482.64,0,346.43,53.77
2028-10-17,211.0,147,445.67,0,300.2,48.51
2028-10-18,184.0,128,489.44,0,270.46,40.33
2028-10-19,214.0,142,483.28,0,301.02,48.1
2028-10-20,234.0,150,505.18,0,337.13,58.12
2028-10-21,228.0,148,558.06,0,279.71,46.81
2028-10-22,227.0,155,511.45,0,317.69,57.59
2028-10-23,216.0,156,548.21,0,302.23,42.87
2028-10-24,202.0,156,509.22,1,358.49,62.25
2028-10-25,229.0,139,487.66,0,346.08,53.23
2028-10-26,209.0,164,505.28,0,331.5,60.62
2028-10-27,254.0,135,531.09,0,271.77,44.7
2028-10-28,230.0,143,531.99,0,247.4,34.33
2028-10-29,213.0,151,488.72,1,318.78,64.2
2028-10-30,213.0,157,503.66,0,335.33,54.2
2028-10-31,220.0,162,473.39,0,333.53,57.82
2028-11-01,218.0,148,513.98,0,305.89,56.21
2028-11-02,239.0,152,527.12,0,298.39,43.37
2028-11-03,225.0,154,499.9,0,349.26,64.18
2028-11-04,212.0,168,487.19,0,363.68,57.78
2028-11-05,251.0,132,505.7,0,304.36,46.81
2028-11-06,224.0,157,506.75,0,356.6,57.88
2028-11-07,235.0,154,500.72,0,393.93,55.98
2028-11-08,214.0,156,502.5,1,355.67,65.69
2028-11-09,229.0,153,496.17,0,339.13,53.03
2028-11-10,229.0,158,517.25,0,355.93,51.94
2028-11-11,196.0,166,512.59,1,344.05,60.31
2028-11-12,255.0,172,481.66,0,367.1,65.0
2028-11-13,244.0,152,481.19,0,332.22,52.27
2028-11-14,219.0,151,494.82,0,334.12,48.54
2028-11-15,209.0,149,512.68,0,301.39,50.25
2028-11-16,231.0,156,502.11,0,328.74,56.38
2028-11-17,227.0,151,487.88,0,307.94,49.26
2028-11-18,231.0,151,504.19,0,320.95,45.41
2028-11-19,229.0,151,493.55,0,278.17,33.88
2028-11-20,234.0,150,515.37,0,341.2,49.98
2028-11-21,248.0,145,505.54,0,302.05,53.1
2028-11-22,236.0,156,493.88,0,357.62,62.38
2028-11-23,212.0,149,503.75,0,342.87,50.77
2028-11-24,248.0,158,523.27,0,334.71,52.37
2028-11-25,253.0,163,489.37,1,302.9,59.21
2028-11-26,275.0,148,506.89,0,300.44,47.45
2028-11-27,212.0,168,498.39,0,310.55,54.05
2028-11-28,232.0,151,507.37,0,310.37,49.21
2028-11-29,198.0,159,487.92,0,359.85,60.18
2028-11-30,238.0,146,501.71,0,327.56,50.82
2028-12-01,221.0,132,519.68,0,312.67,46.35
2028-12-02,259.0,147,482.89,0,313.83,55.7
2028-12-03,219.0,142,475.85,1,332.7,54.05
2028-12-04,205.0,151,476.55,0,353.79,53.42
2028-12-05,224.0,168,478.75,0,323.67,51.33
2028-12-06,202.0,144,510.56,0,347.47,60.07
2028-12-07,243.0,133,474.55,0,356.19,52.29
2028-12-08,201.0,169,494.52,0,325.85,52.76
2028-12-09,233.0,149,511.03,0,316.11,44.0
2028-12-10,201.0,164,507.42,1,364.85,69.91
2028-12-11,228.0,162,493.0,0,390.78,73.21
2028-12-12,258.0,160,503.4,0,387.93,50.67
2028-12-13,239.0,162,501.91,0,349.01,52.03
2028-12-14,221.0,164,495.96,0,386.33,66.66
2028-12-15,234.0,137,496.22,0,339.04,69.22
2028-12-16,235.0,141,540.28,0,326.44,55.11
2028-12-17,242.0,167,514.63,0,344.96,51.42
2028-12-18,215.0,147,544.73,0,357.18,56.35
2028-12-19,245.0,159,491.15,1,352.92,58.8
2028-12-20,196.0,143,498.59,0,324.04,55.76
2028-12-21,227.0,152,476.16,0,313.17,55.02
2028-12-22,229.0,162,485.59,1,366.75,75.59
2028-12-23,247.0,157,534.41,1,365.71,65.85
2028-12-24,238.0,146,490.8,0,342.92,50.71
2028-12-25,217.0,159,534.77,0,311.68,56.86
2028-12-26,223.0,148,477.86,0,328.41,59.35
2028-12-27,242.0,151,481.3,0,366.5,53.21
2028-12-28,238.0,135,494.14,0,341.0,52.64
2028-12-29,231.0,186,499.15,1,380.07,74.81
2028-12-30,232.0,166,516.94,0,344.01,53.74
2028-12-31,250.0,152,508.45,0,354.06,56.82
2029-01-01,233.0,148,492.87,0,360.81,49.78
2029-01-02,239.0,168,497.98,1,375.02,63.07
2029-01-03,274.0,158,494.66,0,389.45,61.78
2029-01-04,220.0,145,483.96,0,338.79,50.66
2029-01-05,214.0,132,484.46,0,385.7,55.07
2029-01-06,254.0,153,518.96,0,346.12,53.75
2029-01-07,232.0,143,467.57,0,369.84,54.31
2029-01-08,238.0,160,529.61,0,377.34,60.53
2029-01-09,232.0,160,494.35,0,371.14,64.91
2029-01-10,240.0,149,486.63,0,403.95,62.81
2029-01-11,268.0,164,513.88,1,419.26,74.88
2029-01-12,256.0,187,527.31,1,411.07,82.67
2029-01-13,258.0,167,520.72,0,406.83,69.57
2029-01-14,224.0,155,509.65,0,380.08,65.36
2029-01-15,228.0,182,520.2,0,366.74,44.81
2029-01-16,203.0,158,469.76,1,339.41,60.51
2029-01-17,234.0,152,491.29,0,367.3,55.62
2029-01-18,261.0,159,484.3,0,396.84,58.58
2029-01-19,254.0,145,522.76,0,372.08,65.41
2029-01-20,244.0,178,493.84,0,391.16,59.4
2029-01-21,247.0,162,515.98,0,339.48,47.24
2029-01-22,237.0,153,510.43,0,354.97,58.11
2029-01-23,251.0,165,485.28,0,362.25,57.92
2029-01-24,260.0,162,490.25,0,368.99,53.93
2029-01-25,224.0,158,524.13,0,374.36,65.61
2029-01-26,254.0,159,486.9,1,415.29,80.14
2029-01-27,263.0,147,503.13,0,387.33,65.04
2029-01-28,243.0,183,486.81,0,400.26,66.95
2029-01-29,261.0,148,495.27,0,381.8,67.33
2029-01-30,293.0,189,500.11,1,405.26,74.03
2029-01-31,249.0,153,486.87,0,380.72,53.82
2029-02-01,257.0,170,483.69,0,401.57,63.0
2029-02-02,240.0,167,506.15,0,391.35,52.9
2029-02-03,254.0,179,485.81,1,386.83,65.4
2029-02-04,259.0,170,486.45,0,377.47,69.56
2029-02-05,255.0,146,484.16,0,407.44,58.46
2029-02-06,237.0,156,499.68,0,389.61,55.48
2029-02-07,256.0,149,518.09,0,395.7,67.29
2029-02-08,275.0,165,528.24,0,404.04,69.88
2029-02-09,260.0,160,488.07,1,401.99,64.32
2029-02-10,268.0,143,539.87,0,379.35,62.11
2029-02-11,250.0,171,483.1,1,401.11,70.91
2029-02-12,,141,520.7,0,377.23,62.23
2029-02-13,259.0,176,488.23,1,400.99,72.36
2029-02-14,240.0,151,485.56,0,386.32,53.9
2029-02-15,260.0,155,487.85,0,402.38,61.48
2029-02-16,240.0,141,500.34,0,401.1,67.94
2029-02-17,246.0,180,511.74,0,354.47,67.05
2029-02-18,259.0,149,513.38,0,399.65,66.28
2029-02-19,260.0,161,484.35,0,388.74,59.92
2029-02-20,238.0,146,483.55,0,349.17,49.69
2029-02-21,272.0,156,484.88,0,370.92,58.47
2029-02-22,265.0,182,499.4,0,351.57,54.26
2029-02-23,246.0,168,497.64,0,347.97,57.27
2029-02-24,234.0,167,484.34,1,419.44,77.22
2029-02-25,255.0,174,506.31,1,377.81,72.61
2029-02-26,251.0,159,542.21,0,391.01,60.45
2029-02-27,259.0,164,492.42,0,383.5,71.19
2029-02-28,253.0,173,493.72,0,392.11,66.17
2029-03-01,228.0,162,511.61,0,394.22,58.9
2029-03-02,253.0,167,491.5,0,353.73,61.91
2029-03-03,254.0,168,513.62,0,413.76,59.03
2029-03-04,268.0,162,488.67,0,387.8,57.08
2029-03-05,248.0,158,534.6,0,390.74,57.82
2029-03-06,284.0,160,507.85,0,418.39,75.28
2029-03-07,231.0,183,490.5,1,419.2,76.43
2029-03-08,279.0,174,491.08,0,423.62,63.78
2029-03-09,256.0,154,492.45,0,405.95,65.95
2029-03-10,273.0,163,526.43,0,418.52,70.37
2029-03-11,261.0,158,478.9,0,396.64,72.92
2029-03-12,277.0,174,489.74,0,401.1,55.17
2029-03-13,254.0,161,491.67,0,419.38,75.05
2029-03-14,244.0,188,501.52,0,416.15,53.68
2029-03-15,282.0,168,496.94,0,378.68,65.74
2029-03-16,259.0,178,475.0,0,418.38,74.24
2029-03-17,264.0,156,494.66,0,379.68,67.67
2029-03-18,279.0,167,500.09,0,401.22,67.62
2029-03-19,245.0,173,490.59,0,384.93,55.44
2029-03-20,270.0,156,514.28,0,370.45,63.42
2029-03-21,252.0,177,518.49,1,440.89,74.5
2029-03-22,259.0,177,500.55,0,414.75,60.52
2029-03-23,262.0,163,506.13,0,390.02,59.73
2029-03-24,239.0,158,463.1,0,380.62,58.81
2029-03-25,250.0,195,494.44,1,423.36,79.85
2029-03-26,282.0,165,520.13,1,409.21,71.44
2029-03-27,275.0,168,494.44,0,368.31,60.75
2029-03-28,261.0,160,488.81,0,394.35,54.98
2029-03-29,265.0,158,543.1,0,409.71,65.79
2029-03-30,257.0,174,534.86,0,409.98,63.92
2029-03-31,282.0,165,510.56,0,388.87,68.13
2029-04-01,259.0,171,522.66,0,401.84,71.01
2029-04-02,265.0,144,462.11,0,389.71,61.36
2029-04-03,279.0,172,488.02,0,432.46,56.48
2029-04-04,250.0,160,493.76,0,432.67,59.66
2029-04-05,285.0,158,497.99,1,403.92,81.53
2029-04-06,239.0,196,493.44,1,466.22,85.25
2029-04-07,286.0,173,456.38,0,455.98,84.92
2029-04-08,256.0,169,509.25,0,417.85,72.48
2029-04-09,258.0,190,512.11,1,467.62,88.3
2029-04-10,233.0,170,531.17,0,405.29,65.63
2029-04-11,255.0,159,488.17,0,405.48,57.89
2029-04-12,246.0,165,486.72,0,411.99,62.02
2029-04-13,252.0,160,454.16,0,405.01,67.33
2029-04-14,259.0,162,497.14,0,374.44,57.97
2029-04-15,276.0,154,518.66,0,393.1,65.66
2029-04-16,264.0,157,491.45,0,422.28,74.08
2029-04-17,266.0,176,541.06,0,385.25,60.6
2029-04-18,245.0,170,497.88,0,406.38,62.39
2029-04-19,248.0,172,505.17,1,421.85,72.37
2029-04-20,288.0,157,478.0,0,389.9,67.27
2029-04-21,250.0,163,507.73,0,389.28,66.68
2029-04-22,286.0,150,466.95,0,383.56,73.95
2029-04-23,257.0,168,515.09,0,382.86,62.27
2029-04-24,261.0,176,515.66,0,414.34,65.69
2029-04-25,276.0,190,527.11,0,411.78,68.77
2029-04-26,279.0,166,484.3,1,439.57,79.42
2029-04-27,259.0,186,505.57,1,413.96,71.09
2029-04-28,254.0,160,512.85,0,367.73,59.33
2029-04-29,259.0,165,510.68,1,392.55,75.32
2029-04-30,265.0,155,487.16,0,412.65,69.27
2029-05-01,273.0,178,459.7,1,417.91,80.1
2029-05-02,260.0,167,509.03,1,415.33,83.46
2029-05-03,269.0,160,500.06,0,439.05,73.68
2029-05-04,284.0,162,492.62,0,378.43,62.08
2029-05-05,265.0,159,516.59,0,399.46,56.33
2029-05-06,264.0,158,502.05,0,392.86,64.31
2029-05-07,236.0,152,479.13,1,414.97,75.71
2029-05-08,219.0,167,468.13,0,389.08,55.71
2029-05-09,264.0,167,482.6,0,401.16,67.2
2029-05-10,257.0,158,546.01,0,401.67,67.39
2029-05-11,250.0,180,515.97,1,446.44,85.44
2029-05-12,261.0,180,506.38,0,423.88,71.35
2029-05-13,257.0,166,499.73,0,362.86,58.73
2029-05-14,274.0,179,498.57,0,392.11,61.29
2029-05-15,258.0,198,524.05,1,449.07,95.0
2029-05-16,246.0,191,494.23,0,425.13,68.97
2029-05-17,271.0,164,513.46,1,388.75,57.09
2029-05-18,253.0,164,496.83,1,429.89,63.87
2029-05-19,264.0,161,538.04,0,378.62,67.42
2029-05-20,249.0,167,516.5,0,391.38,51.85
2029-05-21,246.0,181,525.58,0,374.22,56.82
2029-05-22,257.0,171,492.66,0,357.52,50.68
2029-05-23,255.0,153,522.25,0,368.5,57.29
2029-05-24,262.0,169,497.59,1,393.66,75.11
2029-05-25,251.0,164,505.22,0,369.79,55.48
2029-05-26,227.0,150,532.69,0,346.66,51.22
2029-05-27,248.0,165,484.51,0,397.67,67.98
2029-05-28,266.0,153,506.96,0,339.26,67.67
2029-05-29,249.0,148,511.2,0,353.31,59.39
2029-05-30,250.0,155,512.7,0,366.83,53.66
2029-05-31,268.0,178,495.25,1,408.32,80.87
2029-06-01,242.0,168,540.93,0,398.84,74.25
2029-06-02,229.0,165,480.09,0,389.59,68.55
2029-06-03,250.0,174,529.68,0,402.98,55.15
2029-06-04,245.0,173,525.31,0,404.53,67.93
2029-06-05,237.0,166,537.68,0,358.46,54.89
2029-06-06,249.0,164,474.89,0,362.24,58.24
2029-06-07,258.0,175,487.86,1,443.99,79.65
2029-06-08,251.0,162,530.37,0,418.96,71.7
2029-06-09,255.0,142,469.75,0,389.86,60.31
2029-06-10,277.0,175,474.64,0,377.95,68.51
2029-06-11,245.0,177,494.79,1,414.05,76.58
2029-06-12,254.0,151,507.06,0,382.37,59.9
2029-06-13,242.0,187,532.28,1,400.5,77.53
2029-06-14,236.0,157,500.31,0,391.32,64.71
2029-06-15,240.0,162,492.71,0,428.92,72.49
2029-06-16,241.0,183,509.29,1,388.1,71.02
2029-06-17,253.0,165,512.15,0,395.72,71.24
2029-06-18,283.0,176,511.66,0,368.98,64.52
2029-06-19,237.0,159,500.54,0,339.21,54.21
2029-06-20,241.0,189,468.57,1,418.29,82.55
2029-06-21,246.0,164,487.26,1,380.45,68.88
2029-06-22,252.0,185,529.36,1,417.76,80.86
2029-06-23,250.0,139,507.19,0,368.67,63.55
2029-06-24,265.0,151,498.03,0,339.32,55.56
2029-06-25,209.0,164,523.99,0,381.93,56.41
2029-06-26,209.0,157,483.54,0,334.08,47.47
2029-06-27,237.0,161,499.84,0,339.24,55.77
2029-06-28,261.0,162,506.4,0,382.75,57.08
2029-06-29,221.0,159,496.0,1,343.62,69.0
2029-06-30,199.0,150,505.77,0,339.72,46.67
2029-07-01,252.0,163,500.6,0,379.16,68.16
2029-07-02,247.0,154,478.81,0,390.28,62.74
2029-07-03,226.0,174,507.29,0,364.29,53.62
2029-07-04,228.0,168,480.13,1,411.15,73.28
2029-07-05,228.0,167,507.04,0,352.38,55.3
2029-07-06,243.0,165,528.81,0,364.42,60.95
2029-07-07,232.0,154,499.04,0,365.74,51.8
2029-07-08,249.0,150,483.03,1,388.06,66.21
2029-07-09,198.0,172,501.85,0,357.91,55.52
2029-07-10,228.0,150,489.18,0,409.77,65.37
2029-07-11,223.0,156,514.88,0,336.41,57.44
2029-07-12,236.0,158,501.54,0,376.2,61.71
2029-07-13,231.0,169,535.0,1,399.49,71.57
2029-07-14,251.0,169,525.17,0,330.6,54.07
2029-07-15,211.0,159,501.5,0,379.82,61.71
2029-07-16,239.0,158,517.16,0,350.18,54.71
2029-07-17,247.0,179,497.22,1,391.86,73.18
2029-07-18,266.0,165,504.93,0,370.81,47.36
2029-07-19,230.0,161,497.83,1,343.43,68.34
2029-07-20,242.0,147,518.16,0,324.74,54.63
2029-07-21,210.0,160,530.17,1,382.25,79.31
2029-07-22,201.0,168,518.78,1,349.36,60.38
2029-07-23,249.0,146,521.01,0,284.25,47.92
2029-07-24,,159,521.05,0,334.64,43.98
2029-07-25,253.0,157,514.38,0,339.97,45.39
2029-07-26,215.0,132,483.97,0,328.66,51.42
2029-07-27,243.0,144,535.12,0,293.14,44.36
2029-07-28,263.0,129,537.0,0,316.88,55.68
2029-07-29,241.0,154,500.33,0,310.68,55.2
2029-07-30,238.0,168,497.89,0,351.44,63.0
2029-07-31,234.0,138,515.6,0,345.31,58.35
2029-08-01,210.0,154,514.51,1,367.92,71.6
2029-08-02,254.0,165,500.98,1,400.8,66.44
2029-08-03,224.0,146,482.14,0,388.98,70.4
2029-08-04,240.0,146,510.16,0,314.92,56.3
2029-08-05,209.0,162,514.61,0,335.69,46.76
2029-08-06,215.0,152,517.76,0,368.33,61.52
2029-08-07,254.0,142,511.01,0,352.59,53.52
2029-08-08,227.0,136,499.86,0,295.67,55.51
2029-08-09,253.0,179,522.65,0,369.1,53.66
2029-08-10,230.0,168,505.97,0,389.65,62.89
2029-08-11,203.0,152,496.43,0,313.73,51.07
2029-08-12,244.0,157,501.57,0,351.7,55.99
2029-08-13,222.0,151,473.41,0,313.73,60.31
2029-08-14,241.0,161,501.58,0,373.49,69.23
2029-08-15,230.0,147,517.27,0,350.33,47.45
2029-08-16,207.0,150,511.02,0,329.46,55.12
2029-08-17,232.0,160,532.29,0,336.53,53.79
2029-08-18,262.0,180,500.21,1,330.03,65.19
2029-08-19,237.0,163,513.73,0,348.13,56.81
2029-08-20,228.0,168,519.25,0,321.99,47.59
2029-08-21,245.0,152,547.17,0,339.98,49.11
2029-08-22,232.0,149,507.63,0,305.43,47.03
2029-08-23,231.0,136,486.24,0,360.8,57.08
2029-08-24,212.0,166,520.32,1,375.97,70.65
2029-08-25,231.0,159,538.66,0,354.74,53.72
2029-08-26,243.0,162,499.29,1,377.86,79.57
2029-08-27,215.0,157,520.26,1,328.38,63.39
2029-08-28,249.0,167,527.26,0,315.19,54.56
2029-08-29,226.0,161,523.47,0,369.69,58.38
2029-08-30,214.0,168,507.44,0,330.24,47.7
2029-08-31,242.0,145,492.63,0,345.26,59.82
2029-09-01,222.0,158,503.76,1,328.37,55.86
2029-09-02,238.0,167,513.49,0,319.5,41.43
2029-09-03,222.0,154,521.61,0,355.19,59.84
2029-09-04,225.0,149,511.29,0,299.92,44.59
2029-09-05,233.0,150,498.46,0,358.71,55.6
2029-09-06,230.0,154,515.32,0,356.89,60.82
2029-09-07,196.0,175,520.82,1,360.59,61.68
2029-09-08,209.0,153,512.19,0,334.19,45.44
2029-09-09,239.0,172,,1,367.73,74.76
2029-09-10,223.0,159,502.13,0,354.71,56.44
2029-09-11,217.0,146,522.48,0,356.21,63.71
2029-09-12,205.0,146,480.55,0,323.09,54.73
2029-09-13,209.0,150,467.78,0,393.52,66.83
2029-09-14,195.0,141,532.63,0,327.18,53.15
2029-09-15,223.0,159,514.71,1,343.26,64.34
2029-09-16,216.0,169,516.44,0,367.32,65.02
2029-09-17,210.0,154,486.16,0,293.17,50.49
2029-09-18,224.0,147,518.84,0,363.79,54.99
2029-09-19,230.0,173,510.53,0,336.39,56.31
2029-09-20,256.0,145,477.08,0,311.72,46.98
2029-09-21,202.0,145,531.26,0,291.13,45.22
2029-09-22,242.0,176,508.5,1,311.06,60.2
2029-09-23,239.0,161,498.53,0,303.24,45.63
2029-09-24,213.0,153,498.88,0,320.27,51.95
2029-09-25,227.0,163,469.43,0,333.35,55.24
2029-09-26,218.0,157,516.4,0,323.09,50.05
2029-09-27,227.0,142,510.45,0,303.16,51.78
2029-09-28,247.0,140,502.27,1,361.47,64.49
2029-09-29,233.0,159,528.79,1,385.33,76.73
2029-09-30,232.0,165,480.89,0,349.02,56.53
2029-10-01,218.0,150,495.08,0,318.47,51.78
2029-10-02,202.0,159,490.54,0,340.93,49.95
2029-10-03,221.0,166,500.84,1,368.76,66.92
2029-10-04,243.0,147,507.09,1,386.61,72.65
2029-10-05,202.0,150,513.64,0,328.96,57.69
2029-10-06,209.0,158,499.67,0,311.28,48.3
2029-10-07,226.0,157,490.15,1,374.8,75.08
2029-10-08,210.0,151,536.31,0,351.05,52.19
2029-10-09,213.0,168,549.39,1,347.59,66.05
2029-10-10,218.0,155,508.58,0,360.84,54.99
2029-10-11,204.0,165,492.4,0,385.9,70.68
2029-10-12,210.0,158,532.6,0,331.81,59.88
2029-10-13,235.0,145,480.02,0,311.45,51.17
2029-10-14,205.0,160,500.05,1,348.97,61.76
2029-10-15,201.0,155,493.57,0,350.81,48.15
2029-10-16,216.0,168,485.25,0,340.64,56.44
2029-10-17,236.0,150,501.1,0,356.27,58.11
2029-10-18,222.0,138,490.6,0,328.82,56.84
2029-10-19,219.0,159,506.41,0,350.15,48.32
2029-10-20,226.0,147,506.69,0,296.39,48.05
2029-10-21,200.0,142,495.04,0,278.68,46.38
2029-10-22,233.0,155,499.57,0,316.5,46.36
2029-10-23,232.0,175,502.1,1,322.05,60.14
2029-10-24,220.0,149,520.86,0,325.41,48.52
2029-10-25,241.0,160,503.63,0,284.39,41.98
2029-10-26,210.0,172,521.16,1,336.03,59.49
2029-10-27,244.0,163,516.88,0,310.7,48.47
2029-10-28,229.0,148,516.65,0,288.83,51.58
2029-10-29,222.0,144,531.36,0,315.4,48.94
2029-10-30,227.0,146,486.25,0,325.95,48.02
2029-10-31,226.0,164,497.9,0,362.38,62.4
2029-11-01,246.0,173,538.18,1,343.99,68.94
2029-11-02,212.0,146,501.83,0,341.15,58.78
2029-11-03,216.0,187,455.81,1,373.42,76.75
2029-11-04,244.0,145,502.85,0,331.53,54.0
2029-11-05,219.0,166,508.95,0,343.32,55.73
2029-11-06,242.0,172,459.43,0,338.42,50.57
2029-11-07,254.0,158,530.57,0,396.27,71.72
2029-11-08,223.0,159,493.73,1,375.87,69.02
2029-11-09,239.0,149,512.51,0,348.3,54.14
2029-11-10,212.0,164,502.55,1,406.7,72.84
2029-11-11,241.0,168,483.45,0,355.52,60.28
2029-11-12,233.0,145,487.39,0,401.58,64.76
2029-11-13,237.0,149,489.85,1,341.1,64.07
2029-11-14,221.0,161,526.24,0,348.16,54.01
2029-11-15,206.0,163,504.06,0,322.27,50.6
2029-11-16,238.0,177,497.35,0,354.83,55.98
2029-11-17,200.0,154,489.94,1,343.2,70.81
2029-11-18,227.0,156,528.31,0,320.13,42.57
2029-11-19,246.0,179,533.16,1,370.6,71.05
2029-11-20,235.0,169,528.15,1,353.41,71.15
2029-11-21,261.0,156,515.7,0,336.96,44.62
2029-11-22,248.0,166,512.08,0,325.79,51.78
2029-11-23,223.0,152,484.99,0,359.84,62.88
2029-11-24,233.0,167,502.48,0,304.76,45.32
2029-11-25,233.0,146,494.61,0,322.37,52.88
2029-11-26,210.0,143,474.08,0,303.43,44.31
2029-11-27,220.0,156,525.99,0,319.51,51.28
2029-11-28,226.0,133,494.46,0,314.44,56.34
2029-11-29,204.0,170,528.53,1,361.27,76.02
2029-11-30,236.0,152,522.89,1,366.41,69.19
2029-12-01,231.0,172,517.06,1,340.68,56.49
2029-12-02,210.0,161,518.09,0,332.71,51.68
2029-12-03,242.0,159,496.0,0,339.73,45.12
2029-12-04,247.0,164,540.54,0,345.19,53.71
2029-12-05,240.0,172,507.9,1,412.56,82.29
2029-12-06,232.0,157,512.57,0,339.2,47.34
2029-12-07,246.0,178,495.48,0,382.05,59.94
2029-12-08,248.0,164,490.42,0,398.3,58.85
2029-12-09,242.0,168,515.79,0,390.78,73.04
2029-12-10,226.0,171,511.14,0,387.21,64.27
2029-12-11,243.0,167,493.03,0,378.6,65.41
2029-12-12,257.0,181,481.37,0,401.01,65.92
2029-12-13,230.0,163,484.42,0,381.15,65.33
2029-12-14,271.0,161,528.83,0,404.59,71.29
2029-12-15,232.0,155,496.28,0,352.05,56.53
2029-12-16,241.0,169,501.24,1,397.82,70.43
2029-12-17,230.0,154,533.47,0,354.77,51.79
2029-12-18,244.0,169,487.18,0,405.12,75.51
2029-12-19,215.0,163,494.31,1,373.48,73.69
2029-12-20,233.0,173,493.58,1,348.89,52.91
2029-12-21,225.0,168,536.57,0,359.86,56.26
2029-12-22,244.0,164,543.34,0,360.79,59.98
2029-12-23,257.0,164,521.01,1,396.87,83.38
2029-12-24,253.0,170,521.6,0,340.44,48.84
2029-12-25,208.0,172,497.07,1,339.45,64.97
2029-12-26,274.0,134,542.59,0,358.2,55.16
2029-12-27,248.0,163,512.38,1,387.24,64.69
2029-12-28,233.0,177,522.94,0,338.5,60.99
2029-12-29,247.0,178,505.7,0,353.05,51.38
2029-12-30,248.0,169,502.8,0,353.22,61.66
2029-12-31,235.0,182,537.57,1,413.17,66.55
2030-01-01,249.0,156,517.38,0,364.1,55.58
2030-01-02,237.0,161,533.8,0,368.2,62.07
2030-01-03,240.0,177,512.3,0,390.4,66.66
2030-01-04,237.0,179,492.45,1,382.52,73.27
2030-01-05,226.0,165,497.24,0,413.58,72.29
2030-01-06,250.0,163,509.61,0,398.89,62.1
2030-01-07,257.0,177,496.5,0,387.45,70.08
2030-01-08,256.0,186,487.87,1,402.62,76.64
2030-01-09,261.0,172,529.45,0,381.4,65.23
2030-01-10,254.0,166,498.03,0,410.69,67.95
2030-01-11,241.0,162,510.35,0,375.06,62.77
2030-01-12,262.0,173,513.21,0,384.84,55.8
2030-01-13,230.0,155,497.31,0,342.64,49.98
2030-01-14,237.0,157,534.03,0,399.15,60.62
2030-01-15,236.0,152,487.83,0,395.34,66.3
2030-01-16,267.0,179,512.67,0,393.55,59.49
2030-01-17,266.0,159,512.41,0,389.52,60.59
2030-01-18,259.0,171,507.02,0,403.7,64.15
2030-01-19,268.0,175,484.68,1,397.76,82.05
2030-01-20,239.0,196,523.71,0,396.07,66.95
2030-01-21,258.0,171,521.44,0,358.6,49.52
2030-01-22,251.0,148,495.92,0,377.31,61.27
2030-01-23,266.0,179,520.83,0,388.9,60.45
2030-01-24,252.0,164,514.87,0,400.79,62.75
2030-01-25,248.0,176,485.09,1,401.06,74.2
2030-01-26,263.0,161,492.79,0,364.97,64.56
2030-01-27,268.0,170,528.67,0,362.42,53.56
2030-01-28,245.0,170,513.77,0,415.16,67.7
2030-01-29,255.0,162,498.06,0,338.78,55.68
2030-01-30,240.0,163,492.79,0,398.09,62.37
2030-01-31,219.0,179,498.98,1,413.68,72.57
2030-02-01,259.0,145,500.28,0,385.56,57.32
2030-02-02,266.0,154,493.07,0,379.14,58.27
2030-02-03,261.0,195,476.97,1,423.91,83.11
2030-02-04,228.0,172,528.86,0,417.45,64.55
2030-02-05,252.0,164,525.83,0,394.03,62.46
2030-02-06,225.0,152,485.46,0,406.26,57.95
2030-02-07,279.0,179,510.85,1,448.92,79.86
2030-02-08,242.0,189,492.18,1,423.98,79.89
2030-02-09,278.0,206,503.73,1,453.56,72.57
2030-02-10,273.0,189,502.25,0,424.22,74.52
2030-02-11,246.0,161,500.78,0,396.43,59.9
2030-02-12,243.0,165,544.55,0,388.73,72.48
2030-02-13,265.0,155,500.59,0,392.57,65.28
2030-02-14,247.0,162,493.99,0,410.3,54.36
2030-02-15,262.0,168,494.83,0,408.1,66.99
2030-02-16,253.0,167,527.37,0,421.36,65.41
2030-02-17,234.0,191,478.86,0,392.04,64.43
2030-02-18,228.0,167,494.89,1,397.58,83.19
2030-02-19,265.0,180,534.68,1,436.54,85.38
2030-02-20,253.0,150,513.05,0,368.96,57.78
2030-02-21,254.0,184,512.13,1,404.73,66.39
2030-02-22,273.0,158,547.08,0,376.67,65.2
2030-02-23,280.0,182,513.15,0,331.61,55.59
2030-02-24,258.0,168,495.99,0,394.27,69.93
2030-02-25,258.0,167,503.68,1,432.23,79.04
2030-02-26,271.0,150,488.34,0,409.22,67.29
2030-02-27,243.0,162,531.41,0,432.73,67.64
2030-02-28,267.0,174,519.16,0,436.02,70.33
2030-03-01,272.0,176,529.08,0,403.67,55.42
2030-03-02,274.0,167,530.69,0,419.97,69.2
2030-03-03,235.0,181,501.42,0,400.84,66.43
2030-03-04,253.0,161,491.89,0,402.85,61.41
2030-03-05,251.0,153,507.99,1,413.73,80.3
2030-03-06,266.0,175,493.23,0,420.26,72.74
2030-03-07,272.0,185,511.93,0,440.13,79.66
2030-03-08,287.0,185,529.36,0,469.24,67.9
2030-03-09,258.0,159,505.97,0,426.74,72.56
2030-03-10,258.0,167,511.72,0,401.46,72.29
2030-03-11,283.0,180,507.35,0,417.34,64.58
2030-03-12,270.0,166,523.51,0,441.58,79.89
2030-03-13,285.0,174,497.06,0,452.87,67.53
2030-03-14,270.0,166,469.56,0,452.6,72.89
2030-03-15,248.0,162,517.6,0,416.35,55.83
2030-03-16,246.0,174,526.92,1,439.96,69.07
2030-03-17,243.0,182,517.19,0,430.29,58.82
2030-03-18,276.0,173,497.66,0,395.23,71.65
2030-03-19,284.0,186,488.77,0,431.71,64.05
2030-03-20,294.0,178,518.12,0,439.0,65.15
2030-03-21,279.0,189,511.79,0,431.62,71.7
2030-03-22,284.0,181,507.0,0,414.45,61.69
2030-03-23,258.0,191,542.08,1,473.71,96.2
2030-03-24,249.0,172,492.26,0,431.07,81.02
2030-03-25,280.0,203,541.27,0,421.46,53.39
2030-03-26,273.0,174,509.91,0,403.34,67.68
2030-03-27,269.0,154,476.32,0,412.03,53.19
2030-03-28,273.0,176,506.15,0,408.25,56.99
2030-03-29,272.0,164,526.67,0,430.89,72.03
2030-03-30,286.0,184,502.85,0,380.87,55.55
2030-03-31,286.0,181,482.89,0,402.57,65.99
2030-04-01,275.0,172,506.5,0,430.55,69.09
2030-04-02,280.0,165,494.05,0,437.42,59.17
2030-04-03,275.0,175,518.35,0,394.74,67.05
2030-04-04,260.0,167,523.44,0,402.95,66.28
2030-04-05,278.0,181,490.53,0,399.85,64.21
2030-04-06,246.0,179,496.86,0,401.76,60.38
2030-04-07,283.0,203,523.2,0,411.09,68.18
2030-04-08,249.0,169,494.14,0,441.7,62.1
2030-04-09,271.0,171,490.14,0,440.13,63.77
2030-04-10,254.0,172,488.42,0,431.34,71.09
2030-04-11,275.0,172,516.0,0,437.28,76.72
2030-04-12,266.0,184,515.24,0,464.14,70.94
2030-04-13,243.0,171,497.39,0,397.36,66.3
2030-04-14,273.0,193,509.81,0,391.12,63.78
2030-04-15,258.0,179,537.23,0,445.39,74.03
2030-04-16,280.0,169,492.23,0,418.68,62.64
2030-04-17,267.0,166,474.65,0,400.15,63.13
2030-04-18,273.0,194,517.99,1,459.71,84.78
2030-04-19,252.0,184,507.83,1,399.06,82.8
2030-04-20,258.0,174,497.06,0,384.42,55.14
2030-04-21,259.0,167,521.6,0,347.96,48.35
2030-04-22,279.0,173,524.99,0,415.58,85.19
2030-04-23,291.0,167,470.15,0,438.64,72.22
2030-04-24,254.0,187,498.17,0,398.84,67.1
2030-04-25,282.0,181,551.66,0,394.31,66.89
2030-04-26,233.0,172,520.46,0,435.69,74.75
2030-04-27,248.0,171,522.15,0,402.32,69.8
2030-04-28,251.0,174,531.11,0,440.1,75.54
2030-04-29,245.0,183,510.33,1,430.6,86.94
2030-04-30,242.0,174,524.38,1,429.54,80.54
2030-05-01,271.0,154,522.99,0,432.79,76.21
2030-05-02,262.0,165,519.78,0,407.45,76.76
2030-05-03,271.0,172,504.3,0,422.4,68.83
2030-05-04,275.0,166,513.22,0,357.62,59.8
2030-05-05,269.0,191,499.55,1,472.02,83.22
2030-05-06,274.0,171,510.39,0,433.11,68.23
2030-05-07,263.0,202,489.15,1,455.85,86.74
2030-05-08,246.0,167,495.97,0,441.96,68.13
2030-05-09,280.0,174,505.14,0,408.47,65.92
2030-05-10,255.0,170,493.25,0,416.72,68.81
2030-05-11,249.0,177,501.17,0,429.06,78.44
2030-05-12,261.0,193,507.33,1,444.68,76.5
2030-05-13,249.0,178,517.54,0,437.09,72.69
2030-05-14,257.0,162,527.41,1,442.88,77.92
2030-05-15,268.0,177,501.99,0,438.04,75.12
2030-05-16,268.0,162,534.39,0,389.31,67.23
2030-05-17,249.0,179,527.27,1,461.41,96.97
2030-05-18,255.0,179,519.47,0,393.46,60.44
2030-05-19,278.0,161,513.19,0,395.47,64.14
2030-05-20,269.0,183,516.18,0,399.71,68.77
2030-05-21,292.0,168,531.83,0,398.79,67.75
2030-05-22,279.0,193,532.5,0,415.94,51.03
2030-05-23,278.0,182,534.53,1,436.55,76.26
2030-05-24,240.0,189,511.26,0,418.54,70.55
2030-05-25,272.0,183,520.53,0,396.95,62.26
2030-05-26,259.0,165,534.74,0,366.0,63.01
2030-05-27,251.0,158,499.35,0,393.1,69.04
2030-05-28,262.0,182,504.87,1,421.15,76.56
2030-05-29,273.0,165,510.91,0,394.29,66.64
2030-05-30,266.0,187,526.83,0,414.45,75.36
2030-05-31,245.0,168,527.13,0,369.21,64.71
2030-06-01,269.0,168,506.52,0,347.4,51.57
2030-06-02,249.0,157,483.55,0,406.92,63.98
2030-06-03,261.0,175,515.15,0,404.64,64.91
2030-06-04,253.0,159,494.21,0,409.96,59.84
2030-06-05,254.0,175,483.94,0,393.96,69.36
2030-06-06,268.0,176,488.03,0,440.72,66.25
2030-06-07,241.0,163,516.67,0,415.01,65.77
2030-06-08,286.0,180,535.32,0,406.57,71.59
2030-06-09,229.0,167,511.54,0,403.72,61.86
2030-06-10,247.0,155,514.66,0,371.83,57.62
2030-06-11,261.0,185,532.17,0,428.57,70.74
2030-06-12,264.0,160,483.1,0,438.59,67.48
2030-06-13,253.0,175,520.28,0,418.63,76.6
2030-06-14,254.0,174,510.73,0,413.22,60.44
2030-06-15,260.0,183,521.15,1,410.98,61.88
2030-06-16,250.0,183,502.28,1,434.48,85.87
2030-06-17,274.0,159,496.28,0,420.0,64.95
2030-06-18,266.0,186,513.55,0,394.3,58.31
2030-06-19,266.0,178,540.73,0,402.9,66.78
2030-06-20,238.0,183,526.56,1,413.82,79.16
2030-06-21,251.0,155,501.94,0,385.0,57.2
2030-06-22,247.0,169,486.96,1,370.55,75.15
2030-06-23,237.0,175,480.84,0,390.06,67.45
2030-06-24,257.0,158,534.83,1,401.53,86.18
2030-06-25,243.0,181,493.97,1,421.81,75.13
2030-06-26,260.0,155,505.32,0,347.31,56.38
2030-06-27,234.0,159,534.98,0,347.3,56.78
2030-06-28,276.0,154,482.17,0,413.15,64.08
2030-06-29,236.0,180,538.1,1,409.09,78.16
2030-06-30,253.0,189,506.69,1,377.69,72.58
2030-07-01,261.0,171,490.61,0,400.33,66.93
2030-07-02,240.0,172,506.85,0,373.96,58.0
2030-07-03,261.0,179,498.31,1,375.48,68.28
2030-07-04,230.0,174,519.27,0,345.99,52.42
2030-07-05,269.0,182,499.69,1,416.21,72.31
2030-07-06,248.0,150,476.97,1,421.07,77.49
2030-07-07,238.0,186,507.43,1,437.03,90.79
2030-07-08,242.0,175,487.0,0,422.62,80.55
2030-07-09,259.0,163,515.12,0,411.4,73.93
2030-07-10,237.0,147,490.09,0,391.45,59.91
2030-07-11,234.0,179,502.7,1,439.69,84.03
2030-07-12,242.0,169,514.79,0,353.76,45.74
2030-07-13,227.0,162,507.7,0,395.09,62.3
2030-07-14,272.0,168,516.05,0,358.68,55.3
2030-07-15,236.0,176,523.81,0,371.35,69.86
2030-07-16,257.0,200,490.74,1,431.68,81.55
2030-07-17,247.0,167,510.44,0,398.84,64.12
2030-07-18,229.0,169,451.69,0,363.2,57.74
2030-07-19,243.0,157,516.09,0,380.97,59.29
2030-07-20,255.0,170,506.25,1,389.07,75.08
2030-07-21,240.0,164,493.98,0,345.8,51.89
2030-07-22,260.0,177,517.38,0,372.4,62.66
2030-07-23,257.0,173,532.83,0,406.29,73.73
2030-07-24,255.0,184,503.17,0,361.79,58.5
2030-07-25,234.0,150,494.75,0,343.3,53.31
2030-07-26,225.0,151,514.75,0,349.88,55.59
2030-07-27,232.0,175,487.76,0,342.77,61.02
2030-07-28,243.0,179,499.93,0,365.89,59.31
2030-07-29,248.0,164,533.84,0,386.42,58.3
2030-07-30,207.0,129,512.98,1,351.05,69.2
2030-07-31,239.0,157,478.05,0,339.33,50.68
2030-08-01,242.0,167,479.55,0,403.18,63.1
2030-08-02,235.0,155,514.84,0,362.38,59.23
2030-08-03,258.0,175,527.46,1,346.26,59.87
2030-08-04,245.0,183,482.84,0,404.17,53.84
2030-08-05,258.0,188,520.07,1,425.6,81.61
2030-08-06,235.0,171,535.95,0,408.72,51.96
2030-08-07,252.0,163,546.0,0,405.43,59.23
2030-08-08,262.0,158,518.0,0,429.69,73.77
2030-08-09,257.0,171,521.18,0,361.82,60.17
2030-08-10,220.0,163,473.68,0,346.51,54.62
2030-08-11,233.0,163,549.9,0,353.42,51.8
2030-08-12,231.0,147,501.76,0,356.06,54.67
2030-08-13,243.0,156,495.34,0,372.51,62.82
2030-08-14,246.0,180,507.57,1,386.97,70.82
2030-08-15,223.0,152,539.39,0,336.75,47.64
2030-08-16,236.0,165,551.94,0,347.27,50.98
2030-08-17,205.0,166,514.48,0,340.22,52.22
2030-08-18,256.0,167,530.21,0,372.07,61.58
2030-08-19,227.0,168,513.04,0,343.22,55.45
2030-08-20,235.0,168,493.6,0,368.64,52.09
2030-08-21,230.0,156,538.88,0,317.08,57.14
2030-08-22,251.0,147,501.12,0,275.47,41.01
2030-08-23,191.0,153,539.98,0,330.26,55.03
2030-08-24,233.0,169,535.73,0,319.51,46.58
2030-08-25,232.0,150,523.43,0,304.59,60.07
2030-08-26,226.0,151,545.32,0,313.79,56.44
2030-08-27,259.0,161,552.6,1,346.54,60.08
2030-08-28,220.0,143,509.29,0,311.23,50.21
2030-08-29,244.0,150,497.9,0,320.68,46.36
2030-08-30,238.0,171,478.92,0,322.24,49.84
2030-08-31,251.0,154,552.9,0,291.18,48.44
2030-09-01,222.0,144,504.61,0,284.29,49.09
2030-09-02,221.0,156,532.97,0,397.8,56.26
2030-09-03,248.0,176,499.22,1,380.36,66.1
2030-09-04,238.0,143,540.27,0,380.74,66.3
2030-09-05,208.0,171,500.0,0,358.11,64.41
2030-09-06,223.0,147,491.17,0,351.81,52.21
2030-09-07,237.0,167,508.89,1,379.08,75.57
2030-09-08,244.0,157,503.09,0,365.11,51.65
2030-09-09,221.0,155,523.41,0,336.14,52.28
2030-09-10,187.0,160,511.77,0,351.45,50.2
2030-09-11,239.0,169,524.02,0,374.61,57.66
2030-09-12,212.0,171,507.5,1,344.08,73.51
2030-09-13,200.0,165,500.79,1,402.6,74.15
2030-09-14,188.0,165,502.28,0,364.04,56.71
2030-09-15,243.0,163,549.61,0,303.65,46.01
2030-09-16,232.0,164,516.87,1,354.18,63.93
2030-09-17,227.0,161,477.13,0,350.72,51.86
2030-09-18,251.0,153,503.5,0,361.54,58.59
2030-09-19,240.0,152,514.62,0,370.39,59.08
2030-09-20,254.0,169,546.12,0,333.64,51.09
2030-09-21,209.0,175,531.44,1,394.01,69.67
2030-09-22,,168,496.35,0,325.55,52.98
2030-09-23,206.0,167,556.49,0,329.41,49.1
2030-09-24,226.0,152,512.42,0,339.96,53.17
2030-09-25,226.0,171,,0,343.31,52.61
2030-09-26,239.0,158,492.23,0,338.37,42.94
2030-09-27,231.0,170,469.87,0,378.73,65.48
2030-09-28,239.0,160,487.71,0,329.89,43.71
2030-09-29,240.0,164,454.57,0,309.36,41.29
2030-09-30,262.0,164,551.12,0,329.48,57.14
2030-10-01,225.0,169,516.98,0,376.43,53.97
2030-10-02,216.0,144,496.5,0,351.4,45.28
2030-10-03,234.0,155,521.31,1,334.84,68.66
2030-10-04,218.0,168,516.59,0,322.83,48.56
2030-10-05,252.0,174,524.38,1,371.07,75.41
2030-10-06,226.0,153,534.99,0,354.85,51.9
2030-10-07,222.0,175,508.02,1,370.47,59.4
2030-10-08,223.0,147,497.42,0,321.53,49.89
2030-10-09,241.0,194,528.18,0,356.94,50.64
2030-10-10,228.0,174,527.74,0,402.18,66.79
2030-10-11,221.0,167,515.13,0,374.98,63.8
2030-10-12,255.0,162,552.54,0,374.02,65.06
2030-10-13,218.0,155,505.48,0,368.31,57.21
2030-10-14,231.0,148,497.18,0,340.98,61.62
2030-10-15,240.0,160,520.93,0,350.18,51.16
2030-10-16,206.0,153,501.27,0,344.4,55.8
2030-10-17,238.0,153,522.36,0,357.1,56.39
2030-10-18,215.0,147,498.47,0,362.2,68.67
2030-10-19,243.0,164,506.28,0,373.99,66.61
2030-10-20,217.0,168,547.54,1,366.93,68.06
2030-10-21,242.0,167,506.22,0,361.32,58.89
2030-10-22,248.0,176,499.16,1,404.31,84.11
2030-10-23,244.0,164,534.63,0,336.43,50.04
2030-10-24,235.0,198,494.66,1,395.76,61.15
2030-10-25,228.0,170,501.13,0,351.95,51.2
2030-10-26,223.0,149,524.0,0,331.13,50.92
2030-10-27,254.0,177,530.53,1,349.99,71.89
2030-10-28,222.0,162,535.63,0,311.54,54.69
2030-10-29,217.0,149,500.23,0,342.14,54.52
2030-10-30,243.0,158,524.43,1,370.13,71.06
2030-10-31,221.0,167,505.33,0,338.12,50.5
2030-11-01,219.0,169,502.84,0,351.67,67.28
2030-11-02,211.0,152,535.42,0,318.78,56.81
2030-11-03,226.0,172,503.89,0,333.15,53.57
2030-11-04,232.0,176,518.81,1,376.77,69.29
2030-11-05,237.0,175,516.62,0,344.95,58.82
2030-11-06,248.0,174,494.57,0,363.3,57.82
2030-11-07,242.0,161,531.25,0,384.78,51.05
2030-11-08,231.0,179,523.97,0,407.96,74.66
2030-11-09,232.0,162,478.15,1,419.77,85.02
2030-11-10,242.0,187,518.91,0,365.03,60.44
2030-11-11,254.0,155,500.03,0,395.77,60.83
2030-11-12,237.0,163,533.71,0,379.16,60.72
2030-11-13,228.0,168,487.96,1,385.43,56.02
2030-11-14,221.0,160,507.58,0,373.89,53.61
2030-11-15,214.0,193,520.54,0,399.65,74.54
2030-11-16,246.0,159,515.02,0,341.69,57.32
2030-11-17,245.0,173,527.79,0,344.79,45.09
2030-11-18,245.0,162,486.75,0,351.47,51.87
2030-11-19,235.0,174,543.83,0,348.86,45.74
2030-11-20,258.0,169,523.57,1,401.68,69.61
2030-11-21,230.0,177,538.61,1,360.85,65.86
2030-11-22,252.0,171,529.9,0,344.97,63.48
2030-11-23,238.0,158,513.97,0,342.62,58.85
2030-11-24,229.0,192,491.08,0,355.04,55.2
2030-11-25,248.0,172,504.08,0,347.98,54.36
2030-11-26,245.0,163,542.85,0,386.53,57.2
2030-11-27,245.0,158,539.2,0,339.71,59.91
2030-11-28,241.0,176,503.13,1,376.8,76.54
2030-11-29,239.0,153,463.57,0,315.87,44.2
2030-11-30,276.0,183,510.49,0,357.41,47.96
2030-12-01,258.0,170,509.16,0,332.5,51.61
2030-12-02,252.0,165,509.86,0,353.27,55.49
2030-12-03,243.0,177,523.89,0,340.45,55.79
2030-12-04,257.0,169,530.17,1,381.34,60.97
2030-12-05,250.0,165,532.25,1,398.37,69.42
2030-12-06,242.0,165,522.46,0,379.0,60.17
2030-12-07,238.0,168,482.05,0,366.99,54.43
2030-12-08,242.0,182,508.34,1,395.57,78.27
2030-12-09,196.0,152,555.97,0,368.36,69.26
2030-12-10,247.0,163,521.26,0,389.62,59.19
2030-12-11,236.0,136,521.16,0,374.8,64.97
2030-12-12,268.0,156,521.03,0,394.89,61.07
2030-12-13,245.0,175,522.06,0,390.13,56.98
2030-12-14,227.0,177,471.7,0,370.69,55.35
2030-12-15,244.0,156,510.31,0,385.58,66.14
2030-12-16,230.0,165,513.96,0,394.2,59.28
2030-12-17,253.0,168,537.73,0,383.19,58.75
2030-12-18,251.0,179,515.54,0,409.98,58.56
2030-12-19,261.0,184,485.06,0,388.78,65.9
2030-12-20,235.0,170,522.46,0,372.3,62.13
2030-12-21,248.0,166,500.27,0,360.05,65.47
2030-12-22,227.0,154,492.86,0,355.37,60.04
2030-12-23,258.0,170,499.77,0,355.73,59.12
2030-12-24,256.0,190,524.57,0,345.03,58.22
2030-12-25,256.0,182,537.48,0,384.83,60.1
2030-12-26,249.0,171,523.53,0,391.02,63.21
2030-12-27,256.0,173,526.24,0,357.62,62.21
2030-12-28,274.0,163,523.39,0,386.91,57.15
2030-12-29,246.0,166,516.72,0,333.17,61.81
2030-12-30,252.0,172,527.46,0,373.44,63.32
2030-12-31,234.0,172,471.4,0,420.01,79.94
2031-01-01,238.0,181,516.96,0,401.18,57.12
2031-01-02,253.0,180,496.17,0,393.09,55.96
2031-01-03,268.0,186,535.93,1,430.36,82.02
2031-01-04,248.0,171,512.37,1,431.6,80.65
2031-01-05,249.0,161,515.6,0,359.59,55.07
2031-01-06,247.0,162,487.97,0,429.86,60.59
2031-01-07,245.0,184,533.38,1,423.66,76.68
2031-01-08,258.0,151,526.39,0,418.06,68.25
2031-01-09,232.0,172,525.15,0,399.05,56.02
2031-01-10,274.0,186,500.51,0,456.82,70.28
2031-01-11,245.0,189,501.23,1,426.23,81.3
2031-01-12,266.0,169,519.2,0,375.04,64.44
2031-01-13,236.0,175,502.7,1,438.82,79.3
2031-01-14,266.0,180,523.05,0,441.54,65.34
2031-01-15,266.0,186,476.34,1,457.88,85.5
2031-01-16,262.0,180,506.48,1,430.45,78.3
2031-01-17,242.0,177,547.62,1,438.61,71.5
2031-01-18,261.0,174,523.21,0,382.41,58.6
2031-01-19,240.0,180,518.32,1,418.54,73.73
2031-01-20,254.0,191,551.07,1,430.57,79.8
2031-01-21,274.0,186,473.31,0,345.9,51.54
2031-01-22,270.0,160,,0,370.44,56.22
2031-01-23,259.0,162,508.18,0,393.56,61.89
2031-01-24,245.0,187,530.87,0,402.26,68.21
2031-01-25,269.0,176,531.2,0,384.91,62.12
2031-01-26,260.0,163,499.87,0,381.59,76.31
2031-01-27,225.0,184,533.44,0,423.04,59.66
2031-01-28,272.0,178,508.24,0,411.3,71.43
2031-01-29,260.0,197,537.33,0,367.53,58.37
2031-01-30,279.0,172,496.95,0,447.4,62.23
2031-01-31,245.0,196,513.34,1,398.52,71.46
2031-02-01,214.0,161,506.76,0,409.97,56.29
2031-02-02,266.0,199,534.61,1,404.49,75.33
2031-02-03,267.0,195,506.21,1,478.08,86.26
2031-02-04,237.0,192,514.88,0,424.35,63.53
2031-02-05,248.0,187,524.78,0,439.55,63.34
2031-02-06,305.0,175,525.49,0,396.01,69.4
2031-02-07,259.0,164,531.67,0,441.72,69.62
2031-02-08,275.0,170,519.52,0,429.35,70.05
2031-02-09,254.0,159,508.21,0,426.53,69.38
2031-02-10,233.0,177,509.47,1,468.75,87.48
2031-02-11,262.0,181,516.24,0,439.98,68.24
2031-02-12,261.0,176,520.29,0,428.62,78.34
2031-02-13,259.0,184,513.17,1,436.27,95.34
2031-02-14,264.0,179,516.19,1,439.87,90.93
2031-02-15,270.0,169,488.55,1,454.67,84.26
2031-02-16,264.0,189,527.89,1,419.48,77.3
2031-02-17,247.0,181,519.16,0,385.1,67.93
2031-02-18,274.0,177,533.95,1,419.11,72.77
2031-02-19,238.0,182,515.94,1,446.57,94.07
2031-02-20,236.0,193,484.67,0,413.1,71.0
2031-02-21,278.0,189,509.53,0,432.91,67.45
2031-02-22,275.0,163,512.4,0,355.69,58.41
2031-02-23,267.0,177,529.39,0,340.92,57.75
2031-02-24,247.0,192,478.78,0,422.34,64.87
2031-02-25,258.0,176,516.8,0,432.04,75.83
2031-02-26,264.0,175,525.33,0,379.38,67.94
2031-02-27,245.0,189,504.19,0,430.09,67.12
2031-02-28,258.0,188,517.46,0,446.94,68.32
2031-03-01,279.0,198,504.85,1,438.93,80.51
2031-03-02,291.0,176,503.03,0,433.76,61.87
2031-03-03,263.0,185,508.83,0,435.6,58.8
2031-03-04,281.0,194,503.41,0,436.17,66.95
2031-03-05,241.0,178,528.53,0,449.2,65.4
2031-03-06,280.0,175,503.01,0,477.51,89.08
2031-03-07,258.0,191,500.01,0,435.49,66.7
2031-03-08,275.0,199,548.1,0,440.93,73.56
2031-03-09,267.0,200,533.59,0,424.25,63.88
2031-03-10,290.0,175,482.81,0,451.97,84.4
2031-03-11,258.0,176,502.57,0,443.02,69.59
2031-03-12,280.0,169,520.72,0,468.83,66.27
2031-03-13,267.0,190,522.21,1,499.33,97.4
2031-03-14,269.0,169,489.57,0,458.27,75.11
2031-03-15,269.0,184,537.27,1,474.44,96.33
2031-03-16,259.0,186,531.29,0,418.91,66.06
2031-03-17,271.0,183,525.13,0,423.44,68.44
2031-03-18,271.0,171,540.9,1,461.08,74.87
2031-03-19,275.0,195,524.64,0,443.13,76.45
2031-03-20,273.0,179,524.59,1,490.4,91.19
2031-03-21,284.0,170,544.58,0,388.53,61.44
2031-03-22,286.0,177,536.38,1,446.3,81.03
2031-03-23,256.0,173,501.43,0,420.52,65.5
2031-03-24,285.0,181,528.0,1,428.72,84.77
2031-03-25,254.0,171,504.66,0,397.36,58.06
2031-03-26,281.0,155,525.71,0,405.55,69.41
2031-03-27,282.0,191,525.24,1,414.03,66.63
2031-03-28,244.0,182,491.78,0,450.22,59.09
2031-03-29,274.0,202,514.51,0,477.1,86.43
2031-03-30,265.0,195,521.49,1,431.98,73.29
2031-03-31,261.0,175,508.89,0,412.94,66.73
2031-04-01,293.0,168,522.42,0,402.96,62.85
2031-04-02,263.0,179,531.29,0,411.6,67.98
2031-04-03,261.0,185,516.25,0,427.3,68.7
2031-04-04,274.0,175,520.86,0,463.43,81.4
2031-04-05,283.0,181,541.74,0,497.84,68.98
2031-04-06,270.0,199,525.38,0,428.74,72.91
2031-04-07,290.0,176,520.49,0,431.51,68.71
2031-04-08,281.0,161,499.65,0,420.17,57.57
2031-04-09,240.0,189,529.0,0,461.48,70.17
2031-04-10,265.0,183,522.88,0,460.29,62.57
2031-04-11,264.0,163,540.07,0,446.3,60.21
2031-04-12,280.0,184,517.82,0,434.12,66.62
2031-04-13,233.0,170,484.31,0,456.98,81.25
2031-04-14,311.0,185,486.42,0,471.36,77.63
2031-04-15,280.0,209,530.28,1,493.24,100.86
2031-04-16,274.0,178,506.8,0,450.83,72.65
2031-04-17,290.0,201,524.94,1,466.9,97.23
2031-04-18,307.0,168,519.16,0,422.39,76.75
2031-04-19,285.0,165,514.12,0,427.89,62.36
2031-04-20,286.0,200,515.41,0,438.71,70.66
2031-04-21,274.0,193,501.58,1,464.11,80.83
2031-04-22,270.0,186,516.9,0,397.3,62.7
2031-04-23,265.0,192,506.68,0,435.36,80.49
2031-04-24,259.0,175,510.52,0,412.45,62.02
2031-04-25,261.0,188,511.41,0,406.14,57.76
2031-04-26,251.0,187,513.18,0,424.25,60.75
2031-04-27,270.0,167,533.88,0,406.75,62.67
2031-04-28,246.0,195,514.96,0,472.86,102.22
2031-04-29,274.0,203,535.75,1,461.85,95.65
2031-04-30,270.0,167,545.02,0,413.44,48.33
2031-05-01,273.0,192,532.75,1,449.14,82.85
2031-05-02,263.0,187,527.0,1,427.02,74.97
2031-05-03,317.0,204,523.28,1,479.98,95.9
2031-05-04,291.0,175,533.0,1,448.31,75.01
2031-05-05,251.0,226,519.05,1,481.54,81.6
2031-05-06,273.0,178,535.18,0,419.17,63.47
2031-05-07,261.0,187,528.53,0,460.82,68.95
2031-05-08,254.0,193,511.02,0,430.14,73.03
2031-05-09,249.0,177,533.65,0,431.19,66.83
2031-05-10,276.0,178,519.19,0,437.09,76.51
2031-05-11,259.0,174,515.65,0,419.11,61.96
2031-05-12,283.0,170,509.01,0,427.32,73.92
2031-05-13,283.0,192,520.59,1,468.78,78.59
2031-05-14,289.0,178,535.56,0,464.53,78.61
2031-05-15,255.0,174,533.64,0,453.95,69.23
2031-05-16,275.0,174,524.02,0,449.75,77.98
2031-05-17,277.0,184,528.47,0,434.89,53.66
2031-05-18,260.0,181,540.59,1,426.87,73.96
2031-05-19,256.0,176,515.02,0,446.59,79.28
2031-05-20,291.0,187,497.66,0,395.16,62.03
2031-05-21,270.0,181,541.18,0,430.07,57.84
2031-05-22,276.0,168,508.24,0,430.11,64.26
2031-05-23,254.0,178,505.37,0,410.77,68.09
2031-05-24,248.0,182,485.49,0,385.13,56.94
2031-05-25,257.0,188,528.12,0,401.1,71.16
2031-05-26,264.0,170,488.67,0,390.52,68.84
2031-05-27,249.0,182,504.38,1,437.29,85.28
2031-05-28,265.0,171,528.49,0,425.23,74.61
2031-05-29,239.0,171,530.91,0,413.07,62.9
2031-05-30,248.0,182,506.21,0,419.38,76.46
2031-05-31,274.0,183,515.55,0,420.32,74.03
2031-06-01,273.0,198,502.27,1,449.53,82.29
2031-06-02,258.0,176,508.13,0,401.23,54.41
2031-06-03,248.0,173,522.81,1,404.09,60.41
2031-06-04,248.0,184,509.01,0,429.92,75.17
2031-06-05,257.0,189,513.66,1,466.6,75.05
2031-06-06,272.0,177,491.72,0,397.03,58.04
2031-06-07,276.0,164,538.49,0,414.4,69.27
2031-06-08,254.0,175,527.3,0,439.15,61.7
2031-06-09,244.0,165,532.41,0,421.25,82.78
2031-06-10,265.0,181,541.39,0,463.81,75.86
2031-06-11,249.0,172,503.33,0,453.54,82.62
2031-06-12,253.0,181,511.75,1,444.54,89.19
2031-06-13,280.0,161,484.11,0,415.28,50.64
2031-06-14,272.0,186,574.77,0,411.59,70.45
2031-06-15,262.0,183,515.57,1,433.89,80.16
2031-06-16,240.0,177,536.98,0,393.18,62.54
2031-06-17,262.0,178,496.01,1,407.09,75.16
2031-06-18,275.0,159,536.25,0,360.22,63.33
2031-06-19,253.0,170,551.78,0,403.91,74.59
2031-06-20,278.0,172,517.27,0,445.51,63.32
2031-06-21,277.0,188,500.18,1,374.74,69.76
2031-06-22,282.0,181,515.9,1,405.42,83.53
2031-06-23,262.0,178,478.34,1,410.63,74.69
2031-06-24,266.0,160,517.76,0,384.35,62.67
2031-06-25,278.0,185,533.24,1,441.92,83.2
2031-06-26,263.0,167,517.84,0,370.45,71.02
2031-06-27,248.0,188,513.39,0,356.9,61.11
2031-06-28,249.0,186,528.02,1,390.94,84.47
2031-06-29,259.0,180,529.41,0,369.91,68.86
2031-06-30,,172,488.68,0,345.91,54.17
2031-07-01,252.0,176,520.18,0,401.19,66.0
2031-07-02,271.0,175,562.45,1,394.71,85.17
2031-07-03,221.0,162,494.59,0,389.4,55.64
2031-07-04,277.0,174,517.1,0,398.45,68.3
2031-07-05,270.0,189,553.61,1,398.56,78.34
2031-07-06,246.0,154,538.56,0,403.43,62.88
2031-07-07,261.0,168,509.46,0,401.95,62.02
2031-07-08,252.0,192,522.43,0,419.81,65.64
2031-07-09,270.0,188,518.7,1,449.72,87.94
2031-07-10,266.0,188,505.29,0,425.59,77.5
2031-07-11,230.0,166,517.44,0,408.19,69.84
2031-07-12,260.0,168,513.76,0,380.35,53.68
2031-07-13,248.0,182,520.85,0,377.88,69.0
2031-07-14,252.0,179,505.37,0,412.27,73.34
2031-07-15,239.0,171,495.88,0,382.07,59.72
2031-07-16,276.0,160,518.14,0,413.61,62.12
2031-07-17,265.0,194,549.77,1,423.73,72.62
2031-07-18,238.0,197,520.4,0,415.83,73.23
2031-07-19,229.0,166,512.97,1,370.48,58.09
2031-07-20,243.0,186,532.53,0,356.48,62.91
2031-07-21,255.0,167,516.13,0,414.4,63.5
2031-07-22,251.0,168,552.62,0,374.75,61.56
2031-07-23,266.0,184,518.95,1,420.38,56.2
2031-07-24,259.0,159,531.65,0,341.67,45.58
2031-07-25,261.0,181,505.48,1,390.85,68.32
2031-07-26,251.0,155,528.14,0,378.75,55.42
2031-07-27,225.0,176,524.05,0,327.47,56.12
2031-07-28,243.0,193,518.1,0,426.44,70.17
2031-07-29,262.0,164,510.11,0,375.17,70.91
2031-07-30,245.0,169,507.68,0,356.44,59.77
2031-07-31,253.0,169,524.26,0,382.75,57.51
2031-08-01,240.0,180,530.52,0,403.56,71.98
2031-08-02,229.0,174,516.93,0,351.35,53.78
2031-08-03,242.0,179,524.41,0,360.63,54.89
2031-08-04,249.0,165,518.58,0,388.36,62.15
2031-08-05,234.0,174,521.05,0,397.3,73.22
2031-08-06,240.0,136,515.69,0,369.82,65.0
2031-08-07,229.0,177,519.64,0,400.7,70.24
2031-08-08,260.0,168,567.9,1,428.64,91.9
2031-08-09,238.0,166,524.97,0,382.18,66.86
2031-08-10,264.0,187,531.0,1,395.54,65.89
2031-08-11,265.0,154,527.28,0,387.67,65.16
2031-08-12,241.0,180,514.69,0,430.86,79.43
2031-08-13,226.0,168,542.73,0,393.43,53.99
2031-08-14,210.0,184,514.22,0,414.56,66.23
2031-08-15,219.0,160,538.47,0,366.99,52.84
2031-08-16,220.0,151,513.48,0,363.49,58.86
2031-08-17,261.0,169,502.24,0,383.79,67.94
2031-08-18,242.0,175,526.12,0,406.81,73.28
2031-08-19,246.0,176,499.68,0,398.88,62.72
2031-08-20,207.0,157,529.22,0,335.4,56.99
2031-08-21,222.0,152,498.11,0,377.34,51.86
2031-08-22,253.0,175,513.88,1,417.44,66.28
2031-08-23,244.0,174,493.87,0,338.52,59.85
2031-08-24,237.0,173,570.5,0,329.22,37.73
2031-08-25,247.0,194,489.91,1,386.27,67.48
2031-08-26,263.0,165,519.88,0,360.86,61.4
2031-08-27,235.0,150,540.3,0,340.44,55.6
2031-08-28,239.0,180,538.39,0,338.59,39.77
2031-08-29,241.0,170,535.08,0,388.97,65.3
2031-08-30,274.0,171,514.07,0,336.69,49.52
2031-08-31,206.0,176,544.12,0,340.19,55.05
2031-09-01,248.0,181,536.26,0,374.44,56.41
2031-09-02,236.0,168,523.66,0,338.31,50.62
2031-09-03,246.0,180,524.19,0,346.2,46.05
2031-09-04,227.0,173,514.41,0,365.84,56.56
2031-09-05,236.0,171,503.53,1,411.66,83.79
2031-09-06,248.0,175,542.19,1,392.3,70.09
2031-09-07,283.0,174,543.56,0,334.82,51.68
2031-09-08,249.0,171,504.05,1,429.55,74.93
2031-09-09,224.0,176,517.21,0,399.55,56.22
2031-09-10,230.0,169,517.42,0,384.97,55.83
2031-09-11,230.0,171,519.43,0,384.69,62.83
2031-09-12,209.0,182,521.2,0,396.05,77.98
2031-09-13,231.0,181,537.1,1,435.48,86.94
2031-09-14,247.0,168,506.63,0,382.33,64.73
2031-09-15,217.0,167,504.87,0,375.88,71.37
2031-09-16,252.0,166,542.38,0,346.17,57.82
2031-09-17,243.0,171,511.81,0,372.01,65.52
2031-09-18,225.0,191,497.43,1,405.82,76.38
2031-09-19,234.0,171,511.45,1,377.02,72.31
2031-09-20,260.0,160,514.26,0,334.14,46.4
2031-09-21,247.0,180,548.21,0,360.55,56.01
2031-09-22,236.0,162,536.89,0,330.18,50.05
2031-09-23,232.0,179,540.92,1,390.89,68.71
2031-09-24,237.0,161,535.04,0,338.33,50.71
2031-09-25,228.0,161,537.33,1,321.15,66.31
2031-09-26,204.0,169,507.93,0,337.52,52.14
2031-09-27,266.0,188,516.77,1,368.38,67.35
2031-09-28,238.0,167,502.54,0,351.28,68.14
2031-09-29,241.0,153,516.59,0,357.08,61.29
2031-09-30,234.0,168,532.71,0,330.93,52.99
2031-10-01,224.0,170,522.84,1,379.7,76.27
2031-10-02,233.0,151,544.05,1,362.15,63.36
2031-10-03,211.0,167,499.91,0,355.31,54.59
2031-10-04,270.0,173,529.48,0,343.42,53.08
2031-10-05,217.0,189,498.03,1,384.12,72.5
2031-10-06,220.0,195,522.22,1,465.47,89.37
2031-10-07,229.0,174,533.87,0,415.8,60.61
2031-10-08,255.0,177,516.7,0,364.9,60.61
2031-10-09,236.0,155,530.5,0,375.18,63.43
2031-10-10,217.0,194,503.32,1,401.41,71.44
2031-10-11,255.0,180,490.67,0,378.73,59.66
2031-10-12,247.0,164,530.67,0,385.37,55.09
2031-10-13,244.0,175,552.05,0,379.78,52.17
2031-10-14,247.0,174,502.75,0,366.24,52.3
2031-10-15,272.0,183,542.7,0,408.44,69.77
2031-10-16,269.0,166,521.5,0,350.05,58.75
2031-10-17,226.0,160,496.7,0,367.86,69.49
2031-10-18,261.0,163,500.39,0,325.01,52.19
2031-10-19,242.0,187,521.06,1,357.87,66.48
2031-10-20,244.0,149,513.52,0,367.73,60.7
2031-10-21,211.0,138,497.19,0,327.93,47.22
2031-10-22,234.0,177,490.35,0,322.29,55.93
2031-10-23,225.0,181,505.62,1,362.57,69.15
2031-10-24,249.0,179,524.37,1,361.46,61.73
2031-10-25,253.0,155,520.78,0,312.16,51.69
2031-10-26,206.0,161,511.9,1,363.78,71.44
2031-10-27,237.0,162,524.57,0,320.97,44.94
2031-10-28,254.0,172,539.68,0,348.26,61.24
2031-10-29,235.0,163,528.07,0,358.48,54.94
2031-10-30,249.0,188,518.82,1,382.5,53.15
2031-10-31,243.0,159,537.73,0,352.49,61.54
2031-11-01,243.0,174,503.76,1,362.13,74.29
2031-11-02,234.0,186,517.01,1,359.94,60.52
2031-11-03,220.0,165,517.46,0,357.87,48.29
2031-11-04,222.0,166,498.83,0,387.75,69.76
2031-11-05,250.0,163,513.56,0,370.99,55.92
2031-11-06,240.0,171,483.79,1,406.11,83.32
2031-11-07,237.0,173,555.58,0,409.91,54.57
2031-11-08,233.0,174,504.31,0,389.25,70.48
2031-11-09,235.0,182,549.75,1,374.69,75.35
2031-11-10,256.0,174,521.91,1,420.59,81.22
2031-11-11,235.0,168,531.41,0,409.24,53.18
2031-11-12,221.0,196,512.46,1,404.83,72.69
2031-11-13,252.0,156,525.02,0,351.19,61.5
2031-11-14,238.0,189,533.01,0,385.49,51.92
2031-11-15,242.0,171,533.28,0,376.29,57.26
2031-11-16,266.0,169,535.29,0,383.92,63.71
2031-11-17,242.0,180,514.73,0,373.13,53.21
2031-11-18,247.0,150,512.73,0,327.31,58.75
2031-11-19,225.0,185,492.7,0,353.09,62.33
2031-11-20,239.0,200,530.84,1,409.96,77.33
2031-11-21,252.0,182,540.92,0,416.09,69.28
2031-11-22,220.0,150,550.55,0,344.11,52.27
2031-11-23,247.0,179,526.97,0,386.15,65.2
2031-11-24,245.0,188,507.7,0,354.2,53.5
2031-11-25,245.0,187,490.97,0,362.22,56.89
2031-11-26,260.0,168,540.29,1,340.54,60.48
2031-11-27,250.0,182,489.23,0,383.38,69.6
2031-11-28,267.0,200,515.45,1,388.38,78.88
2031-11-29,230.0,172,517.56,0,373.84,54.19
2031-11-30,248.0,158,520.37,0,350.74,63.16
2031-12-01,247.0,181,522.28,0,426.83,63.18
2031-12-02,230.0,183,524.15,0,424.7,79.76
2031-12-03,261.0,181,478.2,1,367.24,76.59
2031-12-04,282.0,161,521.96,0,404.24,77.97
2031-12-05,247.0,183,481.59,0,386.64,63.56
2031-12-06,255.0,165,534.92,0,398.39,62.07
2031-12-07,249.0,177,511.77,0,365.92,56.89
2031-12-08,237.0,189,482.95,0,439.74,72.83
2031-12-09,221.0,157,507.14,0,416.79,60.35
2031-12-10,238.0,183,511.56,0,382.61,47.39
2031-12-11,228.0,172,543.27,0,401.44,61.82
2031-12-12,275.0,172,525.4,0,413.66,66.44
2031-12-13,248.0,179,528.08,0,411.84,69.33
2031-12-14,245.0,176,543.16,1,412.11,78.7
2031-12-15,264.0,163,520.19,0,416.67,67.55
2031-12-16,234.0,157,535.52,0,391.06,69.43
2031-12-17,240.0,187,534.27,0,416.55,61.2
2031-12-18,253.0,171,498.82,0,368.85,55.3
2031-12-19,267.0,181,548.51,0,399.44,76.55
2031-12-20,260.0,180,496.45,1,425.41,58.38
2031-12-21,256.0,174,538.55,1,425.49,85.86
2031-12-22,254.0,182,494.75,0,396.53,66.8
2031-12-23,259.0,179,532.9,0,389.27,62.28
2031-12-24,257.0,173,555.61,0,415.17,72.01
2031-12-25,239.0,179,518.29,0,386.45,66.0
2031-12-26,255.0,166,517.53,0,408.18,56.37
2031-12-27,239.0,197,533.15,1,402.57,68.59
2031-12-28,256.0,199,516.25,1,410.43,72.97
2031-12-29,248.0,184,554.93,0,376.35,48.24
2031-12-30,294.0,173,525.68,0,377.02,60.27
2031-12-31,256.0,177,516.48,0,422.16,71.58
2032-01-01,235.0,193,512.53,0,445.33,79.04
2032-01-02,255.0,190,505.49,0,417.75,67.33
2032-01-03,265.0,197,511.0,0,408.37,60.75
2032-01-04,283.0,170,516.01,0,425.72,69.55
2032-01-05,249.0,169,513.56,0,422.79,67.15
2032-01-06,235.0,179,510.51,0,373.81,64.21
2032-01-07,271.0,182,560.16,0,449.77,71.66
2032-01-08,238.0,177,503.86,0,398.84,69.14
2032-01-09,253.0,174,525.06,0,427.07,66.66
2032-01-10,256.0,191,533.11,0,415.14,74.46
2032-01-11,259.0,178,533.8,0,405.68,65.99
2032-01-12,271.0,167,521.43,0,427.33,64.54
2032-01-13,251.0,168,518.17,0,441.16,68.38
2032-01-14,257.0,191,530.65,1,451.35,88.42
2032-01-15,261.0,209,527.34,0,467.48,65.89
2032-01-16,264.0,170,517.9,0,450.48,71.2
2032-01-17,264.0,186,494.47,1,461.05,92.69
2032-01-18,269.0,204,514.18,0,417.67,70.07
2032-01-19,276.0,175,501.98,0,406.65,58.04
2032-01-20,269.0,184,510.63,0,416.63,68.61
2032-01-21,270.0,199,523.26,0,444.91,62.23
2032-01-22,240.0,171,529.14,0,426.19,69.38
2032-01-23,265.0,177,554.75,0,357.89,64.67
2032-01-24,272.0,176,513.05,0,404.11,65.1
2032-01-25,276.0,165,536.68,0,346.59,49.57
2032-01-26,255.0,196,528.27,0,418.06,65.69
2032-01-27,256.0,175,546.11,0,400.21,65.2
2032-01-28,257.0,172,533.17,0,395.06,69.68
2032-01-29,274.0,177,504.67,0,435.81,76.81
2032-01-30,282.0,191,491.83,0,416.27,59.8
2032-01-31,261.0,193,528.46,1,436.84,78.69
2032-02-01,281.0,174,513.37,0,397.83,66.0
2032-02-02,269.0,186,505.25,0,437.56,66.04
2032-02-03,266.0,190,500.1,0,460.27,77.08
2032-02-04,265.0,182,525.84,0,423.13,59.14
2032-02-05,280.0,180,550.1,0,457.39,74.98
2032-02-06,274.0,192,515.62,0,452.96,79.45
2032-02-07,303.0,181,533.62,0,441.34,70.97
2032-02-08,257.0,199,521.18,0,437.41,71.14
2032-02-09,277.0,175,499.83,0,464.3,80.17
2032-02-10,262.0,175,536.29,0,460.62,70.63
2032-02-11,257.0,174,503.38,0,443.02,75.02
2032-02-12,270.0,181,523.49,0,453.41,72.34
2032-02-13,273.0,183,516.97,0,463.9,67.91
2032-02-14,315.0,170,539.22,0,445.06,77.23
2032-02-15,268.0,184,504.11,0,426.41,77.19
2032-02-16,255.0,189,530.22,0,466.0,82.66
2032-02-17,276.0,179,508.08,1,473.36,93.98
2032-02-18,241.0,179,514.02,0,473.52,79.39
2032-02-19,271.0,190,457.81,0,406.04,67.18
2032-02-20,273.0,173,560.92,0,441.95,70.09
2032-02-21,285.0,181,533.19,0,442.29,66.37
2032-02-22,288.0,195,509.49,0,444.8,57.38
2032-02-23,266.0,212,503.08,1,454.01,73.32
2032-02-24,271.0,189,514.42,0,404.02,64.73
2032-02-25,262.0,193,536.26,1,481.39,79.84
2032-02-26,257.0,180,489.32,0,417.72,69.43
2032-02-27,279.0,204,520.85,1,454.68,96.03
2032-02-28,255.0,196,555.29,0,467.76,52.21
2032-02-29,268.0,173,503.03,0,394.94,57.43
2032-03-01,260.0,204,524.91,1,482.88,105.17
2032-03-02,283.0,179,563.14,0,428.26,73.88
2032-03-03,302.0,187,534.88,1,455.12,83.43
2032-03-04,256.0,184,525.79,0,452.5,68.79
2032-03-05,248.0,205,532.66,1,492.38,95.42
2032-03-06,274.0,188,516.34,0,466.26,81.45
2032-03-07,276.0,188,546.97,0,471.66,66.48
2032-03-08,279.0,189,516.41,0,450.74,82.2
2032-03-09,269.0,190,488.35,0,442.72,73.48
2032-03-10,273.0,185,516.6,0,457.81,79.69
2032-03-11,282.0,202,506.26,1,498.55,99.89
2032-03-12,292.0,179,518.62,0,459.9,75.74
2032-03-13,247.0,192,519.04,0,378.78,63.14
2032-03-14,271.0,195,545.27,0,417.49,70.04
2032-03-15,280.0,193,536.26,0,459.31,71.03
2032-03-16,263.0,194,528.5,0,477.17,80.99
2032-03-17,303.0,201,523.73,1,465.18,84.25
2032-03-18,268.0,198,504.74,0,471.5,75.44
2032-03-19,277.0,163,484.56,0,409.36,75.1
2032-03-20,286.0,205,525.88,1,467.59,86.25
2032-03-21,269.0,206,538.16,0,445.62,74.06
2032-03-22,250.0,180,521.93,0,445.58,70.12
2032-03-23,271.0,179,514.27,0,416.39,64.34
2032-03-24,293.0,199,532.28,0,416.06,78.61
2032-03-25,273.0,177,522.44,0,448.64,61.93
2032-03-26,265.0,180,554.3,0,404.01,64.96
2032-03-27,292.0,188,546.17,0,414.61,58.86
2032-03-28,273.0,179,541.27,0,452.78,80.96
2032-03-29,270.0,205,537.66,1,471.49,86.79
2032-03-30,280.0,179,500.82,0,449.25,68.72
2032-03-31,290.0,190,535.99,0,463.19,61.36
2032-04-01,314.0,200,530.85,1,490.8,102.4
2032-04-02,290.0,203,535.02,0,462.16,64.74
2032-04-03,295.0,198,532.99,0,434.02,72.61
2032-04-04,271.0,191,532.29,1,520.7,103.61
2032-04-05,263.0,174,572.78,0,449.33,86.54
2032-04-06,279.0,205,522.81,1,498.08,88.03
2032-04-07,280.0,190,541.05,1,495.59,85.32
2032-04-08,262.0,183,515.74,0,454.24,69.77
2032-04-09,275.0,176,538.47,0,455.61,68.88
2032-04-10,284.0,194,541.17,0,491.25,64.72
2032-04-11,283.0,190,530.84,1,462.31,96.87
2032-04-12,285.0,196,554.35,1,499.18,89.22
2032-04-13,282.0,187,508.4,0,484.76,76.4
2032-04-14,270.0,189,515.57,0,459.82,77.9
2032-04-15,270.0,193,528.18,0,461.4,83.42
2032-04-16,260.0,194,540.23,1,496.72,83.25
2032-04-17,304.0,189,527.63,1,462.72,88.09
2032-04-18,278.0,168,547.56,0,390.13,55.31
2032-04-19,274.0,188,512.53,0,479.12,79.06
2032-04-20,263.0,195,503.93,1,446.4,84.54
2032-04-21,321.0,179,530.03,0,449.32,68.7
2032-04-22,261.0,187,523.11,0,412.81,67.5
2032-04-23,271.0,195,534.29,0,432.01,70.75
2032-04-24,283.0,208,524.05,1,445.62,81.89
2032-04-25,286.0,181,518.44,1,445.49,81.05
2032-04-26,291.0,183,523.23,0,420.03,58.61
2032-04-27,304.0,196,525.12,0,485.33,69.71
2032-04-28,284.0,202,519.13,0,447.72,67.51
2032-04-29,,188,520.98,1,475.45,80.76
2032-04-30,272.0,200,517.4,0,448.7,67.93
2032-05-01,281.0,173,540.1,0,448.29,71.21
2032-05-02,307.0,198,528.19,0,403.44,65.08
2032-05-03,255.0,193,565.34,1,455.69,88.14
2032-05-04,294.0,202,527.63,0,452.85,73.52
2032-05-05,278.0,181,514.84,0,443.9,71.82
2032-05-06,288.0,193,572.85,1,491.76,94.93
2032-05-07,274.0,195,532.25,1,494.23,84.64
2032-05-08,262.0,170,542.64,0,439.68,64.85
2032-05-09,286.0,168,535.5,0,442.95,68.39
2032-05-10,284.0,191,536.07,0,515.03,77.02
2032-05-11,289.0,196,534.52,0,475.1,63.52
2032-05-12,274.0,192,505.06,0,419.39,70.73
2032-05-13,265.0,173,531.54,0,467.95,67.86
2032-05-14,250.0,190,501.09,0,467.33,87.47
2032-05-15,286.0,185,521.82,1,484.67,90.87
2032-05-16,280.0,189,511.92,0,453.43,62.33
2032-05-17,259.0,197,531.43,0,433.1,73.63
2032-05-18,265.0,189,531.03,0,462.65,74.25
2032-05-19,266.0,200,533.7,0,448.44,73.71
2032-05-20,250.0,183,530.23,0,454.48,69.32
2032-05-21,260.0,193,514.16,1,485.14,82.97
2032-05-22,255.0,185,520.4,0,414.85,57.28
2032-05-23,265.0,171,541.69,0,427.48,60.18
2032-05-24,260.0,181,544.36,0,444.86,62.05
2032-05-25,247.0,181,504.52,0,424.72,65.68
2032-05-26,301.0,182,497.62,0,467.19,74.39
2032-05-27,289.0,187,512.12,0,449.92,61.55
2032-05-28,259.0,179,544.03,1,428.88,85.15
2032-05-29,274.0,183,547.11,1,438.71,82.09
2032-05-30,276.0,195,508.62,0,440.15,86.45
2032-05-31,287.0,164,530.81,0,462.9,71.25
2032-06-01,257.0,190,558.32,0,447.45,86.58
2032-06-02,285.0,190,532.8,1,464.76,91.18
2032-06-03,260.0,185,550.93,0,463.59,60.55
2032-06-04,248.0,199,543.34,0,441.26,62.72
2032-06-05,279.0,182,509.0,0,412.14,67.91
2032-06-06,287.0,190,521.98,0,452.44,60.53
2032-06-07,306.0,184,526.05,0,443.78,65.04
2032-06-08,249.0,182,527.31,0,498.78,67.89
2032-06-09,277.0,181,541.95,0,452.69,86.95
2032-06-10,260.0,190,532.84,0,463.47,81.79
2032-06-11,278.0,175,472.65,0,431.1,66.78
2032-06-12,244.0,171,501.89,0,449.44,82.11
2032-06-13,247.0,183,486.17,0,427.17,76.41
2032-06-14,254.0,184,528.72,0,435.8,78.29
2032-06-15,266.0,164,529.91,0,425.6,64.53
2032-06-16,255.0,182,530.7,0,405.15,62.95
2032-06-17,274.0,170,508.36,0,419.26,60.19
2032-06-18,279.0,188,537.77,0,440.26,69.69
2032-06-19,273.0,164,538.55,0,371.35,54.89
2032-06-20,288.0,201,503.09,0,437.8,62.99
2032-06-21,269.0,178,499.31,0,408.36,72.27
2032-06-22,245.0,183,525.72,1,433.42,84.55
2032-06-23,283.0,179,557.99,0,366.54,53.79
2032-06-24,253.0,197,556.36,1,436.75,86.99
2032-06-25,275.0,200,535.92,1,414.53,78.61
2032-06-26,285.0,178,512.66,0,389.45,60.47
2032-06-27,268.0,177,541.78,1,381.05,79.59
2032-06-28,238.0,169,517.7,0,382.55,62.96
2032-06-29,247.0,184,512.04,0,406.25,75.83
2032-06-30,280.0,190,487.29,0,412.67,69.53
2032-07-01,257.0,192,527.74,0,436.19,74.06
2032-07-02,261.0,182,514.58,0,379.56,54.6
2032-07-03,271.0,190,527.68,0,411.22,62.36
2032-07-04,269.0,199,484.57,0,416.54,75.75
2032-07-05,263.0,192,529.04,0,419.78,74.48
2032-07-06,255.0,189,482.24,0,410.33,63.45
2032-07-07,253.0,172,545.6,0,444.31,62.07
2032-07-08,270.0,199,535.43,1,496.46,104.21
2032-07-09,265.0,184,521.04,0,396.36,69.76
2032-07-10,253.0,186,536.21,0,399.48,57.06
2032-07-11,273.0,192,508.49,0,402.21,57.45
2032-07-12,254.0,193,527.42,1,443.44,94.23
2032-07-13,243.0,178,540.45,0,446.13,67.98
2032-07-14,244.0,178,470.46,1,447.17,79.44
2032-07-15,241.0,176,518.13,0,411.31,61.61
2032-07-16,251.0,181,525.79,0,414.86,68.59
2032-07-17,273.0,191,522.69,1,417.76,68.51
2032-07-18,242.0,191,552.47,1,431.56,81.38
2032-07-19,257.0,188,506.03,0,424.85,59.01
2032-07-20,244.0,187,515.1,0,414.02,57.55
2032-07-21,249.0,177,491.81,0,351.21,49.0
2032-07-22,230.0,170,553.51,0,387.21,54.25
2032-07-23,249.0,182,521.91,0,388.63,66.39
2032-07-24,250.0,200,518.47,0,406.71,69.48
2032-07-25,260.0,181,525.44,0,383.23,60.38
2032-07-26,255.0,175,537.85,0,397.83,59.88
2032-07-27,234.0,183,532.67,0,378.06,68.33
2032-07-28,267.0,193,574.1,1,434.0,84.81
2032-07-29,254.0,183,534.63,0,417.18,59.37
2032-07-30,254.0,191,518.11,0,365.38,60.38
2032-07-31,250.0,181,516.4,0,357.2,58.75
2032-08-01,242.0,200,519.45,1,426.42,83.48
2032-08-02,253.0,189,499.51,1,418.68,94.72
2032-08-03,257.0,192,527.28,0,429.12,63.39
2032-08-04,223.0,189,540.68,0,410.42,69.08
2032-08-05,241.0,196,515.56,1,444.97,92.3
2032-08-06,245.0,194,512.09,1,417.6,88.02
2032-08-07,252.0,199,553.93,0,413.83,67.33
2032-08-08,266.0,187,500.98,0,411.01,57.7
2032-08-09,236.0,168,489.46,0,390.49,51.97
2032-08-10,240.0,179,505.95,0,429.36,74.02
2032-08-11,240.0,183,498.99,1,390.22,74.2
2032-08-12,235.0,197,533.69,0,418.38,67.74
2032-08-13,242.0,188,520.27,0,382.98,62.9
2032-08-14,258.0,196,522.83,0,379.29,66.25
2032-08-15,231.0,168,547.55,0,400.6,67.38
2032-08-16,253.0,187,514.38,0,378.77,62.8
2032-08-17,220.0,162,540.79,0,359.27,54.28
2032-08-18,237.0,159,554.06,0,390.93,68.64
2032-08-19,241.0,181,518.68,1,382.13,67.38
2032-08-20,270.0,190,540.17,0,411.12,71.75
2032-08-21,241.0,165,522.57,0,374.14,57.66
2032-08-22,212.0,175,543.57,0,344.4,58.15
2032-08-23,215.0,187,498.67,0,395.55,73.75
2032-08-24,245.0,183,497.36,0,337.79,57.39
2032-08-25,253.0,207,519.96,1,415.23,85.64
2032-08-26,250.0,175,511.02,0,348.2,53.77
2032-08-27,246.0,170,517.74,0,360.66,58.23
2032-08-28,261.0,164,523.11,0,350.36,54.19
2032-08-29,235.0,171,540.04,0,387.02,52.29
2032-08-30,257.0,164,519.76,0,365.11,64.27
2032-08-31,219.0,157,512.29,0,368.42,62.09
2032-09-01,229.0,194,520.81,0,381.84,63.95
2032-09-02,216.0,175,513.32,0,363.67,64.91
2032-09-03,239.0,200,510.37,0,379.49,54.26
2032-09-04,,176,498.17,1,404.4,66.47
2032-09-05,244.0,170,528.47,0,379.5,67.79
2032-09-06,243.0,167,517.0,0,407.65,64.79
2032-09-07,228.0,168,544.65,0,387.55,63.26
2032-09-08,239.0,183,501.23,0,397.03,54.79
2032-09-09,219.0,180,517.54,0,412.94,75.19
2032-09-10,262.0,183,559.95,0,396.22,67.38
2032-09-11,237.0,198,510.43,1,383.54,67.64
2032-09-12,234.0,185,523.1,0,403.4,77.16
2032-09-13,265.0,164,505.49,0,377.0,52.61
2032-09-14,223.0,169,503.13,0,386.49,59.93
2032-09-15,224.0,185,555.27,1,395.01,78.92
2032-09-16,225.0,211,530.52,0,378.78,67.16
2032-09-17,240.0,182,529.87,0,345.8,47.58
2032-09-18,248.0,185,496.95,1,395.72,71.53
2032-09-19,252.0,181,533.96,0,298.77,51.15
2032-09-20,280.0,168,548.35,0,399.46,72.74
2032-09-21,207.0,177,548.23,0,387.18,70.02
2032-09-22,250.0,183,539.59,0,354.47,60.44
2032-09-23,233.0,174,507.25,0,397.17,64.08
2032-09-24,232.0,166,533.24,0,402.37,63.3
2032-09-25,232.0,183,539.64,1,369.44,71.11
2032-09-26,227.0,171,495.34,0,359.88,65.32
2032-09-27,266.0,170,507.48,1,389.97,70.89
2032-09-28,253.0,168,543.67,0,398.96,62.2
2032-09-29,241.0,160,543.47,0,338.17,59.92
2032-09-30,261.0,172,499.85,1,390.02,78.36
2032-10-01,218.0,163,542.05,0,388.73,59.28
2032-10-02,221.0,184,529.48,0,387.54,54.34
2032-10-03,208.0,189,541.84,0,374.22,50.26
2032-10-04,230.0,159,516.38,0,407.04,65.92
2032-10-05,243.0,200,539.43,1,424.59,71.51
2032-10-06,242.0,163,543.03,0,389.77,67.6
2032-10-07,243.0,182,521.54,0,411.98,55.31
2032-10-08,220.0,177,528.2,0,393.14,72.42
2032-10-09,253.0,181,516.23,0,389.86,60.41
2032-10-10,245.0,163,557.65,0,364.16,53.9
2032-10-11,252.0,156,525.78,0,447.75,68.01
2032-10-12,213.0,166,511.36,0,378.33,55.63
2032-10-13,246.0,179,515.1,0,410.54,75.01
2032-10-14,224.0,194,530.28,0,436.13,74.17
2032-10-15,236.0,164,541.58,0,356.55,57.57
2032-10-16,250.0,173,504.0,0,386.61,54.88
2032-10-17,243.0,167,561.32,0,368.43,58.64
2032-10-18,229.0,184,533.64,1,436.96,75.79
2032-10-19,242.0,155,536.5,0,350.63,42.26
2032-10-20,219.0,190,526.37,0,364.26,54.49
2032-10-21,259.0,175,528.49,0,374.23,63.27
2032-10-22,239.0,184,525.49,0,365.34,56.12
2032-10-23,259.0,173,546.5,0,350.36,55.3
2032-10-24,235.0,177,528.06,0,398.53,69.99
2032-10-25,235.0,186,542.03,0,376.69,65.14
2032-10-26,231.0,176,520.43,0,354.25,67.1
2032-10-27,256.0,187,531.78,1,389.5,59.24
2032-10-28,233.0,167,513.81,0,377.62,55.65
2032-10-29,253.0,180,550.2,1,405.0,80.44
2032-10-30,238.0,165,513.31,0,351.05,58.44
2032-10-31,214.0,178,522.49,1,354.21,66.06
2032-11-01,235.0,188,522.69,0,390.16,58.89
2032-11-02,226.0,194,522.01,0,394.67,64.49
2032-11-03,245.0,163,541.4,0,374.97,60.95
2032-11-04,227.0,190,522.72,1,444.62,69.9
2032-11-05,259.0,173,553.53,0,411.53,67.16
2032-11-06,244.0,190,513.73,0,398.97,60.74
2032-11-07,243.0,178,531.53,0,385.41,66.53
2032-11-08,255.0,176,514.54,0,441.12,72.86
2032-11-09,260.0,169,536.1,0,381.49,72.23
2032-11-10,246.0,161,528.25,0,389.42,62.31
2032-11-11,235.0,184,525.77,0,398.76,57.27
2032-11-12,220.0,180,549.97,0,409.05,50.18
2032-11-13,236.0,191,516.82,1,427.52,73.07
2032-11-14,238.0,171,539.18,0,358.75,59.43
2032-11-15,249.0,176,514.8,0,384.99,65.25
2032-11-16,242.0,185,530.69,0,408.28,61.62
2032-11-17,258.0,187,507.16,0,386.22,59.3
2032-11-18,239.0,166,516.77,0,377.19,60.75
2032-11-19,247.0,171,527.24,0,389.53,64.55
2032-11-20,266.0,174,561.4,1,374.06,74.92
2032-11-21,254.0,180,530.57,0,380.85,57.58
2032-11-22,248.0,187,558.56,0,400.87,59.67
2032-11-23,240.0,185,532.77,1,405.0,87.23
2032-11-24,240.0,171,521.85,0,408.54,76.29
2032-11-25,237.0,175,556.55,0,396.72,60.32
2032-11-26,242.0,201,536.73,0,395.06,69.98
2032-11-27,262.0,190,517.31,0,376.87,72.76
2032-11-28,247.0,186,537.37,0,417.3,75.01
2032-11-29,231.0,182,523.65,0,380.22,56.48
2032-11-30,278.0,179,493.14,0,395.6,63.92
2032-12-01,256.0,170,545.81,0,389.7,52.11
2032-12-02,231.0,169,548.69,0,406.04,59.09
2032-12-03,246.0,174,562.08,0,450.86,72.03
2032-12-04,254.0,170,536.62,0,401.31,65.53
2032-12-05,278.0,174,524.56,0,397.8,59.51
2032-12-06,237.0,189,544.09,1,442.63,63.62
2032-12-07,268.0,180,544.38,0,396.58,64.6
2032-12-08,275.0,174,558.59,0,418.97,71.61
2032-12-09,245.0,195,528.32,1,481.8,94.67
2032-12-10,250.0,178,526.16,0,436.42,68.48
2032-12-11,239.0,193,516.28,1,459.11,84.0
2032-12-12,252.0,173,538.85,0,428.6,70.16
2032-12-13,255.0,198,501.33,1,434.51,83.05
2032-12-14,266.0,176,543.19,0,458.63,72.74
2032-12-15,273.0,207,539.82,1,415.57,62.4
2032-12-16,245.0,189,539.79,1,443.95,91.43
2032-12-17,227.0,180,531.77,0,369.44,56.54
2032-12-18,257.0,187,556.89,0,368.66,52.22
2032-12-19,262.0,190,545.02,0,421.27,64.92
2032-12-20,262.0,191,518.41,0,399.13,64.53
2032-12-21,253.0,200,518.75,0,439.14,66.25
2032-12-22,261.0,189,513.55,0,365.55,55.53
2032-12-23,282.0,192,539.32,1,428.47,77.18
2032-12-24,265.0,177,511.42,0,379.07,62.71
2032-12-25,254.0,181,548.94,0,385.88,57.12
2032-12-26,253.0,198,553.27,0,432.16,71.33
2032-12-27,258.0,169,513.66,0,438.4,61.07
2032-12-28,285.0,175,526.16,0,421.14,80.05
2032-12-29,258.0,181,529.82,0,381.32,67.14
2032-12-30,261.0,175,545.45,0,390.0,60.79
2032-12-31,255.0,189,558.53,1,444.45,84.45
2033-01-01,279.0,202,499.24,0,407.56,58.07
2033-01-02,292.0,181,523.87,0,432.67,72.87
2033-01-03,270.0,188,524.83,0,469.15,81.01
2033-01-04,265.0,168,504.43,0,409.77,67.2
2033-01-05,264.0,173,520.93,0,416.69,72.31
2033-01-06,228.0,194,537.38,0,418.69,66.95
2033-01-07,276.0,201,524.68,0,448.18,71.03
2033-01-08,267.0,187,501.92,0,436.39,65.5
2033-01-09,272.0,182,581.47,0,434.96,73.22
2033-01-10,255.0,190,534.55,0,466.23,68.75
2033-01-11,260.0,159,531.79,0,442.36,73.53
2033-01-12,260.0,188,510.04,0,445.37,73.28
2033-01-13,282.0,175,534.51,0,442.65,79.75
2033-01-14,261.0,194,526.88,0,447.64,75.54
2033-01-15,298.0,164,495.87,0,421.49,56.33
2033-01-16,274.0,180,510.62,0,411.0,61.67
2033-01-17,249.0,186,544.21,0,409.71,61.32
2033-01-18,266.0,179,564.91,0,433.1,64.54
2033-01-19,259.0,183,536.55,0,419.03,73.12
2033-01-20,236.0,196,549.82,0,440.73,55.95
2033-01-21,293.0,186,527.18,0,432.55,78.45
2033-01-22,280.0,178,528.44,0,413.31,72.32
2033-01-23,278.0,196,549.66,0,440.19,71.66
2033-01-24,273.0,190,559.97,0,401.37,66.32
2033-01-25,250.0,190,553.48,0,462.97,74.6
2033-01-26,264.0,189,510.89,1,404.62,75.82
2033-01-27,284.0,162,528.89,0,451.68,79.9
2033-01-28,256.0,179,535.12,0,433.57,67.92
2033-01-29,234.0,188,525.47,1,429.52,83.33
2033-01-30,269.0,182,537.14,0,397.42,58.39
2033-01-31,270.0,180,544.95,0,429.65,72.18
2033-02-01,275.0,189,548.25,0,446.66,69.64
2033-02-02,284.0,197,560.57,0,462.11,76.9
2033-02-03,283.0,209,524.31,1,513.81,88.39
2033-02-04,278.0,207,505.71,1,487.97,93.56
2033-02-05,292.0,180,536.73,0,455.12,72.5
2033-02-06,252.0,190,564.21,0,457.62,83.96
2033-02-07,282.0,205,521.73,0,468.03,76.7
2033-02-08,284.0,173,542.7,0,457.56,76.59
2033-02-09,257.0,203,542.88,0,469.88,72.07
2033-02-10,253.0,179,533.83,0,472.98,77.89
2033-02-11,265.0,193,530.52,0,449.04,75.04
2033-02-12,266.0,204,513.8,1,466.81,83.88
2033-02-13,288.0,202,489.37,1,483.91,86.39
2033-02-14,267.0,212,510.45,0,448.98,66.4
2033-02-15,264.0,187,523.45,0,458.67,72.86
2033-02-16,268.0,184,550.25,1,459.99,80.59
2033-02-17,294.0,204,528.66,1,490.52,92.9
2033-02-18,278.0,189,521.2,0,478.75,70.92
2033-02-19,275.0,196,514.52,0,428.96,67.85
2033-02-20,276.0,209,542.4,1,477.15,81.5
2033-02-21,298.0,200,555.05,1,475.24,96.08
2033-02-22,267.0,205,549.76,1,461.27,85.51
2033-02-23,299.0,192,541.55,0,448.86,71.92
2033-02-24,282.0,209,504.1,0,480.72,81.21
2033-02-25,277.0,187,524.35,0,441.86,82.46
2033-02-26,317.0,194,565.75,1,487.07,90.7
2033-02-27,264.0,200,550.92,0,439.01,60.42
2033-02-28,275.0,182,503.06,0,421.03,74.83
2033-03-01,262.0,195,529.76,0,453.65,63.35
2033-03-02,295.0,190,537.32,0,431.76,65.87
2033-03-03,306.0,191,517.08,0,460.39,81.9
2033-03-04,306.0,216,489.25,0,474.28,73.5
2033-03-05,299.0,204,532.62,0,502.78,76.13
2033-03-06,278.0,202,516.68,0,498.23,81.82
2033-03-07,276.0,197,516.77,0,479.91,76.86
2033-03-08,256.0,195,524.52,1,519.32,90.67
2033-03-09,312.0,195,528.51,0,477.49,82.68
2033-03-10,289.0,198,530.78,0,456.51,81.45
2033-03-11,274.0,194,515.05,0,492.4,89.04
2033-03-12,302.0,193,527.02,0,479.72,80.73
2033-03-13,267.0,188,499.37,0,446.4,66.73
2033-03-14,288.0,195,536.62,0,463.5,65.43
2033-03-15,280.0,197,479.63,1,516.13,77.55
2033-03-16,292.0,200,525.85,0,446.08,78.29
2033-03-17,282.0,173,547.63,0,474.89,77.37
2033-03-18,261.0,216,512.03,1,489.42,87.47
2033-03-19,284.0,180,544.02,0,460.55,60.33
2033-03-20,299.0,182,551.94,0,469.01,66.72
2033-03-21,283.0,207,471.62,1,468.47,74.26
2033-03-22,295.0,198,528.46,0,440.26,79.96
2033-03-23,267.0,214,479.44,0,494.37,83.81
2033-03-24,283.0,196,529.09,0,456.38,64.08
2033-03-25,274.0,193,531.11,0,460.88,85.04
2033-03-26,295.0,205,486.57,1,486.32,84.7
2033-03-27,284.0,209,565.93,0,431.83,71.36
2033-03-28,294.0,217,536.45,0,486.99,80.49
2033-03-29,300.0,201,516.04,1,494.93,90.86
2033-03-30,294.0,199,557.72,0,494.06,76.8
2033-03-31,288.0,192,499.04,0,492.41,79.04
2033-04-01,269.0,202,509.25,1,487.73,88.18
2033-04-02,284.0,222,490.01,1,503.38,95.01
2033-04-03,276.0,194,563.84,1,478.78,90.65
2033-04-04,278.0,170,537.42,0,467.28,71.09
2033-04-05,278.0,196,543.33,0,456.34,80.55
2033-04-06,269.0,205,536.9,0,479.92,70.76
2033-04-07,254.0,196,541.83,0,444.76,73.76
2033-04-08,274.0,198,532.93,0,482.78,74.79
2033-04-09,286.0,201,536.42,0,503.71,74.03
2033-04-10,263.0,194,533.5,0,487.32,75.94
2033-04-11,284.0,199,520.63,0,490.49,73.62
2033-04-12,312.0,199,530.76,0,486.64,82.67
2033-04-13,299.0,174,536.54,0,465.53,73.82
2033-04-14,308.0,194,533.63,0,465.99,84.13
2033-04-15,289.0,178,505.06,0,488.73,71.22
2033-04-16,301.0,193,507.47,0,434.98,55.26
2033-04-17,272.0,198,551.19,1,448.19,85.57
2033-04-18,273.0,214,526.19,1,513.55,108.28
2033-04-19,242.0,196,542.27,0,466.61,78.08
2033-04-20,301.0,198,512.1,0,468.3,68.31
2033-04-21,306.0,191,505.26,0,466.24,67.44
2033-04-22,274.0,204,516.62,0,501.94,95.56
2033-04-23,279.0,187,527.81,1,459.92,82.47
2033-04-24,271.0,184,519.87,0,443.02,64.14
2033-04-25,288.0,206,555.15,0,501.53,89.2
2033-04-26,299.0,189,535.11,0,452.66,71.43
2033-04-27,256.0,172,565.18,0,476.16,61.71
2033-04-28,288.0,207,539.2,0,420.19,80.36
2033-04-29,278.0,204,488.51,0,438.19,73.95
2033-04-30,283.0,200,550.97,0,436.96,60.01
2033-05-01,288.0,194,504.81,0,462.35,83.66
2033-05-02,279.0,209,536.15,0,506.52,73.08
2033-05-03,280.0,205,518.08,0,460.35,66.0
2033-05-04,278.0,208,570.61,0,495.64,72.67
2033-05-05,295.0,210,557.97,1,544.41,116.55
2033-05-06,287.0,194,518.73,0,507.18,96.71
2033-05-07,284.0,188,529.81,0,454.75,69.02
2033-05-08,261.0,180,536.52,0,475.36,88.22
2033-05-09,275.0,207,547.68,1,509.57,76.79
2033-05-10,293.0,198,532.68,0,470.05,81.65
2033-05-11,280.0,189,513.73,0,485.89,87.68
2033-05-12,290.0,198,519.28,0,472.18,86.22
2033-05-13,306.0,189,532.14,0,480.47,77.43
2033-05-14,295.0,201,554.46,0,440.38,74.2
2033-05-15,280.0,183,539.96,0,420.18,62.71
2033-05-16,271.0,181,518.36,0,456.72,73.25
2033-05-17,240.0,199,543.97,1,487.91,89.06
2033-05-18,276.0,200,525.35,0,442.31,69.3
2033-05-19,273.0,190,548.37,1,485.05,97.99
2033-05-20,284.0,212,577.85,1,483.22,90.95
2033-05-21,275.0,185,525.92,1,466.99,98.25
2033-05-22,273.0,199,546.83,1,476.14,89.86
2033-05-23,250.0,177,519.0,0,463.08,89.31
2033-05-24,263.0,175,530.42,1,465.09,94.6
2033-05-25,284.0,195,532.99,0,439.39,69.73
2033-05-26,302.0,189,528.99,0,447.91,72.84
2033-05-27,275.0,187,576.83,1,504.57,86.99
2033-05-28,281.0,186,527.0,0,448.58,72.85
2033-05-29,290.0,195,543.1,0,436.61,63.42
2033-05-30,263.0,187,497.82,0,439.0,79.0
2033-05-31,281.0,189,540.36,0,435.19,67.39
2033-06-01,264.0,196,553.16,1,444.9,84.68
2033-06-02,287.0,185,523.12,0,485.17,61.02
2033-06-03,276.0,184,487.46,0,461.41,71.98
2033-06-04,278.0,184,531.96,0,417.22,64.43
2033-06-05,262.0,193,532.99,1,462.52,91.96
2033-06-06,284.0,180,545.73,0,483.2,81.1
2033-06-07,304.0,196,568.92,1,478.0,95.73
2033-06-08,258.0,183,525.9,0,442.29,73.7
2033-06-09,267.0,179,517.35,0,465.43,83.06
2033-06-10,276.0,197,511.78,0,480.44,79.89
2033-06-11,284.0,202,536.37,0,448.74,62.53
2033-06-12,263.0,189,541.45,0,435.82,69.14
2033-06-13,229.0,190,523.02,0,463.35,73.87
2033-06-14,291.0,182,546.88,0,432.9,48.06
2033-06-15,282.0,200,541.26,0,448.64,64.94
2033-06-16,244.0,216,533.68,1,474.3,102.27
2033-06-17,261.0,187,516.68,0,458.92,71.54
2033-06-18,293.0,183,524.27,0,421.99,66.85
2033-06-19,291.0,192,489.22,0,442.03,56.28
2033-06-20,283.0,200,537.22,1,483.31,79.65
2033-06-21,266.0,193,533.47,1,441.56,84.9
2033-06-22,270.0,203,536.41,1,518.42,92.29
2033-06-23,266.0,197,542.12,0,458.96,65.8
2033-06-24,285.0,190,540.0,1,451.51,92.32
2033-06-25,254.0,213,531.09,0,418.03,62.49
2033-06-26,255.0,182,533.98,1,414.34,68.57
2033-06-27,282.0,179,507.84,0,454.8,73.04
2033-06-28,266.0,200,522.63,1,452.14,78.12
2033-06-29,287.0,210,534.07,0,409.54,60.51
2033-06-30,256.0,182,519.93,0,389.57,61.97
2033-07-01,265.0,176,548.68,0,426.62,64.14
2033-07-02,251.0,192,521.36,0,422.98,57.1
2033-07-03,265.0,184,537.13,0,402.55,67.78
2033-07-04,242.0,193,535.36,0,406.39,70.3
2033-07-05,257.0,196,546.71,1,420.91,76.29
2033-07-06,242.0,178,,0,419.15,70.96
2033-07-07,274.0,210,545.81,0,447.01,69.05
2033-07-08,274.0,157,495.43,0,445.45,58.51
2033-07-09,237.0,214,554.85,1,456.87,90.66
2033-07-10,282.0,195,560.87,0,459.64,72.86
2033-07-11,300.0,178,524.72,0,456.38,74.05
2033-07-12,262.0,204,537.68,0,460.46,72.94
2033-07-13,252.0,172,517.41,0,452.35,71.14
2033-07-14,303.0,196,498.39,0,419.58,68.03
2033-07-15,241.0,165,520.18,0,412.35,66.97
2033-07-16,261.0,174,523.78,0,462.33,82.74
2033-07-17,,174,527.13,0,372.94,62.12
2033-07-18,280.0,178,516.28,0,417.33,74.14
2033-07-19,265.0,195,520.36,1,453.04,94.05
2033-07-20,252.0,177,533.38,0,374.82,50.91
2033-07-21,245.0,164,519.74,0,387.37,69.4
2033-07-22,253.0,199,543.4,1,474.17,92.37
2033-07-23,243.0,185,545.91,0,397.75,66.55
2033-07-24,259.0,188,576.51,0,384.26,67.19
2033-07-25,249.0,186,553.94,0,408.59,63.75
2033-07-26,235.0,194,538.08,0,394.15,66.63
2033-07-27,276.0,183,522.56,0,439.91,63.41
2033-07-28,249.0,204,539.03,1,410.67,67.28
2033-07-29,237.0,176,539.64,0,389.19,65.37
2033-07-30,254.0,177,524.54,0,361.99,57.54
2033-07-31,257.0,207,547.91,1,419.88,77.66
2033-08-01,229.0,207,508.65,1,433.33,74.98
2033-08-02,260.0,189,529.44,0,440.92,73.13
2033-08-03,239.0,184,543.87,1,412.51,73.68
2033-08-04,280.0,174,528.7,0,427.45,68.09
2033-08-05,262.0,196,530.18,0,429.55,65.59
2033-08-06,248.0,196,531.44,0,378.25,55.97
2033-08-07,243.0,182,518.9,0,396.23,62.17
2033-08-08,252.0,206,555.09,0,420.32,74.73
2033-08-09,263.0,187,515.66,0,462.48,70.72
2033-08-10,253.0,172,539.73,0,431.59,68.23
2033-08-11,250.0,180,541.47,0,425.98,66.46
2033-08-12,254.0,183,516.96,0,337.58,50.79
2033-08-13,243.0,193,535.38,1,392.49,79.85
2033-08-14,247.0,195,517.71,0,426.08,59.47
2033-08-15,221.0,173,559.14,0,423.22,67.17
2033-08-16,266.0,179,513.62,1,415.6,71.63
2033-08-17,256.0,188,522.37,0,412.43,69.5
2033-08-18,240.0,177,512.12,0,400.66,64.91
2033-08-19,280.0,206,509.74,0,419.36,74.53
2033-08-20,252.0,191,562.84,0,383.22,65.54
2033-08-21,235.0,177,543.99,0,395.74,63.8
2033-08-22,263.0,204,536.77,1,444.62,87.22
2033-08-23,256.0,189,522.44,0,375.78,64.84
2033-08-24,256.0,188,550.62,0,369.28,54.03
2033-08-25,243.0,180,519.46,0,371.37,63.73
2033-08-26,256.0,186,548.61,0,392.45,64.54
2033-08-27,245.0,170,518.63,1,396.63,76.29
2033-08-28,258.0,194,522.76,0,400.8,61.68
2033-08-29,220.0,147,548.03,0,392.44,57.76
2033-08-30,242.0,187,549.95,1,421.04,71.36
2033-08-31,275.0,165,545.17,0,396.93,43.22
2033-09-01,237.0,186,515.55,1,450.93,78.62
2033-09-02,239.0,180,526.42,0,400.42,78.72
2033-09-03,242.0,169,537.3,0,398.32,68.64
2033-09-04,230.0,153,519.21,0,386.93,63.76
2033-09-05,215.0,183,559.2,0,403.12,70.31
2033-09-06,244.0,212,491.3,1,439.75,79.64
2033-09-07,250.0,177,520.54,0,437.98,67.5
2033-09-08,247.0,200,525.41,1,438.65,79.24
2033-09-09,245.0,196,483.41,0,413.69,61.62
2033-09-10,248.0,172,509.49,1,401.27,70.3
2033-09-11,263.0,186,545.9,1,431.64,79.75
2033-09-12,244.0,168,535.21,0,395.06,63.59
2033-09-13,238.0,173,563.0,0,411.43,74.01
2033-09-14,243.0,208,562.51,1,440.2,88.2
2033-09-15,256.0,183,542.51,0,397.56,54.75
2033-09-16,268.0,198,540.38,1,401.3,72.47
2033-09-17,237.0,180,535.95,0,363.61,52.15
2033-09-18,248.0,168,486.99,0,359.5,43.45
2033-09-19,252.0,187,509.7,0,374.85,60.47
2033-09-20,232.0,193,536.63,0,401.58,67.73
2033-09-21,247.0,184,545.93,0,430.43,69.33
2033-09-22,224.0,195,540.07,1,395.93,75.84
2033-09-23,220.0,168,518.82,0,366.51,56.8
2033-09-24,252.0,188,551.77,0,362.63,52.43
2033-09-25,241.0,204,561.6,1,415.28,74.54
2033-09-26,249.0,185,551.82,0,393.64,71.06
2033-09-27,246.0,173,552.77,1,398.21,75.91
2033-09-28,232.0,197,524.91,0,367.16,50.37
2033-09-29,246.0,171,554.37,0,364.3,59.0
2033-09-30,228.0,184,537.64,0,393.5,70.48
2033-10-01,267.0,190,544.25,0,392.77,67.33
2033-10-02,226.0,191,541.64,0,386.61,69.32
2033-10-03,243.0,163,532.89,0,404.8,55.73
2033-10-04,231.0,192,519.62,1,399.68,74.69
2033-10-05,255.0,181,533.64,0,412.94,63.91
2033-10-06,241.0,205,552.9,1,441.4,85.6
2033-10-07,239.0,185,527.21,0,392.06,57.74
2033-10-08,259.0,205,551.26,1,418.01,71.9
2033-10-09,247.0,186,548.47,0,416.89,66.68
2033-10-10,254.0,180,529.84,0,390.68,57.11
2033-10-11,232.0,183,560.24,0,461.1,75.57
2033-10-12,226.0,206,528.86,1,449.63,69.43
2033-10-13,248.0,168,562.45,0,403.4,71.66
2033-10-14,242.0,190,543.11,0,406.69,48.08
2033-10-15,256.0,175,535.03,0,408.03,70.82
2033-10-16,246.0,173,519.36,0,379.26,57.38
2033-10-17,250.0,201,533.77,1,420.31,68.62
2033-10-18,223.0,172,531.71,0,419.58,68.2
2033-10-19,276.0,185,512.75,0,390.51,67.67
2033-10-20,245.0,176,531.5,0,392.31,69.59
2033-10-21,258.0,168,520.97,1,388.1,78.35
2033-10-22,235.0,196,546.01,1,404.52,69.63
2033-10-23,253.0,183,558.99,0,387.99,63.27
2033-10-24,229.0,162,513.42,0,409.02,54.53
2033-10-25,255.0,175,566.34,0,365.54,58.92
2033-10-26,243.0,164,533.23,0,349.54,57.7
2033-10-27,249.0,189,518.01,0,386.36,59.64
2033-10-28,259.0,196,549.22,0,385.53,51.07
2033-10-29,230.0,190,527.56,0,381.74,57.68
2033-10-30,239.0,192,534.15,0,397.26,74.93
2033-10-31,256.0,177,528.36,0,442.53,73.4
2033-11-01,281.0,188,520.96,0,399.49,61.01
2033-11-02,248.0,182,548.71,0,361.08,56.91
2033-11-03,259.0,184,530.55,0,406.14,67.33
2033-11-04,248.0,192,509.86,0,423.4,57.9
2033-11-05,279.0,194,545.66,0,392.54,53.99
2033-11-06,224.0,189,514.06,1,428.27,74.5
2033-11-07,252.0,169,515.02,0,416.73,63.48
2033-11-08,226.0,191,557.27,1,445.42,94.39
2033-11-09,213.0,181,514.29,0,432.84,69.71
2033-11-10,256.0,186,494.14,0,422.99,64.4
2033-11-11,254.0,191,547.07,0,437.21,70.32
2033-11-12,247.0,164,530.41,0,364.3,47.22
2033-11-13,250.0,177,531.98,0,385.74,56.49
2033-11-14,299.0,174,530.26,0,412.73,61.4
2033-11-15,249.0,206,540.11,1,423.56,71.87
2033-11-16,260.0,182,522.41,0,413.79,73.87
2033-11-17,243.0,179,562.55,0,400.78,68.09
2033-11-18,258.0,189,509.43,0,402.26,57.06
2033-11-19,250.0,178,544.03,0,408.69,57.62
2033-11-20,248.0,184,,0,393.01,55.46
2033-11-21,281.0,202,522.39,0,391.97,61.62
2033-11-22,272.0,202,517.65,0,399.23,65.08
2033-11-23,257.0,180,554.41,0,413.97,68.82
2033-11-24,220.0,183,518.28,0,399.73,57.87
2033-11-25,250.0,179,525.22,0,422.01,66.39
2033-11-26,296.0,166,552.13,0,403.9,64.29
2033-11-27,252.0,195,536.81,0,388.76,69.18
2033-11-28,273.0,209,503.85,0,448.44,76.96
2033-11-29,278.0,181,567.67,0,440.93,61.06
2033-11-30,260.0,187,526.7,1,396.62,62.17
2033-12-01,244.0,193,529.01,1,437.23,80.16
2033-12-02,221.0,187,540.88,0,405.77,61.04
2033-12-03,268.0,174,547.55,0,402.98,58.67
2033-12-04,246.0,181,571.62,0,395.9,58.85
2033-12-05,261.0,196,506.46,0,417.21,70.38
2033-12-06,240.0,188,551.23,0,450.86,61.97
2033-12-07,255.0,209,549.75,1,441.17,93.85
2033-12-08,260.0,190,533.93,0,442.36,66.02
2033-12-09,264.0,186,550.59,1,431.51,83.92
2033-12-10,243.0,191,553.26,1,472.3,82.64
2033-12-11,278.0,199,511.58,1,455.37,73.87
2033-12-12,252.0,176,567.98,0,449.65,70.96
2033-12-13,236.0,185,508.44,1,457.66,76.06
2033-12-14,260.0,176,516.08,0,427.93,69.41
2033-12-15,262.0,193,531.83,0,440.26,70.28
2033-12-16,264.0,194,571.21,1,485.45,84.75
2033-12-17,283.0,210,531.03,1,432.4,80.98
2033-12-18,259.0,179,536.03,0,362.06,63.57
2033-12-19,261.0,174,562.4,1,422.93,77.54
2033-12-20,247.0,187,531.23,0,398.52,59.41
2033-12-21,276.0,205,515.45,0,451.84,75.01
2033-12-22,267.0,189,529.17,0,419.33,69.87
2033-12-23,258.0,175,561.37,0,431.19,67.15
2033-12-24,236.0,173,538.0,0,399.51,72.15
2033-12-25,287.0,201,571.49,0,418.16,65.03
2033-12-26,247.0,181,550.04,0,420.5,76.67
2033-12-27,257.0,205,525.17,0,460.48,69.15
2033-12-28,272.0,196,537.72,0,434.59,75.08
2033-12-29,249.0,182,521.46,0,446.72,70.0
2033-12-30,245.0,202,524.81,0,457.12,74.98
2033-12-31,235.0,181,617.48,0,413.78,53.63
2034-01-01,278.0,176,555.22,0,422.14,81.28
2034-01-02,260.0,182,552.4,0,432.33,71.23
2034-01-03,312.0,198,525.7,0,482.65,84.59
2034-01-04,254.0,202,565.19,0,436.46,60.81
2034-01-05,255.0,197,556.75,1,459.84,86.25
2034-01-06,261.0,172,570.85,0,442.97,69.68
2034-01-07,273.0,176,570.0,0,418.98,60.39
2034-01-08,263.0,181,510.4,0,432.8,77.59
2034-01-09,280.0,178,517.06,0,481.04,78.02
2034-01-10,256.0,194,518.99,0,476.04,75.78
2034-01-11,251.0,221,520.09,1,483.89,94.05
2034-01-12,245.0,200,542.92,0,479.34,70.55
2034-01-13,239.0,181,526.92,0,494.28,80.28
2034-01-14,265.0,185,574.45,0,450.0,72.61
2034-01-15,268.0,187,571.44,0,471.25,76.35
2034-01-16,264.0,206,537.06,1,495.57,99.32
2034-01-17,292.0,208,572.4,0,456.44,70.12
2034-01-18,292.0,188,564.01,0,454.83,69.16
2034-01-19,269.0,208,529.13,0,465.38,70.17
2034-01-20,247.0,214,501.09,0,438.04,65.78
2034-01-21,266.0,190,533.36,0,378.65,66.84
2034-01-22,266.0,190,525.7,0,413.06,65.65
2034-01-23,266.0,190,541.04,0,398.04,69.79
2034-01-24,265.0,194,538.95,0,427.94,70.21
2034-01-25,266.0,190,538.49,0,407.85,59.91
2034-01-26,271.0,213,546.81,1,489.88,79.55
2034-01-27,267.0,179,515.57,0,416.78,57.61
2034-01-28,280.0,189,544.82,0,447.84,65.67
2034-01-29,283.0,198,529.53,0,459.62,80.57
2034-01-30,264.0,203,541.06,0,473.57,85.01
2034-01-31,297.0,217,554.71,0,435.95,70.36
2034-02-01,264.0,182,515.46,0,479.7,83.42
2034-02-02,254.0,188,532.46,0,470.77,71.4
2034-02-03,285.0,172,535.41,0,478.44,72.04
2034-02-04,267.0,184,528.3,0,493.4,84.65
2034-02-05,284.0,178,553.78,0,474.85,77.16
2034-02-06,244.0,190,524.63,0,450.24,76.99
2034-02-07,301.0,193,527.62,0,496.93,79.89
2034-02-08,290.0,210,524.86,1,479.29,85.97
2034-02-09,258.0,193,557.32,0,479.14,75.11
2034-02-10,259.0,201,528.82,0,473.95,78.02
2034-02-11,306.0,197,545.98,0,475.33,77.76
2034-02-12,270.0,186,573.28,0,434.38,63.43
2034-02-13,269.0,179,536.39,0,443.64,70.17
2034-02-14,248.0,202,557.78,0,468.2,64.23
2034-02-15,277.0,213,567.86,0,478.72,74.09
2034-02-16,279.0,222,556.29,0,476.34,69.64
2034-02-17,294.0,216,537.52,1,528.34,73.6
2034-02-18,262.0,212,549.4,0,469.64,90.71
2034-02-19,261.0,202,514.69,0,462.18,68.59
2034-02-20,290.0,200,523.84,0,459.24,66.99
2034-02-21,299.0,198,527.02,0,437.74,80.69
2034-02-22,260.0,196,578.25,0,458.94,65.36
2034-02-23,300.0,204,523.31,0,503.19,69.56
2034-02-24,285.0,192,523.07,0,464.57,72.9
2034-02-25,301.0,196,519.19,0,474.94,72.46
2034-02-26,284.0,196,548.08,1,494.9,86.81
2034-02-27,247.0,213,540.59,1,498.54,85.37
2034-02-28,283.0,188,557.6,0,469.36,73.77
2034-03-01,301.0,208,550.14,1,477.28,100.01
2034-03-02,272.0,213,513.23,1,494.85,79.59
2034-03-03,280.0,214,523.57,1,496.59,98.13
2034-03-04,283.0,206,562.7,0,480.59,87.95
2034-03-05,243.0,196,534.48,0,439.74,66.23
2034-03-06,312.0,203,559.54,0,483.81,80.14
2034-03-07,273.0,194,535.49,0,496.67,78.56
2034-03-08,294.0,179,520.78,0,472.64,63.43
2034-03-09,286.0,204,532.76,0,480.45,85.66
2034-03-10,306.0,202,520.82,0,485.64,77.96
2034-03-11,293.0,219,528.08,1,508.67,90.13
2034-03-12,284.0,199,541.9,0,438.34,60.13
2034-03-13,274.0,183,547.51,0,473.92,79.53
2034-03-14,300.0,198,509.7,0,516.46,83.81
2034-03-15,260.0,218,538.03,1,524.25,101.75
2034-03-16,298.0,214,527.8,1,526.67,101.82
2034-03-17,272.0,198,526.71,0,450.79,66.63
2034-03-18,307.0,183,540.79,0,461.69,50.19
2034-03-19,291.0,189,528.51,0,465.53,73.72
2034-03-20,298.0,204,563.32,0,493.87,77.71
2034-03-21,290.0,183,559.85,0,493.7,80.21
2034-03-22,262.0,196,559.75,0,490.68,89.68
2034-03-23,276.0,200,529.59,0,461.37,73.48
2034-03-24,299.0,211,521.2,0,468.05,79.75
2034-03-25,291.0,216,540.02,1,513.9,97.98
2034-03-26,306.0,209,535.85,0,458.78,63.87
2034-03-27,295.0,213,527.62,1,475.12,78.7
2034-03-28,274.0,191,517.44,0,463.13,82.11
2034-03-29,277.0,194,537.87,0,497.47,73.03
2034-03-30,290.0,190,531.37,0,454.17,75.18
2034-03-31,254.0,206,551.05,0,469.04,67.84
2034-04-01,314.0,193,550.65,0,452.5,77.47
2034-04-02,296.0,196,558.51,0,491.11,80.4
2034-04-03,307.0,210,516.05,1,518.47,93.6
2034-04-04,265.0,226,545.96,1,536.48,104.61
2034-04-05,308.0,206,525.67,0,530.33,86.92
2034-04-06,323.0,192,516.81,0,466.92,69.65
2034-04-07,269.0,211,531.09,1,504.27,93.38
2034-04-08,301.0,216,558.06,0,488.6,83.08
2034-04-09,289.0,206,532.14,0,493.86,87.22
2034-04-10,266.0,184,567.04,0,502.48,79.43
2034-04-11,296.0,191,548.76,0,489.18,91.38
2034-04-12,301.0,190,531.81,0,484.57,72.12
2034-04-13,280.0,214,559.8,0,524.46,71.67
2034-04-14,306.0,212,546.96,0,516.55,71.71
2034-04-15,264.0,194,522.17,0,484.4,77.43
2034-04-16,266.0,193,572.44,0,432.18,69.23
2034-04-17,291.0,210,543.67,1,536.83,100.32
2034-04-18,289.0,201,539.36,0,490.89,73.62
2034-04-19,278.0,190,523.64,0,474.49,91.76
2034-04-20,301.0,197,560.29,0,464.17,84.79
2034-04-21,296.0,185,548.39,0,459.05,65.57
2034-04-22,301.0,212,550.43,0,452.16,71.65
2034-04-23,286.0,182,529.98,0,412.69,66.34
2034-04-24,297.0,192,554.15,1,470.62,91.9
2034-04-25,281.0,204,555.57,0,439.56,60.28
2034-04-26,319.0,187,527.14,0,466.96,62.71
2034-04-27,275.0,205,513.69,1,466.32,77.74
2034-04-28,319.0,200,549.68,0,489.91,89.44
2034-04-29,288.0,206,510.92,0,430.5,64.65
2034-04-30,267.0,197,542.0,0,483.09,83.15
2034-05-01,308.0,227,531.23,1,526.72,102.1
2034-05-02,289.0,199,561.24,0,458.42,72.11
2034-05-03,300.0,221,532.25,1,509.87,100.65
2034-05-04,305.0,202,559.27,0,471.53,66.76
2034-05-05,292.0,221,530.1,0,509.88,77.98
2034-05-06,277.0,210,557.38,0,518.03,65.66
2034-05-07,301.0,200,576.49,0,506.15,81.73
2034-05-08,286.0,205,520.2,0,482.89,71.52
2034-05-09,296.0,196,544.7,0,497.21,95.89
2034-05-10,253.0,196,588.94,0,520.73,83.78
2034-05-11,292.0,186,540.68,0,500.84,86.29
2034-05-12,276.0,191,540.61,0,510.13,86.62
2034-05-13,310.0,219,553.71,0,506.25,80.41
2034-05-14,294.0,197,540.28,1,498.97,99.73
2034-05-15,288.0,192,508.83,0,484.61,77.78
2034-05-16,292.0,198,559.96,0,462.05,77.22
2034-05-17,269.0,198,503.55,0,464.97,90.84
2034-05-18,308.0,212,532.12,1,487.82,91.65
2034-05-19,313.0,194,561.37,0,469.84,71.45
2034-05-20,289.0,203,533.24,0,464.61,69.4
2034-05-21,307.0,209,527.19,0,462.09,73.36
2034-05-22,274.0,211,555.53,0,474.59,76.77
2034-05-23,271.0,205,524.4,1,495.99,92.2
2034-05-24,283.0,204,517.74,0,455.39,62.06
2034-05-25,289.0,186,544.7,0,469.67,59.2
2034-05-26,276.0,190,536.49,0,477.1,69.4
2034-05-27,290.0,186,517.41,0,450.35,72.45
2034-05-28,286.0,207,551.29,1,458.57,85.27
2034-05-29,266.0,199,548.2,1,495.42,95.03
2034-05-30,289.0,182,533.38,0,464.79,76.9
2034-05-31,294.0,193,534.64,0,475.04,72.45
2034-06-01,283.0,180,548.37,0,488.51,70.68
2034-06-02,297.0,210,561.35,0,489.69,82.18
2034-06-03,261.0,201,534.85,1,507.22,95.56
2034-06-04,286.0,207,551.74,0,463.01,66.49
2034-06-05,262.0,192,550.15,0,462.1,78.27
2034-06-06,262.0,185,555.83,0,492.64,85.89
2034-06-07,269.0,208,540.73,0,462.81,79.53
2034-06-08,264.0,207,523.62,1,538.41,107.4
2034-06-09,270.0,215,531.74,0,513.6,76.39
2034-06-10,274.0,191,546.25,0,466.98,80.68
2034-06-11,290.0,192,572.83,0,490.96,77.39
2034-06-12,272.0,216,531.41,1,517.53,111.62
2034-06-13,253.0,216,554.63,1,474.31,94.11
2034-06-14,294.0,207,534.25,1,482.22,92.32
2034-06-15,264.0,229,542.17,0,489.66,90.95
2034-06-16,275.0,193,567.48,0,469.0,71.48
2034-06-17,282.0,193,553.98,1,495.3,95.72
2034-06-18,278.0,195,517.9,1,471.97,103.14
2034-06-19,291.0,192,529.96,0,431.15,74.24
2034-06-20,282.0,210,562.89,0,449.16,72.89
2034-06-21,261.0,203,542.85,1,484.05,87.59
2034-06-22,307.0,210,519.64,0,420.58,61.18
2034-06-23,276.0,199,525.6,0,417.77,65.03
2034-06-24,271.0,205,553.02,0,426.84,63.05
2034-06-25,287.0,208,558.28,1,472.9,85.85
2034-06-26,276.0,198,540.72,0,437.64,69.3
2034-06-27,278.0,212,584.98,1,475.8,95.08
2034-06-28,309.0,188,555.27,0,442.27,68.05
2034-06-29,267.0,188,536.08,0,435.54,65.79
2034-06-30,266.0,197,525.8,0,430.91,74.68
2034-07-01,273.0,223,522.95,1,481.4,94.09
2034-07-02,287.0,178,546.56,0,405.3,63.37
2034-07-03,248.0,173,531.74,0,433.28,73.23
2034-07-04,240.0,201,570.69,1,493.03,89.27
2034-07-05,261.0,204,566.97,0,443.1,69.48
2034-07-06,245.0,204,552.0,1,445.49,92.8
2034-07-07,263.0,181,519.4,0,409.9,64.74
2034-07-08,276.0,194,528.54,0,462.31,71.16
2034-07-09,255.0,175,563.26,0,453.4,72.67
2034-07-10,247.0,209,530.54,1,476.4,74.09
2034-07-11,269.0,189,560.9,0,433.09,68.2
2034-07-12,280.0,202,549.26,1,479.71,90.58
2034-07-13,242.0,197,541.67,0,479.72,91.01
2034-07-14,279.0,194,528.11,0,431.63,69.66
2034-07-15,279.0,187,539.08,0,460.31,76.67
2034-07-16,280.0,212,544.21,1,431.48,82.07
2034-07-17,284.0,200,559.41,0,428.3,83.1
2034-07-18,298.0,174,524.9,0,439.62,76.95
2034-07-19,260.0,199,536.13,1,477.44,77.93
2034-07-20,266.0,181,541.69,0,459.0,81.9
2034-07-21,258.0,179,552.83,0,444.21,64.78
2034-07-22,264.0,197,524.57,0,449.25,67.48
2034-07-23,287.0,187,517.24,0,417.55,58.67
2034-07-24,243.0,190,553.09,0,407.53,76.34
2034-07-25,250.0,194,513.66,1,462.84,93.86
2034-07-26,284.0,194,564.13,0,451.7,80.61
2034-07-27,278.0,197,538.21,0,443.51,77.85
2034-07-28,257.0,222,513.18,1,464.34,90.71
2034-07-29,275.0,189,532.41,0,438.28,68.02
2034-07-30,267.0,186,547.9,1,434.53,81.73
2034-07-31,284.0,185,531.51,0,424.87,64.69
2034-08-01,262.0,199,541.48,0,445.77,65.63
2034-08-02,276.0,182,554.46,0,437.37,65.78
2034-08-03,300.0,175,537.52,0,447.86,87.47
2034-08-04,269.0,182,524.31,0,429.5,66.26
2034-08-05,261.0,184,535.82,0,440.64,77.12
2034-08-06,271.0,179,566.69,0,440.62,84.23
2034-08-07,254.0,192,571.57,0,445.21,76.45
2034-08-08,295.0,189,504.9,0,430.67,63.82
2034-08-09,262.0,197,560.92,0,470.72,70.11
2034-08-10,255.0,185,545.8,0,415.46,67.21
2034-08-11,246.0,195,557.95,0,423.27,82.05
2034-08-12,275.0,184,531.43,0,431.05,78.17
2034-08-13,271.0,178,509.53,0,372.49,62.6
2034-08-14,250.0,183,551.9,0,462.86,72.64
2034-08-15,266.0,173,524.46,0,426.9,70.73
2034-08-16,235.0,207,516.43,0,465.82,75.85
2034-08-17,260.0,190,517.71,0,463.08,75.36
2034-08-18,264.0,191,552.28,1,439.35,75.51
2034-08-19,282.0,185,543.99,0,435.45,63.83
2034-08-20,245.0,164,555.58,0,370.11,61.04
2034-08-21,237.0,203,553.56,0,425.58,60.69
2034-08-22,242.0,212,533.96,1,427.52,75.08
2034-08-23,236.0,189,540.29,0,419.76,67.35
2034-08-24,276.0,191,532.37,0,427.66,70.55
2034-08-25,279.0,175,537.81,0,399.07,70.53
2034-08-26,260.0,186,524.21,1,421.58,70.07
2034-08-27,273.0,171,548.67,0,406.77,57.46
2034-08-28,257.0,186,561.01,0,409.46,73.54
2034-08-29,253.0,198,526.98,0,462.95,85.71
2034-08-30,249.0,184,564.76,0,404.68,58.41
2034-08-31,250.0,191,543.76,0,446.21,65.74
2034-09-01,231.0,197,546.08,0,439.09,73.85
2034-09-02,258.0,181,511.17,1,383.83,71.29
2034-09-03,253.0,206,509.25,0,446.36,71.8
2034-09-04,265.0,209,544.39,1,473.46,82.05
2034-09-05,255.0,193,556.04,0,430.32,73.5
2034-09-06,251.0,207,529.76,1,461.32,83.7
2034-09-07,240.0,207,571.92,1,464.11,83.98
2034-09-08,254.0,190,555.11,0,458.88,65.63
2034-09-09,264.0,202,525.55,0,418.21,71.88
2034-09-10,236.0,183,542.48,0,446.16,68.97
2034-09-11,254.0,192,586.52,0,410.23,65.36
2034-09-12,256.0,200,519.59,0,399.2,71.0
2034-09-13,242.0,170,551.49,1,447.19,75.71
2034-09-14,244.0,192,536.19,0,450.27,71.46
2034-09-15,256.0,194,554.74,0,421.07,57.53
2034-09-16,235.0,170,564.85,0,351.03,53.41
2034-09-17,257.0,190,535.11,0,374.96,67.24
2034-09-18,239.0,179,562.22,0,415.19,56.83
2034-09-19,268.0,201,582.08,1,434.56,81.93
2034-09-20,287.0,186,543.31,0,435.13,80.09
2034-09-21,239.0,188,556.27,1,421.55,81.46
2034-09-22,260.0,198,531.53,0,392.27,59.33
2034-09-23,241.0,183,542.53,0,390.74,56.0
2034-09-24,267.0,190,539.02,0,410.25,53.77
2034-09-25,233.0,200,556.56,0,429.13,78.72
2034-09-26,259.0,178,563.92,0,393.5,60.48
2034-09-27,239.0,187,540.29,0,399.74,53.15
2034-09-28,249.0,192,569.89,1,437.03,74.16
2034-09-29,236.0,184,569.84,0,385.44,55.44
2034-09-30,264.0,209,557.56,0,420.31,64.13
2034-10-01,239.0,192,533.05,0,393.15,76.99
2034-10-02,260.0,190,531.35,0,412.96,71.79
2034-10-03,247.0,192,527.76,0,416.99,69.75
2034-10-04,250.0,191,559.48,0,422.51,75.19
2034-10-05,254.0,179,520.61,1,474.15,100.76
2034-10-06,240.0,210,554.62,0,423.33,71.09
2034-10-07,255.0,173,523.0,0,399.66,72.59
2034-10-08,275.0,205,557.3,0,455.39,68.49
2034-10-09,240.0,193,542.81,0,438.83,64.53
2034-10-10,270.0,189,566.53,0,447.55,64.68
2034-10-11,275.0,194,563.09,1,432.28,81.88
2034-10-12,240.0,213,568.39,0,443.38,53.45
2034-10-13,230.0,194,568.87,0,443.56,79.78
2034-10-14,257.0,198,545.19,1,423.04,75.13
2034-10-15,244.0,192,521.76,1,442.54,87.35
2034-10-16,281.0,181,523.69,0,416.76,57.98
2034-10-17,253.0,188,505.1,0,404.91,71.53
2034-10-18,241.0,188,523.17,1,451.75,92.94
2034-10-19,236.0,195,543.94,0,435.95,70.42
2034-10-20,269.0,181,532.65,0,410.77,68.98
2034-10-21,245.0,198,539.5,0,407.63,58.95
2034-10-22,254.0,198,551.63,0,424.25,68.17
2034-10-23,268.0,187,537.31,0,397.15,69.34
2034-10-24,246.0,194,522.61,0,411.69,64.0
2034-10-25,253.0,194,541.86,0,397.61,72.72
2034-10-26,254.0,184,526.67,1,399.01,63.14
2034-10-27,264.0,206,537.99,0,405.64,62.9
2034-10-28,263.0,186,567.05,0,371.58,48.74
2034-10-29,251.0,195,538.03,0,407.41,67.12
2034-10-30,255.0,196,574.8,0,399.07,62.58
2034-10-31,249.0,164,568.71,0,374.49,58.93
2034-11-01,233.0,182,532.53,0,426.76,73.02
2034-11-02,259.0,197,522.98,0,438.75,68.33
2034-11-03,284.0,190,542.05,0,421.85,85.26
2034-11-04,242.0,206,563.78,1,453.96,89.49
2034-11-05,244.0,200,534.22,1,424.32,78.69
2034-11-06,243.0,201,559.41,0,429.97,64.44
2034-11-07,267.0,190,564.83,0,445.66,65.22
2034-11-08,263.0,204,529.17,0,465.63,77.55
2034-11-09,254.0,180,530.95,0,426.45,64.86
2034-11-10,243.0,188,555.97,0,424.86,74.29
2034-11-11,258.0,184,545.89,0,444.21,70.53
2034-11-12,234.0,204,530.83,1,460.1,84.57
2034-11-13,260.0,197,536.86,1,461.43,86.16
2034-11-14,271.0,188,541.95,0,459.51,72.47
2034-11-15,239.0,183,515.07,0,466.52,76.58
2034-11-16,235.0,196,557.04,1,455.8,98.47
2034-11-17,282.0,190,534.66,0,419.02,70.44
2034-11-18,250.0,170,493.19,0,413.31,68.75
2034-11-19,276.0,168,542.89,0,386.69,66.44
2034-11-20,257.0,191,529.99,0,445.77,70.6
2034-11-21,257.0,163,573.76,0,392.42,57.11
2034-11-22,266.0,199,532.84,1,436.46,60.98
2034-11-23,247.0,187,523.64,0,397.03,51.31
2034-11-24,262.0,197,552.56,0,423.48,72.51
2034-11-25,255.0,185,531.55,0,406.32,67.26
2034-11-26,241.0,217,529.43,1,448.57,81.99
2034-11-27,266.0,210,552.65,1,449.6,99.11
2034-11-28,258.0,177,524.77,0,416.54,66.43
2034-11-29,259.0,199,517.29,1,434.87,65.05
2034-11-30,244.0,207,574.61,0,427.55,73.22
2034-12-01,286.0,185,553.99,0,403.98,71.67
2034-12-02,276.0,192,538.82,0,453.27,77.42
2034-12-03,278.0,206,543.54,0,433.7,77.04
2034-12-04,259.0,187,552.73,0,473.13,63.2
2034-12-05,238.0,204,561.16,0,446.38,72.05
2034-12-06,293.0,184,530.05,0,411.38,60.7
2034-12-07,263.0,164,550.27,0,430.4,72.24
2034-12-08,253.0,205,534.58,0,458.68,83.85
2034-12-09,271.0,198,540.32,0,448.53,69.29
2034-12-10,283.0,198,546.63,0,463.07,78.62
2034-12-11,265.0,183,543.64,0,456.33,67.01
2034-12-12,285.0,194,557.02,1,471.08,87.03
2034-12-13,,215,552.57,1,467.77,82.93
2034-12-14,251.0,196,516.67,0,446.08,83.42
2034-12-15,257.0,193,519.4,0,463.78,66.69
2034-12-16,282.0,196,537.21,0,458.99,74.05
2034-12-17,227.0,220,576.8,1,448.14,92.11
2034-12-18,266.0,202,528.57,0,469.87,61.47
2034-12-19,247.0,200,540.17,1,473.52,90.66
2034-12-20,262.0,181,534.29,0,417.43,67.48
2034-12-21,265.0,211,533.99,1,470.06,82.16
2034-12-22,264.0,186,547.19,0,441.66,78.72
2034-12-23,262.0,194,569.21,1,421.36,88.8
2034-12-24,254.0,209,552.23,0,402.86,68.43
2034-12-25,305.0,214,529.58,1,478.1,86.32
2034-12-26,299.0,200,593.62,0,435.37,60.21
2034-12-27,254.0,184,545.49,0,463.59,75.43
2034-12-28,295.0,224,533.71,1,510.76,93.31
2034-12-29,266.0,207,569.54,0,459.26,72.84
2034-12-30,274.0,193,535.7,0,454.56,69.34
2034-12-31,272.0,191,574.09,0,417.31,63.11
2035-01-01,263.0,208,528.51,1,451.34,83.69
2035-01-02,288.0,202,569.94,1,479.18,79.8
2035-01-03,276.0,219,547.84,0,448.17,78.67
2035-01-04,267.0,193,567.48,0,470.81,69.94
2035-01-05,255.0,197,578.49,1,470.59,87.85
2035-01-06,261.0,213,523.89,0,470.84,73.04
2035-01-07,251.0,202,567.26,1,477.78,93.05
2035-01-08,276.0,216,518.96,1,517.09,100.28
2035-01-09,258.0,205,525.49,0,486.94,81.61
2035-01-10,272.0,198,529.9,0,471.41,67.16
2035-01-11,297.0,199,553.45,1,473.49,86.23
2035-01-12,295.0,208,544.99,1,507.23,106.03
2035-01-13,277.0,197,541.41,1,448.78,80.72
2035-01-14,276.0,198,547.07,0,489.18,85.97
2035-01-15,306.0,207,555.1,0,492.42,78.71
2035-01-16,286.0,216,556.51,0,498.01,77.37
2035-01-17,274.0,188,564.2,0,445.27,72.49
2035-01-18,258.0,197,577.28,0,471.45,69.55
2035-01-19,285.0,194,544.16,0,450.56,78.17
2035-01-20,292.0,202,535.18,0,457.24,67.3
2035-01-21,271.0,185,555.62,0,422.41,71.09
2035-01-22,285.0,201,524.0,1,478.35,96.23
2035-01-23,275.0,193,532.4,1,446.96,85.54
2035-01-24,278.0,186,562.63,0,450.44,68.23
2035-01-25,244.0,194,542.43,0,420.81,68.5
2035-01-26,278.0,217,522.93,0,504.23,75.12
2035-01-27,297.0,204,517.88,0,458.69,71.94
2035-01-28,273.0,201,545.6,0,453.69,69.03
2035-01-29,284.0,214,565.29,0,489.07,72.67
2035-01-30,272.0,205,565.07,0,447.27,75.79
2035-01-31,289.0,206,546.78,0,463.59,81.02
2035-02-01,280.0,197,580.96,0,488.31,85.84
2035-02-02,270.0,195,542.93,0,482.46,78.95
2035-02-03,304.0,189,542.35,0,457.74,83.33
2035-02-04,299.0,196,498.65,0,490.94,73.57
2035-02-05,276.0,199,536.83,0,497.56,89.2
2035-02-06,293.0,205,560.24,0,508.84,88.36
2035-02-07,294.0,202,573.07,0,507.23,81.46
2035-02-08,295.0,209,530.0,1,508.42,95.76
2035-02-09,261.0,193,553.28,0,491.96,86.36
2035-02-10,301.0,207,563.82,0,455.5,77.4
2035-02-11,278.0,208,545.2,1,497.56,94.0
2035-02-12,282.0,206,503.92,0,495.31,75.9
2035-02-13,327.0,184,549.49,0,506.61,74.03
2035-02-14,292.0,206,558.77,0,507.95,82.1
2035-02-15,282.0,211,528.03,0,481.33,68.75
2035-02-16,255.0,209,540.53,0,474.18,81.08
2035-02-17,309.0,201,524.32,0,504.05,67.23
2035-02-18,268.0,223,498.88,1,492.45,93.37
2035-02-19,274.0,191,563.65,0,478.56,74.58
2035-02-20,284.0,213,545.11,1,519.03,92.6
2035-02-21,310.0,212,573.96,1,502.77,90.93
2035-02-22,301.0,224,560.65,1,504.52,71.52
2035-02-23,287.0,194,538.86,1,485.52,86.6
2035-02-24,295.0,194,543.76,0,452.67,66.54
2035-02-25,281.0,222,555.47,0,477.32,70.25
2035-02-26,292.0,180,562.7,0,433.74,89.7
2035-02-27,292.0,223,551.13,1,502.2,82.44
2035-02-28,305.0,198,565.24,0,494.94,82.13
2035-03-01,305.0,207,540.02,0,499.48,73.96
2035-03-02,299.0,229,527.43,1,549.55,94.15
2035-03-03,286.0,208,544.23,0,500.42,69.96
2035-03-04,303.0,219,549.11,0,502.24,88.86
2035-03-05,290.0,200,523.81,0,499.91,89.02
2035-03-06,276.0,201,521.4,0,492.15,74.17
2035-03-07,286.0,213,553.53,0,520.82,90.46
2035-03-08,293.0,201,538.19,0,515.12,74.42
2035-03-09,306.0,221,542.53,1,531.68,95.16
2035-03-10,290.0,217,539.07,0,489.47,83.3
2035-03-11,275.0,214,572.93,0,503.34,72.98
2035-03-12,294.0,190,568.29,0,531.11,79.09
2035-03-13,295.0,202,523.33,0,515.17,82.62
2035-03-14,296.0,208,536.03,0,515.21,82.72
2035-03-15,307.0,203,560.94,0,520.48,74.86
2035-03-16,309.0,207,556.49,0,521.53,100.91
2035-03-17,285.0,209,544.93,0,500.38,73.73
2035-03-18,284.0,201,525.22,0,488.07,85.07
2035-03-19,278.0,204,533.43,0,488.48,82.52
2035-03-20,304.0,194,536.44,0,514.48,76.1
2035-03-21,316.0,201,550.75,0,487.68,81.42
2035-03-22,289.0,191,576.45,0,517.45,76.27
2035-03-23,290.0,217,533.44,1,516.8,96.16
2035-03-24,316.0,204,527.35,0,480.39,82.8
2035-03-25,302.0,197,543.89,0,488.62,74.09
2035-03-26,301.0,234,564.43,1,506.39,96.81
2035-03-27,276.0,204,519.84,0,496.55,75.16
2035-03-28,305.0,219,572.07,1,516.36,96.89
2035-03-29,280.0,200,542.82,0,494.07,79.84
2035-03-30,277.0,212,532.72,1,497.11,89.23
2035-03-31,289.0,210,517.16,0,469.81,62.26
2035-04-01,286.0,203,558.7,0,446.23,76.62
2035-04-02,291.0,216,542.92,1,513.16,110.26
2035-04-03,273.0,224,549.09,1,516.65,96.66
2035-04-04,309.0,201,529.83,0,492.57,74.28
2035-04-05,311.0,203,540.32,1,525.73,98.9
2035-04-06,265.0,191,537.32,0,503.12,89.15
2035-04-07,309.0,221,544.29,0,520.95,93.35
2035-04-08,282.0,216,534.07,0,518.66,90.08
2035-04-09,307.0,213,518.52,0,535.33,89.23
2035-04-10,293.0,202,595.27,0,530.25,90.21
2035-04-11,295.0,193,521.64,0,518.17,83.83
2035-04-12,292.0,204,549.47,0,517.79,75.42
2035-04-13,313.0,206,514.32,0,537.49,82.95
2035-04-14,276.0,195,510.29,0,509.61,79.07
2035-04-15,303.0,192,548.02,0,465.72,76.56
2035-04-16,311.0,189,549.42,0,500.83,66.88
2035-04-17,305.0,223,569.01,1,497.81,95.91
2035-04-18,329.0,194,553.51,0,466.08,60.5
2035-04-19,286.0,209,543.64,0,490.74,81.55
2035-04-20,308.0,202,529.27,0,494.71,87.83
2035-04-21,292.0,212,573.36,0,476.44,82.63
2035-04-22,312.0,210,563.12,0,448.31,65.71
2035-04-23,293.0,204,523.99,0,504.18,85.38
2035-04-24,288.0,208,547.12,0,474.09,80.86
2035-04-25,313.0,215,549.05,1,521.09,109.73
2035-04-26,286.0,200,540.26,0,469.27,77.66
2035-04-27,272.0,226,560.39,1,501.09,100.41
2035-04-28,285.0,202,561.49,0,481.26,73.85
2035-04-29,302.0,205,543.11,0,470.34,69.24
2035-04-30,314.0,192,541.5,0,490.18,84.78
2035-05-01,294.0,209,573.56,0,499.83,86.56
2035-05-02,312.0,200,563.39,0,466.43,70.18
2035-05-03,272.0,211,547.92,1,525.43,87.65
2035-05-04,285.0,197,517.31,0,477.21,77.24
2035-05-05,288.0,205,552.85,0,468.45,75.26
2035-05-06,290.0,186,559.25,0,470.37,76.91
2035-05-07,293.0,212,497.12,0,527.48,91.41
2035-05-08,302.0,205,551.25,0,478.91,84.02
2035-05-09,285.0,211,539.24,1,543.88,100.68
2035-05-10,293.0,190,542.78,0,511.86,74.26
2035-05-11,290.0,210,530.45,0,515.27,76.83
2035-05-12,277.0,199,544.13,0,499.63,75.47
2035-05-13,289.0,218,571.88,0,497.68,78.73
2035-05-14,288.0,210,538.8,0,523.6,79.73
2035-05-15,288.0,220,564.24,0,503.58,78.72
2035-05-16,290.0,206,532.37,0,470.76,75.84
2035-05-17,291.0,216,560.56,0,503.18,75.66
2035-05-18,283.0,210,546.95,0,513.72,84.68
2035-05-19,308.0,210,553.28,1,513.06,108.98
2035-05-20,271.0,207,547.09,0,512.26,80.68
2035-05-21,278.0,196,558.53,0,475.5,71.22
2035-05-22,330.0,225,500.78,0,493.62,81.25
2035-05-23,273.0,213,521.46,1,495.31,85.73
2035-05-24,268.0,205,554.55,0,460.1,72.6
2035-05-25,299.0,208,510.28,0,469.65,70.36
2035-05-26,256.0,203,537.53,1,455.95,77.03
2035-05-27,284.0,217,546.12,0,422.15,61.98
2035-05-28,319.0,194,532.21,0,462.55,69.42
2035-05-29,263.0,191,534.69,0,467.42,67.48
2035-05-30,257.0,202,552.05,0,485.2,86.94
2035-05-31,264.0,201,565.35,1,481.33,92.16
2035-06-01,299.0,229,529.95,1,500.59,99.68
2035-06-02,302.0,211,536.87,1,515.21,84.82
2035-06-03,278.0,181,534.08,1,454.19,82.02
2035-06-04,295.0,205,503.68,0,486.96,80.98
2035-06-05,306.0,209,549.83,0,514.93,95.15
2035-06-06,311.0,199,564.12,0,479.89,71.36
2035-06-07,280.0,189,565.62,0,456.97,64.3
2035-06-08,249.0,202,531.67,0,525.22,85.54
2035-06-09,271.0,198,524.83,0,496.68,74.45
2035-06-10,277.0,203,547.77,1,518.43,109.17
2035-06-11,279.0,192,562.33,0,488.85,82.19
2035-06-12,280.0,214,550.21,1,530.35,95.84
2035-06-13,299.0,211,552.65,0,448.93,69.92
2035-06-14,301.0,207,568.01,0,486.14,76.86
2035-06-15,279.0,195,534.18,1,521.02,82.13
2035-06-16,298.0,218,543.54,1,471.61,87.54
2035-06-17,286.0,210,576.94,0,466.37,71.21
2035-06-18,282.0,216,544.0,0,490.04,83.06
2035-06-19,294.0,192,524.75,0,454.97,66.67
2035-06-20,281.0,211,535.53,1,492.27,96.11
2035-06-21,311.0,207,530.71,0,480.34,80.77
2035-06-22,258.0,196,554.05,0,464.4,75.42
2035-06-23,271.0,207,531.51,0,442.36,79.1
2035-06-24,277.0,201,552.54,0,429.85,56.62
2035-06-25,285.0,193,534.43,0,462.34,77.05
2035-06-26,297.0,203,509.48,1,484.39,89.29
2035-06-27,277.0,223,553.24,1,489.9,90.09
2035-06-28,256.0,201,550.41,1,474.47,80.79
2035-06-29,290.0,189,557.08,0,460.74,63.91
2035-06-30,288.0,214,535.67,1,490.06,97.22
2035-07-01,247.0,200,533.77,0,451.49,77.58
2035-07-02,276.0,187,555.05,0,459.16,85.85
2035-07-03,252.0,195,575.18,0,449.86,85.22
2035-07-04,266.0,192,548.06,0,490.97,67.15
2035-07-05,262.0,193,555.52,0,443.2,69.88
2035-07-06,287.0,225,542.11,0,481.25,78.81
2035-07-07,276.0,207,520.13,1,473.62,94.45
2035-07-08,255.0,191,565.35,0,421.02,76.37
2035-07-09,287.0,220,564.31,0,494.49,71.49
2035-07-10,252.0,208,560.77,0,474.14,72.01
2035-07-11,278.0,216,544.72,1,503.32,103.46
2035-07-12,261.0,191,558.77,0,466.94,62.99
2035-07-13,267.0,211,564.13,0,493.81,71.04
2035-07-14,280.0,207,577.22,0,482.06,80.3
2035-07-15,280.0,200,565.87,0,436.66,83.32
2035-07-16,292.0,181,,0,495.86,66.86
2035-07-17,270.0,198,524.57,0,457.41,73.59
2035-07-18,276.0,216,550.94,0,479.23,80.66
2035-07-19,264.0,200,552.78,0,458.81,83.53
2035-07-20,273.0,194,560.94,0,452.11,75.37
2035-07-21,277.0,196,572.57,0,447.11,59.19
2035-07-22,268.0,206,546.51,1,480.67,79.65
2035-07-23,242.0,190,586.06,0,450.84,81.41
2035-07-24,274.0,197,516.59,0,435.24,72.51
2035-07-25,274.0,222,555.83,1,466.06,78.35
2035-07-26,258.0,211,533.93,0,430.62,72.09
2035-07-27,249.0,190,513.99,0,445.32,73.3
2035-07-28,290.0,210,544.71,0,445.02,54.55
2035-07-29,275.0,205,522.13,0,423.22,54.39
2035-07-30,264.0,203,545.47,0,467.8,77.03
2035-07-31,250.0,201,549.03,0,462.05,88.04
2035-08-01,254.0,197,568.55,1,495.96,93.71
2035-08-02,286.0,203,521.3,1,452.72,67.12
2035-08-03,268.0,205,564.81,0,449.85,61.1
2035-08-04,258.0,184,550.25,0,427.85,72.47
2035-08-05,273.0,196,567.02,1,511.5,100.27
2035-08-06,253.0,199,540.75,0,454.74,71.43
2035-08-07,288.0,188,524.56,0,480.88,73.45
2035-08-08,285.0,204,526.65,0,484.42,83.28
2035-08-09,258.0,188,525.33,0,452.37,79.88
2035-08-10,255.0,198,557.2,0,459.45,78.29
2035-08-11,225.0,199,575.2,0,453.18,66.02
2035-08-12,242.0,191,538.47,0,465.22,80.71
2035-08-13,243.0,203,559.98,1,470.45,84.54
2035-08-14,265.0,189,521.26,0,439.82,66.4
2035-08-15,258.0,195,551.95,0,467.79,70.35
2035-08-16,243.0,186,560.75,0,417.28,66.9
2035-08-17,258.0,193,522.67,0,446.89,75.33
2035-08-18,270.0,203,545.09,0,453.52,58.82
2035-08-19,270.0,184,561.67,0,428.91,63.92
2035-08-20,233.0,200,495.99,1,438.4,78.07
2035-08-21,260.0,200,572.86,0,411.88,72.3
2035-08-22,241.0,174,555.21,0,438.96,64.53
2035-08-23,275.0,223,561.76,1,453.6,81.66
2035-08-24,273.0,205,541.45,0,411.06,70.76
2035-08-25,247.0,179,517.89,0,423.97,68.09
2035-08-26,249.0,174,558.53,0,414.77,75.9
2035-08-27,254.0,205,547.45,1,422.47,77.21
2035-08-28,226.0,183,549.54,0,463.36,87.23
2035-08-29,265.0,204,568.56,0,417.79,79.77
2035-08-30,256.0,198,562.72,0,442.4,73.82
2035-08-31,274.0,196,583.6,0,470.02,78.15
2035-09-01,243.0,199,551.81,1,454.29,87.85
2035-09-02,250.0,210,536.62,0,432.29,74.46
2035-09-03,237.0,202,545.69,0,408.13,66.06
2035-09-04,244.0,200,556.58,0,480.27,85.26
2035-09-05,241.0,206,567.41,0,461.63,77.33
2035-09-06,274.0,184,522.73,0,412.29,74.54
2035-09-07,248.0,207,549.31,0,480.48,66.41
2035-09-08,260.0,191,578.15,0,434.3,70.9
2035-09-09,253.0,197,544.88,0,430.05,75.36
2035-09-10,239.0,202,565.98,1,454.79,76.35
2035-09-11,256.0,175,558.12,0,440.97,73.4
2035-09-12,267.0,213,566.47,1,488.94,94.92
2035-09-13,240.0,176,534.7,0,423.25,78.69
2035-09-14,270.0,184,534.8,0,440.64,68.26
2035-09-15,245.0,189,549.68,0,490.29,80.0
2035-09-16,251.0,174,521.76,0,423.2,64.18
2035-09-17,266.0,193,544.5,1,470.2,85.99
2035-09-18,248.0,196,553.93,0,409.7,75.5
2035-09-19,258.0,190,581.52,0,397.09,63.36
2035-09-20,253.0,191,556.67,0,450.45,67.28
2035-09-21,259.0,184,560.69,0,439.71,69.15
2035-09-22,222.0,194,570.42,0,436.29,66.41
2035-09-23,230.0,190,532.12,0,397.93,61.03
2035-09-24,267.0,177,546.53,0,434.14,65.95
2035-09-25,273.0,202,593.18,1,387.51,68.78
2035-09-26,244.0,191,548.12,1,441.2,73.77
2035-09-27,254.0,203,569.66,0,440.49,70.94
2035-09-28,262.0,190,566.93,0,402.62,58.51
2035-09-29,268.0,229,522.99,1,463.76,93.74
2035-09-30,227.0,203,555.21,0,406.87,63.2
2035-10-01,244.0,192,552.28,0,420.75,69.9
2035-10-02,252.0,209,555.6,1,446.8,85.41
2035-10-03,268.0,173,536.11,0,454.45,60.19
2035-10-04,295.0,213,529.6,1,456.07,82.55
2035-10-05,254.0,186,541.15,0,421.5,78.3
2035-10-06,236.0,195,547.98,0,408.44,60.6
2035-10-07,263.0,187,571.09,0,420.13,81.54
2035-10-08,277.0,188,582.49,0,447.33,75.23
2035-10-09,259.0,192,574.94,0,457.08,76.68
2035-10-10,244.0,195,565.3,0,429.43,70.25
2035-10-11,272.0,194,531.76,0,454.88,79.92
2035-10-12,268.0,194,542.5,0,458.57,80.95
2035-10-13,242.0,178,553.66,0,404.16,64.55
2035-10-14,264.0,227,538.52,1,465.04,83.03
2035-10-15,273.0,196,560.31,0,441.02,61.14
2035-10-16,276.0,209,562.91,1,465.87,91.87
2035-10-17,257.0,201,559.61,1,445.14,82.79
2035-10-18,253.0,186,568.43,0,424.92,62.61
2035-10-19,277.0,196,533.72,0,432.76,65.47
2035-10-20,240.0,207,566.81,1,473.21,87.06
2035-10-21,265.0,207,537.52,0,419.37,60.93
2035-10-22,238.0,215,533.12,0,455.55,73.22
2035-10-23,275.0,209,559.66,0,457.22,62.04
2035-10-24,255.0,177,571.99,0,384.74,58.49
2035-10-25,278.0,190,558.9,0,413.5,58.95
2035-10-26,267.0,198,550.51,0,450.17,73.38
2035-10-27,241.0,191,555.74,0,408.08,59.31
2035-10-28,281.0,204,552.64,1,432.28,76.35
2035-10-29,283.0,184,529.93,1,454.91,99.58
2035-10-30,273.0,204,527.85,0,453.62,78.46
2035-10-31,249.0,176,548.82,0,419.16,70.84
2035-11-01,256.0,180,551.7,0,420.06,75.39
2035-11-02,263.0,185,550.48,0,384.84,64.53
2035-11-03,250.0,194,562.47,0,426.97,59.32
2035-11-04,286.0,179,546.44,0,419.3,58.81
2035-11-05,263.0,185,560.47,0,421.83,50.35
2035-11-06,221.0,207,547.76,0,445.47,72.62
2035-11-07,267.0,205,583.2,1,466.16,78.83
2035-11-08,256.0,210,551.85,1,480.6,84.8
2035-11-09,261.0,184,592.55,0,443.73,68.87
2035-11-10,257.0,196,556.78,0,451.75,68.16
2035-11-11,274.0,195,546.61,0,447.82,71.42
2035-11-12,279.0,188,534.29,0,478.61,74.55
2035-11-13,267.0,206,524.53,1,465.89,83.52
2035-11-14,258.0,178,532.67,0,478.77,65.49
2035-11-15,263.0,201,534.71,0,473.35,77.45
2035-11-16,264.0,193,557.67,0,475.85,91.67
2035-11-17,252.0,204,541.11,1,458.1,86.65
2035-11-18,273.0,206,553.96,0,430.22,83.48
2035-11-19,271.0,201,573.7,0,432.06,65.45
2035-11-20,288.0,204,549.06,1,496.94,90.05
2035-11-21,284.0,186,588.08,0,455.26,72.71
2035-11-22,255.0,211,529.52,0,419.39,66.03
2035-11-23,278.0,184,547.99,0,448.69,79.63
2035-11-24,251.0,214,541.01,1,428.46,65.18
2035-11-25,276.0,192,567.6,1,444.76,79.25
2035-11-26,259.0,207,510.44,0,454.34,84.03
2035-11-27,251.0,208,524.8,0,467.95,71.39
2035-11-28,271.0,179,548.87,0,434.95,75.65
2035-11-29,227.0,203,578.74,0,435.62,73.65
2035-11-30,241.0,202,554.91,0,443.44,70.47
2035-12-01,265.0,206,526.53,0,459.93,75.77
2035-12-02,269.0,202,529.33,0,456.6,72.47
2035-12-03,263.0,199,581.01,1,472.09,72.28
2035-12-04,245.0,197,539.74,0,417.69,69.71
2035-12-05,257.0,216,533.97,0,419.68,63.27
2035-12-06,275.0,188,577.55,0,465.56,64.87
2035-12-07,278.0,203,569.18,0,447.26,74.16
2035-12-08,270.0,211,573.93,0,453.17,74.69
2035-12-09,288.0,190,533.92,0,453.57,79.25
2035-12-10,277.0,186,523.59,0,509.56,79.53
2035-12-11,260.0,197,553.46,1,491.8,97.32
2035-12-12,267.0,204,557.11,0,489.53,78.48
2035-12-13,251.0,188,557.66,0,475.29,78.51
2035-12-14,270.0,199,577.73,0,422.66,70.34
2035-12-15,289.0,214,519.93,0,458.35,64.19
2035-12-16,283.0,200,566.63,0,432.79,71.69
2035-12-17,294.0,193,531.44,0,499.54,80.7
2035-12-18,269.0,212,566.6,1,449.7,81.37
2035-12-19,294.0,211,542.67,1,477.78,89.21
2035-12-20,271.0,216,536.59,1,478.18,106.75
2035-12-21,297.0,228,540.28,1,470.2,73.45
2035-12-22,275.0,206,525.26,0,447.79,70.76
2035-12-23,286.0,222,552.03,0,452.3,77.88
2035-12-24,298.0,207,537.41,0,462.53,65.36
2035-12-25,273.0,205,565.49,1,483.46,92.13
2035-12-26,280.0,225,562.88,0,470.66,77.44
2035-12-27,296.0,201,581.77,0,465.97,63.45
2035-12-28,275.0,192,557.99,0,475.95,71.98
2035-12-29,258.0,226,560.79,0,424.44,79.26
2035-12-30,310.0,196,576.64,0,467.11,63.59
2035-12-31,271.0,195,540.16,0,442.38,67.87
2036-01-01,281.0,198,524.69,0,456.57,71.92
2036-01-02,296.0,205,555.1,0,480.49,76.91
2036-01-03,270.0,213,525.91,0,490.49,75.44
2036-01-04,264.0,177,595.71,0,479.52,77.32
2036-01-05,284.0,213,577.76,0,459.97,73.35
2036-01-06,253.0,208,590.53,1,526.5,103.01
2036-01-07,276.0,200,552.72,0,481.18,83.08
2036-01-08,285.0,222,561.53,0,488.09,81.31
2036-01-09,277.0,207,543.37,0,470.69,76.98
2036-01-10,259.0,219,567.55,1,490.69,79.27
2036-01-11,306.0,204,529.8,0,471.08,76.19
2036-01-12,284.0,213,505.92,0,494.25,87.34
2036-01-13,304.0,231,537.49,1,527.46,84.84
2036-01-14,279.0,191,525.54,1,487.51,80.56
2036-01-15,270.0,216,578.36,0,472.14,86.11
2036-01-16,288.0,221,584.46,0,492.89,67.79
2036-01-17,281.0,211,526.55,0,491.29,77.85
2036-01-18,267.0,199,575.07,0,485.05,73.59
2036-01-19,307.0,195,568.96,0,449.13,81.51
2036-01-20,276.0,240,523.6,1,497.44,94.29
2036-01-21,258.0,207,544.86,1,525.3,103.42
2036-01-22,306.0,222,541.46,0,463.19,74.5
2036-01-23,279.0,221,565.38,1,499.96,107.46
2036-01-24,277.0,227,529.82,0,494.74,73.64
2036-01-25,260.0,204,550.18,0,453.34,74.87
2036-01-26,313.0,191,539.63,0,474.43,84.85
2036-01-27,268.0,207,560.52,0,438.82,79.98
2036-01-28,289.0,192,548.12,0,488.24,76.16
2036-01-29,302.0,234,542.41,0,499.55,64.75
2036-01-30,295.0,214,548.22,0,463.55,71.5
2036-01-31,288.0,216,588.73,0,509.15,94.78
2036-02-01,264.0,226,544.6,1,500.69,86.9
2036-02-02,277.0,201,533.38,0,479.49,78.81
2036-02-03,293.0,207,562.64,0,503.35,78.22
2036-02-04,278.0,219,549.58,1,508.43,93.51
2036-02-05,293.0,228,526.71,0,508.05,91.29
2036-02-06,301.0,207,592.37,1,553.26,104.47
2036-02-07,305.0,201,545.88,0,471.22,89.83
2036-02-08,273.0,215,545.44,1,562.97,112.39
2036-02-09,324.0,212,555.14,1,498.97,93.29
2036-02-10,303.0,194,583.42,0,485.89,77.06
2036-02-11,292.0,182,522.06,0,510.42,84.21
2036-02-12,309.0,191,557.29,0,521.94,73.86
2036-02-13,328.0,220,589.91,0,529.66,76.34
2036-02-14,271.0,209,554.68,0,510.89,87.54
2036-02-15,290.0,218,530.14,0,505.25,87.81
2036-02-16,258.0,204,541.27,0,520.53,72.96
2036-02-17,297.0,209,556.14,0,509.06,88.01
2036-02-18,299.0,236,576.39,1,556.91,101.56
2036-02-19,294.0,226,546.35,0,499.43,73.68
2036-02-20,285.0,220,567.36,0,455.36,70.71
2036-02-21,264.0,212,526.66,0,514.45,89.17
2036-02-22,300.0,216,526.53,0,506.02,85.58
2036-02-23,317.0,214,543.85,0,490.97,80.74
2036-02-24,286.0,209,578.44,0,469.89,77.85
2036-02-25,302.0,217,553.82,1,510.31,85.67
2036-02-26,272.0,232,557.82,1,509.58,98.45
2036-02-27,303.0,198,557.63,0,494.61,75.75
2036-02-28,290.0,226,572.61,0,484.3,92.17
2036-02-29,285.0,208,541.68,0,516.27,79.66
2036-03-01,285.0,208,565.07,1,550.82,120.3
2036-03-02,291.0,216,537.74,1,505.76,92.34
2036-03-03,303.0,203,588.42,0,478.86,75.94
2036-03-04,277.0,206,538.33,0,510.3,79.4
2036-03-05,291.0,206,536.88,0,523.57,73.89
2036-03-06,297.0,205,562.67,0,529.57,95.27
2036-03-07,281.0,209,554.24,0,555.02,89.61
2036-03-08,325.0,211,558.7,0,535.56,90.73
2036-03-09,285.0,230,556.93,1,506.3,105.93
2036-03-10,288.0,210,533.23,0,504.1,79.66
2036-03-11,284.0,225,581.92,1,561.48,103.09
2036-03-12,325.0,212,568.98,0,524.99,85.14
2036-03-13,307.0,218,577.38,0,563.93,79.38
2036-03-14,285.0,213,543.43,0,508.45,67.4
2036-03-15,315.0,206,560.46,0,532.82,73.23
2036-03-16,302.0,213,556.53,1,517.78,105.43
2036-03-17,303.0,215,573.3,0,528.31,81.95
2036-03-18,294.0,225,573.9,0,507.06,87.1
2036-03-19,288.0,210,556.51,0,524.43,81.88
2036-03-20,304.0,206,525.74,0,532.02,72.53
2036-03-21,291.0,220,585.11,1,535.8,106.08
2036-03-22,327.0,217,563.11,1,557.67,95.73
2036-03-23,281.0,206,542.17,0,474.83,80.1
2036-03-24,323.0,208,560.46,1,525.88,104.57
2036-03-25,298.0,210,525.96,0,520.07,82.87
2036-03-26,304.0,215,572.18,0,487.08,81.4
2036-03-27,312.0,212,526.72,1,525.51,86.0
2036-03-28,290.0,204,549.24,0,514.48,104.89
2036-03-29,313.0,203,557.64,0,511.84,85.27
2036-03-30,259.0,199,571.96,0,510.04,87.58
2036-03-31,289.0,203,555.2,0,489.85,85.24
2036-04-01,286.0,211,564.73,0,519.15,81.98
2036-04-02,281.0,200,552.81,0,484.62,78.1
2036-04-03,297.0,222,552.76,1,529.37,106.55
2036-04-04,306.0,206,554.9,0,519.27,80.22
2036-04-05,311.0,204,549.98,0,536.14,88.93
2036-04-06,304.0,227,523.04,1,553.79,106.34
2036-04-07,290.0,207,539.59,0,529.37,78.87
2036-04-08,306.0,208,557.85,0,541.39,90.23
2036-04-09,302.0,236,548.98,1,573.85,91.58
2036-04-10,314.0,214,550.68,1,562.6,111.83
2036-04-11,312.0,229,547.68,0,531.84,97.62
2036-04-12,300.0,210,537.98,0,501.19,87.0
2036-04-13,286.0,202,544.66,0,508.96,92.86
2036-04-14,290.0,207,548.04,0,510.14,75.79
2036-04-15,291.0,214,553.67,0,539.13,84.44
2036-04-16,295.0,226,560.68,0,560.25,90.69
2036-04-17,304.0,221,550.37,0,536.64,86.9
2036-04-18,310.0,214,535.11,0,483.52,74.19
2036-04-19,299.0,226,528.49,0,495.97,72.56
2036-04-20,300.0,204,600.43,1,514.22,108.45
2036-04-21,301.0,215,533.36,0,481.53,71.03
2036-04-22,291.0,216,544.38,0,507.8,93.86
2036-04-23,285.0,216,563.05,0,514.04,86.06
2036-04-24,273.0,197,560.26,0,521.6,85.04
2036-04-25,288.0,203,563.16,0,533.66,89.73
2036-04-26,306.0,211,545.83,0,467.21,85.43
2036-04-27,288.0,224,558.11,0,493.01,59.47
2036-04-28,295.0,242,554.94,1,533.4,101.55
2036-04-29,305.0,206,548.24,0,489.94,79.49
2036-04-30,306.0,199,558.3,0,505.3,82.26
2036-05-01,282.0,221,572.9,0,511.25,89.01
2036-05-02,313.0,239,553.52,0,539.67,81.41
2036-05-03,315.0,223,553.66,0,538.38,76.85
2036-05-04,281.0,205,573.19,0,504.5,70.24
2036-05-05,285.0,251,571.28,1,545.84,93.55
2036-05-06,315.0,219,582.51,0,508.66,86.63
2036-05-07,295.0,204,522.41,0,562.8,94.31
2036-05-08,263.0,231,570.33,0,549.83,95.26
2036-05-09,276.0,213,564.89,1,552.02,98.32
2036-05-10,293.0,206,538.14,0,509.84,78.4
2036-05-11,279.0,219,558.63,0,549.18,101.49
2036-05-12,290.0,222,573.04,1,545.38,109.24
2036-05-13,296.0,222,539.22,1,513.41,100.77
2036-05-14,318.0,212,562.13,0,530.89,70.41
2036-05-15,291.0,223,569.86,0,500.06,94.69
2036-05-16,311.0,188,534.92,0,513.59,81.47
2036-05-17,316.0,214,551.66,0,532.07,86.51
2036-05-18,316.0,209,559.66,0,466.02,77.69
2036-05-19,299.0,204,539.93,0,485.72,78.91
2036-05-20,265.0,214,538.46,1,536.07,97.79
2036-05-21,301.0,185,551.87,0,478.95,77.67
2036-05-22,309.0,203,568.75,0,503.56,85.38
2036-05-23,292.0,234,565.93,1,531.22,105.04
2036-05-24,319.0,229,538.85,1,527.91,107.32
2036-05-25,306.0,209,566.12,0,467.47,67.1
2036-05-26,301.0,197,539.35,0,434.84,66.01
2036-05-27,309.0,219,525.44,0,504.78,87.22
2036-05-28,297.0,224,547.83,0,466.97,63.72
2036-05-29,255.0,221,574.67,0,511.93,83.15
2036-05-30,284.0,201,566.29,0,488.61,72.42
2036-05-31,309.0,202,554.47,0,477.12,80.28
2036-06-01,279.0,227,547.02,0,506.91,74.68
2036-06-02,287.0,198,547.52,0,460.74,71.23
2036-06-03,275.0,215,556.52,0,500.38,77.88
2036-06-04,317.0,192,535.35,0,510.52,83.57
2036-06-05,315.0,207,548.33,0,515.39,89.87
2036-06-06,276.0,215,550.74,0,501.39,87.98
2036-06-07,292.0,209,530.32,0,490.27,79.95
2036-06-08,279.0,225,539.57,1,555.28,93.48
2036-06-09,298.0,197,562.07,0,526.68,104.65
2036-06-10,296.0,201,554.87,0,496.41,78.79
2036-06-11,300.0,214,549.16,0,542.05,88.95
2036-06-12,293.0,216,538.33,0,528.68,86.51
2036-06-13,332.0,211,583.14,0,523.64,86.56
2036-06-14,272.0,218,539.7,0,505.7,74.49
2036-06-15,261.0,202,559.33,1,478.65,91.7
2036-06-16,281.0,214,546.04,1,548.1,116.37
2036-06-17,263.0,227,555.49,0,519.14,67.42
2036-06-18,264.0,221,563.1,0,498.79,80.05
2036-06-19,271.0,215,530.22,0,493.33,70.63
2036-06-20,271.0,207,554.78,0,479.65,83.86
2036-06-21,271.0,228,576.35,1,482.5,97.52
2036-06-22,292.0,212,586.65,0,479.25,75.76
2036-06-23,277.0,193,552.62,0,452.18,72.76
2036-06-24,281.0,218,555.73,0,481.29,70.65
2036-06-25,297.0,199,594.8,0,472.67,58.91
2036-06-26,272.0,225,575.45,1,504.84,91.35
2036-06-27,279.0,191,543.93,0,483.83,75.86
2036-06-28,288.0,223,543.92,0,477.47,76.7
2036-06-29,253.0,204,572.3,0,471.97,52.3
2036-06-30,246.0,196,536.9,0,428.74,57.5
2036-07-01,287.0,200,574.7,0,485.69,66.91
2036-07-02,289.0,203,561.16,0,482.0,77.72
2036-07-03,312.0,206,564.48,0,494.57,83.47
2036-07-04,283.0,220,550.56,0,481.85,68.69
2036-07-05,293.0,207,543.86,0,501.11,78.1
2036-07-06,277.0,184,581.54,0,472.85,71.55
2036-07-07,284.0,194,550.8,0,471.89,89.89
2036-07-08,304.0,234,547.86,0,496.94,76.64
2036-07-09,247.0,217,553.84,1,530.43,94.73
2036-07-10,285.0,215,558.77,0,496.27,73.33
2036-07-11,310.0,202,536.77,0,494.33,65.0
2036-07-12,282.0,205,545.17,1,493.14,96.01
2036-07-13,303.0,201,544.24,0,498.12,77.71
2036-07-14,268.0,207,570.6,0,495.58,76.41
2036-07-15,277.0,211,539.45,1,480.16,90.14
2036-07-16,277.0,224,523.82,0,468.97,63.94
2036-07-17,243.0,209,520.03,1,492.23,104.14
2036-07-18,259.0,194,528.99,0,452.82,60.09
2036-07-19,259.0,213,579.99,0,415.41,77.53
2036-07-20,288.0,224,555.79,1,466.69,86.23
2036-07-21,288.0,205,564.54,0,458.28,70.67
2036-07-22,280.0,198,565.2,0,448.93,76.35
2036-07-23,287.0,195,556.57,1,486.5,87.47
2036-07-24,272.0,226,554.23,1,437.77,87.11
2036-07-25,292.0,213,574.4,0,444.41,73.16
2036-07-26,274.0,209,558.25,1,477.28,93.4
2036-07-27,274.0,204,580.82,0,427.88,75.14
2036-07-28,269.0,201,566.83,0,427.78,67.33
2036-07-29,283.0,220,544.56,0,449.9,78.49
2036-07-30,266.0,193,546.75,0,460.02,77.18
2036-07-31,287.0,197,542.63,0,452.5,81.45
2036-08-01,255.0,196,577.66,0,441.2,68.16
2036-08-02,255.0,206,548.47,0,460.42,83.1
2036-08-03,282.0,204,541.41,0,463.22,68.74
2036-08-04,270.0,215,561.56,1,466.45,72.25
2036-08-05,264.0,194,554.07,0,467.7,65.26
2036-08-06,284.0,218,561.14,0,454.92,70.52
2036-08-07,261.0,198,589.88,0,494.0,80.99
2036-08-08,267.0,214,572.32,0,504.07,80.77
2036-08-09,291.0,244,556.39,1,496.4,97.69
2036-08-10,293.0,194,530.57,0,482.9,68.57
2036-08-11,293.0,206,546.94,0,462.95,86.05
2036-08-12,265.0,201,568.76,0,468.13,84.35
2036-08-13,287.0,222,534.9,0,469.23,81.66
2036-08-14,254.0,199,594.54,0,463.54,82.96
2036-08-15,255.0,204,556.28,0,464.75,63.54
2036-08-16,233.0,214,556.92,1,467.96,91.48
2036-08-17,293.0,201,544.06,0,446.12,76.33
2036-08-18,255.0,209,565.02,0,458.04,79.93
2036-08-19,266.0,203,535.26,0,475.84,82.18
2036-08-20,254.0,206,595.09,0,407.26,67.88
2036-08-21,277.0,214,579.85,1,507.44,96.96
2036-08-22,261.0,195,573.88,0,431.16,76.7
2036-08-23,247.0,199,531.15,0,422.9,63.71
2036-08-24,273.0,207,559.9,0,456.51,75.55
2036-08-25,245.0,207,577.98,0,450.08,68.28
2036-08-26,253.0,214,566.92,0,452.78,71.41
2036-08-27,234.0,230,538.22,1,490.58,71.09
2036-08-28,244.0,196,544.58,0,431.51,63.41
2036-08-29,268.0,202,548.17,0,460.54,70.67
2036-08-30,236.0,199,545.46,0,401.97,61.76
2036-08-31,243.0,190,583.86,0,434.85,67.4
2036-09-01,265.0,206,521.78,0,462.33,65.75
2036-09-02,257.0,209,568.19,0,477.23,73.98
2036-09-03,295.0,190,533.14,0,467.25,82.37
2036-09-04,292.0,197,539.12,0,462.58,71.94
2036-09-05,251.0,206,520.26,1,471.57,96.42
2036-09-06,273.0,185,546.58,0,436.44,77.9
2036-09-07,275.0,200,583.67,0,445.0,67.28
2036-09-08,255.0,199,561.27,1,453.44,87.76
2036-09-09,241.0,212,534.95,1,518.66,85.74
2036-09-10,264.0,203,574.85,0,484.08,69.8
2036-09-11,261.0,214,578.72,1,490.77,91.62
2036-09-12,257.0,205,558.45,0,477.85,80.1
2036-09-13,270.0,216,593.23,0,469.01,86.39
2036-09-14,252.0,202,571.41,1,441.07,80.52
2036-09-15,246.0,203,568.93,1,482.5,90.53
2036-09-16,265.0,207,542.2,0,478.13,77.2
2036-09-17,269.0,199,567.97,0,432.86,80.9
2036-09-18,245.0,211,560.6,0,415.09,74.77
2036-09-19,277.0,206,566.08,0,421.12,69.81
2036-09-20,236.0,219,544.42,0,428.66,73.69
2036-09-21,254.0,199,559.07,0,397.05,65.61
2036-09-22,259.0,185,542.08,0,422.5,74.41
2036-09-23,253.0,204,518.15,0,419.45,72.53
2036-09-24,254.0,209,574.79,1,452.28,81.62
2036-09-25,291.0,206,529.8,0,427.23,68.99
2036-09-26,250.0,207,558.79,0,432.91,70.32
2036-09-27,299.0,205,562.87,1,457.95,85.76
2036-09-28,269.0,190,562.78,0,400.23,60.99
2036-09-29,264.0,209,551.82,1,465.29,88.43
2036-09-30,270.0,176,561.82,0,413.19,62.96
2036-10-01,301.0,201,565.44,0,448.06,67.76
2036-10-02,248.0,196,570.21,0,441.04,69.78
2036-10-03,246.0,209,588.2,0,458.52,75.22
2036-10-04,251.0,180,561.24,0,433.65,77.36
2036-10-05,263.0,200,558.19,0,467.93,79.85
2036-10-06,237.0,216,540.74,0,461.11,81.46
2036-10-07,263.0,207,564.93,0,450.09,83.98
2036-10-08,288.0,210,569.11,0,486.98,73.64
2036-10-09,265.0,204,553.66,0,470.36,80.28
2036-10-10,259.0,184,566.94,0,471.89,80.82
2036-10-11,254.0,202,551.89,0,446.87,73.21
2036-10-12,277.0,205,569.26,0,426.17,73.89
2036-10-13,251.0,190,573.63,0,497.76,80.3
2036-10-14,291.0,199,573.4,0,447.62,76.12
2036-10-15,292.0,172,559.36,0,421.98,58.55
2036-10-16,267.0,197,538.54,0,465.06,74.42
2036-10-17,263.0,196,546.27,0,428.02,73.03
2036-10-18,279.0,215,568.01,0,434.66,76.25
2036-10-19,280.0,195,601.4,0,433.35,63.74
2036-10-20,252.0,198,551.21,0,435.45,69.14
2036-10-21,256.0,200,565.57,0,430.24,61.98
2036-10-22,244.0,205,547.37,1,486.39,87.15
2036-10-23,271.0,208,539.87,0,437.78,72.12
2036-10-24,275.0,181,545.25,0,409.77,71.93
2036-10-25,244.0,223,519.96,1,468.53,93.03
2036-10-26,258.0,201,581.82,0,409.03,66.81
2036-10-27,245.0,215,517.34,0,439.37,66.01
2036-10-28,252.0,174,552.75,0,407.76,64.39
2036-10-29,274.0,177,536.31,0,436.5,86.45
2036-10-30,255.0,199,541.62,0,443.54,61.66
2036-10-31,261.0,207,582.34,0,449.66,63.8
2036-11-01,241.0,196,561.2,0,437.25,71.11
2036-11-02,269.0,208,540.22,0,462.8,78.95
2036-11-03,266.0,222,547.01,1,499.81,98.94
2036-11-04,256.0,209,543.86,0,443.09,72.81
2036-11-05,264.0,203,556.88,0,451.5,61.95
2036-11-06,270.0,203,560.79,0,486.65,76.26
2036-11-07,255.0,196,591.82,0,449.49,60.01
2036-11-08,245.0,202,523.23,0,465.85,77.3
2036-11-09,295.0,192,557.11,0,475.06,79.26
2036-11-10,258.0,195,552.08,0,434.47,68.69
2036-11-11,267.0,218,574.82,1,488.11,81.64
2036-11-12,283.0,198,564.19,0,486.39,71.85
2036-11-13,321.0,196,568.45,0,469.22,63.65
2036-11-14,250.0,218,564.05,1,481.44,88.7
2036-11-15,276.0,207,541.08,0,471.98,97.95
2036-11-16,259.0,201,579.68,0,470.15,74.5
2036-11-17,261.0,202,572.27,0,444.57,68.33
2036-11-18,259.0,208,574.4,0,493.36,80.54
2036-11-19,253.0,213,580.69,0,421.47,60.16
2036-11-20,270.0,216,565.48,1,446.32,75.1
2036-11-21,248.0,192,584.64,0,434.25,65.45
2036-11-22,285.0,202,564.8,0,432.42,74.93
2036-11-23,272.0,200,554.08,0,430.27,71.0
2036-11-24,278.0,194,557.92,0,435.4,68.62
2036-11-25,265.0,210,557.63,0,437.88,74.98
2036-11-26,267.0,210,548.73,0,449.53,83.45
2036-11-27,277.0,212,587.47,0,446.14,76.31
2036-11-28,255.0,195,563.45,0,463.73,67.12
2036-11-29,268.0,207,559.85,0,448.57,59.1
2036-11-30,260.0,215,565.15,1,467.45,74.25
2036-12-01,260.0,208,611.82,0,464.8,80.43
2036-12-02,242.0,207,537.83,0,489.55,72.76
2036-12-03,294.0,205,543.01,0,466.57,80.38
2036-12-04,264.0,204,533.39,0,450.21,68.96
2036-12-05,292.0,217,554.07,0,468.56,77.7
2036-12-06,291.0,197,562.7,0,465.17,79.32
2036-12-07,256.0,214,549.92,1,503.28,87.2
2036-12-08,259.0,217,548.6,0,508.78,87.68
2036-12-09,315.0,198,560.9,0,523.54,78.59
2036-12-10,303.0,209,549.32,1,527.45,92.02
2036-12-11,276.0,214,563.96,0,475.97,82.02
2036-12-12,281.0,193,578.46,0,480.07,81.36
2036-12-13,268.0,214,570.61,0,435.56,72.7
2036-12-14,284.0,202,574.3,0,467.45,67.06
2036-12-15,267.0,211,578.01,0,473.55,73.04
2036-12-16,248.0,195,563.57,0,427.6,72.84
2036-12-17,259.0,219,555.64,0,525.68,102.12
2036-12-18,280.0,196,544.62,0,465.68,87.16
2036-12-19,263.0,215,551.5,0,435.26,66.59
2036-12-20,279.0,206,549.13,1,473.7,82.95
2036-12-21,264.0,226,571.75,0,499.66,92.91
2036-12-22,269.0,208,564.84,0,508.02,85.86
2036-12-23,294.0,228,571.16,0,482.31,73.79
2036-12-24,285.0,201,537.75,0,469.71,76.05
2036-12-25,282.0,214,584.43,1,516.28,85.84
2036-12-26,295.0,221,550.99,0,476.6,83.47
2036-12-27,290.0,195,538.9,0,466.27,84.39
2036-12-28,304.0,202,550.81,0,481.0,88.07
2036-12-29,276.0,224,603.45,1,482.05,97.32
2036-12-30,277.0,209,551.78,1,530.89,95.66
2036-12-31,264.0,225,552.93,1,491.71,97.56
2037-01-01,278.0,212,555.34,0,478.14,86.98
2037-01-02,299.0,195,556.14,0,491.41,85.59
2037-01-03,304.0,220,544.77,0,511.69,88.42
2037-01-04,300.0,198,561.44,0,499.49,81.35
2037-01-05,259.0,218,578.24,0,504.12,73.81
2037-01-06,302.0,212,564.56,0,515.89,96.9
2037-01-07,259.0,206,538.92,0,525.94,83.86
2037-01-08,300.0,200,552.74,0,508.39,90.6
2037-01-09,282.0,224,549.03,1,519.53,115.42
2037-01-10,298.0,203,559.93,0,486.45,84.46
2037-01-11,268.0,224,582.95,0,522.19,92.75
2037-01-12,306.0,224,556.34,0,503.4,73.48
2037-01-13,266.0,228,557.45,0,483.82,72.13
2037-01-14,279.0,215,591.06,0,502.92,90.01
2037-01-15,274.0,218,574.85,1,524.05,92.63
2037-01-16,263.0,209,569.43,0,516.99,72.32
2037-01-17,291.0,219,594.37,1,482.01,77.16
2037-01-18,317.0,225,567.96,1,521.5,94.78
2037-01-19,331.0,217,523.4,0,527.44,82.58
2037-01-20,292.0,235,574.17,1,507.56,101.5
2037-01-21,308.0,223,530.54,1,520.55,88.58
2037-01-22,295.0,209,567.36,1,467.04,96.05
2037-01-23,299.0,219,528.39,1,532.06,88.75
2037-01-24,287.0,239,550.86,1,526.24,87.99
2037-01-25,295.0,198,552.73,0,475.25,77.03
2037-01-26,301.0,221,545.44,0,473.61,76.16
2037-01-27,285.0,220,553.04,1,531.14,102.88
2037-01-28,292.0,205,577.93,0,491.54,69.98
2037-01-29,293.0,218,546.51,0,449.79,74.35
2037-01-30,307.0,230,569.19,0,531.37,71.64
2037-01-31,279.0,218,542.02,0,521.86,66.31
2037-02-01,294.0,212,556.01,0,528.12,98.98
2037-02-02,324.0,202,565.27,0,490.49,86.18
2037-02-03,313.0,214,541.52,0,485.22,77.61
2037-02-04,316.0,202,535.87,0,513.45,66.57
2037-02-05,296.0,212,568.35,0,536.86,82.21
2037-02-06,301.0,215,579.74,0,511.85,85.34
2037-02-07,312.0,192,558.12,0,479.54,73.42
2037-02-08,320.0,229,551.33,0,544.53,99.88
2037-02-09,268.0,203,562.38,0,517.62,87.7
2037-02-10,278.0,214,560.6,0,542.91,79.35
2037-02-11,317.0,221,563.99,0,537.79,73.17
2037-02-12,294.0,229,514.13,0,533.62,92.38
2037-02-13,288.0,208,540.42,0,523.64,90.39
2037-02-14,280.0,191,544.47,0,494.93,84.8
2037-02-15,290.0,237,562.42,1,530.34,111.52
2037-02-16,278.0,214,563.07,1,515.08,98.83
2037-02-17,331.0,220,571.19,0,535.22,86.39
2037-02-18,299.0,221,564.4,0,544.61,93.38
2037-02-19,299.0,184,536.37,0,490.76,87.61
2037-02-20,309.0,201,585.85,0,545.06,92.83
2037-02-21,315.0,212,582.71,0,507.52,81.44
2037-02-22,315.0,191,537.19,0,494.83,86.36
2037-02-23,317.0,204,565.85,0,520.57,84.04
2037-02-24,292.0,219,549.16,0,531.06,81.08
2037-02-25,297.0,227,562.4,1,525.63,98.2
2037-02-26,313.0,221,578.88,0,528.61,82.05
2037-02-27,294.0,222,598.28,0,538.73,85.5
2037-02-28,302.0,211,573.48,1,514.82,88.71
2037-03-01,308.0,205,565.29,0,505.5,88.46
2037-03-02,314.0,235,553.88,1,537.53,101.17
2037-03-03,276.0,233,563.3,0,522.95,89.25
2037-03-04,313.0,208,584.52,0,522.42,87.37
2037-03-05,299.0,221,559.26,0,518.8,75.99
2037-03-06,314.0,226,544.13,0,542.73,97.61
2037-03-07,315.0,221,530.95,0,539.18,84.45
2037-03-08,327.0,216,569.35,0,542.55,83.87
2037-03-09,324.0,212,564.59,0,529.36,86.4
2037-03-10,324.0,238,548.53,0,546.21,89.31
2037-03-11,325.0,220,578.65,0,567.83,113.0
2037-03-12,308.0,223,552.61,0,537.76,90.85
2037-03-13,304.0,222,557.8,0,564.68,86.24
2037-03-14,317.0,221,559.94,1,539.26,115.12
2037-03-15,315.0,219,553.94,0,540.4,73.25
2037-03-16,300.0,226,564.53,1,576.93,102.56
2037-03-17,311.0,216,581.03,0,485.06,73.57
2037-03-18,304.0,222,539.76,0,554.44,88.67
2037-03-19,292.0,210,569.13,0,553.41,91.42
2037-03-20,324.0,217,563.46,1,543.3,104.06
2037-03-21,306.0,234,563.15,1,547.23,104.66
2037-03-22,336.0,224,576.09,1,520.3,101.17
2037-03-23,281.0,216,561.31,0,526.24,83.72
2037-03-24,297.0,210,569.08,1,584.0,119.34
2037-03-25,306.0,229,573.35,0,481.64,65.42
2037-03-26,322.0,225,551.4,0,515.46,62.74
2037-03-27,311.0,226,565.89,0,540.94,92.56
2037-03-28,310.0,223,556.01,0,537.78,83.37
2037-03-29,288.0,204,558.15,0,475.3,88.29
2037-03-30,288.0,222,554.76,0,512.39,90.0
2037-03-31,310.0,213,569.06,0,514.66,86.89
2037-04-01,285.0,210,562.07,0,511.7,78.14
2037-04-02,297.0,235,567.72,1,556.18,108.53
2037-04-03,313.0,236,560.32,0,517.42,79.71
2037-04-04,291.0,235,531.79,0,528.87,85.09
2037-04-05,330.0,226,561.24,0,518.74,80.46
2037-04-06,324.0,229,561.84,1,569.29,107.53
2037-04-07,282.0,227,565.09,1,552.77,100.18
2037-04-08,291.0,211,550.05,0,541.01,94.68
2037-04-09,271.0,217,539.24,0,525.03,87.57
2037-04-10,294.0,239,572.02,1,595.9,105.69
2037-04-11,317.0,248,555.88,1,564.94,100.72
2037-04-12,299.0,211,563.9,0,534.06,75.28
2037-04-13,312.0,200,555.77,0,538.02,70.33
2037-04-14,282.0,224,560.75,1,564.28,112.29
2037-04-15,317.0,229,552.79,0,550.16,85.09
2037-04-16,297.0,240,543.47,0,565.94,80.22
2037-04-17,305.0,233,569.45,0,538.84,89.81
2037-04-18,304.0,232,550.08,0,514.39,76.74
2037-04-19,286.0,211,563.91,0,514.81,81.83
2037-04-20,287.0,221,568.37,1,533.28,88.32
2037-04-21,319.0,206,550.44,0,520.34,88.32
2037-04-22,311.0,223,539.35,1,523.06,97.46
2037-04-23,320.0,239,604.71,1,571.43,110.0
2037-04-24,309.0,236,551.56,0,512.75,78.75
2037-04-25,306.0,233,572.3,1,555.83,104.89
2037-04-26,278.0,217,596.01,0,501.88,69.34
2037-04-27,300.0,209,575.34,0,531.7,103.21
2037-04-28,303.0,218,555.73,0,504.68,83.89
2037-04-29,333.0,221,559.95,0,487.22,90.43
2037-04-30,314.0,205,546.19,0,486.15,75.84
2037-05-01,327.0,228,577.07,0,583.51,84.17
2037-05-02,312.0,215,571.41,0,504.51,77.0
2037-05-03,292.0,228,551.98,0,544.64,86.78
2037-05-04,305.0,229,542.5,1,531.58,97.41
2037-05-05,306.0,232,537.5,1,565.26,120.36
2037-05-06,289.0,212,579.06,0,542.03,79.77
2037-05-07,297.0,215,563.49,0,596.15,89.98
2037-05-08,299.0,225,565.21,0,539.39,92.07
2037-05-09,326.0,217,546.55,0,520.19,70.85
2037-05-10,271.0,218,535.04,1,553.71,102.1
2037-05-11,320.0,230,578.73,1,551.26,103.15
2037-05-12,287.0,222,562.18,0,551.53,91.83
2037-05-13,281.0,232,577.77,0,544.57,89.98
2037-05-14,,230,554.51,0,532.17,101.01
2037-05-15,312.0,218,557.22,0,548.34,80.46
2037-05-16,319.0,223,574.34,1,546.75,95.86
2037-05-17,312.0,216,574.7,0,534.54,90.41
2037-05-18,331.0,223,575.9,1,584.37,110.09
2037-05-19,308.0,223,556.25,0,517.04,85.45
2037-05-20,297.0,228,572.64,0,516.38,71.74
2037-05-21,305.0,230,581.56,0,496.37,95.66
2037-05-22,318.0,214,559.73,0,525.2,87.59
2037-05-23,287.0,222,552.4,1,505.34,81.5
2037-05-24,289.0,223,585.83,1,523.93,101.73
2037-05-25,294.0,198,549.9,0,522.36,74.93
2037-05-26,267.0,205,573.03,0,484.56,84.28
2037-05-27,300.0,217,560.67,0,498.05,69.86
2037-05-28,269.0,221,528.59,0,526.45,92.18
2037-05-29,298.0,222,582.07,0,525.35,74.44
2037-05-30,310.0,209,512.14,0,508.44,73.92
2037-05-31,290.0,212,526.09,0,489.57,79.34
2037-06-01,322.0,224,571.31,1,510.26,89.72
2037-06-02,274.0,213,571.33,0,498.57,75.62
2037-06-03,314.0,223,550.38,0,504.52,69.15
2037-06-04,306.0,203,564.54,0,528.92,82.01
2037-06-05,270.0,205,516.33,0,521.89,90.42
2037-06-06,336.0,213,574.65,0,505.77,95.17
2037-06-07,294.0,202,566.44,0,500.79,86.34
2037-06-08,281.0,197,561.14,0,528.14,89.93
2037-06-09,273.0,201,562.36,0,513.58,69.17
2037-06-10,291.0,223,570.88,1,538.28,99.35
2037-06-11,292.0,222,561.5,0,570.39,85.69
2037-06-12,295.0,222,528.31,0,518.79,71.25
2037-06-13,289.0,231,601.59,0,532.5,75.04
2037-06-14,302.0,216,583.69,0,519.27,88.29
2037-06-15,287.0,218,538.97,0,489.09,74.17
2037-06-16,263.0,213,555.91,0,497.54,68.6
2037-06-17,290.0,223,557.89,1,549.71,96.45
2037-06-18,256.0,236,581.58,0,510.83,83.95
2037-06-19,297.0,227,523.31,1,499.43,87.34
2037-06-20,276.0,218,553.22,0,496.61,70.44
2037-06-21,293.0,203,530.53,0,469.21,68.6
2037-06-22,310.0,219,557.11,0,508.05,88.03
2037-06-23,276.0,221,553.75,0,547.63,70.55
2037-06-24,306.0,225,563.71,0,505.21,78.8
2037-06-25,283.0,220,551.41,0,503.7,79.72
2037-06-26,315.0,213,548.8,0,486.6,72.34
2037-06-27,283.0,222,573.49,1,475.66,81.16
2037-06-28,276.0,213,570.54,0,496.4,86.75
2037-06-29,298.0,215,572.31,0,480.65,83.97
2037-06-30,281.0,226,559.22,0,492.86,79.64
2037-07-01,275.0,224,552.13,0,533.83,81.06
2037-07-02,280.0,221,560.3,0,492.84,79.69
2037-07-03,286.0,233,571.48,0,532.53,88.43
2037-07-04,306.0,186,523.3,0,487.73,77.22
2037-07-05,257.0,208,569.59,0,475.3,79.12
2037-07-06,286.0,213,568.08,0,513.03,79.36
2037-07-07,295.0,206,563.66,0,491.54,55.41
2037-07-08,288.0,203,559.87,0,523.04,82.17
2037-07-09,304.0,195,516.39,0,528.93,90.06
2037-07-10,283.0,219,554.68,1,531.36,98.55
2037-07-11,281.0,221,594.83,0,527.37,87.1
2037-07-12,293.0,220,562.87,0,503.56,78.52
2037-07-13,285.0,204,557.13,0,520.74,81.81
2037-07-14,277.0,214,562.98,0,562.7,91.47
2037-07-15,290.0,225,569.09,0,556.89,105.34
2037-07-16,273.0,196,574.58,0,485.46,83.81
2037-07-17,273.0,210,558.62,0,497.83,84.95
2037-07-18,274.0,214,570.41,0,457.19,74.55
2037-07-19,302.0,211,592.96,0,492.63,68.98
2037-07-20,233.0,220,580.91,0,488.69,87.17
2037-07-21,287.0,196,604.95,0,457.83,79.48
2037-07-22,281.0,201,551.02,0,495.64,82.02
2037-07-23,255.0,228,593.03,1,491.15,90.54
2037-07-24,285.0,194,548.65,0,454.41,76.43
2037-07-25,287.0,219,569.26,0,470.97,73.72
2037-07-26,288.0,215,576.1,0,451.3,77.14
2037-07-27,239.0,218,553.75,0,467.37,68.91
2037-07-28,299.0,206,564.54,0,505.29,66.37
2037-07-29,267.0,215,579.37,0,459.41,65.23
2037-07-30,288.0,198,550.22,0,481.72,78.09
2037-07-31,289.0,216,593.07,1,484.82,87.5
2037-08-01,264.0,210,538.12,0,443.69,70.01
2037-08-02,287.0,201,597.97,0,462.78,65.05
2037-08-03,271.0,212,581.1,0,535.74,88.14
2037-08-04,246.0,198,561.48,0,490.91,70.91
2037-08-05,294.0,212,555.87,0,498.92,83.54
2037-08-06,265.0,227,554.01,0,484.47,67.23
2037-08-07,263.0,197,560.72,0,475.11,70.04
2037-08-08,270.0,219,562.31,1,470.95,80.25
2037-08-09,279.0,193,585.79,0,508.4,85.72
2037-08-10,274.0,201,598.66,0,492.76,75.43
2037-08-11,283.0,216,566.83,0,498.1,82.87
2037-08-12,254.0,204,548.04,0,488.3,86.48
2037-08-13,263.0,226,553.46,1,553.06,117.08
2037-08-14,272.0,222,560.0,1,514.07,96.89
2037-08-15,302.0,208,544.78,0,468.65,67.24
2037-08-16,272.0,198,542.12,0,497.18,88.88
2037-08-17,290.0,215,601.11,0,477.02,87.14
2037-08-18,274.0,211,568.83,0,438.58,69.78
2037-08-19,266.0,193,548.4,0,429.39,77.2
2037-08-20,269.0,198,578.12,0,455.47,75.15
2037-08-21,270.0,180,542.23,0,454.24,61.37
2037-08-22,281.0,194,543.73,0,457.95,68.94
2037-08-23,293.0,205,549.03,0,427.54,65.17
2037-08-24,277.0,197,593.28,0,446.46,69.0
2037-08-25,290.0,199,558.97,0,436.44,63.72
2037-08-26,257.0,232,519.59,1,503.64,85.89
2037-08-27,265.0,218,585.34,0,484.16,87.24
2037-08-28,260.0,201,558.07,0,490.51,65.7
2037-08-29,276.0,215,530.31,0,456.23,68.04
2037-08-30,265.0,230,557.92,1,512.03,99.5
2037-08-31,282.0,214,573.02,0,452.16,68.56
2037-09-01,257.0,210,570.93,0,468.24,77.73
2037-09-02,271.0,218,,0,450.8,69.41
2037-09-03,280.0,215,548.35,0,486.03,80.95
2037-09-04,239.0,195,564.56,0,469.0,67.74
2037-09-05,302.0,215,551.15,1,439.19,69.01
2037-09-06,265.0,212,536.0,1,506.69,90.69
2037-09-07,239.0,219,579.72,0,497.18,66.21
2037-09-08,272.0,211,572.14,1,488.33,89.85
2037-09-09,270.0,200,568.93,0,482.28,68.94
2037-09-10,268.0,217,571.52,0,453.97,64.98
2037-09-11,284.0,210,551.52,0,466.36,84.92
2037-09-12,280.0,228,545.78,0,509.33,83.58
2037-09-13,273.0,208,564.58,1,459.04,74.34
2037-09-14,276.0,202,584.82,0,471.54,75.1
2037-09-15,267.0,228,592.89,1,469.23,85.8
2037-09-16,295.0,194,578.28,0,470.91,60.73
2037-09-17,246.0,220,564.51,0,478.04,78.98
2037-09-18,271.0,195,568.86,0,469.83,81.89
2037-09-19,269.0,213,564.23,0,457.51,70.3
2037-09-20,281.0,188,545.57,0,464.08,72.22
2037-09-21,256.0,207,564.5,0,439.59,66.66
2037-09-22,242.0,193,540.05,0,419.57,69.56
2037-09-23,271.0,226,561.87,0,445.92,69.68
2037-09-24,272.0,196,593.57,0,416.57,65.34
2037-09-25,291.0,198,578.95,0,448.11,66.26
2037-09-26,249.0,212,547.54,0,433.5,82.63
2037-09-27,286.0,211,562.88,1,468.95,84.93
2037-09-28,304.0,214,549.18,0,426.28,72.68
2037-09-29,263.0,200,563.09,0,449.32,73.68
2037-09-30,249.0,199,582.98,0,474.35,57.68
2037-10-01,262.0,217,576.01,1,492.07,88.3
2037-10-02,268.0,205,608.99,1,441.12,73.98
2037-10-03,277.0,211,585.76,0,455.71,79.59
2037-10-04,259.0,216,567.99,0,444.43,62.67
2037-10-05,292.0,212,576.53,0,476.34,79.75
2037-10-06,252.0,223,560.72,1,489.12,97.8
2037-10-07,242.0,188,544.08,0,498.65,81.88
2037-10-08,285.0,202,587.9,0,478.59,76.6
2037-10-09,234.0,215,582.58,1,501.92,89.87
2037-10-10,265.0,232,560.1,1,494.44,90.56
2037-10-11,315.0,201,569.39,0,478.6,66.96
2037-10-12,268.0,184,586.82,0,462.61,75.25
2037-10-13,252.0,197,579.73,0,484.91,85.23
2037-10-14,268.0,211,538.18,1,485.88,83.53
2037-10-15,268.0,186,568.93,0,489.65,78.48
2037-10-16,271.0,217,561.54,0,483.7,76.64
2037-10-17,279.0,192,584.61,0,445.6,73.39
2037-10-18,254.0,222,583.16,1,491.1,86.9
2037-10-19,295.0,197,588.35,0,468.97,64.42
2037-10-20,273.0,223,544.52,0,482.1,69.04
2037-10-21,280.0,205,550.55,0,457.72,57.32
2037-10-22,260.0,203,584.73,0,446.02,76.56
2037-10-23,289.0,223,554.05,1,482.69,92.18
2037-10-24,266.0,198,537.33,0,425.21,67.94
2037-10-25,274.0,214,574.33,0,462.84,69.21
2037-10-26,256.0,203,554.91,0,478.05,75.33
2037-10-27,255.0,202,597.0,0,460.84,73.54
2037-10-28,281.0,217,570.13,1,507.25,89.88
2037-10-29,264.0,207,567.7,1,497.18,88.37
2037-10-30,258.0,206,558.19,0,452.85,81.35
2037-10-31,261.0,212,593.5,0,469.08,66.25
2037-11-01,282.0,185,571.33,0,420.4,73.53
2037-11-02,262.0,229,557.55,1,500.61,80.48
2037-11-03,270.0,217,550.63,0,454.2,83.63
2037-11-04,272.0,200,563.62,1,489.48,73.01
2037-11-05,243.0,189,547.36,0,439.42,73.37
2037-11-06,250.0,227,583.5,1,528.61,92.57
2037-11-07,278.0,227,532.45,1,492.27,89.84
2037-11-08,262.0,215,562.51,0,494.51,78.12
2037-11-09,289.0,195,576.02,0,482.04,81.51
2037-11-10,288.0,228,571.22,0,461.69,60.29
2037-11-11,284.0,202,552.17,0,476.39,76.0
2037-11-12,301.0,212,576.98,0,481.08,78.31
2037-11-13,273.0,212,549.17,0,486.59,73.03
2037-11-14,284.0,226,564.74,0,510.76,80.87
2037-11-15,266.0,211,576.89,0,502.91,75.46
2037-11-16,311.0,214,573.51,0,481.06,80.97
2037-11-17,305.0,209,553.05,0,454.89,75.27
2037-11-18,275.0,198,586.77,0,454.06,74.13
2037-11-19,281.0,187,566.8,0,471.85,80.18
2037-11-20,296.0,211,578.63,0,470.51,84.08
2037-11-21,274.0,196,592.8,0,417.97,60.66
2037-11-22,266.0,224,585.42,1,467.73,102.12
2037-11-23,290.0,212,585.48,0,494.74,82.08
2037-11-24,278.0,212,568.81,0,472.76,72.09
2037-11-25,280.0,201,579.65,0,463.64,90.18
2037-11-26,265.0,222,569.22,0,463.69,71.3
2037-11-27,252.0,216,543.63,0,459.75,65.21
2037-11-28,282.0,200,570.87,0,466.53,71.08
2037-11-29,292.0,232,570.05,0,476.88,72.31
2037-11-30,275.0,210,575.97,0,492.7,86.85
2037-12-01,300.0,199,563.18,0,489.72,77.53
2037-12-02,269.0,204,551.79,0,481.33,77.74
2037-12-03,264.0,197,577.34,0,488.52,78.63
2037-12-04,279.0,226,541.9,0,487.37,86.5
2037-12-05,279.0,223,591.82,0,488.22,75.75
2037-12-06,292.0,220,561.41,0,519.17,81.47
2037-12-07,269.0,218,570.02,0,503.42,75.35
2037-12-08,302.0,235,575.67,1,530.45,94.79
2037-12-09,311.0,211,576.27,0,512.67,86.07
2037-12-10,281.0,217,540.3,0,485.01,82.9
2037-12-11,301.0,205,580.51,0,509.88,94.58
2037-12-12,267.0,212,571.16,0,525.97,83.33
2037-12-13,299.0,218,554.29,0,481.37,75.11
2037-12-14,299.0,183,552.25,0,497.59,82.58
2037-12-15,297.0,208,559.75,0,500.84,76.61
2037-12-16,284.0,216,542.4,0,500.12,75.21
2037-12-17,240.0,213,596.8,0,490.7,80.89
2037-12-18,275.0,210,592.57,0,506.71,78.1
2037-12-19,276.0,220,573.97,0,460.69,71.71
2037-12-20,271.0,218,561.84,1,510.75,99.13
2037-12-21,287.0,203,562.33,0,485.69,79.97
2037-12-22,280.0,227,579.55,0,457.6,86.95
2037-12-23,274.0,226,597.56,0,498.39,86.63
2037-12-24,271.0,209,555.67,0,484.75,71.98
2037-12-25,276.0,215,545.84,0,468.66,72.18
2037-12-26,304.0,224,593.84,0,485.68,67.71
2037-12-27,278.0,216,533.83,0,451.0,65.58
2037-12-28,280.0,231,547.87,1,502.79,102.54
2037-12-29,282.0,221,561.6,0,497.65,77.55
2037-12-30,294.0,213,537.97,0,464.15,64.61
2037-12-31,296.0,231,586.1,1,504.62,78.62
2038-01-01,244.0,207,581.52,0,476.21,65.68
2038-01-02,305.0,221,555.77,0,503.18,74.45
2038-01-03,312.0,226,589.17,1,535.19,99.04
2038-01-04,275.0,213,592.25,0,495.71,76.37
2038-01-05,276.0,205,564.14,0,494.3,84.27
2038-01-06,285.0,219,558.09,0,526.2,76.81
2038-01-07,280.0,218,606.89,0,526.88,93.99
2038-01-08,295.0,209,579.22,0,510.1,80.57
2038-01-09,263.0,202,570.87,0,542.78,90.58
2038-01-10,276.0,201,590.82,0,511.45,77.84
2038-01-11,316.0,225,571.73,1,549.77,110.09
2038-01-12,280.0,221,557.22,0,520.55,72.92
2038-01-13,313.0,247,567.78,1,580.79,96.7
2038-01-14,300.0,228,585.06,1,559.64,95.39
2038-01-15,267.0,212,530.52,1,500.7,101.46
2038-01-16,304.0,217,561.22,0,495.87,77.58
2038-01-17,293.0,231,591.32,0,503.36,73.38
2038-01-18,289.0,212,557.23,0,512.58,80.5
2038-01-19,300.0,230,594.29,0,532.49,86.57
2038-01-20,303.0,221,591.95,0,492.83,70.89
2038-01-21,307.0,226,565.32,0,513.74,83.43
2038-01-22,315.0,238,556.29,0,554.51,87.59
2038-01-23,303.0,201,561.37,0,490.42,74.75
2038-01-24,277.0,229,614.52,0,485.43,68.45
2038-01-25,291.0,219,600.32,0,482.45,83.62
2038-01-26,342.0,211,568.86,0,503.18,76.97
2038-01-27,309.0,219,555.67,0,492.84,57.16
2038-01-28,334.0,247,568.75,1,542.53,103.27
2038-01-29,320.0,244,571.05,1,561.11,107.01
2038-01-30,303.0,201,544.3,0,502.85,87.49
2038-01-31,304.0,213,568.14,0,501.53,83.35
2038-02-01,300.0,241,590.52,1,521.06,97.48
2038-02-02,274.0,221,534.35,0,547.03,83.53
2038-02-03,301.0,221,581.64,0,530.07,80.96
2038-02-04,319.0,206,591.53,0,537.93,91.52
2038-02-05,292.0,214,556.71,0,520.77,82.1
2038-02-06,308.0,208,597.32,0,520.44,72.05
2038-02-07,315.0,205,554.41,0,518.36,80.26
2038-02-08,289.0,209,574.8,0,515.21,82.01
2038-02-09,296.0,213,561.36,0,526.97,68.58
2038-02-10,288.0,215,561.37,0,544.74,93.26
2038-02-11,291.0,214,555.81,0,550.26,88.05
2038-02-12,284.0,233,579.51,0,537.1,74.96
2038-02-13,290.0,214,582.24,0,505.17,78.57
2038-02-14,325.0,237,565.82,0,534.52,84.7
2038-02-15,290.0,218,542.52,0,554.07,96.51
2038-02-16,306.0,227,574.28,0,523.07,90.89
2038-02-17,297.0,228,574.64,0,538.85,94.93
2038-02-18,323.0,214,563.16,0,519.66,86.08
2038-02-19,325.0,220,600.69,0,556.05,83.52
2038-02-20,318.0,218,538.95,0,507.62,74.31
2038-02-21,310.0,227,527.21,0,532.52,79.61
2038-02-22,302.0,222,553.98,0,547.34,87.03
2038-02-23,288.0,216,579.95,0,553.03,88.28
2038-02-24,336.0,225,548.17,0,505.11,88.61
2038-02-25,295.0,227,549.54,0,500.98,78.25
2038-02-26,317.0,253,584.34,1,585.99,90.62
2038-02-27,323.0,225,575.57,0,542.81,77.14
2038-02-28,299.0,224,574.05,0,509.58,74.07
2038-03-01,323.0,239,581.35,1,499.69,85.12
2038-03-02,319.0,215,559.65,0,539.96,63.67
2038-03-03,334.0,207,560.5,0,509.55,93.52
2038-03-04,301.0,221,581.92,0,529.11,67.34
2038-03-05,289.0,245,543.15,1,579.99,102.31
2038-03-06,301.0,237,528.81,0,553.66,94.05
2038-03-07,312.0,206,559.6,0,569.16,96.1
2038-03-08,310.0,232,584.18,0,555.92,76.69
2038-03-09,303.0,203,572.04,0,531.81,94.72
2038-03-10,280.0,240,582.89,1,602.85,121.12
2038-03-11,316.0,229,531.19,0,574.05,90.29
2038-03-12,339.0,208,573.18,0,552.55,88.63
2038-03-13,316.0,235,579.29,0,557.2,81.52
2038-03-14,319.0,253,543.23,1,574.22,108.4
2038-03-15,318.0,235,583.08,1,597.63,112.59
2038-03-16,316.0,237,565.57,1,615.99,109.46
2038-03-17,324.0,250,622.88,1,571.96,111.35
2038-03-18,316.0,214,528.43,0,556.93,91.88
2038-03-19,305.0,225,592.28,1,536.64,125.14
2038-03-20,298.0,217,560.57,0,508.47,74.48
2038-03-21,307.0,236,538.57,1,566.09,116.04
2038-03-22,315.0,226,558.21,0,541.46,79.71
2038-03-23,306.0,220,572.71,0,514.86,86.45
2038-03-24,315.0,223,586.41,0,538.1,65.11
2038-03-25,317.0,221,598.76,0,553.84,84.36
2038-03-26,323.0,221,593.37,0,507.64,84.82
2038-03-27,330.0,218,550.42,0,559.23,91.49
2038-03-28,312.0,218,588.16,0,534.44,69.44
2038-03-29,291.0,216,574.88,1,562.86,100.65
2038-03-30,306.0,234,556.08,1,562.84,116.59
2038-03-31,312.0,217,564.07,1,593.29,118.92
2038-04-01,283.0,244,555.12,1,589.03,117.46
2038-04-02,332.0,221,568.59,0,542.97,106.03
2038-04-03,313.0,225,554.81,0,556.1,74.42
2038-04-04,317.0,222,549.46,0,528.51,81.43
2038-04-05,331.0,234,576.6,1,577.59,107.12
2038-04-06,302.0,249,579.32,1,618.46,107.63
2038-04-07,320.0,213,564.64,0,567.11,91.8
2038-04-08,309.0,220,592.66,1,594.21,121.52
2038-04-09,308.0,227,563.37,0,590.63,95.48
2038-04-10,299.0,221,562.63,0,563.04,71.47
2038-04-11,336.0,240,579.99,1,566.81,110.62
2038-04-12,305.0,233,565.74,0,602.72,96.3
2038-04-13,321.0,215,569.67,0,572.34,72.87
2038-04-14,283.0,232,522.79,0,574.99,86.69
2038-04-15,328.0,216,568.48,0,560.22,75.05
2038-04-16,326.0,227,535.31,0,583.28,90.81
2038-04-17,312.0,214,546.24,0,576.81,87.93
2038-04-18,307.0,227,544.2,0,533.07,73.1
2038-04-19,316.0,226,549.49,0,571.3,93.56
2038-04-20,345.0,215,558.4,0,546.1,78.51
2038-04-21,284.0,222,559.54,1,516.4,105.79
2038-04-22,322.0,234,580.28,0,517.7,84.14
2038-04-23,296.0,221,572.34,0,543.21,84.79
2038-04-24,310.0,236,534.14,0,549.8,98.31
2038-04-25,306.0,231,569.88,1,556.06,105.04
2038-04-26,303.0,239,574.13,0,556.15,91.88
2038-04-27,309.0,226,562.51,1,605.69,111.46
2038-04-28,292.0,241,567.34,0,552.05,85.73
2038-04-29,325.0,228,571.89,0,535.73,88.96
2038-04-30,282.0,240,582.24,1,558.66,116.12
2038-05-01,317.0,216,540.15,0,559.62,60.83
2038-05-02,304.0,233,564.12,0,510.23,95.94
2038-05-03,291.0,233,595.69,0,573.6,83.1
2038-05-04,312.0,222,594.06,0,549.55,89.51
2038-05-05,285.0,204,583.9,0,523.98,70.34
2038-05-06,309.0,214,578.26,0,521.49,95.1
2038-05-07,287.0,214,598.4,0,579.63,80.72
2038-05-08,315.0,230,603.16,0,533.15,94.28
2038-05-09,294.0,231,566.34,1,568.67,103.15
2038-05-10,301.0,221,551.23,0,538.86,84.9
2038-05-11,312.0,219,563.83,0,598.06,84.39
2038-05-12,295.0,240,624.46,0,567.44,101.17
2038-05-13,306.0,225,540.49,0,531.81,83.91
2038-05-14,284.0,227,560.29,0,546.52,93.33
2038-05-15,316.0,229,543.35,1,591.28,91.06
2038-05-16,333.0,234,571.05,1,545.31,93.59
2038-05-17,348.0,215,547.17,0,541.68,88.71
2038-05-18,307.0,228,566.88,0,570.18,77.73
2038-05-19,317.0,213,533.76,0,544.25,90.03
2038-05-20,279.0,242,580.0,1,536.07,93.85
2038-05-21,328.0,217,590.9,0,538.29,79.85
2038-05-22,316.0,234,562.01,0,522.02,87.54
2038-05-23,297.0,243,566.51,0,525.34,85.4
2038-05-24,323.0,224,566.02,0,547.73,78.4
2038-05-25,300.0,237,572.24,0,535.21,94.65
2038-05-26,297.0,241,568.31,1,547.1,105.36
2038-05-27,311.0,210,582.85,0,515.6,66.92
2038-05-28,287.0,225,591.23,0,544.21,84.6
2038-05-29,318.0,229,554.41,0,502.75,83.25
2038-05-30,287.0,230,563.51,0,472.01,74.73
2038-05-31,287.0,225,585.33,0,522.54,57.56
2038-06-01,289.0,225,543.53,0,537.12,86.45
2038-06-02,313.0,223,533.67,0,525.71,90.09
2038-06-03,292.0,224,573.23,0,524.06,83.21
2038-06-04,281.0,221,578.11,1,545.17,101.31
2038-06-05,292.0,221,556.2,0,525.69,92.15
2038-06-06,300.0,208,558.8,0,497.45,67.77
2038-06-07,283.0,218,555.56,0,552.83,94.56
2038-06-08,283.0,217,553.66,0,487.14,80.42
2038-06-09,332.0,216,581.76,0,557.29,75.59
2038-06-10,287.0,212,548.05,0,545.61,93.01
2038-06-11,294.0,225,564.54,0,555.39,103.91
2038-06-12,293.0,219,553.04,0,490.84,80.99
2038-06-13,292.0,218,543.16,0,532.88,89.69
2038-06-14,308.0,208,585.04,0,523.21,75.35
2038-06-15,312.0,229,560.04,1,591.19,103.88
2038-06-16,293.0,233,572.81,0,544.68,78.83
2038-06-17,279.0,233,542.29,0,508.74,84.42
2038-06-18,316.0,225,556.11,0,495.69,75.46
2038-06-19,295.0,218,583.09,0,495.91,75.03
2038-06-20,322.0,227,616.07,0,528.23,90.09
2038-06-21,262.0,214,533.95,0,530.75,98.21
2038-06-22,299.0,218,565.92,0,514.68,81.67
2038-06-23,324.0,213,576.98,0,510.99,69.69
2038-06-24,290.0,240,558.49,1,526.94,97.8
2038-06-25,291.0,238,584.89,1,531.1,99.78
2038-06-26,299.0,230,554.02,1,540.55,106.74
2038-06-27,286.0,248,572.41,1,515.83,92.93
2038-06-28,289.0,224,560.26,0,520.1,90.09
2038-06-29,288.0,224,591.63,0,497.4,85.01
2038-06-30,284.0,223,557.53,0,528.95,82.27
2038-07-01,311.0,217,563.39,1,540.84,106.71
2038-07-02,299.0,211,586.76,0,528.9,92.0
2038-07-03,296.0,219,551.26,0,540.82,77.68
2038-07-04,304.0,219,571.02,0,455.02,79.36
2038-07-05,288.0,225,536.99,0,536.94,84.94
2038-07-06,280.0,213,550.24,0,527.08,82.38
2038-07-07,282.0,220,576.72,0,531.89,84.24
2038-07-08,291.0,230,552.03,1,552.73,112.55
2038-07-09,274.0,220,560.08,0,529.06,94.48
2038-07-10,282.0,229,578.78,1,542.28,104.2
2038-07-11,282.0,205,559.49,0,524.54,86.05
2038-07-12,321.0,206,584.75,1,557.1,102.19
2038-07-13,247.0,209,573.84,0,512.95,102.83
2038-07-14,286.0,213,577.82,0,514.02,76.96
2038-07-15,314.0,207,592.34,0,516.16,79.12
2038-07-16,290.0,218,575.78,0,506.49,83.34
2038-07-17,299.0,239,597.74,1,563.49,96.58
2038-07-18,289.0,225,586.46,0,473.39,83.19
2038-07-19,277.0,223,560.66,0,519.83,71.7
2038-07-20,253.0,228,593.38,0,515.52,76.96
2038-07-21,289.0,208,574.87,0,481.99,74.21
2038-07-22,274.0,213,563.04,0,495.93,71.88
2038-07-23,274.0,224,575.17,0,517.61,90.9
2038-07-24,278.0,213,590.2,0,467.19,65.54
2038-07-25,311.0,213,578.39,0,502.48,73.14
2038-07-26,321.0,246,603.02,1,543.77,95.08
2038-07-27,288.0,218,589.8,0,472.41,81.56
2038-07-28,277.0,234,579.68,0,470.71,85.57
2038-07-29,266.0,199,551.81,0,480.09,80.58
2038-07-30,291.0,210,567.06,0,461.43,64.74
2038-07-31,310.0,221,571.61,0,425.32,64.09
2038-08-01,279.0,217,582.88,0,470.4,86.36
2038-08-02,247.0,206,581.83,1,547.39,101.5
2038-08-03,293.0,214,573.43,0,488.69,67.59
2038-08-04,297.0,241,572.57,0,520.42,100.39
2038-08-05,258.0,219,583.39,0,514.65,77.95
2038-08-06,284.0,222,554.99,0,506.41,80.48
2038-08-07,288.0,219,600.98,1,507.41,88.66
2038-08-08,280.0,228,533.63,1,542.97,92.67
2038-08-09,269.0,216,596.7,0,507.14,91.0
2038-08-10,296.0,227,569.71,0,512.76,83.55
2038-08-11,274.0,226,588.59,0,526.88,86.79
2038-08-12,258.0,219,577.11,0,484.07,68.16
2038-08-13,249.0,216,576.81,0,475.19,73.9
2038-08-14,299.0,198,580.58,0,451.53,68.03
2038-08-15,289.0,198,585.18,0,491.42,72.54
2038-08-16,280.0,216,564.72,0,492.68,82.28
2038-08-17,272.0,224,589.29,0,511.76,79.29
2038-08-18,271.0,228,551.16,0,494.47,84.25
2038-08-19,262.0,206,570.6,0,451.6,77.14
2038-08-20,272.0,200,585.77,0,467.11,71.69
2038-08-21,246.0,224,588.65,0,484.81,80.87
2038-08-22,267.0,206,579.05,0,453.42,69.4
2038-08-23,273.0,199,563.7,0,489.82,72.58
2038-08-24,287.0,210,586.94,0,462.05,66.58
2038-08-25,277.0,209,558.77,0,482.89,77.89
2038-08-26,289.0,228,602.37,0,442.51,65.88
2038-08-27,297.0,223,569.34,0,472.65,85.39
2038-08-28,293.0,207,543.17,0,450.68,83.1
2038-08-29,284.0,228,549.4,0,440.32,73.59
2038-08-30,276.0,225,571.71,1,520.18,98.13
2038-08-31,261.0,225,573.46,0,467.71,74.96
2038-09-01,287.0,227,606.41,0,472.31,92.39
2038-09-02,301.0,211,552.29,0,510.48,96.7
2038-09-03,281.0,220,571.71,0,492.16,77.24
2038-09-04,304.0,210,551.95,0,493.5,77.49
2038-09-05,253.0,233,562.17,1,468.57,88.98
2038-09-06,258.0,215,601.37,0,475.29,67.64
2038-09-07,288.0,223,550.63,0,541.88,72.07
2038-09-08,279.0,239,581.67,1,542.52,89.48
2038-09-09,295.0,219,578.19,0,479.46,74.54
2038-09-10,275.0,213,570.7,0,500.29,72.96
2038-09-11,262.0,213,580.51,0,461.64,83.94
2038-09-12,271.0,194,550.3,1,518.68,84.52
2038-09-13,251.0,206,601.01,0,440.58,61.67
2038-09-14,257.0,233,605.87,1,520.03,81.9
2038-09-15,289.0,223,572.09,0,498.35,74.91
2038-09-16,287.0,216,614.88,1,482.5,86.38
2038-09-17,280.0,225,564.1,1,499.33,91.78
2038-09-18,248.0,212,578.51,0,469.41,74.86
2038-09-19,269.0,220,597.09,0,429.35,64.69
2038-09-20,256.0,235,563.08,0,453.63,65.42
2038-09-21,292.0,230,546.49,1,493.65,94.43
2038-09-22,265.0,217,542.37,1,468.91,80.42
2038-09-23,257.0,213,608.49,0,453.99,77.96
2038-09-24,274.0,227,561.9,0,470.23,64.78
2038-09-25,264.0,209,568.1,1,448.79,77.99
2038-09-26,296.0,207,551.43,0,451.73,86.11
2038-09-27,263.0,220,588.55,0,473.06,91.15
2038-09-28,253.0,226,557.43,0,485.72,67.8
2038-09-29,241.0,219,562.68,0,442.7,78.85
2038-09-30,273.0,217,576.93,1,478.49,100.1
2038-10-01,265.0,229,552.41,1,510.11,102.5
2038-10-02,252.0,218,568.37,0,435.23,69.2
2038-10-03,292.0,217,596.84,0,474.48,62.18
2038-10-04,284.0,222,579.33,1,507.29,94.49
2038-10-05,273.0,214,573.99,0,434.98,72.28
2038-10-06,294.0,204,575.53,0,477.46,78.1
2038-10-07,284.0,238,564.68,0,510.27,85.29
2038-10-08,262.0,215,607.63,0,488.14,72.16
2038-10-09,258.0,219,557.1,0,473.36,72.3
2038-10-10,286.0,211,575.54,0,486.27,60.34
2038-10-11,280.0,222,573.83,0,519.06,89.98
2038-10-12,277.0,201,589.94,0,499.52,73.2
2038-10-13,262.0,206,591.66,1,490.82,88.97
2038-10-14,283.0,214,571.24,0,463.07,75.85
2038-10-15,263.0,234,577.07,0,506.99,76.86
2038-10-16,273.0,236,577.77,1,478.57,80.84
2038-10-17,296.0,216,530.98,1,482.52,91.12
2038-10-18,265.0,229,543.3,1,508.34,80.44
2038-10-19,251.0,208,561.03,0,495.27,84.94
2038-10-20,259.0,218,561.83,0,500.83,85.09
2038-10-21,290.0,219,550.37,0,478.11,72.56
2038-10-22,279.0,224,585.47,0,465.64,71.05
2038-10-23,273.0,199,572.04,0,426.36,61.9
2038-10-24,268.0,202,568.16,0,489.37,75.49
2038-10-25,283.0,214,549.43,0,463.3,72.73
2038-10-26,263.0,214,571.26,1,498.6,89.86
2038-10-27,280.0,204,524.8,0,469.5,85.32
2038-10-28,265.0,217,569.17,0,461.3,61.71
2038-10-29,263.0,206,573.26,0,457.41,66.96
2038-10-30,267.0,237,576.49,0,445.57,76.18
2038-10-31,271.0,220,544.01,1,509.51,109.96
2038-11-01,276.0,212,576.23,0,478.93,70.42
2038-11-02,280.0,218,553.45,0,516.52,90.48
2038-11-03,222.0,200,557.6,0,467.31,66.71
2038-11-04,265.0,220,585.16,0,487.79,75.2
2038-11-05,272.0,219,608.51,0,474.52,76.0
2038-11-06,300.0,212,573.2,0,481.86,72.11
2038-11-07,262.0,218,557.59,0,463.66,71.27
2038-11-08,281.0,220,575.72,0,513.39,71.64
2038-11-09,301.0,240,589.24,1,537.99,104.97
2038-11-10,259.0,241,583.54,0,543.22,79.6
2038-11-11,285.0,205,621.76,0,471.33,70.72
2038-11-12,267.0,203,559.52,0,521.0,77.25
2038-11-13,272.0,217,576.96,0,470.7,70.17
2038-11-14,268.0,196,600.32,0,485.44,78.72
2038-11-15,269.0,223,599.21,0,477.74,76.89
2038-11-16,321.0,218,537.38,0,506.25,100.13
2038-11-17,293.0,220,572.44,0,446.93,69.87
2038-11-18,297.0,214,599.24,0,478.89,75.9
2038-11-19,288.0,219,624.57,0,493.09,88.78
2038-11-20,257.0,232,585.23,1,531.93,100.2
2038-11-21,287.0,219,565.96,0,432.09,68.49
2038-11-22,298.0,204,554.43,0,479.71,75.79
2038-11-23,269.0,229,612.56,1,494.22,92.87
2038-11-24,297.0,236,585.76,0,454.45,79.36
2038-11-25,293.0,220,557.39,0,462.9,83.41
2038-11-26,311.0,219,569.02,0,478.63,83.99
2038-11-27,277.0,233,578.28,0,489.19,81.7
2038-11-28,267.0,211,582.51,0,472.66,77.12
2038-11-29,278.0,237,556.55,1,490.33,105.7
2038-11-30,306.0,213,561.7,0,457.54,69.95
2038-12-01,257.0,229,543.03,0,507.29,86.48
2038-12-02,254.0,227,591.52,0,497.36,88.34
2038-12-03,286.0,215,566.67,0,535.59,94.08
2038-12-04,279.0,216,581.23,0,487.5,72.42
2038-12-05,286.0,229,598.46,0,527.49,106.67
2038-12-06,300.0,201,576.84,0,519.65,96.17
2038-12-07,278.0,215,570.87,0,531.51,93.49
2038-12-08,258.0,236,576.41,1,550.91,93.6
2038-12-09,318.0,216,574.08,0,533.11,93.13
2038-12-10,272.0,221,595.39,0,475.86,59.64
2038-12-11,272.0,199,578.58,0,495.37,77.53
2038-12-12,304.0,211,563.2,0,495.76,80.11
2038-12-13,282.0,227,591.88,0,550.11,84.31
2038-12-14,288.0,213,595.19,0,497.67,91.45
2038-12-15,296.0,207,548.97,0,508.51,82.15
2038-12-16,306.0,231,600.67,0,539.96,78.61
2038-12-17,285.0,236,579.66,1,545.3,107.04
2038-12-18,313.0,210,578.22,0,501.82,83.29
2038-12-19,258.0,222,591.26,0,517.03,69.13
2038-12-20,302.0,211,562.95,0,510.13,91.86
2038-12-21,278.0,220,590.35,0,493.25,79.67
2038-12-22,312.0,233,566.42,1,504.61,100.81
2038-12-23,294.0,214,546.67,0,510.52,84.83
2038-12-24,282.0,229,555.28,0,490.22,75.96
2038-12-25,302.0,231,583.47,0,492.24,81.89
2038-12-26,306.0,225,556.26,0,517.19,81.97
2038-12-27,303.0,226,602.28,0,504.7,82.95
2038-12-28,278.0,218,594.73,1,513.65,99.66
2038-12-29,287.0,236,597.34,0,510.67,82.83
2038-12-30,294.0,222,575.61,0,508.75,84.95
2038-12-31,294.0,214,578.02,0,493.74,76.24
2039-01-01,306.0,234,551.91,1,567.16,100.06
2039-01-02,265.0,231,591.34,0,502.07,86.17
2039-01-03,301.0,228,580.28,0,547.42,99.5
2039-01-04,292.0,213,583.67,0,507.09,77.2
2039-01-05,284.0,231,603.87,0,548.87,90.41
2039-01-06,286.0,223,562.59,0,540.81,75.1
2039-01-07,294.0,239,571.25,1,566.51,120.14
2039-01-08,243.0,216,579.42,0,524.9,93.01
2039-01-09,287.0,235,556.72,0,544.81,82.4
2039-01-10,285.0,226,570.2,0,540.29,83.59
2039-01-11,307.0,236,582.47,0,548.42,97.69
2039-01-12,287.0,209,567.76,0,548.34,89.18
2039-01-13,296.0,211,597.2,0,514.76,87.25
2039-01-14,323.0,223,546.46,0,518.66,75.31
2039-01-15,315.0,240,593.89,0,540.82,91.21
2039-01-16,314.0,245,585.6,0,496.87,78.39
2039-01-17,293.0,217,563.48,0,497.84,81.89
2039-01-18,309.0,226,557.1,0,571.11,87.97
2039-01-19,298.0,227,536.31,0,562.77,88.26
2039-01-20,299.0,233,559.47,0,521.07,84.18
2039-01-21,308.0,245,592.65,1,575.19,101.36
2039-01-22,293.0,215,572.81,0,529.29,102.7
2039-01-23,325.0,227,594.77,0,526.51,75.91
2039-01-24,301.0,206,562.7,0,515.01,86.26
2039-01-25,313.0,235,586.61,0,544.06,89.52
2039-01-26,326.0,223,560.99,0,544.74,93.38
2039-01-27,319.0,215,556.54,0,538.88,66.01
2039-01-28,283.0,230,572.01,0,499.74,67.31
2039-01-29,311.0,224,561.99,0,562.8,85.42
2039-01-30,318.0,240,546.21,0,581.39,101.05
2039-01-31,319.0,219,570.72,0,501.25,78.21
2039-02-01,289.0,250,575.94,0,563.61,87.6
2039-02-02,296.0,236,596.87,0,592.48,94.94
2039-02-03,321.0,241,590.92,0,580.41,85.54
2039-02-04,295.0,218,596.04,0,570.48,95.3
2039-02-05,302.0,246,587.07,0,525.87,85.65
2039-02-06,331.0,216,580.11,0,562.98,94.32
2039-02-07,307.0,236,552.02,1,590.08,122.58
2039-02-08,297.0,242,576.86,0,585.81,91.71
2039-02-09,295.0,234,584.92,0,546.44,88.33
2039-02-10,313.0,216,600.43,0,539.93,78.41
2039-02-11,289.0,240,586.57,0,565.94,79.92
2039-02-12,305.0,232,596.57,0,546.46,87.37
2039-02-13,314.0,225,555.68,0,547.23,88.4
2039-02-14,329.0,224,568.4,1,570.11,111.37
2039-02-15,320.0,234,582.03,0,558.75,94.22
2039-02-16,299.0,238,595.22,1,564.18,106.53
2039-02-17,328.0,231,571.73,0,556.23,103.05
2039-02-18,306.0,214,572.88,0,515.85,80.12
2039-02-19,292.0,226,586.75,0,543.92,85.48
2039-02-20,308.0,235,554.13,0,542.72,89.14
2039-02-21,333.0,259,603.35,1,554.39,92.72
2039-02-22,314.0,228,558.62,0,570.73,97.21
2039-02-23,312.0,245,539.93,0,534.46,86.09
2039-02-24,336.0,238,574.66,0,574.49,92.7
2039-02-25,291.0,233,605.07,0,550.27,92.52
2039-02-26,293.0,220,585.08,0,547.31,90.66
2039-02-27,288.0,221,588.06,0,532.49,88.48
2039-02-28,318.0,237,575.3,0,565.45,87.17
2039-03-01,315.0,236,571.84,1,593.87,123.85
2039-03-02,336.0,225,546.79,0,594.9,82.14
2039-03-03,317.0,229,533.95,0,581.1,87.0
2039-03-04,307.0,230,578.17,0,571.24,86.66
2039-03-05,314.0,250,598.29,1,554.52,96.59
2039-03-06,316.0,226,580.87,0,507.82,67.95
2039-03-07,289.0,249,585.92,1,593.56,124.45
2039-03-08,355.0,236,603.23,0,568.46,96.43
2039-03-09,322.0,215,580.66,0,557.79,83.96
2039-03-10,318.0,235,572.55,0,579.66,98.81
2039-03-11,324.0,215,560.05,1,605.1,110.49
2039-03-12,325.0,223,611.2,0,553.33,86.12
2039-03-13,313.0,236,584.3,0,587.59,85.55
2039-03-14,306.0,232,557.86,0,578.64,92.73
2039-03-15,324.0,214,553.78,0,571.15,85.97
2039-03-16,321.0,221,597.44,0,608.58,88.5
2039-03-17,303.0,206,556.23,0,563.25,98.19
2039-03-18,337.0,229,608.29,1,588.28,101.58
2039-03-19,320.0,248,525.32,1,591.47,121.88
2039-03-20,327.0,227,600.57,0,587.43,87.69
2039-03-21,337.0,234,583.74,0,564.13,77.54
2039-03-22,316.0,232,577.13,0,567.92,95.34
2039-03-23,321.0,233,571.86,0,555.85,85.21
2039-03-24,328.0,253,609.07,1,582.09,93.88
2039-03-25,305.0,230,587.79,0,542.07,88.8
2039-03-26,317.0,252,558.82,1,557.44,92.21
2039-03-27,318.0,218,544.16,1,587.44,91.15
2039-03-28,302.0,244,578.31,0,546.89,93.06
2039-03-29,351.0,220,575.12,0,523.51,95.45
2039-03-30,295.0,222,547.8,0,552.84,85.18
2039-03-31,297.0,226,574.18,0,575.02,102.45
2039-04-01,336.0,244,564.87,0,594.98,102.35
2039-04-02,327.0,234,575.39,1,549.61,107.18
2039-04-03,301.0,226,588.31,0,574.13,90.4
2039-04-04,326.0,223,602.13,0,609.81,92.12
2039-04-05,338.0,235,591.64,0,564.78,93.28
2039-04-06,316.0,240,562.31,0,577.35,97.99
2039-04-07,355.0,250,581.96,0,567.77,80.11
2039-04-08,291.0,257,576.48,0,626.88,97.25
2039-04-09,327.0,239,551.38,0,545.57,85.74
2039-04-10,334.0,236,582.55,0,567.7,88.43
2039-04-11,330.0,221,608.82,0,596.31,89.37
2039-04-12,313.0,252,576.0,0,578.35,80.98
2039-04-13,312.0,235,546.74,0,563.36,87.57
2039-04-14,323.0,240,576.0,1,601.96,108.85
2039-04-15,328.0,237,553.63,0,629.84,96.31
2039-04-16,325.0,226,591.04,0,556.96,94.54
2039-04-17,332.0,209,584.97,0,548.17,76.45
2039-04-18,301.0,238,572.46,0,548.18,90.01
2039-04-19,312.0,246,569.6,0,579.89,77.18
2039-04-20,302.0,238,571.76,0,581.91,92.53
2039-04-21,310.0,243,575.75,1,570.36,86.22
2039-04-22,331.0,233,561.72,0,570.58,83.68
2039-04-23,317.0,234,550.66,0,532.44,85.02
2039-04-24,355.0,234,596.16,0,509.38,70.61
2039-04-25,318.0,232,568.74,0,561.91,77.95
2039-04-26,316.0,243,578.71,1,616.43,123.12
2039-04-27,317.0,248,580.86,0,535.48,72.86
2039-04-28,305.0,237,581.54,0,557.31,88.18
2039-04-29,314.0,233,554.63,0,580.48,105.73
2039-04-30,332.0,249,545.61,1,569.4,106.56
2039-05-01,316.0,239,565.2,0,520.7,83.54
2039-05-02,302.0,242,582.94,0,564.35,84.26
2039-05-03,300.0,225,562.74,0,588.11,87.83
2039-05-04,307.0,237,569.47,1,575.23,104.97
2039-05-05,315.0,234,614.17,1,592.38,91.85
2039-05-06,332.0,240,542.68,0,555.98,97.4
2039-05-07,293.0,249,562.33,1,582.71,109.62
2039-05-08,309.0,219,610.08,0,564.7,75.55
2039-05-09,315.0,236,575.16,0,581.2,101.94
2039-05-10,285.0,246,563.27,0,571.73,97.3
2039-05-11,300.0,239,597.04,1,606.01,116.1
2039-05-12,302.0,235,577.01,0,590.49,114.29
2039-05-13,300.0,239,569.77,0,592.23,95.61
2039-05-14,315.0,218,579.52,0,550.27,100.67
2039-05-15,310.0,243,564.23,1,570.08,105.68
2039-05-16,303.0,244,557.79,0,612.62,102.18
2039-05-17,318.0,225,574.08,0,566.25,85.9
2039-05-18,337.0,240,557.94,0,564.03,74.29
2039-05-19,336.0,231,576.35,0,531.99,70.54
2039-05-20,282.0,224,582.56,0,529.79,84.1
2039-05-21,319.0,230,591.56,0,527.41,82.51
2039-05-22,308.0,236,596.52,1,565.37,94.59
2039-05-23,312.0,222,568.94,0,534.95,83.37
2039-05-24,304.0,228,585.25,0,541.92,90.37
2039-05-25,311.0,231,585.15,0,513.48,92.1
2039-05-26,312.0,229,582.2,0,568.4,85.04
2039-05-27,300.0,228,567.69,0,523.24,86.8
2039-05-28,295.0,233,557.83,0,532.54,99.1
2039-05-29,302.0,236,585.4,0,520.22,89.09
2039-05-30,312.0,219,545.66,0,531.36,78.88
2039-05-31,317.0,228,571.58,0,528.31,85.33
2039-06-01,321.0,220,530.45,1,567.18,106.5
2039-06-02,300.0,228,552.38,0,527.17,89.39
2039-06-03,311.0,231,560.67,0,558.32,89.66
2039-06-04,321.0,235,596.22,0,543.24,90.86
2039-06-05,324.0,241,588.89,1,581.74,116.52
2039-06-06,305.0,235,566.55,0,574.95,82.92
2039-06-07,303.0,230,589.67,0,553.38,77.58
2039-06-08,309.0,222,592.54,0,565.55,95.65
2039-06-09,288.0,228,573.69,1,568.28,103.83
2039-06-10,302.0,226,551.68,0,586.58,101.45
2039-06-11,316.0,221,572.88,0,540.11,95.23
2039-06-12,314.0,238,574.88,1,567.62,89.25
2039-06-13,300.0,234,554.48,1,569.14,98.15
2039-06-14,307.0,233,583.29,0,544.02,86.02
2039-06-15,291.0,239,581.74,1,615.41,104.4
2039-06-16,314.0,233,584.73,0,563.39,86.15
2039-06-17,302.0,233,581.76,0,550.16,77.47
2039-06-18,298.0,226,589.9,0,520.05,79.79
2039-06-19,297.0,227,573.55,0,548.53,79.82
2039-06-20,301.0,243,580.43,1,549.49,104.5
2039-06-21,295.0,262,569.66,1,567.32,112.63
2039-06-22,311.0,218,566.32,0,570.08,94.71
2039-06-23,295.0,228,600.95,0,506.9,100.86
2039-06-24,325.0,215,540.09,0,532.55,92.71
2039-06-25,322.0,227,592.68,0,519.13,90.08
2039-06-26,287.0,220,565.75,0,515.75,81.88
2039-06-27,301.0,236,563.44,1,538.18,97.09
2039-06-28,290.0,228,581.67,0,509.54,91.26
2039-06-29,294.0,222,550.17,0,524.71,81.96
2039-06-30,329.0,209,562.31,0,510.93,82.02
2039-07-01,294.0,241,561.74,0,485.56,76.44
2039-07-02,303.0,235,573.05,0,504.34,84.78
2039-07-03,306.0,225,562.59,0,512.81,88.91
2039-07-04,282.0,217,605.9,0,505.63,88.97
2039-07-05,284.0,227,609.45,0,537.41,83.54
2039-07-06,279.0,230,540.72,0,522.26,84.99
2039-07-07,283.0,234,586.94,0,540.78,89.21
2039-07-08,253.0,234,592.62,0,582.94,106.07
2039-07-09,304.0,246,586.95,1,582.68,92.18
2039-07-10,326.0,208,565.35,0,537.96,86.17
2039-07-11,297.0,222,572.83,0,576.98,86.75
2039-07-12,274.0,235,563.77,0,541.64,82.34
2039-07-13,285.0,216,569.7,0,533.19,78.51
2039-07-14,287.0,237,555.5,0,521.0,87.57
2039-07-15,279.0,243,575.23,0,566.88,69.86
2039-07-16,306.0,247,550.27,1,588.52,107.65
2039-07-17,305.0,231,573.74,0,538.89,71.5
2039-07-18,276.0,220,554.89,0,549.25,82.17
2039-07-19,303.0,227,581.1,0,468.79,73.5
2039-07-20,315.0,211,565.17,0,560.97,86.34
2039-07-21,320.0,216,582.65,0,511.51,87.07
2039-07-22,335.0,227,596.91,1,582.33,118.65
2039-07-23,278.0,225,606.07,0,529.37,100.25
2039-07-24,333.0,230,531.98,1,534.79,98.88
2039-07-25,285.0,226,562.48,0,497.24,88.22
2039-07-26,282.0,232,572.06,0,508.55,92.54
2039-07-27,295.0,216,585.83,0,461.12,70.48
2039-07-28,281.0,225,547.85,0,520.52,92.91
2039-07-29,295.0,219,559.9,0,450.6,57.39
2039-07-30,269.0,225,579.95,0,484.67,79.71
2039-07-31,285.0,240,579.15,1,550.01,115.0
2039-08-01,308.0,242,584.44,1,551.43,102.84
2039-08-02,287.0,230,585.65,0,482.96,75.89
2039-08-03,290.0,227,583.77,0,488.35,76.7
2039-08-04,295.0,209,581.19,0,498.3,90.7
2039-08-05,305.0,212,578.72,0,516.83,70.35
2039-08-06,262.0,224,589.71,1,541.24,96.96
2039-08-07,296.0,226,537.45,0,524.61,90.57
2039-08-08,283.0,209,605.58,0,495.51,81.64
2039-08-09,289.0,226,538.12,0,538.26,95.7
2039-08-10,302.0,225,558.4,0,541.73,92.22
2039-08-11,268.0,203,573.76,0,522.62,79.92
2039-08-12,270.0,221,589.97,1,587.73,113.86
2039-08-13,256.0,232,523.97,0,524.34,73.52
2039-08-14,277.0,229,577.39,0,528.17,68.53
2039-08-15,305.0,213,592.18,0,551.83,83.23
2039-08-16,283.0,211,595.84,0,524.74,84.59
2039-08-17,264.0,197,565.41,0,484.83,71.67
2039-08-18,277.0,236,572.56,0,536.37,87.22
2039-08-19,262.0,232,566.91,1,514.42,95.62
2039-08-20,267.0,240,570.95,0,473.64,62.57
2039-08-21,289.0,229,559.47,1,487.93,86.32
2039-08-22,266.0,224,562.05,0,516.74,89.97
2039-08-23,300.0,240,585.9,1,531.5,102.21
2039-08-24,282.0,237,580.47,0,517.05,77.33
2039-08-25,284.0,226,586.97,0,502.48,85.06
2039-08-26,278.0,231,581.99,1,512.77,108.36
2039-08-27,294.0,221,590.84,0,482.9,74.19
2039-08-28,294.0,220,593.99,1,506.67,99.37
2039-08-29,287.0,217,546.85,0,475.94,80.32
2039-08-30,290.0,231,562.84,1,488.7,86.91
2039-08-31,278.0,234,574.08,0,488.98,69.93
2039-09-01,290.0,216,577.85,0,505.48,93.39
2039-09-02,276.0,231,566.22,0,489.48,86.31
2039-09-03,281.0,220,594.72,0,531.51,82.82
2039-09-04,277.0,243,613.96,1,528.37,107.37
2039-09-05,274.0,227,581.69,0,510.94,86.0
2039-09-06,270.0,236,579.88,1,520.24,105.66
2039-09-07,288.0,230,593.67,0,533.97,71.08
2039-09-08,300.0,239,544.81,1,516.22,92.34
2039-09-09,298.0,231,578.93,0,525.68,96.52
2039-09-10,261.0,241,596.06,0,498.85,99.66
2039-09-11,299.0,236,566.88,0,511.79,78.89
2039-09-12,275.0,235,556.4,1,544.66,97.44
2039-09-13,289.0,216,575.16,0,485.46,82.65
2039-09-14,266.0,224,577.43,0,473.6,78.22
2039-09-15,282.0,201,,0,477.34,80.19
2039-09-16,284.0,228,616.29,0,523.02,66.72
2039-09-17,257.0,219,569.96,1,508.47,92.25
2039-09-18,289.0,231,557.83,0,480.98,82.77
2039-09-19,300.0,240,576.93,0,542.63,67.66
2039-09-20,277.0,215,594.98,1,530.0,85.19
2039-09-21,300.0,219,578.97,0,509.08,67.91
2039-09-22,276.0,219,587.42,1,486.62,94.77
2039-09-23,292.0,203,563.01,0,496.76,72.55
2039-09-24,246.0,229,605.5,1,493.97,82.49
2039-09-25,315.0,226,588.85,0,461.13,74.16
2039-09-26,302.0,227,597.62,0,484.53,68.51
2039-09-27,275.0,221,585.35,0,460.68,76.83
2039-09-28,250.0,203,593.65,0,457.46,89.76
2039-09-29,283.0,221,563.11,0,462.83,71.49
2039-09-30,257.0,205,569.99,0,496.92,65.02
2039-10-01,286.0,206,603.1,0,471.05,72.17
2039-10-02,285.0,210,606.96,0,458.32,76.7
2039-10-03,265.0,241,558.25,1,532.17,101.56
2039-10-04,296.0,225,583.42,0,503.48,86.89
2039-10-05,291.0,223,571.18,0,525.93,79.46
2039-10-06,294.0,211,566.41,0,505.26,78.72
2039-10-07,279.0,216,584.11,0,476.63,58.73
2039-10-08,258.0,206,599.54,0,478.27,80.93
2039-10-09,294.0,244,587.15,1,505.79,83.63
2039-10-10,275.0,252,573.29,1,554.23,104.2
2039-10-11,259.0,226,588.33,0,533.13,78.33
2039-10-12,300.0,228,572.6,0,485.85,77.1
2039-10-13,311.0,219,586.52,0,510.38,89.0
2039-10-14,279.0,204,604.26,0,523.67,80.35
2039-10-15,312.0,212,541.75,0,462.86,68.92
2039-10-16,281.0,226,593.51,1,503.42,93.15
2039-10-17,274.0,217,551.48,0,498.48,74.95
2039-10-18,271.0,224,601.31,1,537.74,91.89
2039-10-19,305.0,221,567.75,0,509.14,95.72
2039-10-20,269.0,212,557.32,0,502.11,66.37
2039-10-21,292.0,252,591.77,1,535.46,104.31
2039-10-22,272.0,207,585.84,0,461.18,72.85
2039-10-23,274.0,230,561.31,0,510.46,75.35
2039-10-24,296.0,218,556.77,0,472.33,78.03
2039-10-25,275.0,226,575.97,0,430.78,69.15
2039-10-26,275.0,226,557.69,0,450.5,81.0
2039-10-27,298.0,223,560.27,0,486.39,69.55
2039-10-28,305.0,210,581.48,0,478.51,72.86
2039-10-29,291.0,228,562.03,1,488.84,97.85
2039-10-30,272.0,223,587.12,0,482.55,75.72
2039-10-31,274.0,223,606.28,0,518.7,87.25
2039-11-01,283.0,211,576.81,0,502.67,89.59
2039-11-02,287.0,235,581.84,0,521.22,87.79
2039-11-03,268.0,197,615.85,0,470.71,71.0
2039-11-04,294.0,219,558.16,0,498.28,77.1
2039-11-05,284.0,213,601.0,0,509.91,90.94
2039-11-06,257.0,224,598.86,0,502.57,81.58
2039-11-07,269.0,242,594.98,1,551.86,100.41
2039-11-08,276.0,218,602.87,1,546.49,104.25
2039-11-09,283.0,246,584.69,0,534.25,75.19
2039-11-10,312.0,224,569.17,0,556.79,87.11
2039-11-11,288.0,226,599.38,0,512.57,81.41
2039-11-12,272.0,208,600.09,0,484.21,76.78
2039-11-13,288.0,222,599.62,0,472.35,72.78
2039-11-14,280.0,243,580.54,1,559.46,100.91
2039-11-15,290.0,225,566.87,0,506.11,80.11
2039-11-16,294.0,234,583.22,1,562.98,116.48
2039-11-17,304.0,223,596.76,0,518.3,65.8
2039-11-18,286.0,210,598.26,0,495.93,84.55
2039-11-19,311.0,210,572.11,0,470.06,74.6
2039-11-20,300.0,235,585.54,0,515.66,82.03
2039-11-21,276.0,232,556.32,0,503.4,77.48
2039-11-22,320.0,234,597.63,0,514.41,86.18
2039-11-23,292.0,216,565.82,0,508.6,88.63
2039-11-24,275.0,232,594.07,1,524.48,82.11
2039-11-25,313.0,236,559.27,0,490.65,93.91
2039-11-26,319.0,212,598.55,0,496.76,80.56
2039-11-27,288.0,236,585.79,0,511.22,82.64
2039-11-28,281.0,229,565.96,1,530.03,86.97
2039-11-29,287.0,226,592.48,1,537.37,94.81
2039-11-30,300.0,224,569.43,0,524.87,94.68
2039-12-01,309.0,224,593.57,1,524.83,97.63
2039-12-02,299.0,206,575.17,0,500.33,83.17
2039-12-03,292.0,226,549.14,0,553.34,84.71
2039-12-04,313.0,231,562.46,0,543.71,103.07
2039-12-05,286.0,238,572.41,0,531.59,83.83
2039-12-06,307.0,242,604.81,1,571.7,115.46
2039-12-07,287.0,245,596.42,0,523.01,82.49
2039-12-08,298.0,240,609.45,0,531.15,87.75
2039-12-09,291.0,243,610.01,1,538.42,102.45
2039-12-10,292.0,241,570.63,1,557.41,110.85
2039-12-11,287.0,239,576.89,0,538.63,92.15
2039-12-12,313.0,204,572.9,0,553.59,84.64
2039-12-13,283.0,222,,0,531.44,94.27
2039-12-14,283.0,208,547.19,0,549.43,79.75
2039-12-15,326.0,234,580.09,0,556.28,79.13
2039-12-16,309.0,220,557.24,0,581.98,90.57
2039-12-17,259.0,257,579.78,0,562.44,93.31
2039-12-18,287.0,232,618.5,1,566.59,96.13
2039-12-19,269.0,239,571.27,1,564.0,103.68
2039-12-20,282.0,224,583.97,0,503.9,70.16
2039-12-21,249.0,223,596.8,0,521.19,81.28
2039-12-22,295.0,226,585.55,1,583.49,116.45
2039-12-23,280.0,215,585.78,0,522.74,77.02
2039-12-24,298.0,207,574.02,0,482.08,68.3
2039-12-25,273.0,234,576.39,0,514.35,85.22
2039-12-26,299.0,224,563.3,0,499.06,73.95
2039-12-27,292.0,248,595.83,0,512.93,100.71
2039-12-28,321.0,216,549.27,0,529.23,86.2
2039-12-29,320.0,244,598.12,0,550.65,96.57
2039-12-30,311.0,255,555.39,1,544.66,90.02
2039-12-31,295.0,252,598.01,1,537.43,103.11
2040-01-01,330.0,242,574.33,1,523.34,88.92
2040-01-02,277.0,236,558.55,1,555.92,101.35
2040-01-03,280.0,243,591.17,0,508.82,75.67
2040-01-04,300.0,222,597.48,0,538.31,94.52
2040-01-05,336.0,233,572.89,0,558.53,92.06
2040-01-06,299.0,230,593.77,0,519.05,83.96
2040-01-07,300.0,222,539.69,0,521.11,94.02
2040-01-08,281.0,233,557.07,0,544.75,87.29
2040-01-09,317.0,248,604.12,1,584.53,117.17
2040-01-10,318.0,222,576.85,0,556.68,104.1
2040-01-11,316.0,236,547.38,0,571.67,92.67
2040-01-12,295.0,209,568.34,0,517.35,84.79
2040-01-13,294.0,221,564.32,0,569.21,99.22
2040-01-14,286.0,237,577.97,1,559.38,115.54
2040-01-15,307.0,235,574.31,0,535.51,86.71
2040-01-16,289.0,241,584.22,0,520.44,78.29
2040-01-17,288.0,243,579.77,1,568.74,112.61
2040-01-18,300.0,238,605.52,0,563.05,94.92
2040-01-19,299.0,231,588.7,0,549.97,95.06
2040-01-20,299.0,237,589.32,0,551.07,93.95
2040-01-21,314.0,236,602.07,0,528.35,86.17
2040-01-22,309.0,228,574.12,0,528.28,86.62
2040-01-23,304.0,239,558.43,1,540.78,105.74
2040-01-24,311.0,249,602.89,1,567.83,92.7
2040-01-25,294.0,251,583.63,0,539.24,97.03
2040-01-26,311.0,245,583.71,0,526.82,87.85
2040-01-27,312.0,232,569.82,1,578.21,99.63
2040-01-28,287.0,222,570.14,0,496.22,80.77
2040-01-29,325.0,238,596.5,1,570.59,116.84
2040-01-30,297.0,235,599.0,0,564.18,92.73
2040-01-31,312.0,235,595.41,0,547.06,81.52
2040-02-01,328.0,247,595.59,0,589.11,83.0
2040-02-02,325.0,247,591.58,0,560.82,110.47
2040-02-03,312.0,235,583.73,0,556.19,74.48
2040-02-04,306.0,242,578.22,1,556.23,105.71
2040-02-05,326.0,240,603.19,0,566.66,85.68
2040-02-06,323.0,255,574.69,1,586.72,117.72
2040-02-07,304.0,241,588.1,0,565.64,80.18
2040-02-08,301.0,231,566.99,0,576.9,106.22
2040-02-09,282.0,229,569.61,0,575.52,91.0
2040-02-10,316.0,234,577.25,1,625.76,113.7
2040-02-11,313.0,247,567.05,1,612.44,110.42
2040-02-12,331.0,252,595.9,1,608.33,107.13
2040-02-13,320.0,243,557.3,0,581.56,89.83
2040-02-14,335.0,257,583.37,1,600.6,117.58
2040-02-15,305.0,251,583.99,0,581.57,78.03
2040-02-16,332.0,222,549.03,0,558.66,83.11
2040-02-17,308.0,240,573.7,0,558.36,101.86
2040-02-18,327.0,251,586.26,1,581.42,106.77
2040-02-19,294.0,236,589.4,0,534.26,80.89
2040-02-20,320.0,228,578.02,0,544.81,76.75
2040-02-21,287.0,251,593.9,0,584.83,83.31
2040-02-22,313.0,231,579.77,0,530.92,92.77
2040-02-23,324.0,225,582.01,1,553.55,95.58
2040-02-24,309.0,237,586.31,0,585.22,100.7
2040-02-25,302.0,235,598.49,0,538.61,78.26
2040-02-26,330.0,256,569.66,0,587.85,92.95
2040-02-27,316.0,242,573.08,0,542.66,86.26
2040-02-28,311.0,234,569.82,0,565.49,84.09
2040-02-29,319.0,235,575.9,0,583.52,94.04
2040-03-01,358.0,235,607.57,0,557.67,71.53
2040-03-02,336.0,260,592.23,0,621.17,98.56
2040-03-03,336.0,254,561.58,1,586.58,112.43
2040-03-04,326.0,234,571.15,1,597.77,103.1
2040-03-05,322.0,235,588.69,0,571.27,93.23
2040-03-06,283.0,238,565.68,0,614.34,99.71
2040-03-07,309.0,237,568.96,1,613.88,115.35
2040-03-08,313.0,220,606.25,0,626.75,87.64
2040-03-09,292.0,244,571.02,0,618.27,99.81
2040-03-10,303.0,230,599.26,0,595.45,79.89
2040-03-11,290.0,261,604.7,1,590.35,103.64
2040-03-12,320.0,238,568.92,0,598.09,95.66
2040-03-13,333.0,234,566.12,0,588.93,96.07
2040-03-14,337.0,214,577.19,0,585.78,83.1
2040-03-15,327.0,251,562.58,0,601.68,93.7
2040-03-16,306.0,242,584.38,0,571.75,98.29
2040-03-17,292.0,234,578.52,0,566.66,82.34
2040-03-18,295.0,240,588.73,1,586.07,89.49
2040-03-19,302.0,255,607.4,0,566.47,95.13
2040-03-20,308.0,228,596.99,0,588.44,85.83
2040-03-21,319.0,235,591.11,0,578.75,87.05
2040-03-22,306.0,245,546.93,0,591.23,95.76
2040-03-23,327.0,263,590.32,1,611.49,113.83
2040-03-24,318.0,237,613.37,0,523.37,91.76
2040-03-25,322.0,232,528.19,0,538.46,84.2
2040-03-26,339.0,238,594.81,0,604.81,97.39
2040-03-27,304.0,248,579.55,0,588.25,79.18
2040-03-28,328.0,260,567.14,1,567.5,110.34
2040-03-29,322.0,225,596.88,0,576.54,86.27
2040-03-30,317.0,240,613.25,0,558.83,116.5
2040-03-31,335.0,225,596.45,0,519.53,81.46
2040-04-01,335.0,248,575.84,0,607.84,101.12
2040-04-02,308.0,244,565.56,0,586.23,99.4
2040-04-03,319.0,230,585.16,0,587.2,93.17
2040-04-04,326.0,255,598.3,0,572.85,95.41
2040-04-05,318.0,253,575.63,1,593.9,129.96
2040-04-06,331.0,242,577.39,0,566.25,84.2
2040-04-07,326.0,238,633.44,0,614.09,77.59
2040-04-08,349.0,239,602.08,0,557.65,78.33
2040-04-09,299.0,236,603.38,0,628.46,109.95
2040-04-10,320.0,232,556.41,0,577.44,88.24
2040-04-11,308.0,252,569.99,0,579.86,113.06
2040-04-12,331.0,234,584.08,0,597.02,102.03
2040-04-13,297.0,234,564.74,0,578.81,86.94
2040-04-14,327.0,238,611.59,0,585.76,86.88
2040-04-15,312.0,254,608.19,0,569.13,87.25
2040-04-16,311.0,251,573.22,0,588.05,75.88
2040-04-17,300.0,245,614.95,1,590.02,111.61
2040-04-18,314.0,252,582.78,0,606.03,103.27
2040-04-19,338.0,240,629.49,0,593.36,86.33
2040-04-20,321.0,241,585.5,1,601.44,97.27
2040-04-21,331.0,234,593.29,0,582.87,85.3
2040-04-22,346.0,253,608.14,0,575.06,100.61
2040-04-23,325.0,260,605.96,0,584.13,100.5
2040-04-24,312.0,242,592.17,0,567.18,92.58
2040-04-25,328.0,233,580.46,0,552.42,101.99
2040-04-26,312.0,238,592.27,0,552.71,74.43
2040-04-27,313.0,231,568.35,0,567.44,89.02
2040-04-28,298.0,243,585.8,1,595.58,115.19
2040-04-29,334.0,232,563.11,0,569.66,97.89
2040-04-30,314.0,238,551.04,0,583.96,100.47
2040-05-01,323.0,250,584.03,1,577.49,113.11
2040-05-02,304.0,237,605.86,0,586.64,105.47
2040-05-03,326.0,247,599.82,1,596.15,117.09
2040-05-04,308.0,246,581.71,0,589.83,84.16
2040-05-05,317.0,236,614.65,0,584.57,89.54
2040-05-06,332.0,247,572.98,1,577.53,92.16
2040-05-07,331.0,237,548.72,0,595.16,104.12
2040-05-08,318.0,254,543.98,0,604.33,107.52
2040-05-09,292.0,233,562.02,0,607.94,86.14
2040-05-10,363.0,244,598.0,0,591.42,91.26
2040-05-11,344.0,231,571.89,0,592.09,79.14
2040-05-12,329.0,242,591.64,0,586.9,92.84
2040-05-13,306.0,244,612.99,0,569.73,84.09
2040-05-14,316.0,249,563.58,0,582.68,83.02
2040-05-15,309.0,234,592.01,0,571.69,91.26
2040-05-16,336.0,227,593.12,0,577.68,108.74
2040-05-17,321.0,230,567.95,0,611.43,105.12
2040-05-18,305.0,247,607.84,0,576.92,90.13
2040-05-19,309.0,258,578.3,0,578.46,92.13
2040-05-20,333.0,246,576.59,0,563.45,106.03
2040-05-21,340.0,225,621.53,0,556.91,99.62
2040-05-22,339.0,245,592.95,0,568.66,88.34
2040-05-23,327.0,228,600.22,0,573.09,96.0
2040-05-24,311.0,234,607.97,0,555.6,80.57
2040-05-25,266.0,239,571.89,0,549.07,88.06
2040-05-26,319.0,241,606.12,0,542.25,92.98
2040-05-27,314.0,238,574.61,0,525.15,92.06
2040-05-28,316.0,231,573.86,0,575.55,86.56
2040-05-29,315.0,257,578.78,1,576.59,115.33
2040-05-30,294.0,231,572.5,0,584.39,94.8
2040-05-31,322.0,249,598.52,0,573.45,89.27
2040-06-01,322.0,233,588.55,1,609.85,130.29
2040-06-02,323.0,239,574.92,0,553.11,85.51
2040-06-03,327.0,224,595.92,0,538.78,77.25
2040-06-04,321.0,228,578.85,0,589.9,88.43
2040-06-05,306.0,231,577.91,0,559.66,95.64
2040-06-06,311.0,261,584.72,1,630.65,107.34
2040-06-07,313.0,249,592.2,0,594.87,102.58
2040-06-08,313.0,254,590.9,1,633.83,109.14
2040-06-09,326.0,236,577.36,0,548.87,87.2
2040-06-10,320.0,247,599.17,1,609.54,132.97
2040-06-11,341.0,248,579.94,0,571.66,83.9
2040-06-12,343.0,252,572.17,1,557.14,86.19
2040-06-13,311.0,235,557.56,0,591.42,106.76
2040-06-14,252.0,250,601.7,0,570.45,79.29
2040-06-15,327.0,243,584.24,0,592.65,87.6
2040-06-16,300.0,237,587.84,0,553.95,94.69
2040-06-17,296.0,230,602.88,0,545.35,92.89
2040-06-18,302.0,229,575.49,0,583.51,72.58
2040-06-19,301.0,231,559.36,0,553.11,85.65
2040-06-20,316.0,239,585.38,0,543.23,93.86
2040-06-21,284.0,243,589.68,0,545.83,103.94
2040-06-22,290.0,220,579.43,0,538.43,76.14
2040-06-23,311.0,215,610.71,0,464.47,81.76
2040-06-24,315.0,224,539.45,0,534.1,80.15
2040-06-25,315.0,230,604.38,0,565.15,99.25
2040-06-26,293.0,246,598.48,0,541.19,78.15
2040-06-27,290.0,241,592.48,1,549.41,99.75
2040-06-28,297.0,236,524.23,0,547.02,90.7
2040-06-29,308.0,237,607.41,0,577.29,100.63
2040-06-30,326.0,223,565.84,0,537.5,90.6
2040-07-01,273.0,248,575.2,0,539.47,82.84
2040-07-02,300.0,226,581.29,0,535.13,81.59
2040-07-03,283.0,248,591.71,0,531.93,99.3
2040-07-04,278.0,231,595.91,0,548.03,89.96
2040-07-05,317.0,229,600.49,0,554.51,84.77
2040-07-06,310.0,221,599.13,0,512.65,86.16
2040-07-07,308.0,234,589.01,0,532.03,90.1
2040-07-08,315.0,255,591.97,0,581.22,81.2
2040-07-09,294.0,246,564.87,1,576.93,110.94
2040-07-10,294.0,245,571.0,1,532.54,86.49
2040-07-11,333.0,235,600.66,1,613.24,107.52
2040-07-12,296.0,248,599.63,1,563.55,95.92
2040-07-13,311.0,233,597.61,0,547.18,86.49
2040-07-14,299.0,231,575.34,0,561.09,86.1
2040-07-15,271.0,236,601.01,0,521.03,81.8
2040-07-16,268.0,213,563.74,0,494.53,65.07
2040-07-17,290.0,240,604.05,1,567.58,104.35
2040-07-18,314.0,219,579.98,0,550.98,79.05
2040-07-19,310.0,231,615.02,0,526.96,102.36
2040-07-20,311.0,224,557.33,0,527.37,81.22
2040-07-21,282.0,224,616.48,0,487.52,76.12
2040-07-22,321.0,217,578.25,0,489.87,83.49
2040-07-23,282.0,242,577.95,0,519.53,93.43
2040-07-24,299.0,234,588.31,1,553.53,92.63
2040-07-25,296.0,224,572.27,0,518.42,87.4
2040-07-26,293.0,245,583.54,0,545.35,95.16
2040-07-27,315.0,236,571.58,0,556.65,90.61
2040-07-28,284.0,210,572.26,0,514.54,83.6
2040-07-29,275.0,244,593.66,0,480.45,73.18
2040-07-30,295.0,246,568.69,0,523.59,81.24
2040-07-31,288.0,245,571.11,0,547.62,86.73
2040-08-01,345.0,236,560.25,0,532.89,81.86
2040-08-02,304.0,218,575.91,0,492.44,85.35
2040-08-03,287.0,229,608.61,0,519.3,76.3
2040-08-04,277.0,225,569.79,1,490.4,97.02
2040-08-05,265.0,220,571.87,0,510.9,91.92
2040-08-06,277.0,218,588.55,0,517.24,85.63
2040-08-07,294.0,233,578.41,1,552.03,87.31
2040-08-08,313.0,230,625.21,0,566.79,95.89
2040-08-09,309.0,224,582.19,0,513.76,77.24
2040-08-10,295.0,224,591.17,0,524.12,79.71
2040-08-11,286.0,236,602.15,1,525.12,100.0
2040-08-12,295.0,253,601.82,1,576.66,116.24
2040-08-13,283.0,250,589.4,0,567.04,76.6
2040-08-14,316.0,224,582.32,0,541.34,87.08
2040-08-15,287.0,232,621.67,0,537.49,102.06
2040-08-16,289.0,230,583.46,1,521.42,87.87
2040-08-17,257.0,236,577.33,0,526.84,82.71
2040-08-18,287.0,233,573.67,1,505.2,88.79
2040-08-19,302.0,221,554.24,0,503.46,85.87
2040-08-20,273.0,248,600.13,0,513.25,72.49
2040-08-21,278.0,214,543.09,0,490.67,66.95
2040-08-22,301.0,203,585.28,0,498.5,85.98
2040-08-23,266.0,235,581.71,0,519.76,85.02
2040-08-24,304.0,224,625.74,0,540.01,76.79
2040-08-25,280.0,221,552.47,0,498.6,79.26
2040-08-26,282.0,255,569.24,0,548.63,77.23
2040-08-27,271.0,235,583.03,0,509.36,88.54
2040-08-28,293.0,227,581.94,0,541.24,88.86
2040-08-29,324.0,220,575.63,0,516.55,77.11
2040-08-30,299.0,232,584.08,0,517.2,78.25
2040-08-31,274.0,210,562.89,0,498.64,76.35
2040-09-01,304.0,222,592.01,0,507.72,73.05
2040-09-02,282.0,227,543.81,0,512.8,92.36
2040-09-03,307.0,229,585.16,0,494.52,87.75
2040-09-04,299.0,226,574.83,0,537.19,82.72
2040-09-05,242.0,220,603.95,0,486.32,75.52
2040-09-06,271.0,236,617.28,0,542.65,77.68
2040-09-07,300.0,220,579.74,1,556.36,101.59
2040-09-08,288.0,224,610.75,0,544.07,91.04
2040-09-09,270.0,222,580.05,0,495.65,88.09
2040-09-10,276.0,237,568.37,0,512.3,75.08
2040-09-11,257.0,232,617.21,1,566.72,90.52
2040-09-12,284.0,231,595.17,0,506.34,73.37
2040-09-13,319.0,230,585.9,0,506.06,85.19
2040-09-14,297.0,208,598.21,0,518.65,82.65
2040-09-15,318.0,226,590.8,0,509.3,89.07
2040-09-16,298.0,209,584.63,0,500.2,80.34
2040-09-17,300.0,240,562.02,1,548.84,114.84
2040-09-18,315.0,219,581.05,0,520.13,70.85
2040-09-19,291.0,238,597.16,0,510.36,62.59
2040-09-20,282.0,235,583.75,1,525.7,107.93
2040-09-21,300.0,219,602.22,0,498.01,73.74
2040-09-22,307.0,239,592.91,0,496.02,80.39
2040-09-23,278.0,228,570.21,1,475.84,88.99
2040-09-24,274.0,245,562.29,1,537.2,102.02
2040-09-25,287.0,231,583.23,0,520.27,79.55
2040-09-26,297.0,223,576.64,0,510.24,74.35
2040-09-27,297.0,213,592.15,0,505.41,73.04
2040-09-28,263.0,239,573.19,0,483.8,81.79
2040-09-29,313.0,232,575.06,0,468.42,80.37
2040-09-30,275.0,219,605.12,0,505.6,79.0
2040-10-01,281.0,229,588.85,0,509.72,76.99
2040-10-02,271.0,237,573.55,0,518.04,87.31
2040-10-03,325.0,238,586.54,1,547.0,89.04
2040-10-04,288.0,229,611.06,0,524.38,99.24
2040-10-05,272.0,237,591.55,0,536.64,89.5
2040-10-06,298.0,252,596.95,1,540.12,98.63
2040-10-07,296.0,226,572.76,0,475.98,82.08
2040-10-08,282.0,223,604.8,1,556.29,108.18
2040-10-09,298.0,224,628.07,1,557.33,105.07
2040-10-10,273.0,230,572.11,1,519.85,81.43
2040-10-11,278.0,218,565.11,0,499.26,82.96
2040-10-12,255.0,210,589.56,0,532.92,96.91
2040-10-13,265.0,245,602.18,0,541.07,82.07
2040-10-14,312.0,232,584.79,0,463.19,80.77
2040-10-15,310.0,222,567.5,0,530.14,91.57
2040-10-16,286.0,227,584.53,0,513.59,84.44
2040-10-17,311.0,209,597.27,0,511.53,83.15
2040-10-18,283.0,239,579.19,0,519.92,87.55
2040-10-19,282.0,208,597.47,0,485.19,80.66
2040-10-20,287.0,232,607.52,0,510.31,96.12
2040-10-21,284.0,219,590.9,1,493.06,98.37
2040-10-22,283.0,223,586.1,0,515.66,87.98
2040-10-23,303.0,240,601.55,0,528.9,93.01
2040-10-24,289.0,211,571.23,0,476.7,81.33
2040-10-25,297.0,236,569.48,1,507.38,78.03
2040-10-26,302.0,244,581.88,1,531.43,97.38
2040-10-27,293.0,242,577.85,1,546.51,96.03
2040-10-28,273.0,239,572.26,1,502.68,95.47
2040-10-29,267.0,233,619.69,0,499.43,75.74
2040-10-30,290.0,222,625.86,0,514.53,86.89
2040-10-31,285.0,247,580.41,0,535.03,82.23
2040-11-01,289.0,212,588.45,0,520.52,96.54
2040-11-02,288.0,240,583.44,0,526.53,97.28
2040-11-03,327.0,240,606.77,1,533.84,87.18
2040-11-04,268.0,235,610.36,0,522.46,86.12
2040-11-05,259.0,237,554.89,0,466.54,71.41
2040-11-06,294.0,234,595.47,0,573.29,93.89
2040-11-07,283.0,221,563.4,0,527.02,88.96
2040-11-08,294.0,226,618.59,0,539.39,75.96
2040-11-09,298.0,214,594.88,0,573.64,83.4
2040-11-10,309.0,226,572.16,0,511.75,75.36
2040-11-11,267.0,232,582.66,0,570.46,86.56
2040-11-12,282.0,245,581.82,1,575.25,101.91
2040-11-13,297.0,233,596.49,0,546.26,93.93
2040-11-14,302.0,212,605.81,0,539.39,88.1
2040-11-15,324.0,224,566.41,0,515.42,75.73
2040-11-16,305.0,223,620.2,0,494.01,76.67
2040-11-17,291.0,217,616.02,0,484.38,60.28
2040-11-18,278.0,222,571.38,0,527.84,100.45
2040-11-19,283.0,230,588.47,0,501.16,80.32
2040-11-20,283.0,254,617.97,1,513.46,102.64
2040-11-21,302.0,221,609.39,0,512.65,88.12
2040-11-22,297.0,219,581.16,0,523.0,83.4
2040-11-23,273.0,225,601.9,0,511.43,63.56
2040-11-24,287.0,234,641.21,0,516.46,78.31
2040-11-25,307.0,243,589.17,0,534.47,88.35
2040-11-26,299.0,240,575.91,1,551.71,102.57
2040-11-27,303.0,217,590.42,0,511.17,89.76
2040-11-28,300.0,229,591.78,1,528.79,97.81
2040-11-29,319.0,233,577.92,0,544.03,102.08
2040-11-30,299.0,241,595.33,0,538.55,77.61
2040-12-01,290.0,260,564.82,1,532.8,102.71
2040-12-02,282.0,220,575.44,0,542.73,78.46
2040-12-03,300.0,233,601.09,0,545.57,94.77
2040-12-04,260.0,222,555.87,0,547.15,81.36
2040-12-05,294.0,223,603.74,0,534.04,71.38
2040-12-06,294.0,222,551.28,0,566.94,78.07
2040-12-07,277.0,239,556.36,1,538.66,95.84
2040-12-08,284.0,224,578.56,0,569.86,104.5
2040-12-09,310.0,258,592.72,0,517.28,88.52
2040-12-10,302.0,238,611.43,1,549.23,105.29
2040-12-11,300.0,243,588.64,0,565.84,89.98
2040-12-12,304.0,227,583.18,0,542.9,77.69
2040-12-13,301.0,266,598.07,1,581.0,99.36
2040-12-14,318.0,237,571.98,0,546.32,82.89
2040-12-15,302.0,242,590.19,0,527.61,79.33
2040-12-16,279.0,238,566.11,1,560.76,98.22
2040-12-17,325.0,244,589.21,0,553.23,80.62
2040-12-18,307.0,237,585.4,0,564.13,90.31
2040-12-19,293.0,230,573.28,0,540.84,80.44
2040-12-20,283.0,224,590.75,0,524.87,92.89
2040-12-21,308.0,232,590.65,0,553.51,97.87
2040-12-22,301.0,231,608.98,0,486.75,82.27
2040-12-23,326.0,244,558.94,0,479.81,80.26
2040-12-24,298.0,233,586.49,0,503.18,68.79
2040-12-25,291.0,216,574.2,0,519.99,101.07
2040-12-26,317.0,242,603.56,0,550.57,85.77
2040-12-27,318.0,248,601.49,0,493.82,84.89
2040-12-28,307.0,219,597.08,0,534.89,92.27
2040-12-29,315.0,254,575.29,0,535.51,77.32
2040-12-30,305.0,250,603.92,0,545.51,82.14
2040-12-31,309.0,230,560.46,0,511.58,84.91
2041-01-01,324.0,225,556.78,0,605.26,82.8
2041-01-02,316.0,247,565.07,0,566.27,89.84
2041-01-03,304.0,223,587.46,0,532.69,66.09
2041-01-04,327.0,230,600.23,0,568.99,91.12
2041-01-05,272.0,224,534.53,0,578.13,104.43
2041-01-06,339.0,247,611.93,1,561.59,103.87
2041-01-07,283.0,252,590.5,0,549.14,75.81
2041-01-08,299.0,241,559.94,0,575.25,87.27
2041-01-09,308.0,248,590.0,0,582.17,98.52
2041-01-10,307.0,234,607.87,0,590.94,96.03
2041-01-11,325.0,239,599.01,0,610.38,101.8
2041-01-12,294.0,236,608.02,1,596.54,108.82
2041-01-13,314.0,237,563.67,0,536.64,79.7
2041-01-14,302.0,241,580.83,1,571.5,106.8
2041-01-15,316.0,237,571.66,0,556.66,89.63
2041-01-16,310.0,236,619.24,0,584.63,102.55
2041-01-17,313.0,236,599.85,0,579.09,88.57
2041-01-18,304.0,260,639.61,0,599.48,96.36
2041-01-19,305.0,257,579.96,0,569.92,89.95
2041-01-20,317.0,253,575.36,0,543.88,105.57
2041-01-21,327.0,257,585.85,0,565.93,84.16
2041-01-22,305.0,254,613.25,0,535.57,82.6
2041-01-23,301.0,239,581.87,0,569.62,82.96
2041-01-24,323.0,238,590.72,0,546.83,98.19
2041-01-25,314.0,242,590.24,0,585.29,105.74
2041-01-26,327.0,238,589.23,0,561.93,88.08
2041-01-27,302.0,230,576.8,0,584.04,103.83
2041-01-28,289.0,243,586.09,0,572.45,94.41
2041-01-29,308.0,225,585.34,0,569.19,97.06
2041-01-30,305.0,242,588.46,0,568.1,82.42
2041-01-31,315.0,231,605.6,0,563.84,91.58
2041-02-01,307.0,240,620.33,0,573.08,107.79
2041-02-02,328.0,243,573.53,0,593.72,108.15
2041-02-03,313.0,238,581.62,0,546.18,93.99
2041-02-04,320.0,225,573.85,0,584.6,101.88
2041-02-05,320.0,240,592.09,1,577.55,127.92
2041-02-06,321.0,246,579.05,0,605.47,104.01
2041-02-07,318.0,236,593.08,0,585.74,87.9
2041-02-08,326.0,257,608.65,1,634.53,128.93
2041-02-09,307.0,252,543.34,1,593.58,109.15
2041-02-10,340.0,240,597.67,0,583.72,97.67
2041-02-11,316.0,246,580.56,0,612.57,99.1
2041-02-12,300.0,236,597.15,0,594.71,88.83
2041-02-13,323.0,246,572.74,0,628.52,103.47
2041-02-14,308.0,238,610.43,0,580.45,101.29
2041-02-15,331.0,268,605.36,0,592.52,101.37
2041-02-16,354.0,231,599.17,0,600.12,100.34
2041-02-17,309.0,239,603.24,0,563.61,88.48
2041-02-18,326.0,240,575.56,0,574.67,77.65
2041-02-19,295.0,230,577.85,0,580.09,92.4
2041-02-20,329.0,250,602.56,0,580.3,97.67
2041-02-21,309.0,239,575.22,0,568.52,72.55
2041-02-22,313.0,220,615.08,0,551.87,87.74
2041-02-23,306.0,250,583.26,0,593.28,94.08
2041-02-24,334.0,237,598.13,0,560.79,82.03
2041-02-25,338.0,243,626.91,0,568.63,97.47
2041-02-26,324.0,251,576.43,0,577.36,100.55
2041-02-27,311.0,240,590.4,0,585.94,109.7
2041-02-28,348.0,240,608.16,0,615.05,98.15
2041-03-01,313.0,269,606.32,0,594.23,106.59
2041-03-02,292.0,223,583.32,0,548.35,81.0
2041-03-03,331.0,231,579.94,0,615.65,95.08
2041-03-04,308.0,233,585.06,0,593.54,101.02
2041-03-05,340.0,262,615.34,0,608.92,91.44
2041-03-06,319.0,248,584.28,1,624.75,114.06
2041-03-07,334.0,247,590.73,0,584.5,100.88
2041-03-08,346.0,240,581.66,0,609.09,97.4
2041-03-09,307.0,251,602.06,0,615.23,89.95
2041-03-10,317.0,255,592.18,1,646.61,113.9
2041-03-11,324.0,247,571.34,0,606.82,94.6
2041-03-12,349.0,258,571.98,0,625.59,105.61
2041-03-13,316.0,249,553.47,0,637.84,98.95
2041-03-14,317.0,238,574.5,0,607.67,74.9
2041-03-15,333.0,248,603.77,0,625.87,107.52
2041-03-16,318.0,279,613.33,1,635.83,123.78
2041-03-17,329.0,251,601.86,0,582.17,83.84
2041-03-18,303.0,257,599.52,1,603.88,101.45
2041-03-19,360.0,232,587.28,0,618.08,111.42
2041-03-20,306.0,263,603.53,1,566.01,102.67
2041-03-21,322.0,254,594.75,0,583.32,99.92
2041-03-22,326.0,249,622.1,0,564.64,84.46
2041-03-23,356.0,247,587.87,0,602.49,102.32
2041-03-24,307.0,274,613.83,0,613.37,89.65
2041-03-25,357.0,254,605.41,0,579.68,96.42
2041-03-26,338.0,258,602.94,0,648.68,107.26
2041-03-27,333.0,246,553.51,0,615.25,79.39
2041-03-28,312.0,244,606.47,0,589.18,95.36
2041-03-29,336.0,252,587.46,0,623.24,93.0
2041-03-30,316.0,254,581.79,1,586.94,118.21
2041-03-31,346.0,245,563.11,0,578.28,94.56
2041-04-01,313.0,250,589.72,0,606.17,94.74
2041-04-02,326.0,241,590.44,0,583.61,106.67
2041-04-03,319.0,258,566.41,1,599.69,93.82
2041-04-04,313.0,247,563.36,0,586.02,110.7
2041-04-05,339.0,256,598.66,0,610.92,114.93
2041-04-06,335.0,240,605.61,0,607.17,93.6
2041-04-07,346.0,226,593.37,0,588.25,101.96
2041-04-08,301.0,243,610.68,0,578.16,96.71
2041-04-09,343.0,250,588.43,0,629.69,77.28
2041-04-10,365.0,256,589.02,0,651.6,103.17
2041-04-11,321.0,239,573.51,0,599.87,84.6
2041-04-12,356.0,261,561.96,1,677.64,111.58
2041-04-13,323.0,257,623.44,0,624.62,97.26
2041-04-14,307.0,253,610.44,0,580.49,90.69
2041-04-15,322.0,238,565.03,0,593.25,105.74
2041-04-16,343.0,239,592.92,0,600.12,89.25
2041-04-17,314.0,250,588.34,0,601.08,92.61
2041-04-18,318.0,262,585.23,0,558.7,100.85
2041-04-19,336.0,246,582.82,0,584.16,91.86
2041-04-20,327.0,244,597.06,0,571.09,86.98
2041-04-21,335.0,232,604.95,0,612.7,105.91
2041-04-22,330.0,242,597.48,0,592.85,99.57
2041-04-23,334.0,239,588.09,0,569.47,91.97
2041-04-24,320.0,246,587.45,0,576.66,100.26
2041-04-25,330.0,241,607.16,1,610.0,101.43
2041-04-26,312.0,242,598.66,0,573.97,86.83
2041-04-27,345.0,235,591.65,0,559.0,106.2
2041-04-28,316.0,265,589.71,1,588.63,82.1
2041-04-29,343.0,247,596.59,1,617.94,108.08
2041-04-30,322.0,240,581.97,0,559.04,79.52
2041-05-01,328.0,248,605.21,0,571.63,92.07
2041-05-02,318.0,251,571.07,1,595.61,115.59
2041-05-03,310.0,269,583.05,0,584.01,103.14
2041-05-04,299.0,255,601.48,0,572.81,88.12
2041-05-05,309.0,245,570.11,0,606.62,88.66
2041-05-06,320.0,249,562.21,0,626.98,86.67
2041-05-07,328.0,222,591.68,0,602.6,96.85
2041-05-08,339.0,267,560.02,1,642.68,139.4
2041-05-09,317.0,250,567.2,0,597.79,90.38
2041-05-10,311.0,254,604.22,1,589.15,108.36
2041-05-11,302.0,250,586.93,0,600.63,97.33
2041-05-12,331.0,252,613.78,0,607.3,93.32
2041-05-13,344.0,241,568.97,0,595.08,107.92
2041-05-14,342.0,248,588.99,0,587.95,104.74
2041-05-15,333.0,255,597.89,0,583.58,100.54
2041-05-16,332.0,259,569.65,1,629.16,125.46
2041-05-17,348.0,242,609.31,0,600.48,89.9
2041-05-18,327.0,247,599.95,0,607.04,86.67
2041-05-19,332.0,268,561.81,1,591.6,103.44
2041-05-20,317.0,252,590.12,0,583.53,95.82
2041-05-21,301.0,232,597.77,0,575.5,89.28
2041-05-22,311.0,260,580.22,1,593.05,114.78
2041-05-23,321.0,248,564.22,0,596.15,96.35
2041-05-24,322.0,265,595.89,1,627.93,103.55
2041-05-25,349.0,244,630.7,0,543.44,97.06
2041-05-26,321.0,250,583.95,1,572.95,101.6
2041-05-27,338.0,230,619.19,0,595.5,102.3
2041-05-28,313.0,236,577.42,0,575.63,84.78
2041-05-29,315.0,255,594.86,0,581.35,85.33
2041-05-30,299.0,245,604.89,0,580.97,84.86
2041-05-31,308.0,242,590.87,0,588.99,81.59
2041-06-01,326.0,266,585.68,1,604.93,99.14
2041-06-02,318.0,254,604.13,0,579.58,96.04
2041-06-03,332.0,245,625.13,1,605.73,103.63
2041-06-04,320.0,255,596.51,0,620.11,102.44
2041-06-05,312.0,226,581.83,0,576.18,93.07
2041-06-06,349.0,247,587.72,0,597.48,103.48
2041-06-07,315.0,256,636.51,1,648.12,110.0
2041-06-08,334.0,254,593.61,0,596.12,104.87
2041-06-09,310.0,246,580.5,0,582.37,85.27
2041-06-10,327.0,240,570.61,0,607.61,72.22
2041-06-11,330.0,240,558.37,0,599.22,97.59
2041-06-12,318.0,279,597.8,1,612.68,105.3
2041-06-13,280.0,243,603.06,0,591.69,107.98
2041-06-14,315.0,258,584.16,1,597.11,113.16
2041-06-15,333.0,221,591.05,0,602.41,95.62
2041-06-16,322.0,243,570.27,1,593.96,111.68
2041-06-17,320.0,247,593.75,0,562.46,85.8
2041-06-18,288.0,225,600.05,0,556.01,103.01
2041-06-19,302.0,247,581.77,0,587.02,89.1
2041-06-20,319.0,234,621.85,0,542.72,90.61
2041-06-21,319.0,231,576.37,0,614.41,90.76
2041-06-22,330.0,233,596.56,0,518.3,82.94
2041-06-23,310.0,256,606.75,0,571.53,80.84
2041-06-24,318.0,244,590.11,0,549.06,89.73
2041-06-25,311.0,231,588.13,0,534.75,86.08
2041-06-26,296.0,248,565.82,0,566.99,95.39
2041-06-27,277.0,248,615.99,0,544.96,91.02
2041-06-28,317.0,246,588.52,1,608.47,112.83
2041-06-29,312.0,249,601.27,0,520.6,99.22
2041-06-30,300.0,250,603.73,0,560.6,89.54
2041-07-01,285.0,248,580.33,0,555.25,89.17
2041-07-02,318.0,233,588.1,0,566.25,89.88
2041-07-03,305.0,228,615.7,0,569.3,92.82
2041-07-04,317.0,222,571.59,0,525.64,81.85
2041-07-05,,233,630.02,0,574.57,88.76
2041-07-06,275.0,235,578.33,0,575.4,98.56
2041-07-07,297.0,246,570.53,1,590.32,108.78
2041-07-08,304.0,238,594.16,0,566.18,99.54
2041-07-09,328.0,266,631.55,1,579.55,90.75
2041-07-10,282.0,245,557.42,1,603.2,125.37
2041-07-11,335.0,238,589.3,0,615.34,106.72
2041-07-12,308.0,220,600.43,0,578.64,92.14
2041-07-13,304.0,261,592.49,0,592.84,94.16
2041-07-14,302.0,225,598.77,0,569.66,96.62
2041-07-15,298.0,231,579.0,0,554.61,80.2
2041-07-16,320.0,245,581.15,0,570.08,91.54
2041-07-17,288.0,240,589.29,0,576.12,93.52
2041-07-18,309.0,254,571.64,0,532.38,68.86
2041-07-19,298.0,255,591.2,1,590.51,112.33
2041-07-20,292.0,247,585.02,1,582.8,96.0
2041-07-21,342.0,248,583.58,0,541.73,95.48
2041-07-22,309.0,249,597.83,0,564.55,101.66
2041-07-23,311.0,230,559.31,0,526.34,96.14
2041-07-24,319.0,257,587.98,1,567.3,102.21
2041-07-25,280.0,245,633.83,1,549.58,98.9
2041-07-26,327.0,236,572.59,0,547.05,71.31
2041-07-27,263.0,238,615.3,0,516.84,87.97
2041-07-28,289.0,233,593.16,0,486.76,66.87
2041-07-29,293.0,232,581.35,0,519.02,71.76
2041-07-30,309.0,246,568.45,0,582.04,90.47
2041-07-31,303.0,221,594.75,0,544.58,78.1
2041-08-01,297.0,236,618.42,1,517.63,88.29
2041-08-02,299.0,243,585.27,0,571.67,91.87
2041-08-03,284.0,245,590.84,1,532.17,105.49
2041-08-04,276.0,246,610.51,0,557.13,93.65
2041-08-05,309.0,239,598.48,0,580.28,94.49
2041-08-06,308.0,222,564.06,0,550.76,97.6
2041-08-07,322.0,246,594.16,1,560.91,104.84
2041-08-08,286.0,241,619.62,0,543.12,82.61
2041-08-09,308.0,238,591.76,0,571.87,84.89
2041-08-10,293.0,231,543.09,0,519.58,87.44
2041-08-11,315.0,232,599.45,0,533.07,76.49
2041-08-12,312.0,229,588.91,0,563.97,93.19
2041-08-13,299.0,232,559.58,1,556.6,99.39
2041-08-14,291.0,220,562.29,0,571.28,84.22
2041-08-15,310.0,239,610.09,0,530.1,78.02
2041-08-16,305.0,226,579.38,0,475.48,82.96
2041-08-17,285.0,250,576.25,1,536.7,92.39
2041-08-18,275.0,229,591.96,0,526.34,82.01
2041-08-19,291.0,231,581.02,1,566.79,100.87
2041-08-20,317.0,240,594.44,1,545.27,109.54
2041-08-21,312.0,255,589.01,0,533.07,97.59
2041-08-22,278.0,233,571.08,0,521.46,90.54
2041-08-23,276.0,241,583.5,0,558.21,86.17
2041-08-24,313.0,236,600.69,0,519.64,85.81
2041-08-25,277.0,220,593.49,0,489.82,71.69
2041-08-26,301.0,259,591.29,1,590.91,111.18
2041-08-27,284.0,231,627.65,0,517.87,69.21
2041-08-28,317.0,231,605.96,1,499.12,94.1
2041-08-29,281.0,229,608.16,0,491.24,78.19
2041-08-30,310.0,242,589.85,1,559.52,107.21
2041-08-31,295.0,251,596.82,1,505.48,93.42
2041-09-01,296.0,237,585.12,1,547.48,108.14
2041-09-02,263.0,260,606.9,0,525.13,78.01
2041-09-03,259.0,234,590.93,1,572.92,112.49
2041-09-04,289.0,240,596.94,0,543.7,90.84
2041-09-05,295.0,214,595.85,0,499.07,88.01
2041-09-06,275.0,232,592.65,0,557.87,98.94
2041-09-07,275.0,237,645.89,0,558.72,81.42
2041-09-08,300.0,222,581.02,0,503.23,84.42
2041-09-09,300.0,248,580.88,0,536.89,76.51
2041-09-10,289.0,248,605.55,1,579.53,117.29
2041-09-11,303.0,230,582.37,0,557.93,82.13
2041-09-12,273.0,247,587.85,1,612.04,109.74
2041-09-13,286.0,227,573.56,0,555.44,90.68
2041-09-14,315.0,246,601.99,0,583.27,99.78
2041-09-15,292.0,243,602.24,0,528.76,87.55
2041-09-16,293.0,237,587.51,0,542.43,93.02
2041-09-17,325.0,239,606.07,0,524.96,84.09
2041-09-18,269.0,218,559.77,0,506.5,82.89
2041-09-19,302.0,248,580.52,0,534.28,71.33
2041-09-20,315.0,232,590.2,0,511.21,89.66
2041-09-21,285.0,243,572.18,0,458.46,71.35
2041-09-22,303.0,241,561.82,0,495.65,76.1
2041-09-23,275.0,243,587.78,0,538.6,101.82
2041-09-24,280.0,223,605.83,0,509.26,60.79
2041-09-25,296.0,234,616.44,1,534.01,99.56
2041-09-26,302.0,256,583.53,0,510.22,64.49
2041-09-27,307.0,228,606.6,1,539.2,102.5
2041-09-28,314.0,232,604.88,1,557.98,97.37
2041-09-29,289.0,234,615.37,0,534.87,62.04
2041-09-30,308.0,234,587.16,0,531.02,93.64
2041-10-01,285.0,228,561.11,0,504.04,70.89
2041-10-02,304.0,239,594.76,0,566.76,98.75
2041-10-03,293.0,242,575.27,0,555.77,80.8
2041-10-04,297.0,243,580.52,1,526.96,93.82
2041-10-05,297.0,231,588.14,0,488.91,61.48
2041-10-06,266.0,243,587.48,1,517.77,99.09
2041-10-07,273.0,238,596.15,1,549.13,96.86
2041-10-08,292.0,226,606.28,1,575.54,103.31
2041-10-09,265.0,236,587.02,0,559.38,88.7
2041-10-10,303.0,241,600.78,0,555.89,75.2
2041-10-11,304.0,242,593.95,1,564.65,110.31
2041-10-12,295.0,221,610.54,1,591.55,104.44
2041-10-13,274.0,228,590.33,0,526.06,102.28
2041-10-14,311.0,243,592.32,0,544.95,83.27
2041-10-15,321.0,219,587.02,0,524.63,80.88
2041-10-16,293.0,241,590.86,0,582.94,81.41
2041-10-17,299.0,229,579.7,0,545.62,74.09
2041-10-18,294.0,244,577.93,1,531.77,105.38
2041-10-19,299.0,227,607.8,0,489.52,86.11
2041-10-20,290.0,233,574.36,1,495.95,87.54
2041-10-21,291.0,248,588.14,0,526.15,85.14
2041-10-22,305.0,242,612.18,0,495.18,88.45
2041-10-23,327.0,251,587.57,1,525.09,99.42
2041-10-24,271.0,243,608.86,0,540.66,90.44
2041-10-25,290.0,239,583.32,0,537.39,86.69
2041-10-26,275.0,244,575.06,0,538.3,80.86
2041-10-27,316.0,238,565.29,1,500.37,95.46
2041-10-28,284.0,248,617.65,0,506.08,95.13
2041-10-29,271.0,247,573.58,0,513.78,78.19
2041-10-30,302.0,238,607.51,0,561.52,97.15
2041-10-31,319.0,232,576.08,0,532.37,86.63
2041-11-01,303.0,223,617.81,0,564.89,85.38
2041-11-02,296.0,247,633.84,1,560.38,111.2
2041-11-03,300.0,252,563.78,0,533.72,91.63
2041-11-04,315.0,223,574.63,0,551.47,93.04
2041-11-05,281.0,255,608.1,1,536.72,113.37
2041-11-06,293.0,230,603.43,0,505.04,94.71
2041-11-07,288.0,231,608.2,0,553.31,88.98
2041-11-08,277.0,224,583.91,0,545.55,86.42
2041-11-09,290.0,228,630.04,0,576.29,79.87
2041-11-10,312.0,242,596.4,0,519.36,95.04
2041-11-11,304.0,243,572.39,0,565.63,89.88
2041-11-12,305.0,238,589.76,0,569.11,85.86
2041-11-13,298.0,231,572.68,0,556.68,81.27
2041-11-14,304.0,235,623.0,1,590.47,100.91
2041-11-15,284.0,237,582.49,0,534.12,99.55
2041-11-16,292.0,243,603.26,1,570.6,113.25
2041-11-17,300.0,238,585.95,0,543.28,74.8
2041-11-18,301.0,243,583.36,1,585.13,95.54
2041-11-19,302.0,244,560.08,1,549.68,102.7
2041-11-20,296.0,248,605.25,1,535.04,90.82
2041-11-21,292.0,240,617.89,0,522.26,81.59
2041-11-22,346.0,249,578.03,0,522.71,95.81
2041-11-23,312.0,234,566.73,0,509.01,89.61
2041-11-24,305.0,253,609.02,1,539.1,85.89
2041-11-25,296.0,265,564.95,1,544.29,92.44
2041-11-26,293.0,243,616.55,0,535.46,87.65
2041-11-27,298.0,259,578.34,1,539.19,108.89
2041-11-28,304.0,242,574.78,1,556.62,96.11
2041-11-29,272.0,231,599.13,0,524.12,86.76
2041-11-30,277.0,236,575.99,0,525.6,80.51
2041-12-01,291.0,248,581.97,1,564.4,119.25
2041-12-02,304.0,249,601.09,0,547.79,92.76
2041-12-03,298.0,241,551.02,1,557.92,101.6
2041-12-04,324.0,248,624.32,1,570.22,92.71
2041-12-05,280.0,249,595.57,0,584.29,84.18
2041-12-06,291.0,241,571.53,0,590.08,72.06
2041-12-07,326.0,239,576.51,0,548.12,89.94
2041-12-08,305.0,252,612.69,1,578.71,112.84
2041-12-09,317.0,228,605.68,0,533.82,91.15
2041-12-10,335.0,228,619.84,0,567.27,85.54
2041-12-11,294.0,234,582.61,1,557.86,113.92
2041-12-12,303.0,242,600.26,0,563.4,103.53
2041-12-13,301.0,249,602.62,0,596.64,89.51
2041-12-14,276.0,248,607.47,0,528.12,93.86
2041-12-15,301.0,252,615.27,0,543.01,88.02
2041-12-16,319.0,255,582.09,0,556.4,84.63
2041-12-17,314.0,242,592.96,0,532.1,94.96
2041-12-18,316.0,250,584.06,1,602.1,100.49
2041-12-19,301.0,256,594.11,0,570.89,78.63
2041-12-20,297.0,234,607.65,0,588.93,90.73
2041-12-21,327.0,229,565.33,0,520.31,81.47
2041-12-22,300.0,238,615.09,0,504.11,68.23
2041-12-23,313.0,237,574.63,0,570.53,95.48
2041-12-24,311.0,242,589.63,0,546.12,80.99
2041-12-25,331.0,243,617.57,1,565.1,93.44
2041-12-26,324.0,246,601.1,0,587.39,99.71
2041-12-27,290.0,236,601.33,0,554.15,85.09
2041-12-28,292.0,254,573.99,0,567.28,99.76
2041-12-29,319.0,230,576.47,0,531.81,88.75
2041-12-30,310.0,241,612.22,0,548.7,86.16
2041-12-31,304.0,239,584.7,0,557.68,98.41
2042-01-01,327.0,245,586.41,0,587.49,97.7
2042-01-02,315.0,252,612.69,0,580.53,92.71
2042-01-03,313.0,246,576.46,0,589.62,98.86
2042-01-04,324.0,242,600.23,0,519.24,87.32
2042-01-05,307.0,250,596.17,0,538.45,77.31
2042-01-06,337.0,252,595.37,0,552.35,107.91
2042-01-07,302.0,256,586.11,1,605.78,112.68
2042-01-08,324.0,258,585.02,1,590.72,110.06
2042-01-09,336.0,260,576.07,1,655.97,104.07
2042-01-10,294.0,228,604.19,0,584.83,94.7
2042-01-11,310.0,241,583.49,0,585.25,95.15
2042-01-12,333.0,248,612.98,0,564.32,80.56
2042-01-13,333.0,252,591.52,1,594.24,100.67
2042-01-14,314.0,242,576.53,0,621.19,91.01
2042-01-15,305.0,249,591.32,0,625.79,97.36
2042-01-16,331.0,249,588.22,0,599.25,97.8
2042-01-17,335.0,250,613.8,0,548.76,85.97
2042-01-18,300.0,237,589.02,0,556.38,91.55
2042-01-19,300.0,231,590.71,0,566.13,96.32
2042-01-20,322.0,254,621.11,0,578.24,97.23
2042-01-21,328.0,248,604.87,1,554.72,105.65
2042-01-22,314.0,248,625.67,1,631.22,119.48
2042-01-23,329.0,237,618.42,0,555.69,91.32
2042-01-24,309.0,258,579.81,0,552.56,87.19
2042-01-25,288.0,249,613.62,0,560.75,84.17
2042-01-26,314.0,250,623.28,0,589.81,93.55
2042-01-27,321.0,254,623.43,0,592.82,100.66
2042-01-28,317.0,246,613.65,0,554.51,94.11
2042-01-29,304.0,257,613.3,0,557.42,93.43
2042-01-30,294.0,235,590.45,0,535.3,81.83
2042-01-31,314.0,236,580.85,0,579.62,90.86
2042-02-01,336.0,236,589.6,0,570.25,89.42
2042-02-02,341.0,252,565.99,0,601.42,90.75
2042-02-03,341.0,253,620.15,0,593.4,102.9
2042-02-04,311.0,243,590.9,0,621.77,82.32
2042-02-05,306.0,246,619.26,0,619.05,117.82
2042-02-06,331.0,261,573.87,0,603.59,115.35
2042-02-07,333.0,241,615.55,0,619.15,99.53
2042-02-08,330.0,251,587.17,0,631.36,104.86
2042-02-09,294.0,242,572.98,0,577.88,99.82
2042-02-10,312.0,260,625.41,0,615.13,91.43
2042-02-11,325.0,255,616.07,0,613.47,103.38
2042-02-12,333.0,235,599.97,0,601.77,108.19
2042-02-13,337.0,246,596.79,0,628.72,83.59
2042-02-14,328.0,228,604.11,0,619.04,85.67
2042-02-15,331.0,268,599.72,1,631.52,123.94
2042-02-16,328.0,270,581.98,0,610.53,95.21
2042-02-17,337.0,238,588.84,1,606.15,108.62
2042-02-18,332.0,235,631.57,0,601.49,93.29
2042-02-19,328.0,251,644.4,0,573.54,82.07
2042-02-20,323.0,250,624.45,0,645.72,99.34
2042-02-21,329.0,256,604.95,1,642.96,106.21
2042-02-22,335.0,233,590.28,0,594.36,106.77
2042-02-23,332.0,253,582.01,0,591.5,95.82
2042-02-24,334.0,259,583.22,0,606.55,98.02
2042-02-25,349.0,289,586.46,1,598.58,116.72
2042-02-26,333.0,263,635.16,0,576.92,116.45
2042-02-27,319.0,247,628.97,1,590.44,99.91
2042-02-28,342.0,250,609.91,0,602.81,79.79
2042-03-01,309.0,257,579.21,0,586.04,93.5
2042-03-02,313.0,244,612.6,0,605.68,80.31
2042-03-03,335.0,259,592.24,0,594.88,92.16
2042-03-04,338.0,268,557.81,1,660.55,130.87
2042-03-05,311.0,263,601.75,0,603.48,110.39
2042-03-06,325.0,269,581.45,1,637.08,102.9
2042-03-07,321.0,254,582.08,0,640.97,93.49
2042-03-08,323.0,245,592.13,0,619.78,102.54
2042-03-09,345.0,238,587.69,0,586.08,100.4
2042-03-10,342.0,254,596.06,0,652.57,112.35
2042-03-11,331.0,247,595.22,0,629.31,114.61
2042-03-12,323.0,248,562.96,0,584.25,99.87
2042-03-13,311.0,263,624.11,0,614.98,97.29
2042-03-14,353.0,275,579.06,1,650.91,130.79
2042-03-15,340.0,249,579.64,1,608.75,113.26
2042-03-16,321.0,250,590.89,0,636.98,104.54
2042-03-17,343.0,247,594.87,0,613.38,93.59
2042-03-18,331.0,255,623.1,0,629.46,102.19
2042-03-19,328.0,229,,0,609.43,82.61
2042-03-20,339.0,247,607.08,1,643.95,129.13
2042-03-21,321.0,251,601.84,0,642.2,93.03
2042-03-22,327.0,260,601.09,0,612.55,89.85
2042-03-23,334.0,253,602.52,0,629.48,78.75
2042-03-24,325.0,259,562.17,0,620.67,91.65
2042-03-25,343.0,254,592.48,0,608.1,88.55
2042-03-26,361.0,275,617.92,1,641.03,120.68
2042-03-27,321.0,267,667.98,0,555.85,78.14
2042-03-28,308.0,255,575.36,1,611.06,108.98
2042-03-29,303.0,261,604.68,0,590.76,88.5
2042-03-30,331.0,257,586.8,0,605.86,80.94
2042-03-31,323.0,277,633.96,0,618.99,101.25
2042-04-01,336.0,244,572.75,0,615.62,96.47
2042-04-02,335.0,251,608.39,0,588.49,94.51
2042-04-03,309.0,242,571.83,0,579.26,99.9
2042-04-04,306.0,243,591.45,0,590.41,94.53
2042-04-05,337.0,256,596.58,0,646.03,100.14
2042-04-06,335.0,255,616.47,0,591.26,102.78
2042-04-07,326.0,258,577.85,0,615.44,95.46
2042-04-08,308.0,258,609.2,0,633.01,96.49
2042-04-09,340.0,250,597.62,0,600.61,102.13
2042-04-10,352.0,250,602.21,0,617.13,91.52
2042-04-11,337.0,243,614.57,0,643.21,114.18
2042-04-12,320.0,245,574.25,0,607.17,98.61
2042-04-13,333.0,252,611.95,0,653.09,119.86
2042-04-14,312.0,254,587.14,0,594.03,94.51
2042-04-15,348.0,270,617.13,1,648.32,129.16
2042-04-16,334.0,259,603.44,0,619.14,83.84
2042-04-17,306.0,268,593.67,0,625.41,112.09
2042-04-18,328.0,243,586.84,0,589.27,100.38
2042-04-19,339.0,260,612.3,1,613.95,107.64
2042-04-20,327.0,254,620.2,1,634.07,125.53
2042-04-21,328.0,265,587.93,0,609.05,85.87
2042-04-22,314.0,257,577.15,1,603.18,107.09
2042-04-23,340.0,264,610.06,0,652.29,96.04
2042-04-24,322.0,267,571.51,0,609.23,105.88
2042-04-25,299.0,256,574.1,0,611.76,109.34
2042-04-26,326.0,255,578.49,0,605.13,92.75
2042-04-27,346.0,253,590.16,0,590.12,83.16
2042-04-28,326.0,249,573.61,0,584.34,84.93
2042-04-29,357.0,248,562.78,0,608.76,98.24
2042-04-30,337.0,251,577.26,0,591.6,94.92
2042-05-01,336.0,270,609.28,0,623.74,96.62
2042-05-02,329.0,242,574.85,0,602.16,88.85
2042-05-03,330.0,254,591.64,0,622.32,114.77
2042-05-04,326.0,259,632.82,0,583.49,87.93
2042-05-05,326.0,249,596.91,0,630.93,93.07
2042-05-06,338.0,256,603.99,0,635.96,112.7
2042-05-07,316.0,237,580.81,0,609.93,95.0
2042-05-08,314.0,265,636.8,0,643.45,107.89
2042-05-09,313.0,273,588.14,1,659.96,113.43
2042-05-10,360.0,251,593.79,0,631.34,105.81
2042-05-11,337.0,243,621.63,0,623.75,106.68
2042-05-12,334.0,259,594.67,0,630.92,90.38
2042-05-13,313.0,250,598.82,1,628.19,111.18
2042-05-14,338.0,241,592.91,0,607.07,88.89
2042-05-15,327.0,251,593.05,0,615.75,93.64
2042-05-16,331.0,266,604.69,0,641.32,118.01
2042-05-17,313.0,257,607.99,0,615.74,100.89
2042-05-18,330.0,244,586.48,0,616.02,116.56
2042-05-19,321.0,234,584.29,0,620.96,113.16
2042-05-20,316.0,251,587.14,0,598.1,105.84
2042-05-21,338.0,253,572.9,0,641.94,116.71
2042-05-22,304.0,250,569.51,0,592.17,105.05
2042-05-23,335.0,269,603.51,0,594.04,110.23
2042-05-24,337.0,249,615.07,0,587.7,98.83
2042-05-25,313.0,237,613.88,1,598.86,116.95
2042-05-26,313.0,246,555.34,0,571.45,97.07
2042-05-27,322.0,255,593.83,0,587.91,90.19
2042-05-28,329.0,254,578.42,0,582.83,100.65
2042-05-29,323.0,248,600.87,0,592.07,105.9
2042-05-30,331.0,246,590.78,0,606.64,91.6
2042-05-31,351.0,240,608.97,1,592.99,102.08
2042-06-01,316.0,251,598.0,0,594.74,90.24
2042-06-02,298.0,256,564.23,1,588.08,120.76
2042-06-03,336.0,252,580.97,0,621.0,97.15
2042-06-04,349.0,254,598.5,0,599.17,85.94
2042-06-05,329.0,272,600.04,1,624.95,105.88
2042-06-06,306.0,240,573.14,0,609.38,89.24
2042-06-07,321.0,236,570.8,0,600.21,89.62
2042-06-08,305.0,243,599.49,0,591.43,82.22
2042-06-09,331.0,241,573.23,0,590.86,99.91
2042-06-10,301.0,250,568.48,1,617.63,112.51
2042-06-11,317.0,263,590.53,0,618.39,103.9
2042-06-12,306.0,250,589.77,0,617.97,77.58
2042-06-13,322.0,278,582.77,1,622.48,125.17
2042-06-14,315.0,258,585.93,1,601.98,110.62
2042-06-15,323.0,236,598.87,0,590.31,98.88
2042-06-16,320.0,240,585.68,0,593.64,108.53
2042-06-17,305.0,258,599.93,0,601.08,99.49
2042-06-18,328.0,236,591.83,0,535.11,102.57
2042-06-19,318.0,253,601.72,0,584.32,77.02
2042-06-20,304.0,244,614.53,0,598.03,92.84
2042-06-21,352.0,238,613.85,0,556.42,73.97
2042-06-22,325.0,261,621.95,0,582.65,95.97
2042-06-23,315.0,241,613.87,0,548.06,88.32
2042-06-24,338.0,239,603.09,0,540.9,77.68
2042-06-25,344.0,246,591.02,0,583.03,112.29
2042-06-26,314.0,242,591.86,0,567.46,87.73
2042-06-27,321.0,269,583.06,0,574.74,72.94
2042-06-28,301.0,257,598.96,0,579.11,98.57
2042-06-29,313.0,241,611.45,0,551.28,93.96
2042-06-30,312.0,242,585.86,0,558.79,85.39
2042-07-01,318.0,226,598.27,0,552.15,94.87
2042-07-02,319.0,248,586.77,0,560.23,81.65
2042-07-03,323.0,239,602.75,0,587.52,90.33
2042-07-04,317.0,247,589.11,0,577.35,95.79
2042-07-05,295.0,226,585.71,0,584.79,101.67
2042-07-06,299.0,255,586.8,1,536.65,97.48
2042-07-07,305.0,273,608.12,1,636.87,113.21
2042-07-08,308.0,256,597.34,1,619.78,114.28
2042-07-09,328.0,238,591.39,0,588.01,76.03
2042-07-10,294.0,255,603.83,1,585.93,105.94
2042-07-11,306.0,244,591.68,0,556.79,72.55
2042-07-12,325.0,267,619.44,0,604.74,89.12
2042-07-13,306.0,242,581.65,0,579.52,80.36
2042-07-14,317.0,233,595.83,0,586.31,98.46
2042-07-15,308.0,245,573.93,0,581.5,86.66
2042-07-16,314.0,246,593.0,0,598.68,106.91
2042-07-17,306.0,260,569.03,1,589.95,92.79
2042-07-18,319.0,252,612.71,0,571.33,89.33
2042-07-19,286.0,274,613.1,1,582.84,108.56
2042-07-20,303.0,238,613.44,0,546.36,91.43
2042-07-21,313.0,237,599.86,0,586.72,112.83
2042-07-22,316.0,225,583.52,0,526.78,68.74
2042-07-23,330.0,250,584.97,0,523.04,77.74
2042-07-24,301.0,235,626.94,0,520.66,98.9
2042-07-25,329.0,252,625.26,0,572.85,83.74
2042-07-26,297.0,238,601.65,0,534.06,88.99
2042-07-27,326.0,261,590.18,0,517.61,75.52
2042-07-28,318.0,229,624.12,0,548.53,76.3
2042-07-29,292.0,253,587.0,0,548.65,81.07
2042-07-30,310.0,252,603.64,0,569.47,108.01
2042-07-31,305.0,248,623.88,0,573.67,81.75
2042-08-01,314.0,232,584.51,0,604.28,93.98
2042-08-02,301.0,248,614.51,0,526.41,82.21
2042-08-03,300.0,244,608.97,0,513.48,89.21
2042-08-04,325.0,224,598.91,0,571.09,101.04
2042-08-05,302.0,258,581.76,0,594.02,96.0
2042-08-06,316.0,249,586.62,1,566.55,77.7
2042-08-07,300.0,257,604.89,0,552.02,80.96
2042-08-08,328.0,241,574.08,0,581.85,82.64
2042-08-09,293.0,252,602.07,0,598.74,106.2
2042-08-10,293.0,233,609.48,0,538.51,78.72
2042-08-11,325.0,244,617.49,0,578.07,107.09
2042-08-12,295.0,253,574.61,1,555.68,106.2
2042-08-13,326.0,248,623.49,1,589.44,119.08
2042-08-14,315.0,233,630.34,0,562.82,109.1
2042-08-15,299.0,211,607.22,0,579.9,84.57
2042-08-16,274.0,233,581.18,0,528.23,71.68
2042-08-17,301.0,258,593.97,1,585.24,109.91
2042-08-18,302.0,237,599.04,1,555.29,110.68
2042-08-19,318.0,229,604.79,0,549.39,82.42
2042-08-20,324.0,227,600.34,0,585.63,94.02
2042-08-21,290.0,243,605.02,0,580.01,103.39
2042-08-22,312.0,232,598.35,0,578.36,102.24
2042-08-23,311.0,253,604.77,0,542.22,82.02
2042-08-24,315.0,248,591.73,0,526.63,86.4
2042-08-25,307.0,243,593.95,0,544.28,79.45
2042-08-26,270.0,244,589.69,0,543.5,75.14
2042-08-27,296.0,233,634.59,0,540.37,97.47
2042-08-28,281.0,233,626.45,0,517.41,66.23
2042-08-29,295.0,248,610.12,0,526.46,85.74
2042-08-30,313.0,250,624.0,0,522.55,80.71
2042-08-31,303.0,257,614.53,1,578.16,111.72
2042-09-01,315.0,236,603.44,0,568.94,85.18
2042-09-02,303.0,236,573.1,0,610.38,108.11
2042-09-03,278.0,231,595.5,0,552.8,86.61
2042-09-04,260.0,248,594.21,0,536.75,97.57
2042-09-05,300.0,220,579.86,0,537.66,87.79
2042-09-06,294.0,218,573.53,0,532.65,76.84
2042-09-07,282.0,230,609.17,1,589.64,113.88
2042-09-08,271.0,219,606.16,0,563.13,93.63
2042-09-09,286.0,263,579.33,1,561.79,103.03
2042-09-10,294.0,248,586.93,0,563.83,83.88
2042-09-11,307.0,228,621.28,0,527.5,91.21
2042-09-12,299.0,239,584.6,0,571.56,83.17
2042-09-13,320.0,254,603.49,0,541.08,79.59
2042-09-14,281.0,255,597.02,1,554.49,106.97
2042-09-15,309.0,271,609.57,1,549.03,99.83
2042-09-16,297.0,239,585.07,0,564.93,73.74
2042-09-17,306.0,233,602.12,0,569.19,82.86
2042-09-18,289.0,229,603.56,0,524.11,87.05
2042-09-19,312.0,240,604.68,0,539.32,84.11
2042-09-20,300.0,249,601.98,0,520.67,82.52
2042-09-21,286.0,241,606.78,0,518.03,84.92
2042-09-22,296.0,236,640.05,0,514.8,85.89
2042-09-23,292.0,252,646.72,0,514.28,83.18
2042-09-24,303.0,245,589.13,0,560.79,61.73
2042-09-25,278.0,239,558.93,0,474.52,75.53
2042-09-26,295.0,232,611.4,0,536.53,81.69
2042-09-27,302.0,237,604.05,0,524.08,84.09
2042-09-28,296.0,244,619.82,0,555.4,97.76
2042-09-29,316.0,232,605.87,0,528.6,76.07
2042-09-30,307.0,227,601.81,0,525.03,84.56
2042-10-01,295.0,245,621.1,1,543.75,104.48
2042-10-02,299.0,239,623.64,0,549.84,85.42
2042-10-03,300.0,253,575.86,0,538.12,75.53
2042-10-04,302.0,228,586.14,0,509.79,72.36
2042-10-05,268.0,242,598.96,0,522.78,83.37
2042-10-06,291.0,237,602.65,0,533.75,80.43
2042-10-07,273.0,238,596.83,0,533.12,69.88
2042-10-08,315.0,255,608.74,0,569.41,84.29
2042-10-09,295.0,251,618.87,1,578.83,95.79
2042-10-10,293.0,231,631.97,0,567.09,97.1
2042-10-11,309.0,249,611.4,0,557.05,76.73
2042-10-12,302.0,248,585.66,0,528.13,95.75
2042-10-13,279.0,230,598.37,0,509.66,98.06
2042-10-14,295.0,228,599.68,0,530.26,78.95
2042-10-15,291.0,244,610.32,0,571.18,86.13
2042-10-16,270.0,240,608.07,0,563.86,98.2
2042-10-17,286.0,236,638.01,0,566.08,99.78
2042-10-18,294.0,251,592.81,0,555.97,84.85
2042-10-19,295.0,244,608.07,1,573.06,102.24
2042-10-20,275.0,255,643.54,1,571.28,101.99
2042-10-21,314.0,252,590.65,0,582.11,85.7
2042-10-22,296.0,237,,0,540.97,93.95
2042-10-23,298.0,232,584.21,1,589.52,110.44
2042-10-24,303.0,237,602.72,0,520.87,77.67
2042-10-25,286.0,243,587.22,0,508.64,81.88
2042-10-26,304.0,251,620.12,0,523.85,80.84
2042-10-27,292.0,236,603.95,0,531.67,105.03
2042-10-28,285.0,258,584.48,0,536.58,83.85
2042-10-29,307.0,228,616.47,0,545.03,93.26
2042-10-30,321.0,243,604.59,0,543.2,90.45
2042-10-31,309.0,249,618.53,1,555.33,101.48
2042-11-01,313.0,255,580.74,0,535.98,89.3
2042-11-02,291.0,237,608.06,1,578.91,108.93
2042-11-03,275.0,256,615.36,1,582.96,129.59
2042-11-04,322.0,239,593.84,0,526.41,83.46
2042-11-05,330.0,257,578.82,0,602.29,72.82
2042-11-06,323.0,233,600.75,0,571.85,110.27
2042-11-07,295.0,256,623.63,1,603.25,106.99
2042-11-08,283.0,234,621.81,0,569.47,91.85
2042-11-09,284.0,244,593.85,0,576.29,87.51
2042-11-10,275.0,238,578.48,0,547.07,82.62
2042-11-11,299.0,238,593.84,0,546.85,78.32
2042-11-12,325.0,222,593.19,0,611.42,79.46
2042-11-13,299.0,247,609.68,0,556.42,83.04
2042-11-14,306.0,232,599.77,0,570.31,95.65
2042-11-15,322.0,242,588.12,1,605.66,97.09
2042-11-16,296.0,227,621.58,0,533.87,89.47
2042-11-17,333.0,232,604.25,0,551.64,107.46
2042-11-18,332.0,258,609.58,1,604.33,114.4
2042-11-19,301.0,248,570.71,0,561.31,78.11
2042-11-20,294.0,250,558.14,0,564.71,93.76
2042-11-21,314.0,233,575.92,0,545.98,95.2
2042-11-22,298.0,256,593.17,1,549.97,112.5
2042-11-23,287.0,238,612.21,0,525.42,85.55
2042-11-24,323.0,263,559.7,1,601.13,116.66
2042-11-25,323.0,248,630.55,0,546.81,94.46
2042-11-26,307.0,237,604.97,0,555.3,93.86
2042-11-27,286.0,265,626.41,1,556.93,105.69
2042-11-28,287.0,249,585.99,0,594.12,89.37
2042-11-29,307.0,231,611.03,0,544.6,94.93
2042-11-30,298.0,228,603.51,0,545.62,82.91
2042-12-01,301.0,231,616.72,0,574.43,114.33
2042-12-02,322.0,261,597.81,0,565.87,85.11
2042-12-03,318.0,235,610.56,0,590.84,101.65
2042-12-04,328.0,264,621.9,0,554.48,78.09
2042-12-05,293.0,235,590.36,0,558.69,85.4
2042-12-06,303.0,234,606.46,0,546.82,82.66
2042-12-07,320.0,254,568.14,0,538.97,75.18
2042-12-08,315.0,255,614.79,0,580.06,87.81
2042-12-09,332.0,261,637.34,1,613.97,116.9
2042-12-10,315.0,253,579.78,0,570.59,89.18
2042-12-11,337.0,238,600.56,0,563.97,100.33
2042-12-12,318.0,255,618.07,0,594.61,86.83
2042-12-13,326.0,249,602.81,0,577.62,98.46
2042-12-14,306.0,243,605.23,0,567.45,85.75
2042-12-15,311.0,248,595.24,0,560.5,99.17
2042-12-16,325.0,257,594.59,0,581.52,99.88
2042-12-17,336.0,251,600.76,0,572.33,100.27
2042-12-18,323.0,226,603.09,0,572.1,90.15
2042-12-19,311.0,256,581.09,0,568.83,102.36
2042-12-20,333.0,256,601.19,0,567.59,76.68
2042-12-21,280.0,254,630.63,1,550.9,105.6
2042-12-22,292.0,259,594.88,1,563.27,105.37
2042-12-23,324.0,249,580.17,0,582.59,100.5
2042-12-24,314.0,238,599.73,1,598.05,109.96
2042-12-25,323.0,244,589.62,0,560.74,81.44
2042-12-26,316.0,245,578.41,0,569.46,81.79
2042-12-27,324.0,247,605.03,0,551.11,88.08
2042-12-28,303.0,243,589.75,0,579.67,90.49
2042-12-29,324.0,255,591.32,0,576.07,99.58
2042-12-30,331.0,241,605.34,0,567.65,98.95
2042-12-31,335.0,268,575.0,1,630.91,117.17
2043-01-01,347.0,265,571.27,1,599.77,111.19
2043-01-02,321.0,273,614.72,1,622.57,125.12
2043-01-03,322.0,277,567.9,1,592.1,107.36
2043-01-04,295.0,277,585.1,1,626.7,114.02
2043-01-05,310.0,238,570.3,0,611.3,85.68
2043-01-06,316.0,254,593.97,0,580.09,100.46
2043-01-07,335.0,243,610.45,0,576.78,91.51
2043-01-08,310.0,283,604.78,0,628.39,111.26
2043-01-09,332.0,257,645.83,0,653.7,92.76
2043-01-10,320.0,275,622.36,1,645.93,114.74
2043-01-11,318.0,265,586.06,1,619.33,123.37
2043-01-12,325.0,225,581.29,0,582.78,96.1
2043-01-13,315.0,243,651.58,0,581.33,82.7
2043-01-14,315.0,254,622.01,1,641.35,127.53
2043-01-15,296.0,248,613.51,0,620.49,87.13
2043-01-16,318.0,255,604.27,0,592.92,102.23
2043-01-17,315.0,267,607.86,1,609.21,103.75
2043-01-18,315.0,226,576.28,0,576.16,102.66
2043-01-19,330.0,250,605.81,0,633.71,102.47
2043-01-20,333.0,257,604.28,1,618.11,117.54
2043-01-21,327.0,266,586.75,0,580.72,92.21
2043-01-22,339.0,258,593.35,0,573.68,92.54
2043-01-23,333.0,251,630.33,0,573.89,92.54
2043-01-24,321.0,255,600.83,0,605.51,103.29
2043-01-25,318.0,236,640.38,0,581.96,92.56
2043-01-26,330.0,270,571.79,1,612.54,126.76
2043-01-27,335.0,249,593.74,0,535.72,79.8
2043-01-28,347.0,245,575.31,0,579.01,100.12
2043-01-29,344.0,267,581.41,0,615.18,103.63
2043-01-30,319.0,256,588.29,0,610.5,108.97
2043-01-31,326.0,257,608.9,1,621.02,116.02
2043-02-01,338.0,248,608.04,0,570.19,94.05
2043-02-02,344.0,258,591.03,0,621.53,102.41
2043-02-03,342.0,257,563.18,0,601.35,85.25
2043-02-04,327.0,265,629.9,1,644.06,122.96
2043-02-05,310.0,242,598.18,0,601.31,125.7
2043-02-06,314.0,244,583.25,0,642.05,118.23
2043-02-07,333.0,257,608.31,1,643.6,111.54
2043-02-08,335.0,253,607.06,0,615.91,81.91
2043-02-09,313.0,255,597.59,0,657.51,105.72
2043-02-10,331.0,264,606.09,1,646.88,130.18
2043-02-11,340.0,254,582.65,0,604.19,96.32
2043-02-12,313.0,274,617.14,0,658.37,124.0
2043-02-13,348.0,264,585.54,0,640.46,94.98
2043-02-14,326.0,268,592.6,0,614.22,100.35
2043-02-15,350.0,260,615.2,0,604.68,95.76
2043-02-16,324.0,267,625.21,1,655.27,128.41
2043-02-17,317.0,270,632.1,1,659.2,129.86
2043-02-18,325.0,258,622.58,0,602.56,107.15
2043-02-19,331.0,264,597.77,0,630.19,99.66
2043-02-20,327.0,247,575.88,0,613.62,109.76
2043-02-21,330.0,264,628.93,0,586.29,96.84
2043-02-22,338.0,258,628.33,0,599.96,108.23
2043-02-23,331.0,239,591.58,0,590.87,107.83
2043-02-24,333.0,268,620.28,1,657.81,121.88
2043-02-25,308.0,244,597.74,0,588.76,88.25
2043-02-26,340.0,252,630.76,0,640.52,104.44
2043-02-27,333.0,255,594.49,0,615.23,107.58
2043-02-28,359.0,242,639.4,0,565.24,77.68
2043-03-01,321.0,257,617.95,0,561.61,85.69
2043-03-02,308.0,258,636.18,0,614.86,104.67
2043-03-03,344.0,265,595.49,0,656.49,79.55
2043-03-04,341.0,253,611.15,0,652.08,94.22
2043-03-05,320.0,270,586.43,1,657.31,115.56
2043-03-06,313.0,257,619.09,0,617.79,98.07
2043-03-07,359.0,264,620.1,1,641.81,115.64
2043-03-08,357.0,241,647.09,0,628.28,97.67
2043-03-09,299.0,267,612.64,1,682.69,112.67
2043-03-10,329.0,275,617.01,1,681.04,144.07
2043-03-11,361.0,249,595.53,0,664.06,100.19
2043-03-12,330.0,266,613.76,1,679.75,106.35
2043-03-13,329.0,257,597.2,0,663.09,117.39
2043-03-14,333.0,269,606.15,0,591.96,87.83
2043-03-15,320.0,259,607.22,0,611.7,86.75
2043-03-16,312.0,261,597.76,0,617.34,105.05
2043-03-17,353.0,268,605.25,1,639.06,113.25
2043-03-18,310.0,254,597.38,0,630.99,102.55
2043-03-19,341.0,247,597.32,0,599.62,90.24
2043-03-20,351.0,256,623.56,0,612.04,93.68
2043-03-21,316.0,263,607.36,0,613.1,88.97
2043-03-22,324.0,260,610.47,0,580.05,82.25
2043-03-23,356.0,273,578.01,0,621.88,131.88
2043-03-24,346.0,268,611.88,0,639.17,94.33
2043-03-25,329.0,271,613.83,0,599.96,82.83
2043-03-26,356.0,238,597.13,0,628.14,111.15
2043-03-27,356.0,275,641.85,0,612.71,100.48
2043-03-28,342.0,262,563.13,0,615.34,98.62
2043-03-29,325.0,263,618.48,0,587.39,89.68
2043-03-30,332.0,268,617.21,0,635.43,97.79
2043-03-31,343.0,259,614.15,0,619.81,96.4
2043-04-01,335.0,258,607.59,1,654.43,132.23
2043-04-02,352.0,283,614.35,1,650.42,117.9
2043-04-03,315.0,261,620.09,1,661.19,133.67
2043-04-04,316.0,249,591.41,0,634.84,101.06
2043-04-05,341.0,267,609.89,1,652.41,118.69
2043-04-06,331.0,255,601.22,0,630.61,91.24
2043-04-07,329.0,259,584.85,0,639.53,122.9
2043-04-08,312.0,258,617.47,0,618.42,99.09
2043-04-09,339.0,273,594.42,0,659.21,105.46
2043-04-10,337.0,264,577.64,0,664.19,124.79
2043-04-11,348.0,250,594.92,0,666.3,110.77
2043-04-12,339.0,252,590.26,0,660.54,110.91
2043-04-13,336.0,255,623.17,0,626.77,100.84
2043-04-14,356.0,265,607.44,1,673.81,116.83
2043-04-15,318.0,254,629.58,0,637.24,113.59
2043-04-16,346.0,248,592.72,0,662.32,91.9
2043-04-17,313.0,262,620.48,0,623.19,90.58
2043-04-18,325.0,254,655.87,0,637.63,94.59
2043-04-19,320.0,249,611.19,0,594.26,97.32
2043-04-20,349.0,274,620.31,1,653.45,120.73
2043-04-21,337.0,267,617.3,0,612.3,80.86
2043-04-22,337.0,256,579.24,0,583.05,113.56
2043-04-23,321.0,277,615.4,0,609.51,104.47
2043-04-24,333.0,291,610.4,1,646.4,114.82
2043-04-25,326.0,274,600.22,1,658.36,126.08
2043-04-26,343.0,254,589.01,0,582.52,97.11
2043-04-27,322.0,261,617.43,0,604.8,93.77
2043-04-28,357.0,246,587.46,0,586.2,97.26
2043-04-29,312.0,260,643.39,1,658.22,125.78
2043-04-30,324.0,242,607.06,0,602.99,106.35
2043-05-01,362.0,252,583.0,0,616.66,99.3
2043-05-02,330.0,246,595.79,0,600.44,98.97
2043-05-03,316.0,265,600.05,0,577.98,90.67
2043-05-04,339.0,251,648.5,0,598.94,91.94
2043-05-05,329.0,261,589.18,0,615.31,91.35
2043-05-06,323.0,266,603.03,0,650.8,96.28
2043-05-07,319.0,270,595.46,0,592.13,90.61
2043-05-08,377.0,265,614.15,1,677.56,122.95
2043-05-09,331.0,271,595.79,1,660.18,132.09
2043-05-10,306.0,262,584.7,0,592.82,91.48
2043-05-11,357.0,281,601.7,1,667.67,120.19
2043-05-12,344.0,266,599.85,0,670.55,104.35
2043-05-13,323.0,271,594.6,0,624.53,99.48
2043-05-14,320.0,241,595.58,0,619.37,114.88
2043-05-15,344.0,251,626.62,0,690.79,106.6
2043-05-16,330.0,278,599.56,1,655.86,126.85
2043-05-17,305.0,273,584.93,1,635.86,120.97
2043-05-18,360.0,256,597.04,0,621.09,99.95
2043-05-19,326.0,263,606.36,1,651.7,111.2
2043-05-20,355.0,275,581.35,1,663.34,127.93
2043-05-21,352.0,237,634.69,0,567.72,74.44
2043-05-22,317.0,275,621.06,1,593.96,100.79
2043-05-23,348.0,258,631.2,0,582.02,88.39
2043-05-24,322.0,262,612.54,1,613.32,111.4
2043-05-25,304.0,262,567.81,0,608.02,98.05
2043-05-26,325.0,253,633.16,0,569.78,103.06
2043-05-27,337.0,257,590.0,0,602.49,102.09
2043-05-28,324.0,256,591.48,0,603.26,98.05
2043-05-29,326.0,264,608.39,0,592.27,91.78
2043-05-30,347.0,258,630.41,0,587.68,91.16
2043-05-31,332.0,247,624.58,1,596.85,100.26
2043-06-01,317.0,242,621.95,0,612.76,78.67
2043-06-02,340.0,255,600.05,1,632.64,104.94
2043-06-03,332.0,271,599.78,1,618.47,125.28
2043-06-04,291.0,262,611.93,0,636.04,94.98
2043-06-05,335.0,273,603.38,0,602.31,91.63
2043-06-06,334.0,246,621.75,0,573.37,100.52
2043-06-07,328.0,269,620.7,0,614.25,73.94
2043-06-08,341.0,236,616.42,0,614.3,92.89
2043-06-09,317.0,256,560.33,0,627.79,90.11
2043-06-10,332.0,258,608.12,0,605.71,99.58
2043-06-11,303.0,258,603.88,0,643.39,108.32
2043-06-12,333.0,252,608.88,0,659.76,111.23
2043-06-13,355.0,256,592.3,0,615.89,112.48
2043-06-14,311.0,253,582.05,1,631.85,122.14
2043-06-15,314.0,263,614.26,0,579.41,94.87
2043-06-16,315.0,257,599.53,0,607.35,119.34
2043-06-17,327.0,258,616.3,0,600.62,76.93
2043-06-18,309.0,252,593.9,0,588.94,113.67
2043-06-19,331.0,261,631.49,1,614.0,129.63
2043-06-20,337.0,259,624.04,0,582.25,91.86
2043-06-21,332.0,270,611.38,0,565.3,84.45
2043-06-22,297.0,240,602.22,0,575.91,86.46
2043-06-23,338.0,239,621.42,0,566.67,88.21
2043-06-24,337.0,256,613.17,0,608.7,108.32
2043-06-25,335.0,250,610.41,0,595.08,73.19
2043-06-26,328.0,255,624.91,0,595.62,113.25
2043-06-27,325.0,253,631.84,0,595.0,95.19
2043-06-28,337.0,259,583.64,0,563.43,100.09
2043-06-29,350.0,250,587.29,0,595.81,84.34
2043-06-30,306.0,241,592.18,0,603.95,103.19
2043-07-01,336.0,245,579.2,0,571.92,94.82
2043-07-02,319.0,251,605.13,0,552.15,93.02
2043-07-03,318.0,240,617.08,0,576.29,86.23
2043-07-04,296.0,252,605.91,0,602.51,92.94
2043-07-05,315.0,253,596.71,0,569.53,80.57
2043-07-06,304.0,249,626.62,0,590.46,101.24
2043-07-07,311.0,254,608.89,0,589.26,106.15
2043-07-08,302.0,246,612.55,1,615.97,116.56
2043-07-09,311.0,252,627.18,1,603.68,87.42
2043-07-10,311.0,240,604.2,0,572.12,103.18
2043-07-11,318.0,260,643.52,0,590.72,95.57
2043-07-12,292.0,275,598.4,0,597.04,71.75
2043-07-13,295.0,253,642.44,1,643.89,102.67
2043-07-14,321.0,259,588.95,1,626.76,106.04
2043-07-15,304.0,244,615.83,0,572.73,91.63
2043-07-16,332.0,253,594.97,0,586.02,84.78
2043-07-17,318.0,245,626.71,0,606.36,88.92
2043-07-18,324.0,264,597.97,1,595.36,118.3
2043-07-19,336.0,257,611.84,0,558.64,99.33
2043-07-20,310.0,238,594.91,0,578.87,100.86
2043-07-21,305.0,253,623.51,0,564.12,76.42
2043-07-22,327.0,232,594.86,0,579.49,100.92
2043-07-23,321.0,248,636.98,0,580.88,88.77
2043-07-24,310.0,247,588.77,0,546.59,103.55
2043-07-25,333.0,248,582.5,0,594.7,97.47
2043-07-26,309.0,247,623.87,0,552.08,98.41
2043-07-27,312.0,255,596.11,1,534.72,103.38
2043-07-28,312.0,247,606.65,0,574.15,95.59
2043-07-29,297.0,252,601.0,0,515.77,79.68
2043-07-30,312.0,252,583.19,0,591.64,105.38
2043-07-31,332.0,251,605.45,0,575.71,100.15
2043-08-01,317.0,244,629.63,0,556.87,86.33
2043-08-02,311.0,260,624.94,0,567.01,86.98
2043-08-03,308.0,264,611.07,0,594.76,88.81
2043-08-04,315.0,236,626.94,0,564.27,97.2
2043-08-05,321.0,251,587.87,0,583.63,95.45
2043-08-06,318.0,244,601.1,0,584.92,96.11
2043-08-07,304.0,258,614.1,0,531.45,82.16
2043-08-08,313.0,259,604.65,1,609.92,126.17
2043-08-09,316.0,249,602.58,0,592.05,81.51
2043-08-10,293.0,253,585.43,0,597.18,102.55
2043-08-11,310.0,245,569.6,0,593.89,103.77
2043-08-12,275.0,265,621.8,0,622.04,96.56
2043-08-13,315.0,253,611.48,0,587.07,81.16
2043-08-14,317.0,267,623.36,1,610.19,116.39
2043-08-15,318.0,246,599.27,0,555.41,98.83
2043-08-16,301.0,247,594.33,0,525.59,98.06
2043-08-17,311.0,266,607.3,1,609.5,118.77
2043-08-18,328.0,255,622.58,0,565.11,85.22
2043-08-19,327.0,235,603.05,0,524.91,89.44
2043-08-20,305.0,249,621.67,0,562.18,94.17
2043-08-21,308.0,252,589.15,0,560.19,92.33
2043-08-22,322.0,246,604.37,0,541.83,79.5
2043-08-23,283.0,251,606.04,0,544.36,91.98
2043-08-24,300.0,246,629.4,0,520.4,86.93
2043-08-25,325.0,235,611.08,1,586.29,129.81
2043-08-26,319.0,234,638.79,0,555.35,89.58
2043-08-27,310.0,257,583.12,0,580.86,107.71
2043-08-28,282.0,245,609.74,0,536.84,97.1
2043-08-29,303.0,249,610.65,0,550.13,88.43
2043-08-30,295.0,247,618.6,0,504.08,90.01
2043-08-31,309.0,239,592.82,0,537.09,79.62
2043-09-01,291.0,252,637.8,1,550.56,100.27
2043-09-02,288.0,250,607.73,0,566.69,86.12
2043-09-03,272.0,251,587.95,0,540.76,85.24
2043-09-04,321.0,269,607.25,0,570.86,74.18
2043-09-05,297.0,242,601.92,0,555.1,103.8
2043-09-06,305.0,273,657.68,1,582.23,105.05
2043-09-07,303.0,238,626.5,0,543.95,93.45
2043-09-08,286.0,251,608.51,0,608.39,99.58
2043-09-09,283.0,248,605.63,0,576.88,89.95
2043-09-10,287.0,255,624.78,1,629.51,104.4
2043-09-11,291.0,246,625.66,0,553.78,81.01
2043-09-12,307.0,250,555.29,1,575.59,104.45
2043-09-13,290.0,255,619.29,0,565.43,86.44
2043-09-14,328.0,238,608.24,0,601.12,87.4
2043-09-15,317.0,250,,0,604.94,90.56
2043-09-16,314.0,254,623.62,0,561.83,93.78
2043-09-17,300.0,260,648.23,0,553.83,95.9
2043-09-18,324.0,256,617.84,0,566.19,80.68
2043-09-19,298.0,252,627.65,0,570.23,83.71
2043-09-20,301.0,240,640.33,0,540.91,88.29
2043-09-21,304.0,238,592.94,0,553.33,87.18
2043-09-22,312.0,235,574.46,0,568.12,87.78
2043-09-23,311.0,234,619.74,0,562.54,97.79
2043-09-24,294.0,246,603.48,0,565.47,92.04
2043-09-25,293.0,239,583.22,0,554.39,75.2
2043-09-26,311.0,258,606.57,0,567.76,84.03
2043-09-27,312.0,240,621.1,0,509.14,68.78
2043-09-28,295.0,257,605.34,1,615.35,112.19
2043-09-29,277.0,244,593.88,0,567.43,79.48
2043-09-30,298.0,232,604.04,0,542.48,72.47
2043-10-01,310.0,257,607.73,0,583.29,75.34
2043-10-02,328.0,263,573.37,1,579.98,124.56
2043-10-03,283.0,254,605.55,0,560.09,78.14
2043-10-04,295.0,262,583.94,1,588.6,106.1
2043-10-05,295.0,239,620.02,0,580.65,93.42
2043-10-06,322.0,239,580.08,0,560.19,90.63
2043-10-07,301.0,251,626.43,0,592.32,100.29
2043-10-08,288.0,262,600.86,0,571.12,90.94
2043-10-09,310.0,250,598.47,0,593.2,90.88
2043-10-10,295.0,256,613.56,0,567.91,92.74
2043-10-11,283.0,251,592.69,1,546.26,102.77
2043-10-12,288.0,258,613.32,0,565.3,90.88
2043-10-13,328.0,242,595.14,0,593.54,100.67
2043-10-14,307.0,249,598.32,0,569.53,85.78
2043-10-15,303.0,243,615.66,0,594.61,93.35
2043-10-16,298.0,256,587.89,0,548.87,76.9
2043-10-17,306.0,256,585.64,0,573.29,89.62
2043-10-18,306.0,232,612.89,0,544.75,81.95
2043-10-19,307.0,260,607.96,0,562.6,98.92
2043-10-20,304.0,271,611.5,0,545.8,75.35
2043-10-21,315.0,253,614.38,1,582.26,103.57
2043-10-22,303.0,246,609.53,0,533.13,81.11
2043-10-23,288.0,260,619.47,0,543.39,92.41
2043-10-24,294.0,248,610.29,0,535.46,75.42
2043-10-25,273.0,247,572.43,0,527.44,84.42
2043-10-26,333.0,266,577.12,0,583.14,93.99
2043-10-27,316.0,244,643.3,1,517.57,102.92
2043-10-28,291.0,250,608.62,1,566.87,97.6
2043-10-29,299.0,252,625.74,0,548.98,77.07
2043-10-30,294.0,231,602.44,0,548.46,91.66
2043-10-31,327.0,254,607.64,1,560.93,92.04
2043-11-01,283.0,244,600.54,0,567.69,86.38
2043-11-02,306.0,258,653.11,0,566.49,88.61
2043-11-03,303.0,255,613.3,0,576.03,97.49
2043-11-04,317.0,231,599.13,0,585.46,80.13
2043-11-05,303.0,251,579.05,1,597.14,107.82
2043-11-06,279.0,241,644.33,0,548.18,87.92
2043-11-07,302.0,246,605.88,0,560.47,82.44
2043-11-08,291.0,248,622.24,1,586.02,105.27
2043-11-09,307.0,253,624.27,0,555.09,96.22
2043-11-10,327.0,252,600.55,1,594.46,105.45
2043-11-11,280.0,255,621.0,0,585.14,90.43
2043-11-12,294.0,249,598.05,0,625.21,108.34
2043-11-13,298.0,239,591.11,0,587.28,92.04
2043-11-14,301.0,263,629.92,0,580.57,104.55
2043-11-15,318.0,263,606.13,0,611.24,82.78
2043-11-16,305.0,252,618.33,0,592.32,92.34
2043-11-17,314.0,257,616.42,1,613.93,120.73
2043-11-18,299.0,249,620.52,1,583.19,101.6
2043-11-19,312.0,260,581.04,0,551.96,86.37
2043-11-20,320.0,268,598.54,1,602.68,122.92
2043-11-21,298.0,252,603.26,1,609.97,105.76
2043-11-22,321.0,243,594.15,0,582.84,97.47
2043-11-23,310.0,255,616.86,0,580.67,99.41
2043-11-24,325.0,249,630.52,1,570.31,106.16
2043-11-25,307.0,244,633.39,0,530.66,85.22
2043-11-26,316.0,240,603.09,0,545.2,78.85
2043-11-27,310.0,241,614.48,0,567.06,96.95
2043-11-28,309.0,244,617.26,0,544.44,76.87
2043-11-29,315.0,270,620.44,1,606.79,115.82
2043-11-30,319.0,234,593.47,0,538.17,81.92
2043-12-01,293.0,266,642.07,1,597.95,107.08
2043-12-02,333.0,254,626.0,0,570.12,89.5
2043-12-03,284.0,261,626.49,0,606.19,101.53
2043-12-04,302.0,254,631.02,0,599.85,110.03
2043-12-05,312.0,248,618.99,0,562.36,90.92
2043-12-06,319.0,244,590.91,0,598.31,89.27
2043-12-07,337.0,272,606.92,1,596.36,97.45
2043-12-08,286.0,257,579.72,0,564.56,100.15
2043-12-09,307.0,257,616.93,1,604.91,113.5
2043-12-10,283.0,262,606.43,0,565.52,88.52
2043-12-11,315.0,248,608.77,0,601.03,96.69
2043-12-12,319.0,253,631.19,0,592.32,101.58
2043-12-13,339.0,247,601.31,0,584.86,89.98
2043-12-14,318.0,258,605.02,0,616.97,92.55
2043-12-15,332.0,243,609.98,0,584.97,82.1
2043-12-16,325.0,250,576.48,0,573.73,82.51
2043-12-17,310.0,247,604.83,0,578.27,89.53
2043-12-18,296.0,256,564.9,0,569.73,100.34
2043-12-19,322.0,258,599.12,0,571.46,87.07
2043-12-20,296.0,243,625.07,0,583.41,95.63
2043-12-21,338.0,258,617.75,0,558.07,98.7
2043-12-22,316.0,250,599.01,1,596.45,113.76
2043-12-23,337.0,286,610.47,1,639.86,137.32
2043-12-24,312.0,250,590.41,0,604.24,97.29
2043-12-25,324.0,265,609.74,0,577.24,91.0
2043-12-26,323.0,257,662.55,0,619.95,95.64
2043-12-27,320.0,258,643.04,0,555.91,105.56
2043-12-28,314.0,244,610.79,0,579.13,103.25
2043-12-29,327.0,264,612.74,0,573.19,79.16
2043-12-30,308.0,256,592.25,0,602.21,115.41
2043-12-31,304.0,260,595.47,0,654.12,109.55
2044-01-01,341.0,255,616.44,0,640.69,103.75
2044-01-02,334.0,257,600.49,0,612.49,102.76
2044-01-03,324.0,257,626.23,1,603.93,103.04
2044-01-04,348.0,265,638.23,1,634.84,119.32
2044-01-05,320.0,262,615.99,1,659.21,118.9
2044-01-06,344.0,250,611.85,0,634.43,98.08
2044-01-07,327.0,258,579.79,0,625.28,109.04
2044-01-08,309.0,261,623.52,0,627.75,97.95
2044-01-09,353.0,260,589.49,0,640.36,103.41
2044-01-10,340.0,256,602.58,0,642.84,106.01
2044-01-11,324.0,272,627.39,1,622.28,123.93
2044-01-12,337.0,270,628.68,1,657.11,134.06
2044-01-13,320.0,269,601.76,1,660.69,122.37
2044-01-14,339.0,260,602.82,0,617.24,95.26
2044-01-15,291.0,270,597.61,0,650.31,122.62
2044-01-16,312.0,246,588.66,0,596.46,72.35
2044-01-17,343.0,265,598.81,1,656.23,129.94
2044-01-18,325.0,262,581.22,0,610.74,96.4
2044-01-19,332.0,243,622.58,0,613.18,103.36
2044-01-20,309.0,273,617.4,0,621.25,99.78
2044-01-21,357.0,261,620.41,0,648.21,116.17
2044-01-22,348.0,269,593.16,0,630.8,104.89
2044-01-23,327.0,280,588.85,1,614.27,100.55
2044-01-24,324.0,263,611.34,0,591.55,81.64
2044-01-25,346.0,237,611.55,0,594.62,93.22
2044-01-26,361.0,261,607.77,0,613.95,103.83
2044-01-27,346.0,262,605.23,0,594.79,106.83
2044-01-28,364.0,249,641.25,0,610.41,91.54
2044-01-29,318.0,242,618.15,0,633.29,80.32
2044-01-30,320.0,265,645.97,0,633.99,105.54
2044-01-31,315.0,258,633.36,1,593.81,110.23
2044-02-01,340.0,281,641.2,0,601.54,97.54
2044-02-02,336.0,263,591.22,0,619.2,88.84
2044-02-03,331.0,284,621.26,1,625.93,127.0
2044-02-04,346.0,271,602.83,1,635.63,109.81
2044-02-05,353.0,269,580.68,0,652.99,107.5
2044-02-06,312.0,272,637.57,1,650.37,123.01
2044-02-07,326.0,271,605.37,0,602.16,101.31
2044-02-08,347.0,241,591.69,0,662.66,98.62
2044-02-09,328.0,270,603.24,0,642.63,93.92
2044-02-10,324.0,268,596.39,0,639.73,110.54
2044-02-11,351.0,260,598.25,0,669.82,112.72
2044-02-12,317.0,258,606.77,0,651.88,107.58
2044-02-13,332.0,259,641.93,0,631.67,111.73
2044-02-14,342.0,265,598.81,0,624.67,103.15
2044-02-15,328.0,274,640.69,0,658.09,101.64
2044-02-16,349.0,267,626.12,1,652.92,125.86
2044-02-17,329.0,245,617.99,0,624.09,104.07
2044-02-18,359.0,287,624.35,0,625.01,104.46
2044-02-19,336.0,279,611.15,1,680.54,116.89
2044-02-20,348.0,259,634.07,0,648.95,94.3
2044-02-21,350.0,275,621.15,0,627.71,108.72
2044-02-22,329.0,272,581.0,0,620.47,97.89
2044-02-23,308.0,268,616.31,0,643.73,84.23
2044-02-24,345.0,258,625.11,0,636.47,88.74
2044-02-25,340.0,280,605.82,1,643.49,106.32
2044-02-26,348.0,274,613.31,0,656.64,115.58
2044-02-27,336.0,246,600.03,0,600.67,95.67
2044-02-28,334.0,266,586.28,0,594.34,95.41
2044-02-29,370.0,267,583.19,0,638.13,98.72
2044-03-01,318.0,267,583.45,0,657.88,94.81
2044-03-02,352.0,274,623.18,1,666.73,130.94
2044-03-03,332.0,276,566.33,0,625.12,106.14
2044-03-04,336.0,262,599.18,0,638.1,95.35
2044-03-05,336.0,264,597.42,0,662.28,119.89
2044-03-06,329.0,267,606.14,0,647.38,110.81
2044-03-07,350.0,273,577.82,1,679.43,116.99
2044-03-08,363.0,261,618.53,1,675.58,122.07
2044-03-09,349.0,267,588.36,0,684.48,105.74
2044-03-10,344.0,267,631.68,0,683.65,112.59
2044-03-11,327.0,261,600.13,0,631.02,87.44
2044-03-12,350.0,263,609.62,0,669.29,100.01
2044-03-13,375.0,243,611.43,1,671.98,132.32
2044-03-14,337.0,277,615.78,0,696.84,94.91
2044-03-15,337.0,274,612.07,0,660.31,103.69
2044-03-16,334.0,252,603.73,0,671.79,95.13
2044-03-17,336.0,258,617.61,0,658.75,114.42
2044-03-18,302.0,280,619.85,0,630.06,104.05
2044-03-19,349.0,254,597.71,0,651.78,89.94
2044-03-20,330.0,270,619.17,0,649.64,93.78
2044-03-21,319.0,260,632.97,0,624.0,99.97
2044-03-22,355.0,269,624.25,0,648.84,81.36
2044-03-23,327.0,266,628.34,0,678.59,97.38
2044-03-24,338.0,262,614.67,0,624.91,92.26
2044-03-25,366.0,269,594.75,0,654.79,117.39
2044-03-26,322.0,260,597.05,0,596.84,90.33
2044-03-27,321.0,248,617.4,0,602.23,102.31
2044-03-28,348.0,256,,0,649.73,99.35
2044-03-29,361.0,255,661.83,0,641.37,109.78
2044-03-30,320.0,259,629.37,1,649.21,104.99
2044-03-31,350.0,269,590.65,0,679.92,101.41
2044-04-01,353.0,264,597.93,0,628.4,99.51
2044-04-02,313.0,269,652.77,0,632.42,102.87
2044-04-03,356.0,281,607.92,1,676.85,128.5
2044-04-04,357.0,283,612.66,1,665.66,125.07
2044-04-05,339.0,280,594.53,1,692.63,133.39
2044-04-06,363.0,256,640.01,0,680.57,108.77
2044-04-07,361.0,271,620.87,0,665.42,108.2
2044-04-08,345.0,268,597.94,0,652.35,94.46
2044-04-09,337.0,298,594.01,1,679.38,109.2
2044-04-10,329.0,276,617.45,1,621.61,104.57
2044-04-11,343.0,269,612.74,0,687.59,92.61
2044-04-12,352.0,265,626.94,0,671.16,109.65
2044-04-13,339.0,266,621.83,0,659.75,114.85
2044-04-14,311.0,265,607.24,0,624.11,90.98
2044-04-15,363.0,261,602.23,0,681.58,119.36
2044-04-16,346.0,277,609.16,1,658.95,126.37
2044-04-17,338.0,272,602.15,0,654.71,99.32
2044-04-18,356.0,261,609.74,0,649.18,100.47
2044-04-19,366.0,284,612.4,1,643.46,129.81
2044-04-20,301.0,273,595.96,0,667.33,83.51
2044-04-21,350.0,257,623.49,0,659.42,116.5
2044-04-22,322.0,256,605.49,0,646.92,112.2
2044-04-23,350.0,270,597.03,0,633.66,95.79
2044-04-24,345.0,260,605.87,0,596.93,94.68
2044-04-25,352.0,255,616.58,0,648.07,119.51
2044-04-26,335.0,283,613.73,0,685.19,96.17
2044-04-27,314.0,256,619.86,0,629.2,98.95
2044-04-28,335.0,250,628.45,0,630.47,107.0
2044-04-29,348.0,257,635.79,0,612.03,99.85
2044-04-30,357.0,267,617.46,0,588.3,94.59
2044-05-01,324.0,266,593.09,0,620.54,116.2
2044-05-02,357.0,284,607.52,0,684.09,98.08
2044-05-03,332.0,257,594.3,0,668.99,96.37
2044-05-04,347.0,267,642.94,0,649.91,79.49
2044-05-05,333.0,276,648.19,0,664.85,95.62
2044-05-06,344.0,258,624.15,0,627.51,94.14
2044-05-07,354.0,272,627.91,0,651.63,107.39
2044-05-08,322.0,256,617.0,1,647.44,129.1
2044-05-09,330.0,292,619.09,1,689.19,117.54
2044-05-10,343.0,275,583.77,0,658.91,104.02
2044-05-11,376.0,258,611.21,0,654.62,118.45
2044-05-12,327.0,273,596.7,0,680.38,106.95
2044-05-13,370.0,278,617.64,0,705.64,118.39
2044-05-14,369.0,251,611.53,0,636.63,112.56
2044-05-15,338.0,258,647.66,0,665.24,97.16
2044-05-16,335.0,288,629.14,1,652.2,109.57
2044-05-17,328.0,275,617.78,1,665.23,139.24
2044-05-18,337.0,268,607.88,0,617.63,104.19
2044-05-19,317.0,265,642.87,0,630.07,88.27
2044-05-20,337.0,273,,0,653.24,94.16
2044-05-21,360.0,269,618.71,0,647.08,101.59
2044-05-22,328.0,275,613.52,1,623.15,128.31
2044-05-23,334.0,243,605.51,0,625.8,109.34
2044-05-24,312.0,270,613.46,0,648.86,114.2
2044-05-25,342.0,271,577.5,0,648.76,99.55
2044-05-26,341.0,251,584.98,0,622.39,99.51
2044-05-27,337.0,252,619.15,0,605.34,89.61
2044-05-28,333.0,268,641.11,0,598.63,92.05
2044-05-29,331.0,265,619.17,0,595.1,85.19
2044-05-30,343.0,243,599.95,0,616.5,90.58
2044-05-31,335.0,255,586.97,0,607.16,90.53
2044-06-01,340.0,266,627.08,0,645.09,101.81
2044-06-02,338.0,269,602.77,0,639.74,106.4
2044-06-03,351.0,257,624.58,0,637.6,117.95
2044-06-04,344.0,271,620.04,1,611.12,109.71
2044-06-05,337.0,254,621.65,0,624.32,105.4
2044-06-06,356.0,275,613.66,0,640.31,100.73
2044-06-07,339.0,274,619.99,1,709.91,141.59
2044-06-08,352.0,265,610.95,1,639.55,106.27
2044-06-09,342.0,260,601.68,1,658.07,116.46
2044-06-10,305.0,249,595.8,0,642.31,109.16
2044-06-11,352.0,280,570.23,0,621.99,104.94
2044-06-12,334.0,260,609.92,0,667.44,112.8
2044-06-13,331.0,267,640.55,1,698.63,144.01
2044-06-14,335.0,259,626.36,0,618.83,82.92
2044-06-15,326.0,255,617.34,0,618.3,87.29
2044-06-16,334.0,260,600.05,0,672.96,113.34
2044-06-17,321.0,261,631.23,0,653.28,112.5
2044-06-18,349.0,261,611.15,0,605.71,102.87
2044-06-19,328.0,258,641.67,1,632.26,142.66
2044-06-20,323.0,270,595.68,0,591.26,86.48
2044-06-21,315.0,255,599.86,0,652.08,107.94
2044-06-22,333.0,264,598.13,1,631.06,116.08
2044-06-23,331.0,253,586.72,0,615.88,104.28
2044-06-24,334.0,250,596.55,0,582.79,96.53
2044-06-25,312.0,263,615.3,0,568.9,86.61
2044-06-26,303.0,269,600.64,0,601.82,99.79
2044-06-27,336.0,253,544.07,0,640.07,103.21
2044-06-28,349.0,241,632.84,0,587.88,95.19
2044-06-29,311.0,259,583.21,1,601.97,121.6
2044-06-30,350.0,265,,1,636.82,141.51
2044-07-01,,247,614.12,0,637.11,83.65
2044-07-02,325.0,253,651.69,0,584.09,104.75
2044-07-03,319.0,254,631.55,0,594.1,100.78
2044-07-04,304.0,259,604.54,0,630.8,93.91
2044-07-05,339.0,244,601.0,0,632.75,97.8
2044-07-06,312.0,265,640.71,0,616.48,106.79
2044-07-07,312.0,275,587.11,0,650.32,104.54
2044-07-08,338.0,273,617.14,0,642.43,102.32
2044-07-09,295.0,253,611.36,0,606.71,90.82
2044-07-10,300.0,265,607.56,0,630.53,93.71
2044-07-11,322.0,264,620.12,0,641.42,93.34
2044-07-12,326.0,258,617.19,0,601.79,91.68
2044-07-13,329.0,260,622.03,0,651.88,103.04
2044-07-14,317.0,275,616.32,1,650.1,123.72
2044-07-15,359.0,267,621.36,0,651.33,96.17
2044-07-16,317.0,249,615.54,0,596.52,102.2
2044-07-17,317.0,265,602.01,0,604.17,88.44
2044-07-18,308.0,274,613.97,0,618.56,106.1
2044-07-19,322.0,266,601.06,0,615.97,90.55
2044-07-20,329.0,272,599.89,0,635.63,120.93
2044-07-21,337.0,231,607.91,0,593.63,100.75
2044-07-22,296.0,263,611.83,0,590.31,101.9
2044-07-23,315.0,259,614.63,0,597.09,93.99
2044-07-24,325.0,267,630.51,0,588.4,99.5
2044-07-25,327.0,245,605.07,0,639.93,90.37
2044-07-26,318.0,251,617.6,0,587.59,85.41
2044-07-27,325.0,265,616.2,0,613.62,95.35
2044-07-28,305.0,246,603.14,0,596.14,108.96
2044-07-29,340.0,259,615.45,0,548.7,96.08
2044-07-30,331.0,256,632.19,0,562.19,71.09
2044-07-31,296.0,254,617.52,0,565.11,82.06
2044-08-01,300.0,262,618.26,0,562.36,89.25
2044-08-02,300.0,245,601.5,0,579.35,103.61
2044-08-03,325.0,248,649.66,0,566.79,92.76
2044-08-04,296.0,264,602.57,1,596.28,87.62
2044-08-05,310.0,243,584.24,0,599.85,85.42
2044-08-06,321.0,278,629.76,1,658.48,128.93
2044-08-07,313.0,247,612.23,0,561.5,91.56
2044-08-08,318.0,263,608.87,0,585.29,94.83
2044-08-09,298.0,246,604.52,0,589.38,104.13
2044-08-10,322.0,262,648.05,0,607.03,93.97
2044-08-11,304.0,239,620.76,0,565.85,96.47
2044-08-12,308.0,269,624.3,0,595.3,109.91
2044-08-13,316.0,276,617.35,1,601.6,113.32
2044-08-14,314.0,249,619.3,0,590.93,86.62
2044-08-15,313.0,246,639.64,0,600.71,92.27
2044-08-16,301.0,259,609.96,0,590.35,86.46
2044-08-17,307.0,239,588.28,0,574.16,72.57
2044-08-18,311.0,265,630.14,1,594.23,102.89
2044-08-19,291.0,246,623.48,0,577.09,97.84
2044-08-20,304.0,252,616.5,0,545.57,87.37
2044-08-21,317.0,248,623.05,0,592.89,106.95
2044-08-22,291.0,256,607.93,1,559.98,104.81
2044-08-23,328.0,271,614.99,0,568.03,98.41
2044-08-24,329.0,272,612.27,1,615.69,97.65
2044-08-25,291.0,239,604.01,0,552.17,84.71
2044-08-26,330.0,255,636.09,1,603.34,109.18
2044-08-27,307.0,262,589.28,0,595.15,87.86
2044-08-28,316.0,263,657.22,0,580.11,106.09
2044-08-29,302.0,240,630.53,0,541.03,70.9
2044-08-30,323.0,260,582.76,0,555.62,87.95
2044-08-31,315.0,256,610.75,0,574.67,101.71
2044-09-01,297.0,234,611.77,0,577.92,99.08
2044-09-02,291.0,249,621.87,0,602.04,92.9
2044-09-03,287.0,252,597.03,0,553.89,81.14
2044-09-04,311.0,254,615.44,0,566.33,99.88
2044-09-05,317.0,240,612.7,0,579.83,88.24
2044-09-06,318.0,246,601.62,0,584.25,86.2
2044-09-07,306.0,247,599.14,0,620.12,108.52
2044-09-08,290.0,248,631.48,0,587.64,96.73
2044-09-09,297.0,248,584.42,0,594.0,91.9
2044-09-10,325.0,252,623.58,0,602.09,99.27
2044-09-11,300.0,256,629.36,0,613.61,102.27
2044-09-12,310.0,281,611.09,1,622.08,114.58
2044-09-13,291.0,262,615.98,0,617.14,100.17
2044-09-14,312.0,266,636.0,0,630.37,80.41
2044-09-15,300.0,248,602.39,0,579.25,91.76
2044-09-16,323.0,243,604.27,0,567.62,85.37
2044-09-17,319.0,271,606.2,1,637.57,110.31
2044-09-18,299.0,253,636.12,0,584.56,87.53
2044-09-19,305.0,260,638.42,0,575.22,87.75
2044-09-20,299.0,254,590.05,1,599.76,108.28
2044-09-21,285.0,259,633.31,0,546.03,88.72
2044-09-22,294.0,251,629.96,0,584.67,87.11
2044-09-23,310.0,258,643.2,1,548.18,105.67
2044-09-24,311.0,249,622.19,0,570.9,97.65
2044-09-25,309.0,258,614.48,0,538.74,92.06
2044-09-26,302.0,261,635.91,0,533.14,92.78
2044-09-27,321.0,249,627.9,0,524.21,79.4
2044-09-28,307.0,266,655.75,1,580.41,105.02
2044-09-29,317.0,256,632.62,0,585.07,95.78
2044-09-30,280.0,260,618.14,0,543.04,83.42
2044-10-01,248.0,263,594.27,0,534.55,76.24
2044-10-02,311.0,271,604.96,0,563.63,85.93
2044-10-03,285.0,258,589.59,1,613.83,128.61
2044-10-04,303.0,268,611.59,0,608.03,90.51
2044-10-05,302.0,254,632.15,0,588.58,87.17
2044-10-06,330.0,242,615.43,0,605.91,91.97
2044-10-07,313.0,246,633.91,0,601.81,101.32
2044-10-08,309.0,268,621.62,1,596.68,113.5
2044-10-09,319.0,260,608.3,0,603.77,103.0
2044-10-10,312.0,243,617.16,0,563.74,111.61
2044-10-11,300.0,246,624.1,0,598.78,103.18
2044-10-12,323.0,258,618.13,1,591.0,117.31
2044-10-13,290.0,245,618.35,0,587.91,119.28
2044-10-14,312.0,234,601.82,0,605.16,101.27
2044-10-15,284.0,231,607.89,0,565.98,87.23
2044-10-16,310.0,250,656.35,0,570.47,88.68
2044-10-17,310.0,266,637.83,1,609.6,122.44
2044-10-18,333.0,260,589.21,0,597.51,84.38
2044-10-19,284.0,250,573.15,1,631.74,98.43
2044-10-20,299.0,240,617.15,0,578.8,85.48
2044-10-21,320.0,248,631.88,0,559.55,96.41
2044-10-22,313.0,264,606.46,1,575.95,111.67
2044-10-23,311.0,264,634.23,0,542.55,85.51
2044-10-24,294.0,261,616.93,0,543.67,95.71
2044-10-25,300.0,250,612.94,0,515.48,87.18
2044-10-26,327.0,268,629.51,1,584.79,111.2
2044-10-27,308.0,246,606.35,0,536.94,85.77
2044-10-28,315.0,255,610.78,0,573.64,99.5
2044-10-29,307.0,254,628.02,0,550.41,94.3
2044-10-30,292.0,268,615.41,0,546.15,85.15
2044-10-31,324.0,259,650.36,0,540.69,93.11
2044-11-01,317.0,247,628.51,0,572.87,86.04
2044-11-02,344.0,257,627.36,1,573.98,108.21
2044-11-03,295.0,251,615.17,0,599.96,99.6
2044-11-04,323.0,239,631.83,0,592.13,91.77
2044-11-05,291.0,263,610.29,1,598.41,111.91
2044-11-06,313.0,254,621.2,0,615.1,104.03
2044-11-07,326.0,260,599.65,0,604.61,86.92
2044-11-08,280.0,261,634.87,0,608.58,99.05
2044-11-09,308.0,266,621.41,1,639.12,139.47
2044-11-10,303.0,239,651.89,0,584.56,86.28
2044-11-11,301.0,243,659.28,0,585.88,102.79
2044-11-12,318.0,250,629.98,0,589.19,93.43
2044-11-13,329.0,272,617.49,1,589.19,119.46
2044-11-14,311.0,262,599.25,0,637.24,95.04
2044-11-15,316.0,253,632.59,0,599.03,95.9
2044-11-16,315.0,280,620.11,0,601.32,116.15
2044-11-17,313.0,272,626.02,0,640.6,100.83
2044-11-18,297.0,269,647.5,0,570.99,96.78
2044-11-19,330.0,263,601.54,0,610.56,103.13
2044-11-20,319.0,261,599.76,0,591.71,76.67
2044-11-21,320.0,260,612.16,0,607.67,101.29
2044-11-22,303.0,239,631.22,0,569.03,80.48
2044-11-23,308.0,246,626.45,0,576.66,97.74
2044-11-24,313.0,255,600.36,0,573.2,92.72
2044-11-25,293.0,258,630.12,0,599.46,85.89
2044-11-26,291.0,266,594.9,1,597.88,99.93
2044-11-27,307.0,270,601.46,1,584.35,107.47
2044-11-28,324.0,236,614.48,0,568.34,112.09
2044-11-29,307.0,263,606.62,0,591.21,108.99
2044-11-30,302.0,258,632.62,0,585.21,96.79
2044-12-01,305.0,256,621.77,0,623.62,104.6
2044-12-02,311.0,267,648.42,0,620.24,104.84
2044-12-03,313.0,248,612.21,0,603.53,91.73
2044-12-04,351.0,256,614.48,0,603.78,90.33
2044-12-05,334.0,261,638.49,0,598.08,103.33
2044-12-06,334.0,250,615.08,0,626.53,94.59
2044-12-07,337.0,249,643.63,1,591.05,122.12
2044-12-08,305.0,247,626.49,0,615.71,86.02
2044-12-09,302.0,258,574.43,0,601.94,88.17
2044-12-10,304.0,257,638.0,0,588.93,106.73
2044-12-11,,269,633.25,1,625.4,113.01
2044-12-12,313.0,253,633.96,0,615.92,97.41
2044-12-13,303.0,247,582.46,0,612.16,103.87
2044-12-14,315.0,261,604.95,0,634.61,112.57
2044-12-15,318.0,258,606.3,0,612.38,103.58
2044-12-16,326.0,276,601.78,1,638.62,120.9
2044-12-17,326.0,253,648.29,0,569.97,98.04
2044-12-18,311.0,250,616.75,1,584.95,111.81
2044-12-19,334.0,244,616.32,1,625.68,125.93
2044-12-20,314.0,257,626.94,0,615.84,124.93
2044-12-21,322.0,262,627.27,0,599.4,100.45
2044-12-22,335.0,269,557.01,1,644.58,110.93
2044-12-23,315.0,256,605.43,0,570.65,100.2
2044-12-24,317.0,245,591.65,0,589.79,93.07
2044-12-25,334.0,243,624.31,0,566.27,93.47
2044-12-26,313.0,265,611.92,0,585.05,96.83
2044-12-27,320.0,259,617.42,0,588.11,88.97
2044-12-28,335.0,258,579.75,0,605.33,93.49
2044-12-29,358.0,247,611.6,0,616.24,77.26
2044-12-30,336.0,253,637.27,0,617.91,97.93
2044-12-31,335.0,263,642.59,0,600.68,101.16
2045-01-01,336.0,265,630.18,0,623.81,99.95
2045-01-02,312.0,261,593.22,0,655.94,100.42
2045-01-03,330.0,277,639.95,0,632.85,104.84
2045-01-04,329.0,267,630.33,1,654.0,111.74
2045-01-05,334.0,276,615.21,0,629.69,90.76
2045-01-06,332.0,265,580.89,0,631.65,106.05
2045-01-07,336.0,275,634.52,1,677.69,131.28
2045-01-08,326.0,273,606.72,0,659.48,110.57
2045-01-09,332.0,258,623.63,0,637.31,99.1
2045-01-10,313.0,261,618.65,0,650.63,114.77
2045-01-11,327.0,252,645.13,0,656.65,94.0
2045-01-12,353.0,284,615.2,1,664.03,119.89
2045-01-13,337.0,268,617.21,0,618.38,105.88
2045-01-14,332.0,276,645.92,0,647.5,111.95
2045-01-15,361.0,277,605.67,1,671.44,116.44
2045-01-16,313.0,276,632.2,0,653.92,125.64
2045-01-17,317.0,258,613.98,0,621.36,98.2
2045-01-18,360.0,275,599.53,0,669.67,108.03
2045-01-19,335.0,261,617.62,0,633.31,110.62
2045-01-20,331.0,265,630.07,0,603.98,110.7
2045-01-21,317.0,273,642.01,0,583.31,93.87
2045-01-22,342.0,289,644.2,0,618.35,109.82
2045-01-23,344.0,274,612.37,0,633.7,97.06
2045-01-24,320.0,275,599.93,0,621.04,114.91
2045-01-25,334.0,271,611.98,1,685.21,127.16
2045-01-26,332.0,268,596.47,0,635.11,104.61
2045-01-27,341.0,266,613.85,0,609.63,94.37
2045-01-28,321.0,281,611.63,0,578.47,94.43
2045-01-29,356.0,265,630.89,0,628.46,93.67
2045-01-30,352.0,280,578.11,0,665.06,105.79
2045-01-31,333.0,264,604.64,1,694.58,128.68
2045-02-01,335.0,281,604.8,0,646.78,93.24
2045-02-02,337.0,259,639.25,0,679.23,102.86
2045-02-03,328.0,276,597.85,0,627.67,80.66
2045-02-04,333.0,259,622.0,0,632.15,89.38
2045-02-05,336.0,274,615.63,0,628.7,100.46
2045-02-06,364.0,258,636.73,0,675.37,117.78
2045-02-07,355.0,278,628.7,0,643.25,99.48
2045-02-08,355.0,277,620.18,0,678.07,108.18
2045-02-09,347.0,262,608.04,0,638.07,113.21
2045-02-10,325.0,274,584.7,0,700.76,120.88
2045-02-11,341.0,288,622.51,1,671.65,132.5
2045-02-12,356.0,269,627.63,1,678.7,126.77
2045-02-13,323.0,258,589.75,0,618.71,94.44
2045-02-14,352.0,258,595.91,0,625.93,103.86
2045-02-15,377.0,257,622.68,0,640.48,114.8
2045-02-16,359.0,268,624.26,1,691.15,146.6
2045-02-17,364.0,288,600.35,1,694.29,153.5
2045-02-18,347.0,285,607.87,1,684.89,142.42
2045-02-19,358.0,252,585.16,0,599.14,96.26
2045-02-20,333.0,264,643.03,0,651.89,92.54
2045-02-21,356.0,258,594.86,0,629.08,106.33
2045-02-22,354.0,278,628.04,0,631.86,111.49
2045-02-23,349.0,265,617.67,0,630.39,76.72
2045-02-24,365.0,254,641.53,0,635.96,87.64
2045-02-25,337.0,272,604.08,0,645.07,98.79
2045-02-26,342.0,276,619.46,0,658.13,97.71
2045-02-27,347.0,261,587.81,0,653.94,88.85
2045-02-28,330.0,278,583.51,1,682.28,130.11
2045-03-01,349.0,261,629.15,0,685.6,122.46
2045-03-02,320.0,293,586.31,1,695.19,126.65
2045-03-03,362.0,276,614.35,1,677.73,108.5
2045-03-04,347.0,263,636.68,0,659.4,107.54
2045-03-05,339.0,270,631.94,0,687.46,98.55
2045-03-06,334.0,269,606.56,0,649.97,94.16
2045-03-07,343.0,278,589.95,0,666.68,116.27
2045-03-08,357.0,283,627.73,0,710.59,126.49
2045-03-09,355.0,293,642.74,1,699.88,126.44
2045-03-10,337.0,267,606.68,0,690.36,118.03
2045-03-11,335.0,274,604.16,0,692.38,99.62
2045-03-12,358.0,296,609.19,1,672.1,129.67
2045-03-13,337.0,287,628.95,0,675.81,104.24
2045-03-14,349.0,263,640.79,0,697.45,97.72
2045-03-15,350.0,277,596.39,0,675.45,98.88
2045-03-16,353.0,276,591.75,0,635.28,105.55
2045-03-17,361.0,281,660.86,0,666.08,91.78
2045-03-18,329.0,284,615.57,0,674.87,105.13
2045-03-19,320.0,261,623.33,0,670.17,117.97
2045-03-20,340.0,275,606.35,1,681.49,121.04
2045-03-21,376.0,281,627.64,0,676.46,92.59
2045-03-22,379.0,273,636.12,0,653.75,101.88
2045-03-23,376.0,250,624.26,0,666.45,113.41
2045-03-24,346.0,255,650.22,0,674.01,94.72
2045-03-25,322.0,279,613.02,0,655.81,116.61
2045-03-26,314.0,280,614.19,0,637.19,109.25
2045-03-27,340.0,259,623.11,0,654.16,108.1
2045-03-28,346.0,283,627.33,0,676.91,114.17
2045-03-29,369.0,280,623.08,1,679.28,126.96
2045-03-30,362.0,262,595.88,0,669.78,110.52
2045-03-31,353.0,267,624.65,0,664.78,107.08
2045-04-01,336.0,260,612.3,0,671.35,116.31
2045-04-02,335.0,276,608.6,1,685.05,140.02
2045-04-03,353.0,253,619.66,0,650.0,96.0
2045-04-04,360.0,281,601.79,1,722.58,126.07
2045-04-05,355.0,278,598.68,0,686.67,105.84
2045-04-06,334.0,259,572.06,0,666.26,100.52
2045-04-07,359.0,272,650.61,0,653.08,115.6
2045-04-08,356.0,274,629.18,1,693.09,112.63
2045-04-09,333.0,279,617.1,0,707.85,119.02
2045-04-10,337.0,249,607.21,0,616.14,111.4
2045-04-11,360.0,279,567.47,0,633.13,95.8
2045-04-12,346.0,254,606.15,0,688.64,125.39
2045-04-13,373.0,270,632.17,0,687.14,121.87
2045-04-14,357.0,265,636.26,0,689.81,106.76
2045-04-15,342.0,269,630.88,0,651.47,112.24
2045-04-16,349.0,267,622.19,1,634.34,109.49
2045-04-17,350.0,289,642.83,0,661.52,94.91
2045-04-18,338.0,259,613.47,0,691.23,105.79
2045-04-19,335.0,260,638.93,0,647.87,116.78
2045-04-20,359.0,300,612.5,1,683.82,121.81
2045-04-21,361.0,275,603.58,0,608.21,97.69
2045-04-22,357.0,260,601.36,0,602.95,87.39
2045-04-23,371.0,271,600.32,0,665.8,115.18
2045-04-24,340.0,270,631.36,0,644.7,111.19
2045-04-25,373.0,255,606.15,0,665.97,99.52
2045-04-26,334.0,264,600.95,0,630.1,78.92
2045-04-27,333.0,272,632.41,0,619.59,95.77
2045-04-28,321.0,295,625.48,1,671.53,128.69
2045-04-29,341.0,280,636.93,1,650.4,120.2
2045-04-30,340.0,271,628.85,0,624.96,100.75
2045-05-01,355.0,264,606.08,0,638.47,105.5
2045-05-02,351.0,293,621.03,1,685.1,121.49
2045-05-03,329.0,281,621.93,0,654.71,92.43
2045-05-04,341.0,279,603.16,0,649.25,111.08
2045-05-05,341.0,273,599.84,0,704.0,103.3
2045-05-06,320.0,265,607.49,1,679.44,113.45
2045-05-07,332.0,282,656.42,0,666.69,111.67
2045-05-08,335.0,282,612.35,1,694.25,116.92
2045-05-09,367.0,268,641.99,0,689.6,101.87
2045-05-10,349.0,276,611.38,0,688.93,126.56
2045-05-11,355.0,273,635.84,0,656.92,120.76
2045-05-12,323.0,260,636.1,0,636.57,113.23
2045-05-13,363.0,268,637.03,0,616.79,105.71
2045-05-14,364.0,262,626.88,1,711.61,143.99
2045-05-15,315.0,272,644.71,0,657.04,124.47
2045-05-16,334.0,284,626.75,0,682.59,120.42
2045-05-17,352.0,253,650.8,0,659.8,108.05
2045-05-18,354.0,272,590.82,0,679.39,117.6
