Order_ID,Order_Date,Customer_Name,Product,Category,Quantity,Sales,Profit,Region
106666,2025-01-01,Customer_1392,Jacket,Clothing,4,9528.47,1143.51,Kolhapur
104191,2025-01-01,Customer_1996,Smartphone,Electronics,2,49742.26,5815.37,Nagpur
106604,2025-01-01,Unknown Customer,Jacket,Clothing,4,11554.74,1141.93,Mumbai
101028,2025-01-01,Customer_1279,Table,Furniture,7,62770.87,10818.33,Nashik
100446,2025-01-01,Customer_1872,Cabinet,Furniture,7,60578.38,5271.13,Kolhapur
100991,2025-01-01,Customer_1285,Bookshelf,Furniture,4,20679.89,3421.09,Nashik
106552,2025-01-01,Customer_0563,Lamp,Home,6,7858.14,690.07,Aurangabad
103580,2025-01-01,Customer_1446,Cookware,Home,3,5914.19,1078.18,Kolhapur
101987,2025-01-01,Customer_0539,Vacuum Cleaner,Home,7,45673.19,7678.55,Pune
108082,2025-01-01,Customer_0276,Shoes,Clothing,7,18223.16,2484.41,Kolhapur
100677,2025-01-01,Customer_0953,Laptop,Electronics,1,56749.25,4218.8,Kolhapur
106852,2025-01-01,Customer_1415,Table,Furniture,5,49960.38,7784.79,Mumbai
105184,2025-01-01,Customer_2243,Laptop,Electronics,4,238131.75,39883.17,Nashik
106355,2025-01-01,Customer_2327,Tablet,Electronics,4,80610.98,13982.93,Nashik
108503,2025-01-01,Customer_1219,Lamp,Home,3,4137.79,600.46,Kolhapur
103275,2025-01-01,Customer_0740,Lamp,Home,4,5439.61,474.08,Nagpur
106030,2025-01-01,Customer_0936,Laptop,Electronics,8,461297.96,72558.14,Nashik
107393,2025-01-01,Customer_1638,Jacket,Clothing,1,2677.03,187.89,Kolhapur
102070,2025-01-01,Customer_0920,Cookware,Home,4,9064.58,1960.81,Pune
102010,2025-01-01,Customer_0791,Laptop,Electronics,5,226559.03,47564.53,Aurangabad
106023,2025-01-01,Customer_0876,Bookshelf,Furniture,2,10975.52,2114.08,Mumbai
103071,2025-01-01,Customer_1668,Bookshelf,Furniture,6,33810.85,4574.16,Mumbai
109684,2025-01-01,Customer_1169,Bookshelf,Furniture,1,6074.39,1227.5,Kolhapur
109633,2025-01-01,Customer_2011,Headphones,Electronics,4,8569.68,858.77,Nashik
106183,2025-01-01,Customer_1201,Headphones,Electronics,3,7658.78,1333.13,Nagpur
100755,2025-01-01,Customer_0105,Lamp,Home,3,3927.29,470.43,Aurangabad
101164,2025-01-01,Customer_1368,Bedsheet,Home,1,1683.82,237.13,Nashik
106793,2025-01-02,Customer_1127,T-Shirt,Clothing,4,2887.3,493.69,Kolhapur
105154,2025-01-02,Customer_1043,Shoes,Clothing,8,6584.93,3253.9,Nagpur
108484,2025-01-02,Customer_2130,Bedsheet,Home,2,4118.76,531.18,Kolhapur
107133,2025-01-02,Customer_1194,Cookware,Home,4,9642.91,1810.26,Nagpur
105356,2025-01-02,Customer_0755,T-Shirt,Clothing,5,3107.95,370.34,Mumbai
102910,2025-01-02,Customer_1842,Lamp,Home,7,9156.82,1464.38,Aurangabad
101948,2025-01-02,Customer_1121,Jeans,Clothing,4,5841.07,1074.89,Pune
107834,2025-01-02,Customer_1246,Table,Furniture,4,38903.64,4715.58,Aurangabad
100063,2025-01-02,Customer_2272,Backpack,Clothing,1,1454.27,249.97,Nashik
107013,2025-01-02,Customer_0308,Office Chair,Furniture,5,36333.11,4228.12,Nashik
101289,2025-01-02,Customer_0176,T-Shirt,Clothing,6,4808.19,950.29,Nagpur
104249,2025-01-02,Customer_0953,Backpack,Clothing,7,9104.72,1860.73,Nagpur
104758,2025-01-02,Customer_0356,Shoes,Clothing,2,4483.31,960.28,Kolhapur
104323,2025-01-02,Customer_1977,Office Chair,Furniture,6,38299.23,6953.37,Nashik
109293,2025-01-02,Customer_1350,Bookshelf,Furniture,8,47636.39,5787.1,Nagpur
108139,2025-01-02,Customer_2373,Mixer,Home,2,6285.35,1311.26,Nashik
108131,2025-01-02,Customer_0537,Jacket,Clothing,1,2592.71,271.18,Kolhapur
100263,2025-01-02,Customer_1541,Laptop,Electronics,4,194483.55,34092.7,Nagpur
103330,2025-01-02,Customer_1663,Tablet,Electronics,6,122478.5,13065.5,Kolhapur
108019,2025-01-02,Customer_0313,Bookshelf,Furniture,7,41993.22,7395.21,Pune
103152,2025-01-02,Customer_1044,Laptop,Electronics,4,241968.48,16235.0,Nagpur
108222,2025-01-03,Customer_0760,Shoes,Clothing,8,17184.68,2641.99,Nagpur
102321,2025-01-03,Customer_0276,Backpack,Clothing,3,4242.97,402.76,Nagpur
108256,2025-01-03,Customer_0749,Mixer,Home,1,4006.69,528.77,Nagpur
103930,2025-01-03,Customer_0909,Bookshelf,Furniture,7,42471.04,3636.39,Aurangabad
104489,2025-01-03,Customer_1724,Smartphone,Electronics,3,68427.43,10070.11,Aurangabad
103769,2025-01-03,Customer_2376,Desk,Furniture,6,68589.25,7794.9,Mumbai
102677,2025-01-03,Customer_1398,Jacket,Clothing,4,11814.02,2487.03,Nashik
104687,2025-01-03,Customer_2307,T-Shirt,Clothing,5,3313.47,544.48,Nagpur
105524,2025-01-03,Customer_0961,Office Chair,Furniture,4,32928.93,4349.77,Nashik
101864,2025-01-03,Customer_2151,Laptop,Electronics,7,419105.65,67444.48,Nagpur
101518,2025-01-03,Customer_0833,Mixer,Home,4,14569.49,1582.18,Mumbai
102657,2025-01-03,Customer_0059,Table,Furniture,7,65951.23,12978.42,Aurangabad
101577,2025-01-03,Customer_0459,Office Chair,Furniture,4,31173.61,3372.86,Pune
106845,2025-01-03,Customer_1750,Shoes,Clothing,3,8067.46,783.49,Nagpur
109868,2025-01-03,Customer_1065,Headphones,Electronics,8,22626.44,3718.03,Aurangabad
107687,2025-01-03,Customer_1116,Laptop,Electronics,8,478437.05,34921.66,Nagpur
109795,2025-01-03,Customer_1857,Cookware,Home,8,19585.39,3384.1,Kolhapur
104131,2025-01-03,Customer_0328,Bedsheet,Home,4,7471.07,917.01,Kolhapur
102731,2025-01-03,Customer_2076,Laptop,Electronics,3,178142.18,34633.04,Kolhapur
104205,2025-01-03,Customer_0233,Jacket,Clothing,4,11091.86,1218.18,Mumbai
104845,2025-01-03,Customer_1913,Backpack,Clothing,3,3610.55,244.21,Aurangabad
102124,2025-01-03,Customer_1733,Smartphone,Electronics,1,27847.9,2560.8,Nashik
106569,2025-01-03,Customer_1076,Office Chair,Furniture,3,21719.5,1758.56,Mumbai
107869,2025-01-03,Customer_0733,Bookshelf,Furniture,2,13282.42,2715.7,Mumbai
107638,2025-01-04,Customer_0002,Vacuum Cleaner,Home,1,5764.34,819.97,Kolhapur
101328,2025-01-04,Customer_2368,Cabinet,Furniture,3,23232.14,4540.68,Kolhapur
107365,2025-01-04,Customer_2368,Lamp,Home,7,9653.71,1775.84,Pune
107714,2025-01-04,Customer_1314,Lamp,Home,6,8202.28,520.93,Mumbai
107700,2025-01-04,Customer_0337,Backpack,Clothing,3,4483.78,983.64,Aurangabad
105706,2025-01-04,Customer_2125,Shoes,Clothing,2,4538.35,599.03,Mumbai
101911,2025-01-04,Customer_2378,Smartphone,Electronics,6,164133.01,25765.2,Pune
105496,2025-01-04,Customer_2488,Lamp,Home,1,1323.5,229.94,Kolhapur
107112,2025-01-04,Customer_1113,Table,Furniture,5,39928.11,4776.85,Nagpur
101486,2025-01-04,Customer_0261,Backpack,Clothing,5,7552.19,1370.86,Nagpur
109812,2025-01-04,Customer_1739,Lamp,Home,2,2751.9,232.65,Mumbai
100968,2025-01-04,Customer_2363,Shoes,Clothing,4,9324.94,678.33,Mumbai
101723,2025-01-04,Customer_1193,Backpack,Clothing,6,9079.1,900.34,Nashik
108553,2025-01-04,Customer_0799,Mixer,Home,7,24148.38,2319.27,Pune
100948,2025-01-04,Customer_1661,Lamp,Home,7,7571.74,1263.09,Kolhapur
104104,2025-01-04,Customer_0435,Cabinet,Furniture,1,7174.06,647.66,Kolhapur
100325,2025-01-04,Customer_0258,Vacuum Cleaner,Home,8,55856.7,6137.12,Pune
102728,2025-01-04,Customer_1537,Table,Furniture,2,17113.93,1394.41,Pune
105013,2025-01-04,Customer_0827,Shoes,Clothing,2,5592.05,364.98,Kolhapur
109827,2025-01-04,Customer_1123,Vacuum Cleaner,Home,7,46569.75,3071.79,Nagpur
103866,2025-01-04,Customer_2139,Laptop,Electronics,2,100077.69,7049.56,Nagpur
106026,2025-01-04,Customer_1269,Jeans,Clothing,8,13923.15,2508.12,Kolhapur
106391,2025-01-04,Unknown Customer,Smartphone,Electronics,3,71823.64,13567.02,Kolhapur
101091,2025-01-05,Customer_1805,Vacuum Cleaner,Home,3,21527.34,1730.8,Pune
100128,2025-01-05,Customer_2319,Backpack,Clothing,2,2469.15,342.83,Pune
101044,2025-01-05,Customer_1841,Office Chair,Furniture,3,21777.42,4657.8,Nashik
100613,2025-01-05,Customer_0884,Laptop,Electronics,5,296318.3,18821.5,Pune
105285,2025-01-05,Customer_0354,Shoes,Clothing,2,4362.26,593.37,Nagpur
103477,2025-01-05,Customer_1480,Monitor,Electronics,4,48901.79,7575.94,Nagpur
102051,2025-01-05,Customer_0461,Jeans,Clothing,7,11832.27,2576.55,Nagpur
103494,2025-01-05,Customer_2373,Jeans,Clothing,6,9846.28,1139.17,Nagpur
102330,2025-01-05,Customer_1727,Laptop,Electronics,6,326462.38,68017.77,Nashik
102281,2025-01-05,Customer_0223,Tablet,Electronics,5,131691.09,21728.57,Pune
104797,2025-01-05,Customer_0357,Headphones,Electronics,5,11170.77,1753.59,Kolhapur
104270,2025-01-05,Customer_2094,Headphones,Electronics,8,19779.97,3276.11,Kolhapur
100415,2025-01-05,Customer_1419,Headphones,Electronics,2,4540.58,523.68,Nagpur
105343,2025-01-05,Customer_0765,T-Shirt,Clothing,5,3171.03,615.73,Kolhapur
107280,2025-01-05,Customer_0167,Laptop,Electronics,7,425466.36,92285.64,Aurangabad
107252,2025-01-05,Customer_0042,Desk,Furniture,5,64071.65,8855.03,Mumbai
103907,2025-01-05,Customer_1636,Laptop,Electronics,2,121072.8,21403.23,Mumbai
105665,2025-01-05,Customer_0404,Desk,Furniture,1,13590.1,1511.23,Mumbai
100720,2025-01-05,Customer_1310,Cabinet,Furniture,5,35022.41,5744.19,Aurangabad
107520,2025-01-05,Customer_1480,Office Chair,Furniture,5,36538.1,4801.6,Pune
101561,2025-01-05,Customer_0636,Shoes,Clothing,4,11204.2,2167.19,Nagpur
107769,2025-01-05,Customer_0399,Headphones,Electronics,8,18672.92,2081.8,Mumbai
105423,2025-01-05,Customer_0024,Cookware,Home,6,13126.59,2162.94,Nagpur
106857,2025-01-06,Customer_0501,Bedsheet,Home,6,12080.97,1807.2,Mumbai
104537,2025-01-06,Customer_0655,Table,Furniture,5,43622.47,4222.13,Mumbai
100964,2025-01-06,Customer_1459,Desk,Furniture,4,48818.09,8096.18,Mumbai
105507,2025-01-06,Customer_0126,Table,Furniture,1,8048.87,1525.62,Kolhapur
105416,2025-01-06,Customer_1511,Bedsheet,Home,4,7230.65,903.86,Pune
106153,2025-01-06,Customer_1972,Table,Furniture,1,9813.54,1823.54,Kolhapur
109297,2025-01-06,Customer_2138,Lamp,Home,6,6538.82,926.22,Aurangabad
103931,2025-01-06,Customer_1216,Office Chair,Furniture,8,51139.14,6530.37,Mumbai
106220,2025-01-06,Customer_0184,Desk,Furniture,6,64488.82,4332.19,Nashik
104663,2025-01-06,Customer_0845,Cookware,Home,8,19487.88,2337.46,Mumbai
105231,2025-01-06,Customer_0728,Mixer,Home,6,20870.51,4372.37,Nagpur
108884,2025-01-06,Customer_2214,Backpack,Clothing,4,5806.8,1072.36,Pune
106508,2025-01-06,Customer_0487,Bookshelf,Furniture,6,36782.71,4710.83,Nashik
100934,2025-01-06,Customer_1693,Shoes,Clothing,4,10320.16,1654.17,Kolhapur
109087,2025-01-06,Customer_0734,Vacuum Cleaner,Home,5,31338.15,1916.76,Kolhapur
108010,2025-01-06,Customer_1793,Jacket,Clothing,1,3140.66,473.45,Pune
100334,2025-01-06,Customer_1961,Jeans,Clothing,8,11068.78,719.13,Aurangabad
102862,2025-01-07,Customer_1863,Cabinet,Furniture,6,42970.61,6844.77,Aurangabad
109523,2025-01-07,Customer_1568,Smartphone,Electronics,1,21459.32,4350.31,Nashik
108994,2025-01-07,Customer_2384,Cookware,Home,7,14433.03,1832.73,Nashik
100605,2025-01-07,Customer_1289,Lamp,Home,7,7684.66,1187.58,Mumbai
107460,2025-01-07,Customer_0759,Cabinet,Furniture,6,53955.3,9121.7,Mumbai
104945,2025-01-07,Customer_1968,Jacket,Clothing,5,12601.31,1295.09,Aurangabad
101462,2025-01-07,Customer_1297,Vacuum Cleaner,Home,1,6671.77,1009.51,Nagpur
101714,2025-01-07,Customer_1858,Cookware,Home,1,1976.73,235.27,Nagpur
104253,2025-01-07,Customer_0839,T-Shirt,Clothing,4,2420.77,433.52,Aurangabad
102381,2025-01-07,Customer_0971,Monitor,Electronics,2,24913.69,3069.67,Mumbai
106550,2025-01-07,Customer_1727,Laptop,Electronics,3,152712.06,13512.35,Kolhapur
106503,2025-01-07,Customer_1158,Cabinet,Furniture,6,51015.04,5422.06,Pune
103836,2025-01-07,Customer_0348,Lamp,Home,8,8934.44,616.16,Nagpur
101859,2025-01-07,Customer_1749,Table,Furniture,3,24198.01,3955.06,Nashik
104616,2025-01-07,Customer_2368,Monitor,Electronics,4,59057.56,6732.32,Mumbai
106487,2025-01-07,Customer_0972,Laptop,Electronics,8,428710.93,27976.83,Nagpur
104372,2025-01-07,Customer_0754,Backpack,Clothing,7,8620.92,1458.86,Nashik
101650,2025-01-07,Customer_1587,T-Shirt,Clothing,7,4532.58,574.4,Mumbai
105975,2025-01-07,Customer_1827,Shoes,Clothing,1,2770.26,228.39,Kolhapur
106012,2025-01-07,Customer_0413,Smartphone,Electronics,7,181827.74,35439.93,Pune
103379,2025-01-07,Customer_2451,Laptop,Electronics,5,306060.06,60092.55,Kolhapur
108067,2025-01-07,Customer_0052,Smartphone,Electronics,5,135210.34,13989.21,Aurangabad
102467,2025-01-07,Customer_2036,Table,Furniture,1,7906.46,880.17,Aurangabad
106419,2025-01-08,Customer_2225,Office Chair,Furniture,1,6961.42,609.96,Pune
106160,2025-01-08,Customer_0029,Monitor,Electronics,8,119962.51,24412.43,Pune
108917,2025-01-08,Customer_2211,Monitor,Electronics,7,104301.67,20043.98,Aurangabad
105893,2025-01-08,Customer_0094,Monitor,Electronics,2,27528.74,5609.75,Nagpur
103181,2025-01-08,Customer_1427,Tablet,Electronics,5,77738.0,4754.49,Mumbai
101764,2025-01-08,Customer_1155,T-Shirt,Clothing,5,3023.91,522.59,Nashik
103475,2025-01-08,Customer_0478,Monitor,Electronics,2,23880.52,2517.37,Aurangabad
102044,2025-01-08,Customer_0571,T-Shirt,Clothing,4,2395.25,420.59,Nagpur
104743,2025-01-08,Customer_0329,Bookshelf,Furniture,6,39627.19,5834.33,Kolhapur
101941,2025-01-08,Customer_0342,Table,Furniture,8,74359.21,7732.27,Nashik
105606,2025-01-08,Customer_2360,Desk,Furniture,6,63789.53,5987.19,Pune
100687,2025-01-08,Customer_0746,Vacuum Cleaner,Home,1,6399.55,1388.09,Kolhapur
101250,2025-01-08,Customer_2367,Cookware,Home,4,9154.4,1683.64,Aurangabad
102565,2025-01-08,Customer_2188,Shoes,Clothing,7,19394.49,3500.98,Pune
107143,2025-01-08,Customer_1750,Desk,Furniture,1,11491.09,2464.11,Pune
102989,2025-01-08,Customer_0649,Tablet,Electronics,7,143350.47,23251.2,Nashik
107134,2025-01-08,Customer_1092,Lamp,Home,7,7394.83,1389.85,Aurangabad
103933,2025-01-08,Customer_2171,Jeans,Clothing,7,9778.42,907.58,Pune
100875,2025-01-08,Customer_0046,Bookshelf,Furniture,6,35954.85,6369.69,Kolhapur
108201,2025-01-08,Customer_1324,Jacket,Clothing,3,7302.66,1199.2,Unknown
100828,2025-01-08,Customer_2173,Table,Furniture,1,8362.28,517.89,Aurangabad
103980,2025-01-08,Customer_1261,Desk,Furniture,4,43360.3,2957.1,Nashik
106035,2025-01-08,Customer_0310,Desk,Furniture,3,34424.61,2224.72,Nashik
102543,2025-01-08,Customer_0473,Lamp,Home,1,1234.19,266.38,Kolhapur
109924,2025-01-08,Customer_0088,Tablet,Electronics,3,56182.86,9352.3,Pune
109593,2025-01-08,Customer_1654,Vacuum Cleaner,Home,8,54544.39,9562.15,Pune
109690,2025-01-08,Customer_1870,Lamp,Home,1,1054.89,197.23,Nashik
104166,2025-01-09,Customer_0526,Backpack,Clothing,7,8341.83,1036.58,Kolhapur
101319,2025-01-09,Customer_1336,Jeans,Clothing,2,3102.22,474.0,Mumbai
100097,2025-01-09,Customer_1573,Vacuum Cleaner,Home,4,22172.62,2899.8,Nagpur
106720,2025-01-09,Customer_0358,Vacuum Cleaner,Home,7,46673.48,7328.45,Mumbai
109970,2025-01-09,Customer_1600,Bookshelf,Furniture,8,50976.47,10927.77,Aurangabad
106394,2025-01-09,Customer_2468,Smartphone,Electronics,7,173289.05,29041.43,Mumbai
101597,2025-01-09,Customer_1244,Tablet,Electronics,8,144543.93,16318.45,Mumbai
105661,2025-01-09,Customer_0998,Laptop,Electronics,2,98639.65,7939.76,Kolhapur
106172,2025-01-09,Customer_1225,Headphones,Electronics,3,7700.56,477.72,Kolhapur
108722,2025-01-09,Customer_1982,Smartphone,Electronics,2,56231.77,5450.91,Nagpur
106423,2025-01-09,Customer_2137,Laptop,Electronics,8,470472.43,41240.52,Kolhapur
108938,2025-01-09,Customer_1446,Office Chair,Furniture,7,46629.08,3334.08,Mumbai
107373,2025-01-09,Customer_0704,Jeans,Clothing,7,12868.42,2718.57,Pune
101783,2025-01-09,Customer_2198,Office Chair,Furniture,3,23588.8,4854.6,Nagpur
100601,2025-01-09,Customer_2500,Office Chair,Furniture,1,7790.51,657.72,Aurangabad
108165,2025-01-09,Customer_1807,Jacket,Clothing,7,18052.74,1124.67,Aurangabad
100269,2025-01-09,Customer_1161,Shoes,Clothing,2,4262.53,370.74,Aurangabad
109800,2025-01-09,Customer_1905,Shoes,Clothing,5,13095.86,797.64,Aurangabad
107327,2025-01-09,Customer_1453,Lamp,Home,1,1354.69,241.81,Kolhapur
101843,2025-01-09,Customer_0639,Bedsheet,Home,7,12634.03,2552.72,Nagpur
108828,2025-01-09,Customer_2034,Office Chair,Furniture,1,7012.31,543.06,Kolhapur
102203,2025-01-09,Customer_1417,Jacket,Clothing,6,15408.44,2018.92,Nagpur
108369,2025-01-09,Customer_2097,Headphones,Electronics,4,10518.68,1029.88,Kolhapur
109577,2025-01-09,Customer_1547,Cookware,Home,5,11471.71,2145.82,Pune
101003,2025-01-10,Customer_2421,Cabinet,Furniture,3,27427.71,2772.75,Kolhapur
109278,2025-01-10,Customer_1658,Desk,Furniture,8,102419.52,14879.96,Mumbai
100714,2025-01-10,Customer_1586,Cabinet,Furniture,1,9189.45,922.86,Kolhapur
101090,2025-01-10,Customer_1433,Headphones,Electronics,3,7582.95,1560.02,Kolhapur
107472,2025-01-10,Customer_1869,Cookware,Home,6,11976.78,1524.5,Nagpur
106383,2025-01-10,Customer_2482,Shoes,Clothing,2,4979.31,774.48,Mumbai
107105,2025-01-10,Customer_0486,Bedsheet,Home,1,2038.16,181.27,Pune
102683,2025-01-10,Customer_0422,Backpack,Clothing,8,10901.72,1122.96,Aurangabad
107364,2025-01-10,Customer_0253,Laptop,Electronics,4,226344.67,49004.78,Aurangabad
106505,2025-01-10,Customer_0178,Jeans,Clothing,6,9063.45,827.62,Aurangabad
105769,2025-01-10,Customer_0945,Cabinet,Furniture,1,7184.55,1238.17,Nashik
109609,2025-01-10,Customer_1793,Headphones,Electronics,5,11466.4,1339.7,Pune
102524,2025-01-10,Customer_2115,Jeans,Clothing,6,8374.07,889.55,Pune
109942,2025-01-10,Customer_0631,Jeans,Clothing,1,1753.74,158.66,Mumbai
101972,2025-01-10,Customer_2112,Cookware,Home,5,11635.62,1800.62,Pune
104168,2025-01-10,Customer_2339,Office Chair,Furniture,1,7903.56,1090.73,Nagpur
103651,2025-01-10,Customer_2159,Jeans,Clothing,8,12310.27,1639.98,Nagpur
109993,2025-01-10,Customer_0952,Tablet,Electronics,7,118195.75,13407.83,Nashik
106794,2025-01-10,Customer_0774,Backpack,Clothing,5,6767.77,437.56,Aurangabad
106859,2025-01-10,Customer_0860,Laptop,Electronics,6,330577.36,28410.19,Nagpur
102205,2025-01-10,Customer_1862,Tablet,Electronics,5,100692.77,12721.44,Nagpur
104015,2025-01-10,Customer_2062,Office Chair,Furniture,3,19321.02,3068.92,Pune
107905,2025-01-10,Customer_1610,Tablet,Electronics,1,19886.82,1813.02,Nashik
109654,2025-01-10,Customer_1712,Bookshelf,Furniture,3,16698.41,1484.0,Pune
108597,2025-01-11,Customer_0943,T-Shirt,Clothing,8,5095.74,631.69,Nagpur
105941,2025-01-11,Customer_0947,Jeans,Clothing,2,3195.14,700.22,Nashik
108478,2025-01-11,Customer_2408,Shoes,Clothing,6,13629.76,2916.92,Kolhapur
102600,2025-01-11,Customer_0743,Monitor,Electronics,7,105991.21,21592.18,Aurangabad
101801,2025-01-11,Customer_1340,T-Shirt,Clothing,3,2258.01,231.42,Aurangabad
108963,2025-01-11,Customer_1783,Lamp,Home,8,9467.09,1909.75,Nagpur
105021,2025-01-11,Customer_1551,T-Shirt,Clothing,4,3001.0,619.98,Pune
107301,2025-01-11,Customer_1863,Mixer,Home,3,11698.53,1150.9,Aurangabad
103725,2025-01-11,Customer_0278,Jacket,Clothing,1,2413.54,467.35,Pune
106116,2025-01-11,Customer_0977,Laptop,Electronics,8,460521.47,84201.07,Nashik
107076,2025-01-11,Customer_1385,Laptop,Electronics,7,362012.67,75798.47,Kolhapur
101538,2025-01-11,Customer_1927,Desk,Furniture,1,12735.93,1766.97,Nashik
101379,2025-01-11,Customer_0797,Mixer,Home,7,24603.13,3732.39,Nagpur
103942,2025-01-11,Customer_0844,Shoes,Clothing,3,8036.99,1648.92,Kolhapur
104577,2025-01-11,Customer_2404,Office Chair,Furniture,5,38168.27,2569.65,Nagpur
102240,2025-01-11,Customer_1251,Cabinet,Furniture,8,61612.46,5087.31,Aurangabad
105977,2025-01-11,Customer_1869,Monitor,Electronics,2,27072.6,1689.8,Nagpur
105562,2025-01-11,Customer_1264,Mixer,Home,2,7358.8,1303.08,Kolhapur
104975,2025-01-11,Customer_0962,Bedsheet,Home,1,1690.19,177.49,Nagpur
107872,2025-01-11,Customer_0569,Monitor,Electronics,4,53119.39,4058.73,Aurangabad
108399,2025-01-12,Customer_0258,Bookshelf,Furniture,6,33777.9,5198.45,Nashik
108739,2025-01-12,Customer_0267,Tablet,Electronics,3,53807.95,5089.4,Pune
105764,2025-01-12,Customer_0145,Jeans,Clothing,3,4279.93,860.24,Aurangabad
106091,2025-01-12,Customer_0039,Bedsheet,Home,1,1868.06,159.54,Nagpur
108314,2025-01-12,Customer_0047,Cabinet,Furniture,4,33154.76,6533.03,Mumbai
101700,2025-01-12,Customer_0920,Lamp,Home,1,1123.37,157.4,Pune
107123,2025-01-12,Customer_1432,Smartphone,Electronics,8,206375.96,40309.77,Nashik
102318,2025-01-12,Customer_1473,Smartphone,Electronics,1,22997.29,4711.65,Nagpur
107328,2025-01-12,Customer_2306,Tablet,Electronics,4,67347.52,8123.53,Mumbai
101667,2025-01-12,Customer_0472,Table,Furniture,7,60448.98,12374.86,Nashik
101754,2025-01-12,Customer_0551,Jacket,Clothing,2,6281.03,788.37,Pune
102020,2025-01-12,Customer_0015,Jeans,Clothing,3,4667.84,484.59,Mumbai
108151,2025-01-12,Customer_2004,Jeans,Clothing,7,11345.38,1609.69,Nagpur
100518,2025-01-12,Customer_1196,Shoes,Clothing,1,2674.54,453.98,Nagpur
101423,2025-01-12,Customer_1801,Lamp,Home,3,3454.69,724.74,Aurangabad
100681,2025-01-12,Customer_0298,Office Chair,Furniture,6,49838.04,10620.17,Nashik
103667,2025-01-12,Customer_0381,Cabinet,Furniture,8,71197.73,12320.39,Kolhapur
105786,2025-01-12,Customer_2255,Jacket,Clothing,3,9485.8,1374.59,Kolhapur
109213,2025-01-12,Customer_2202,Cabinet,Furniture,7,54686.72,6980.28,Kolhapur
109343,2025-01-12,Customer_0613,Mixer,Home,3,9588.52,2098.68,Kolhapur
102412,2025-01-12,Customer_0198,Shoes,Clothing,6,16847.76,1050.84,Kolhapur
106189,2025-01-12,Customer_1690,Office Chair,Furniture,4,30312.0,3867.97,Kolhapur
105598,2025-01-12,Customer_0990,Jacket,Clothing,1,3002.51,333.47,Kolhapur
101872,2025-01-12,Customer_0039,Bedsheet,Home,2,4095.77,574.98,Pune
104263,2025-01-12,Customer_1002,Bedsheet,Home,8,15687.56,1477.68,Nashik
101870,2025-01-12,Customer_0511,T-Shirt,Clothing,7,4607.41,828.54,Nashik
102368,2025-01-12,Customer_1027,Jacket,Clothing,5,12905.85,1231.16,Aurangabad
102133,2025-01-12,Customer_1297,Cookware,Home,8,17855.99,1402.92,Pune
105728,2025-01-12,Customer_2114,Jacket,Clothing,6,16842.07,2753.92,Nashik
104238,2025-01-13,Customer_0293,Vacuum Cleaner,Home,6,43609.55,7671.52,Kolhapur
106890,2025-01-13,Customer_2292,Cookware,Home,3,6558.47,710.16,Kolhapur
100151,2025-01-13,Customer_1957,Office Chair,Furniture,5,39235.15,5703.96,Pune
105432,2025-01-13,Customer_2019,Headphones,Electronics,6,13006.53,1572.82,Aurangabad
101007,2025-01-13,Customer_0044,Jeans,Clothing,5,8765.86,1293.32,Pune
105008,2025-01-13,Customer_1202,Cabinet,Furniture,5,36445.53,2368.13,Mumbai
100916,2025-01-13,Customer_0888,Headphones,Electronics,2,5223.62,606.14,Nagpur
105159,2025-01-13,Customer_1175,Tablet,Electronics,2,33494.36,4116.74,Pune
106689,2025-01-13,Customer_0157,Headphones,Electronics,2,5186.03,483.99,Kolhapur
103781,2025-01-13,Customer_2030,Jacket,Clothing,5,13565.46,2964.69,Mumbai
106412,2025-01-13,Unknown Customer,Vacuum Cleaner,Home,6,9627.65,8737.77,Pune
103748,2025-01-13,Customer_1849,Desk,Furniture,2,20831.85,2876.32,Nashik
109742,2025-01-13,Customer_1292,T-Shirt,Clothing,6,3604.42,594.22,Nashik
104923,2025-01-13,Customer_1307,Office Chair,Furniture,5,40242.54,6219.89,Nashik
101670,2025-01-13,Customer_2270,Office Chair,Furniture,5,33881.98,4814.33,Kolhapur
106459,2025-01-13,Customer_0357,T-Shirt,Clothing,2,1243.77,272.93,Pune
102484,2025-01-13,Customer_1206,T-Shirt,Clothing,7,4942.17,1030.32,Aurangabad
109971,2025-01-13,Customer_0334,Cabinet,Furniture,7,53421.18,10714.93,Nagpur
103542,2025-01-13,Customer_1632,Bookshelf,Furniture,2,12584.99,1502.6,Nagpur
105051,2025-01-13,Customer_2324,Bedsheet,Home,5,9813.86,1720.96,Nagpur
105130,2025-01-13,Customer_1304,Jacket,Clothing,1,3115.05,594.39,Nagpur
103721,2025-01-13,Customer_1790,Shoes,Clothing,7,16251.36,1528.54,Mumbai
100554,2025-01-13,Customer_1875,Jacket,Clothing,4,12715.16,808.08,Pune
107759,2025-01-13,Customer_1512,Tablet,Electronics,5,98479.61,17650.99,Pune
102382,2025-01-14,Customer_1704,Backpack,Clothing,6,7586.38,896.56,Pune
107581,2025-01-14,Customer_1425,Backpack,Clothing,4,5810.09,618.99,Kolhapur
106244,2025-01-14,Customer_0394,Headphones,Electronics,7,18749.23,3348.58,Pune
100885,2025-01-14,Customer_2393,Backpack,Clothing,5,6821.18,1247.31,Mumbai
107147,2025-01-14,Customer_0761,Table,Furniture,1,8741.62,846.78,Nagpur
106936,2025-01-14,Customer_0333,Laptop,Electronics,7,377333.12,29408.45,Mumbai
102697,2025-01-14,Customer_0189,Vacuum Cleaner,Home,8,59581.16,4042.5,Aurangabad
100891,2025-01-14,Customer_0309,Bookshelf,Furniture,2,12277.39,1408.98,Pune
105405,2025-01-14,Customer_0789,Jeans,Clothing,5,7931.69,925.06,Pune
101946,2025-01-14,Customer_2247,Monitor,Electronics,2,28647.45,5720.09,Nagpur
101955,2025-01-14,Customer_1552,Desk,Furniture,3,31227.84,6515.96,Kolhapur
100050,2025-01-14,Customer_2277,Lamp,Home,7,9324.48,1493.79,Aurangabad
100675,2025-01-14,Customer_2307,Headphones,Electronics,3,8569.94,971.13,Mumbai
102470,2025-01-14,Customer_1273,Vacuum Cleaner,Home,2,12795.41,2645.11,Nashik
103656,2025-01-14,Customer_2485,Headphones,Electronics,8,18118.0,2141.93,Aurangabad
107979,2025-01-14,Customer_0695,Backpack,Clothing,6,8024.14,588.78,Kolhapur
102730,2025-01-14,Customer_0843,Bedsheet,Home,4,7536.08,1105.81,Nagpur
101472,2025-01-14,Customer_1648,Jeans,Clothing,7,10709.12,1676.32,Nashik
109589,2025-01-14,Customer_1496,Cabinet,Furniture,3,26139.16,2939.88,Aurangabad
104880,2025-01-14,Customer_2491,Monitor,Electronics,5,62511.79,5428.47,Mumbai
101057,2025-01-14,Customer_0320,Laptop,Electronics,5,278586.26,38875.21,Mumbai
104290,2025-01-14,Customer_1431,Office Chair,Furniture,4,30416.79,5244.53,Mumbai
107095,2025-01-14,Customer_1886,Tablet,Electronics,5,88672.12,7161.95,Aurangabad
101775,2025-01-15,Customer_1562,Backpack,Clothing,7,8550.56,1738.37,Mumbai
109688,2025-01-15,Customer_0262,Table,Furniture,7,72442.41,4736.1,Pune
100092,2025-01-15,Customer_1812,Shoes,Clothing,8,22676.45,2248.47,Aurangabad
108710,2025-01-15,Customer_1666,Smartphone,Electronics,3,77871.94,9595.08,Nagpur
106878,2025-01-15,Customer_0596,Headphones,Electronics,4,10347.46,1142.69,Aurangabad
103188,2025-01-15,Customer_0950,Jeans,Clothing,2,2755.69,227.43,Pune
106480,2025-01-15,Customer_2365,Smartphone,Electronics,8,172808.84,18765.61,Kolhapur
100903,2025-01-15,Customer_1079,T-Shirt,Clothing,5,3229.02,646.47,Kolhapur
108673,2025-01-15,Customer_0942,Smartphone,Electronics,1,24747.73,3585.99,Aurangabad
101748,2025-01-15,Customer_2043,Vacuum Cleaner,Home,6,44301.4,3041.8,Kolhapur
106177,2025-01-15,Customer_1057,Bedsheet,Home,3,6040.14,1124.09,Nashik
109883,2025-01-15,Customer_2007,Smartphone,Electronics,8,229667.84,29531.73,Aurangabad
100134,2025-01-15,Customer_0999,Headphones,Electronics,8,17243.51,3555.55,Nagpur
101485,2025-01-15,Customer_0227,Tablet,Electronics,1,15473.39,2522.45,Pune
109231,2025-01-15,Customer_0809,Bookshelf,Furniture,8,52324.9,8746.85,Pune
105834,2025-01-15,Customer_0133,Office Chair,Furniture,1,6476.5,788.13,Aurangabad
105785,2025-01-15,Customer_2425,Office Chair,Furniture,1,8251.52,721.0,Kolhapur
103915,2025-01-15,Customer_0242,Tablet,Electronics,2,37898.54,4788.5,Nashik
101103,2025-01-15,Customer_2446,Headphones,Electronics,8,21191.81,3658.34,Kolhapur
108541,2025-01-15,Customer_1334,Vacuum Cleaner,Home,2,14754.17,2322.16,Nashik
108526,2025-01-16,Customer_2497,Mixer,Home,5,16513.85,2886.04,Aurangabad
104742,2025-01-16,Customer_1485,Cabinet,Furniture,3,21679.47,4031.07,Nashik
107828,2025-01-16,Customer_0862,Mixer,Home,5,19008.9,3807.9,Kolhapur
107447,2025-01-16,Customer_0991,Bookshelf,Furniture,3,19168.49,3867.13,Kolhapur
101490,2025-01-16,Customer_2394,Headphones,Electronics,6,12781.31,1257.94,Aurangabad
101454,2025-01-16,Customer_2419,T-Shirt,Clothing,1,655.76,65.94,Pune
108044,2025-01-16,Customer_0440,Bedsheet,Home,3,4609.41,534.93,Nagpur
108557,2025-01-16,Customer_0642,Lamp,Home,8,9845.52,973.31,Nagpur
103161,2025-01-16,Customer_0903,Cookware,Home,4,9783.76,1052.49,Kolhapur
103612,2025-01-16,Customer_1248,Jeans,Clothing,3,4701.53,905.19,Kolhapur
105699,2025-01-16,Customer_1645,Table,Furniture,4,38589.79,2375.47,Aurangabad
103001,2025-01-16,Customer_0797,Backpack,Clothing,6,8738.79,1681.59,Mumbai
106363,2025-01-16,Customer_1309,Tablet,Electronics,4,80574.4,8593.56,Nagpur
106644,2025-01-16,Customer_2211,Cabinet,Furniture,8,59084.1,6246.55,Pune
106169,2025-01-16,Customer_2476,Tablet,Electronics,4,76485.33,11133.66,Aurangabad
109067,2025-01-16,Customer_2008,Lamp,Home,6,6838.6,694.9,Pune
109240,2025-01-16,Customer_0250,Table,Furniture,6,61422.04,9480.26,Nashik
106767,2025-01-16,Customer_1640,Smartphone,Electronics,1,26590.82,2283.15,Mumbai
109872,2025-01-16,Customer_2030,Bedsheet,Home,1,1853.28,266.7,Kolhapur
100497,2025-01-16,Customer_0926,Bedsheet,Home,4,6883.51,1120.32,Nashik
106276,2025-01-16,Customer_2417,Headphones,Electronics,5,12769.97,2305.92,Pune
106046,2025-01-16,Customer_1066,Shoes,Clothing,2,5724.92,614.9,Nagpur
104423,2025-01-16,Customer_0549,Vacuum Cleaner,Home,1,6137.48,545.48,Kolhapur
107558,2025-01-17,Customer_0557,Lamp,Home,4,5463.25,472.06,Mumbai
103260,2025-01-17,Customer_1203,Backpack,Clothing,5,6346.72,1151.53,Aurangabad
103879,2025-01-17,Unknown Customer,T-Shirt,Clothing,2,1278.49,247.91,Aurangabad
106053,2025-01-17,Customer_0445,Bedsheet,Home,7,13290.69,1986.17,Kolhapur
102550,2025-01-17,Customer_1636,Vacuum Cleaner,Home,7,49087.98,7720.33,Nagpur
107565,2025-01-17,Customer_0375,Cookware,Home,6,12120.8,1520.87,Aurangabad
105396,2025-01-17,Customer_1667,Shoes,Clothing,1,2393.74,393.83,Aurangabad
104610,2025-01-17,Customer_0272,Bedsheet,Home,6,11566.45,855.82,Nagpur
101675,2025-01-17,Customer_0686,Vacuum Cleaner,Home,5,28896.94,6244.54,Pune
108584,2025-01-17,Customer_2147,Vacuum Cleaner,Home,6,38676.16,6103.84,Nagpur
102516,2025-01-17,Unknown Customer,Shoes,Clothing,7,19408.08,2167.63,Aurangabad
101408,2025-01-17,Customer_0072,Laptop,Electronics,3,143008.91,21713.59,Nagpur
105602,2025-01-17,Customer_1277,Cabinet,Furniture,2,16444.85,1929.71,Mumbai
104624,2025-01-17,Customer_0070,Laptop,Electronics,6,298400.25,48783.67,Pune
107704,2025-01-17,Customer_2095,Headphones,Electronics,5,14015.53,1368.61,Nashik
103804,2025-01-17,Customer_1767,Lamp,Home,7,9123.22,1035.32,Nagpur
104306,2025-01-17,Customer_1823,Jeans,Clothing,1,1453.69,120.55,Nashik
101183,2025-01-17,Customer_1882,Desk,Furniture,1,12215.62,1321.08,Nagpur
104038,2025-01-17,Customer_1092,Backpack,Clothing,6,9416.42,577.77,Aurangabad
102902,2025-01-17,Customer_0285,Mixer,Home,8,30973.61,4691.34,Mumbai
107588,2025-01-17,Customer_1084,Jacket,Clothing,7,17470.26,3123.34,Kolhapur
101428,2025-01-17,Customer_2023,Laptop,Electronics,6,360874.31,63162.07,Pune
101344,2025-01-17,Customer_1569,T-Shirt,Clothing,2,1248.08,267.82,Nashik
108329,2025-01-18,Customer_2060,Cookware,Home,2,4657.57,645.91,Aurangabad
104469,2025-01-18,Customer_0969,Monitor,Electronics,6,89058.44,17535.6,Nagpur
105327,2025-01-18,Customer_1306,Headphones,Electronics,4,9345.87,991.24,Nagpur
107057,2025-01-18,Customer_1269,Table,Furniture,8,76385.42,15930.56,Nagpur
107621,2025-01-18,Customer_2009,Table,Furniture,7,66417.44,8325.42,Nagpur
106198,2025-01-18,Customer_1702,Bookshelf,Furniture,7,39826.2,5219.24,Aurangabad
105069,2025-01-18,Customer_0082,Laptop,Electronics,8,374536.0,65609.03,Mumbai
109277,2025-01-18,Customer_1577,Tablet,Electronics,3,60667.81,11226.2,Aurangabad
106663,2025-01-18,Customer_1509,Bookshelf,Furniture,6,34096.22,7444.94,Nagpur
106690,2025-01-18,Customer_0895,Laptop,Electronics,6,359099.93,76023.63,Mumbai
105530,2025-01-18,Customer_0265,Bookshelf,Furniture,5,25819.53,5477.21,Nashik
106067,2025-01-18,Customer_0770,Backpack,Clothing,2,2999.31,612.81,Nagpur
100352,2025-01-18,Customer_2169,Monitor,Electronics,3,43307.31,3734.35,Nashik
105046,2025-01-18,Customer_0237,Vacuum Cleaner,Home,8,50597.4,9578.8,Nashik
107249,2025-01-18,Customer_1573,Headphones,Electronics,5,11039.77,2193.44,Kolhapur
104562,2025-01-18,Customer_2092,Bedsheet,Home,8,14581.62,2278.63,Nashik
102623,2025-01-18,Customer_2377,Office Chair,Furniture,7,47994.29,6088.41,Aurangabad
103961,2025-01-19,Customer_0833,Bookshelf,Furniture,1,6194.96,756.67,Aurangabad
107121,2025-01-19,Customer_2148,Monitor,Electronics,5,63858.13,5960.09,Kolhapur
103278,2025-01-19,Customer_1362,Desk,Furniture,3,40540.21,8135.19,Aurangabad
102756,2025-01-19,Customer_1024,Lamp,Home,2,2502.91,495.03,Mumbai
109736,2025-01-19,Customer_1405,Jacket,Clothing,3,7996.31,1304.27,Aurangabad
109245,2025-01-19,Customer_0244,Lamp,Home,3,3296.01,668.77,Nashik
102660,2025-01-19,Customer_2044,Smartphone,Electronics,6,164002.03,30140.6,Nagpur
108585,2025-01-19,Customer_1484,Backpack,Clothing,6,7408.98,1108.87,Nagpur
107066,2025-01-19,Customer_1476,Office Chair,Furniture,5,41618.7,6400.29,Aurangabad
102097,2025-01-19,Customer_1954,Office Chair,Furniture,7,57161.58,9005.86,Kolhapur
104279,2025-01-19,Customer_2253,Jeans,Clothing,4,5659.45,603.14,Aurangabad
105434,2025-01-19,Customer_0100,T-Shirt,Clothing,8,5557.41,1161.42,Mumbai
105722,2025-01-19,Customer_0315,Office Chair,Furniture,8,58143.33,12704.97,Nagpur
107457,2025-01-19,Customer_1771,Jacket,Clothing,3,8554.65,1685.97,Nashik
107527,2025-01-19,Customer_1482,Cookware,Home,1,2145.04,399.58,Nashik
109790,2025-01-19,Customer_2279,Headphones,Electronics,3,7981.15,546.84,Aurangabad
109070,2025-01-19,Customer_1143,T-Shirt,Clothing,5,4014.17,759.86,Aurangabad
102219,2025-01-19,Customer_0429,Cookware,Home,8,18671.66,1666.0,Nashik
106348,2025-01-19,Customer_2313,Cabinet,Furniture,5,39968.94,5192.92,Aurangabad
106950,2025-01-19,Customer_2181,Cabinet,Furniture,7,53639.32,4547.41,Nagpur
101226,2025-01-19,Customer_0294,Desk,Furniture,1,10559.01,1247.36,Aurangabad
103568,2025-01-19,Customer_1957,Bedsheet,Home,7,13253.75,2526.48,Mumbai
100671,2025-01-20,Customer_2393,Tablet,Electronics,6,110446.23,14109.53,Mumbai
104334,2025-01-20,Customer_0836,Laptop,Electronics,2,100464.84,12979.79,Nagpur
105932,2025-01-20,Customer_1359,Vacuum Cleaner,Home,7,43537.5,6032.82,Nagpur
107155,2025-01-20,Customer_2069,Mixer,Home,6,23075.8,5069.56,Pune
104680,2025-01-20,Customer_2307,Tablet,Electronics,3,53339.65,11512.32,Nashik
104915,2025-01-20,Customer_0682,Tablet,Electronics,4,78764.07,8469.83,Kolhapur
109066,2025-01-20,Customer_0310,Backpack,Clothing,1,1591.79,101.94,Kolhapur
109777,2025-01-20,Customer_0495,Monitor,Electronics,1,15650.66,1432.98,Pune
103496,2025-01-20,Customer_2333,T-Shirt,Clothing,5,3042.59,231.07,Kolhapur
102007,2025-01-20,Customer_2413,Jacket,Clothing,6,14396.35,1171.01,Kolhapur
108192,2025-01-20,Customer_1106,Lamp,Home,8,9357.05,669.19,Pune
102933,2025-01-20,Customer_0271,Desk,Furniture,5,51701.5,10115.22,Nashik
105883,2025-01-20,Customer_1362,Desk,Furniture,2,23476.43,2994.89,Aurangabad
102699,2025-01-20,Customer_0230,Mixer,Home,2,6479.41,1378.7,Aurangabad
102711,2025-01-20,Customer_0132,T-Shirt,Clothing,7,4789.56,508.76,Kolhapur
106728,2025-01-20,Customer_2102,Monitor,Electronics,1,12187.71,1892.52,Mumbai
100987,2025-01-20,Customer_1332,Bookshelf,Furniture,6,33695.93,4000.15,Aurangabad
107787,2025-01-20,Customer_2410,Desk,Furniture,7,84092.91,14613.48,Pune
108492,2025-01-20,Customer_1961,Bedsheet,Home,2,3468.23,425.9,Kolhapur
102724,2025-01-20,Customer_0522,Laptop,Electronics,5,58940.65,5531.26,Kolhapur
109911,2025-01-20,Customer_0883,Bookshelf,Furniture,7,39811.07,6620.11,Aurangabad
109960,2025-01-20,Customer_1491,Smartphone,Electronics,8,200109.21,34371.67,Aurangabad
105424,2025-01-20,Customer_1340,Cabinet,Furniture,7,50779.79,7381.41,Nagpur
109539,2025-01-20,Customer_0072,Office Chair,Furniture,2,13086.03,905.62,Nashik
106375,2025-01-21,Customer_0289,Mixer,Home,7,23960.28,1714.74,Kolhapur
104498,2025-01-21,Customer_0040,Bedsheet,Home,1,1997.32,253.36,Kolhapur
103777,2025-01-21,Customer_0443,Desk,Furniture,7,89893.37,19701.08,Mumbai
106319,2025-01-21,Customer_2157,Backpack,Clothing,8,10201.83,1311.14,Mumbai
108113,2025-01-21,Customer_1378,Lamp,Home,5,5931.51,527.32,Pune
107950,2025-01-21,Customer_1807,Cookware,Home,5,9783.77,1835.36,Aurangabad
101937,2025-01-21,Customer_0972,Office Chair,Furniture,1,6387.87,1048.96,Pune
107876,2025-01-21,Customer_2168,Jacket,Clothing,3,8868.07,1846.9,Aurangabad
108708,2025-01-21,Customer_0842,Table,Furniture,4,32326.89,4029.82,Nashik
108610,2025-01-21,Customer_2380,Bedsheet,Home,4,7533.75,554.06,Aurangabad
103452,2025-01-21,Customer_0909,T-Shirt,Clothing,7,4386.58,458.9,Mumbai
103005,2025-01-21,Unknown Customer,T-Shirt,Clothing,8,5057.48,757.02,Kolhapur
101740,2025-01-21,Customer_1515,Shoes,Clothing,4,10360.84,1523.79,Nashik
103195,2025-01-21,Customer_1614,Monitor,Electronics,1,13355.28,2456.09,Mumbai
103082,2025-01-21,Customer_1334,Shoes,Clothing,2,4257.2,602.22,Aurangabad
102876,2025-01-21,Customer_2084,Tablet,Electronics,3,53269.49,6257.94,Nashik
102859,2025-01-21,Customer_1277,Monitor,Electronics,2,29315.92,5684.98,Nashik
108487,2025-01-21,Customer_2295,Office Chair,Furniture,2,14802.3,2826.37,Nashik
106526,2025-01-21,Customer_2047,Shoes,Clothing,1,2502.2,350.13,Nagpur
105628,2025-01-21,Customer_1149,Smartphone,Electronics,4,96156.94,12862.77,Mumbai
102145,2025-01-21,Customer_0425,Laptop,Electronics,7,378369.03,29642.33,Nagpur
104662,2025-01-22,Customer_1954,Jeans,Clothing,5,4600.16,467.74,Mumbai
101702,2025-01-22,Customer_0336,Cookware,Home,6,13967.22,2535.47,Kolhapur
106741,2025-01-22,Customer_0107,Office Chair,Furniture,7,59886.78,8353.26,Mumbai
104153,2025-01-22,Customer_2432,Office Chair,Furniture,6,41931.02,2538.53,Nagpur
103547,2025-01-22,Customer_0958,Shoes,Clothing,8,17172.81,2170.18,Nagpur
103660,2025-01-22,Customer_1589,Jacket,Clothing,4,12823.75,1444.12,Aurangabad
102640,2025-01-22,Customer_0425,Bedsheet,Home,2,3513.23,316.57,Mumbai
100846,2025-01-22,Customer_0924,Jeans,Clothing,8,12246.92,1291.52,Aurangabad
102911,2025-01-22,Customer_1414,Table,Furniture,5,44568.88,4225.02,Aurangabad
107745,2025-01-22,Customer_1282,Mixer,Home,1,3667.52,640.21,Aurangabad
100025,2025-01-22,Customer_1859,Shoes,Clothing,3,7846.49,1247.38,Pune
108111,2025-01-22,Customer_1245,Cookware,Home,7,13717.43,2269.66,Nagpur
104792,2025-01-22,Customer_1203,Bedsheet,Home,2,3687.64,701.99,Mumbai
106122,2025-01-22,Customer_1634,Jeans,Clothing,1,1559.92,334.57,Kolhapur
101734,2025-01-22,Customer_1804,Smartphone,Electronics,5,136111.26,17568.87,Mumbai
104250,2025-01-22,Customer_1674,Table,Furniture,3,25253.19,4157.46,Mumbai
109370,2025-01-22,Customer_0422,Bedsheet,Home,2,3955.1,497.14,Nagpur
108858,2025-01-22,Customer_0415,Lamp,Home,3,3472.04,306.01,Aurangabad
106627,2025-01-22,Customer_1704,Cabinet,Furniture,4,34601.67,6582.16,Pune
105651,2025-01-22,Customer_1302,Headphones,Electronics,5,12065.71,1774.17,Pune
100307,2025-01-22,Customer_1793,Cabinet,Furniture,3,20920.05,1748.76,Pune
105753,2025-01-22,Customer_2265,Jeans,Clothing,5,7996.42,1267.7,Nashik
105518,2025-01-22,Customer_2041,Jacket,Clothing,3,9329.46,1856.48,Aurangabad
102661,2025-01-23,Customer_0830,Monitor,Electronics,4,50040.9,6716.13,Nashik
104512,2025-01-23,Customer_1652,Cookware,Home,5,10546.64,848.43,Nagpur
103595,2025-01-23,Customer_1103,Backpack,Clothing,4,5629.8,345.69,Pune
109740,2025-01-23,Customer_2061,Backpack,Clothing,2,2922.34,629.47,Aurangabad
109362,2025-01-23,Customer_2434,Headphones,Electronics,8,21899.2,3427.63,Pune
103648,2025-01-23,Customer_0478,Jacket,Clothing,8,19806.85,1950.62,Mumbai
101129,2025-01-23,Customer_1850,Monitor,Electronics,2,31769.12,6492.32,Nagpur
103368,2025-01-23,Customer_0394,Table,Furniture,6,58345.61,10996.91,Nagpur
106811,2025-01-23,Customer_0712,T-Shirt,Clothing,5,3236.15,281.21,Aurangabad
107080,2025-01-23,Customer_0727,Lamp,Home,8,10670.63,1933.6,Nagpur
103718,2025-01-23,Customer_2033,Vacuum Cleaner,Home,5,28470.12,5635.95,Pune
100482,2025-01-23,Customer_1069,Desk,Furniture,1,12792.96,2174.36,Kolhapur
101657,2025-01-23,Customer_1646,Mixer,Home,6,21493.47,3659.84,Kolhapur
100747,2025-01-23,Customer_0917,Cabinet,Furniture,1,8982.93,564.89,Nashik
109024,2025-01-23,Customer_0703,Backpack,Clothing,2,2853.26,516.22,Kolhapur
109136,2025-01-23,Customer_1416,Vacuum Cleaner,Home,8,51343.27,9030.62,Pune
106780,2025-01-23,Customer_1852,Jeans,Clothing,8,12432.8,1730.33,Pune
101062,2025-01-23,Customer_2068,Cabinet,Furniture,7,62870.88,10189.41,Nashik
108042,2025-01-24,Customer_1153,Tablet,Electronics,8,155664.49,18292.98,Aurangabad
106578,2025-01-24,Customer_1856,Shoes,Clothing,7,18245.8,3036.87,Aurangabad
107713,2025-01-24,Customer_0573,Office Chair,Furniture,6,49226.92,5610.52,Kolhapur
101772,2025-01-24,Customer_1717,Jacket,Clothing,4,10897.06,2381.31,Nagpur
108647,2025-01-24,Customer_0611,Jacket,Clothing,8,21158.49,1932.61,Pune
104102,2025-01-24,Customer_1076,Bookshelf,Furniture,8,55113.57,8099.84,Mumbai
103807,2025-01-24,Customer_1393,Shoes,Clothing,8,18310.63,2687.74,Kolhapur
102738,2025-01-24,Customer_0065,Tablet,Electronics,8,129212.15,18427.51,Nashik
108040,2025-01-24,Customer_0587,Tablet,Electronics,1,18198.77,2980.76,Nagpur
108764,2025-01-24,Customer_1479,Cabinet,Furniture,8,36333.11,6556.54,Pune
102712,2025-01-24,Customer_1158,Backpack,Clothing,8,10098.65,1837.52,Kolhapur
106733,2025-01-24,Customer_0472,Cabinet,Furniture,2,13909.66,1916.15,Kolhapur
109459,2025-01-24,Customer_1327,Tablet,Electronics,3,51047.94,5197.47,Pune
108406,2025-01-24,Customer_1543,Tablet,Electronics,5,98954.64,11157.69,Pune
100914,2025-01-25,Customer_0230,Monitor,Electronics,3,35860.73,6140.67,Mumbai
105548,2025-01-25,Customer_1771,Desk,Furniture,7,81739.7,11504.04,Nagpur
100918,2025-01-25,Customer_2093,Cabinet,Furniture,3,25234.89,1531.7,Nashik
102405,2025-01-25,Customer_0523,Bedsheet,Home,6,12105.72,2303.13,Nagpur
101177,2025-01-25,Customer_0974,Mixer,Home,8,31772.54,6982.93,Nashik
101444,2025-01-25,Customer_1909,Laptop,Electronics,8,444212.21,33180.9,Mumbai
106125,2025-01-25,Customer_0994,Smartphone,Electronics,6,156077.3,15287.94,Nagpur
106897,2025-01-25,Customer_2279,T-Shirt,Clothing,4,3120.12,454.95,Kolhapur
108651,2025-01-25,Customer_1754,Mixer,Home,5,7279.83,1178.28,Aurangabad
102392,2025-01-25,Customer_1000,Cabinet,Furniture,5,45065.58,7439.23,Nashik
108001,2025-01-25,Customer_1485,Tablet,Electronics,7,110490.84,22364.82,Nashik
105554,2025-01-25,Customer_1968,Backpack,Clothing,8,9697.97,1161.61,Nagpur
104634,2025-01-25,Customer_1732,Lamp,Home,5,6242.06,964.84,Nagpur
104626,2025-01-25,Customer_0501,Vacuum Cleaner,Home,7,39163.32,2458.17,Nashik
100580,2025-01-25,Customer_0544,Headphones,Electronics,3,7898.93,839.92,Mumbai
104145,2025-01-25,Customer_1268,Vacuum Cleaner,Home,8,54250.9,4718.77,Pune
101190,2025-01-25,Customer_2251,Smartphone,Electronics,6,154418.21,15797.71,Nashik
108497,2025-01-25,Customer_2401,Shoes,Clothing,6,17057.96,1507.01,Nashik
103885,2025-01-25,Customer_1548,Backpack,Clothing,3,3935.77,757.59,Kolhapur
107195,2025-01-25,Customer_2397,Backpack,Clothing,5,6578.61,616.83,Aurangabad
101414,2025-01-25,Customer_0805,Bedsheet,Home,1,1904.2,115.78,Pune
101873,2025-01-25,Customer_0397,T-Shirt,Clothing,1,787.57,136.31,Mumbai
104852,2025-01-25,Customer_2437,Jeans,Clothing,6,9648.55,1976.15,Nagpur
109202,2025-01-25,Customer_0056,Shoes,Clothing,5,12393.22,1411.63,Pune
106362,2025-01-25,Customer_1491,Mixer,Home,6,22353.05,4828.67,Kolhapur
105318,2025-01-25,Customer_2055,Cookware,Home,4,9360.72,734.58,Aurangabad
106225,2025-01-25,Customer_1397,Desk,Furniture,5,68493.25,6068.79,Nagpur
106197,2025-01-25,Customer_0671,Shoes,Clothing,5,14143.74,1042.77,Mumbai
101599,2025-01-25,Customer_0716,Jacket,Clothing,3,9154.94,1399.78,Kolhapur
106987,2025-01-25,Customer_1861,Headphones,Electronics,6,15635.19,1936.24,Aurangabad
106333,2025-01-25,Customer_1320,Mixer,Home,3,9985.66,1588.36,Mumbai
103578,2025-01-25,Customer_1100,Bookshelf,Furniture,6,35884.77,6822.95,Nashik
102408,2025-01-25,Customer_1185,Bedsheet,Home,7,14039.23,2544.26,Nagpur
104368,2025-01-25,Customer_2135,Smartphone,Electronics,4,91793.82,18692.24,Kolhapur
101450,2025-01-26,Customer_0449,Shoes,Clothing,8,19836.76,3339.33,Kolhapur
100977,2025-01-26,Customer_2341,Shoes,Clothing,3,6942.41,642.83,Mumbai
109738,2025-01-26,Customer_1863,Smartphone,Electronics,5,116879.08,19532.54,Nashik
103884,2025-01-26,Customer_2246,Table,Furniture,7,54895.24,8192.17,Mumbai
105928,2025-01-26,Customer_2411,Cabinet,Furniture,4,31980.71,4693.21,Nashik
100872,2025-01-26,Customer_1154,Jacket,Clothing,2,5000.38,986.39,Nagpur
106952,2025-01-26,Customer_1275,Mixer,Home,1,3831.1,691.21,Kolhapur
107919,2025-01-26,Customer_0557,Table,Furniture,8,76945.65,12636.69,Nashik
109466,2025-01-26,Customer_0199,Headphones,Electronics,6,14451.49,3060.9,Aurangabad
106242,2025-01-26,Customer_1731,Jeans,Clothing,4,7158.68,1214.5,Pune
105421,2025-01-26,Customer_1142,Cookware,Home,3,6582.48,836.49,Kolhapur
108499,2025-01-26,Customer_0058,Bedsheet,Home,2,3113.7,513.09,Aurangabad
103191,2025-01-26,Customer_0276,Cabinet,Furniture,2,17819.16,3220.8,Pune
108632,2025-01-26,Customer_0920,Vacuum Cleaner,Home,6,44530.22,7155.83,Nagpur
108356,2025-01-26,Customer_1984,Vacuum Cleaner,Home,4,29361.86,4518.3,Pune
100375,2025-01-26,Customer_1004,Jacket,Clothing,8,21337.8,4435.59,Aurangabad
102948,2025-01-26,Customer_0214,Lamp,Home,3,3636.42,415.12,Aurangabad
108298,2025-01-26,Customer_1962,Shoes,Clothing,4,9883.61,1454.61,Nashik
108069,2025-01-26,Customer_1326,Jacket,Clothing,8,24625.58,2710.32,Mumbai
104929,2025-01-26,Customer_1318,Smartphone,Electronics,7,185716.42,30809.0,Mumbai
102061,2025-01-26,Customer_0745,Headphones,Electronics,3,7866.13,1317.87,Nagpur
101352,2025-01-27,Customer_1876,T-Shirt,Clothing,4,2387.85,155.87,Pune
101758,2025-01-27,Customer_0102,Jacket,Clothing,7,20045.23,3073.77,Mumbai
101735,2025-01-27,Customer_0816,T-Shirt,Clothing,1,690.13,98.04,Mumbai
101766,2025-01-27,Customer_0930,Table,Furniture,4,40628.04,6274.91,Aurangabad
102282,2025-01-27,Customer_1366,Headphones,Electronics,2,4827.56,935.75,Kolhapur
106814,2025-01-27,Customer_2015,Lamp,Home,7,9575.97,1874.87,Kolhapur
107426,2025-01-27,Customer_0421,Office Chair,Furniture,2,16633.83,1478.43,Aurangabad
106587,2025-01-27,Customer_1368,Lamp,Home,8,8795.63,594.37,Aurangabad
108299,2025-01-27,Customer_1659,Backpack,Clothing,7,11125.2,1319.96,Nagpur
108080,2025-01-28,Customer_0768,Shoes,Clothing,4,9557.8,1687.59,Mumbai
105005,2025-01-28,Customer_0560,Jeans,Clothing,1,1633.97,337.04,Mumbai
104576,2025-01-28,Customer_2050,Backpack,Clothing,5,7359.13,1201.82,Kolhapur
109843,2025-01-28,Customer_1629,Headphones,Electronics,7,15755.95,1605.39,Pune
100906,2025-01-28,Customer_1995,Lamp,Home,6,7068.3,474.86,Nagpur
100164,2025-01-28,Customer_2438,Smartphone,Electronics,5,124255.06,14874.97,Aurangabad
103325,2025-01-28,Customer_2249,Jacket,Clothing,2,5723.01,1244.27,Kolhapur
103876,2025-01-28,Customer_1143,Office Chair,Furniture,6,39428.92,8208.04,Nashik
100109,2025-01-28,Customer_1721,Mixer,Home,4,13246.78,1965.48,Nagpur
109598,2025-01-28,Customer_1820,Smartphone,Electronics,4,110436.53,23846.54,Kolhapur
105981,2025-01-28,Customer_2130,Backpack,Clothing,3,4057.23,764.62,Aurangabad
106259,2025-01-28,Customer_2489,Jacket,Clothing,5,15812.63,2202.48,Kolhapur
103770,2025-01-28,Customer_0002,Lamp,Home,3,4124.38,591.82,Kolhapur
103773,2025-01-28,Customer_0620,Shoes,Clothing,8,19775.2,2512.05,Kolhapur
103739,2025-01-28,Customer_1828,Backpack,Clothing,2,2711.1,236.45,Pune
100696,2025-01-28,Customer_0302,Desk,Furniture,8,90488.62,7316.17,Pune
107385,2025-01-28,Customer_1015,Jeans,Clothing,6,8167.86,900.43,Kolhapur
102897,2025-01-28,Customer_0862,Monitor,Electronics,4,53521.59,4697.37,Aurangabad
101963,2025-01-28,Customer_2110,Table,Furniture,8,71684.04,8360.15,Aurangabad
102559,2025-01-28,Customer_0757,Jacket,Clothing,2,5761.51,617.14,Mumbai
104868,2025-01-28,Customer_0158,Desk,Furniture,7,87748.08,15449.16,Nagpur
106332,2025-01-28,Unknown Customer,Monitor,Electronics,7,103435.13,13928.39,Nashik
109556,2025-01-28,Customer_1929,Monitor,Electronics,2,26508.35,3873.18,Pune
109238,2025-01-29,Customer_1054,Table,Furniture,7,65032.26,11205.31,Mumbai
108432,2025-01-29,Customer_1719,Shoes,Clothing,2,5286.64,1105.13,Nagpur
104295,2025-01-29,Customer_0308,Headphones,Electronics,4,10326.19,2067.26,Kolhapur
109606,2025-01-29,Customer_2264,Tablet,Electronics,8,122661.04,15269.48,Pune
104724,2025-01-29,Customer_0944,Laptop,Electronics,6,318343.34,52084.97,Nashik
101375,2025-01-29,Customer_1646,Headphones,Electronics,1,2191.9,205.57,Kolhapur
105986,2025-01-29,Customer_1770,Bookshelf,Furniture,4,21374.61,1771.14,Kolhapur
108397,2025-01-29,Customer_1635,Vacuum Cleaner,Home,3,19097.01,1351.22,Mumbai
108168,2025-01-29,Customer_0429,Monitor,Electronics,5,63351.06,11004.91,Mumbai
104936,2025-01-29,Customer_2456,Office Chair,Furniture,2,16789.26,1109.3,Aurangabad
101152,2025-01-29,Customer_0731,Laptop,Electronics,7,405097.16,59403.85,Mumbai
102645,2025-01-29,Customer_1355,Jacket,Clothing,8,24306.48,1896.32,Nagpur
103808,2025-01-29,Customer_1264,Monitor,Electronics,8,107669.35,18476.04,Nashik
101505,2025-01-29,Customer_0214,Shoes,Clothing,1,2299.1,138.29,Aurangabad
108148,2025-01-29,Customer_1723,Table,Furniture,6,57888.09,8198.93,Nagpur
108412,2025-01-29,Customer_1238,Jeans,Clothing,5,10944.77,1925.76,Kolhapur
102522,2025-01-29,Customer_2229,Headphones,Electronics,2,5121.37,819.9,Nashik
108216,2025-01-29,Customer_2194,Table,Furniture,4,40151.37,4029.08,Kolhapur
100149,2025-01-29,Customer_0421,Jeans,Clothing,8,12232.87,1192.08,Pune
106098,2025-01-29,Customer_2218,Cookware,Home,2,4178.22,627.51,Pune
107871,2025-01-29,Customer_0729,Backpack,Clothing,4,6038.51,1046.33,Nashik
100614,2025-01-29,Customer_2053,Tablet,Electronics,5,98555.71,6133.3,Nagpur
108559,2025-01-29,Customer_1864,Jacket,Clothing,1,3019.5,341.64,Aurangabad
104630,2025-01-29,Customer_2076,Backpack,Clothing,8,10313.79,2117.85,Pune
109474,2025-01-29,Customer_2403,Cookware,Home,1,2503.2,449.4,Mumbai
108676,2025-01-29,Customer_1675,Jacket,Clothing,5,16025.65,3389.45,Nagpur
106151,2025-01-29,Customer_0701,Laptop,Electronics,6,337554.57,46407.57,Nagpur
107986,2025-01-29,Unknown Customer,Cabinet,Furniture,5,39149.48,8229.97,Pune
106058,2025-01-30,Customer_1228,Vacuum Cleaner,Home,1,5739.98,591.48,Pune
105736,2025-01-30,Customer_1467,Cookware,Home,5,9641.17,1212.14,Nashik
105643,2025-01-30,Customer_0342,Tablet,Electronics,3,58532.13,5750.53,Aurangabad
103661,2025-01-30,Customer_0449,Monitor,Electronics,6,93486.02,18221.53,Nagpur
108282,2025-01-30,Customer_2072,Desk,Furniture,4,48591.14,5199.97,Nashik
106087,2025-01-30,Customer_1352,Shoes,Clothing,1,2151.56,385.88,Pune
106384,2025-01-30,Customer_0573,Office Chair,Furniture,3,20796.64,3814.54,Pune
102751,2025-01-30,Customer_1276,Cookware,Home,1,2038.45,151.42,Nagpur
102662,2025-01-30,Customer_1350,Tablet,Electronics,2,38968.14,4441.31,Kolhapur
100801,2025-01-30,Customer_1959,Lamp,Home,7,8668.41,1358.18,Nagpur
107481,2025-01-30,Customer_1404,Bedsheet,Home,5,9752.96,1169.94,Pune
107220,2025-01-30,Customer_1490,Backpack,Clothing,6,7942.18,802.72,Nagpur
104142,2025-01-30,Customer_1724,Laptop,Electronics,3,178995.42,32108.93,Kolhapur
106488,2025-01-30,Customer_1134,Backpack,Clothing,5,6235.41,693.15,Nashik
104654,2025-01-30,Customer_1064,Jacket,Clothing,4,10679.27,1533.18,Pune
103109,2025-01-30,Customer_0180,Cookware,Home,7,14066.99,1442.14,Nashik
103573,2025-01-30,Customer_2180,Table,Furniture,1,10013.01,1156.97,Nashik
109660,2025-01-30,Customer_1066,Backpack,Clothing,8,9924.58,648.5,Nashik
102323,2025-01-30,Customer_0414,Cabinet,Furniture,5,40030.36,4138.68,Pune
109660,2025-01-30,Customer_1066,Backpack,Clothing,5,9924.58,648.5,Nashik
105544,2025-01-30,Customer_1961,Mixer,Home,8,26869.58,2393.08,Nagpur
107780,2025-01-31,Customer_2324,Backpack,Clothing,4,6280.01,1199.28,Aurangabad
106051,2025-01-31,Customer_1618,Office Chair,Furniture,8,67418.45,13572.2,Nashik
109229,2025-01-31,Customer_2011,Shoes,Clothing,3,6541.51,946.55,Aurangabad
103752,2025-01-31,Customer_0737,Shoes,Clothing,2,4743.59,738.63,Mumbai
101656,2025-01-31,Customer_0843,Office Chair,Furniture,5,37736.15,5208.18,Mumbai
107958,2025-01-31,Customer_1229,Bookshelf,Furniture,7,43876.67,5074.32,Mumbai
106746,2025-01-31,Customer_1627,Shoes,Clothing,7,19792.78,2758.43,Aurangabad
108477,2025-01-31,Customer_0723,Vacuum Cleaner,Home,5,29646.94,3719.04,Pune
102830,2025-01-31,Customer_2205,Bookshelf,Furniture,4,21485.71,4162.9,Kolhapur
109032,2025-01-31,Customer_2322,Tablet,Electronics,2,32394.86,6613.08,Pune
105020,2025-01-31,Customer_0015,Mixer,Home,8,25004.36,2996.4,Mumbai
109781,2025-01-31,Customer_1125,Bedsheet,Home,7,14182.21,1667.24,Nagpur
108236,2025-01-31,Customer_0708,T-Shirt,Clothing,7,4990.33,592.43,Kolhapur
100959,2025-01-31,Customer_1079,Backpack,Clothing,1,1332.47,148.74,Mumbai
105374,2025-01-31,Customer_1623,Table,Furniture,1,8287.13,874.85,Mumbai
108639,2025-01-31,Customer_1744,Desk,Furniture,7,81041.36,9398.15,Nashik
103645,2025-01-31,Customer_0501,Jacket,Clothing,7,19075.76,2278.67,Nagpur
108429,2025-01-31,Customer_2371,Table,Furniture,1,8215.52,1003.02,Mumbai
107192,2025-02-01,Customer_2103,Smartphone,Electronics,1,27179.17,2505.98,Pune
104218,2025-02-01,Customer_2453,Desk,Furniture,6,74456.06,5295.41,Pune
106042,2025-02-01,Customer_1565,T-Shirt,Clothing,4,2508.38,163.64,Nagpur
104523,2025-02-01,Customer_2475,Headphones,Electronics,2,4615.17,1008.49,Kolhapur
102931,2025-02-01,Customer_0217,Laptop,Electronics,1,61390.3,3791.13,Nashik
106877,2025-02-01,Customer_1783,Table,Furniture,3,23379.07,4328.66,Nashik
102997,2025-02-01,Customer_0525,Jacket,Clothing,6,15816.87,1860.23,Nashik
109681,2025-02-01,Unknown Customer,Lamp,Home,7,8747.37,1284.67,Kolhapur
106847,2025-02-01,Customer_1830,Cabinet,Furniture,2,18165.11,2557.73,Kolhapur
106675,2025-02-01,Customer_1886,Lamp,Home,7,9459.24,1437.67,Mumbai
102617,2025-02-01,Customer_2254,Desk,Furniture,7,94685.67,6857.85,Nagpur
108155,2025-02-01,Customer_2252,Jacket,Clothing,7,18767.68,1826.34,Aurangabad
101800,2025-02-01,Customer_0155,Cookware,Home,7,15141.03,2737.73,Pune
108209,2025-02-01,Customer_1326,Bookshelf,Furniture,7,44883.55,5052.08,Aurangabad
105110,2025-02-01,Customer_1445,Table,Furniture,2,15424.49,3317.87,Kolhapur
105053,2025-02-01,Customer_1618,Cookware,Home,4,9054.64,1465.12,Pune
100114,2025-02-02,Customer_0523,Cookware,Home,8,19215.11,1396.55,Kolhapur
100507,2025-02-02,Customer_1791,T-Shirt,Clothing,2,1243.47,109.56,Mumbai
109018,2025-02-02,Customer_0306,Tablet,Electronics,4,81808.29,7561.92,Nagpur
109912,2025-02-02,Customer_2458,Tablet,Electronics,2,38865.38,6016.27,Pune
103834,2025-02-02,Customer_0807,Lamp,Home,3,4047.35,570.52,Pune
109855,2025-02-02,Customer_2280,Cabinet,Furniture,1,7882.12,1713.03,Nashik
109624,2025-02-02,Customer_1279,Table,Furniture,5,42037.38,8542.29,Kolhapur
100927,2025-02-03,Customer_1043,Tablet,Electronics,3,50313.97,9714.91,Nagpur
100814,2025-02-03,Customer_0361,Vacuum Cleaner,Home,8,52845.05,7895.82,Nagpur
109132,2025-02-03,Customer_1518,Desk,Furniture,1,12220.0,1634.29,Aurangabad
106839,2025-02-03,Customer_2043,Desk,Furniture,1,10548.19,1888.15,Aurangabad
101495,2025-02-03,Customer_0594,Cookware,Home,5,12360.36,2507.27,Nashik
106506,2025-02-03,Customer_0567,Desk,Furniture,2,24115.65,4959.05,Aurangabad
100854,2025-02-03,Customer_2070,Cabinet,Furniture,2,16079.42,2263.31,Mumbai
108376,2025-02-03,Customer_0184,Vacuum Cleaner,Home,3,17496.53,2542.52,Aurangabad
104021,2025-02-03,Customer_1924,Tablet,Electronics,2,31429.97,3861.84,Nashik
107247,2025-02-03,Customer_1117,Bedsheet,Home,5,8715.09,745.3,Kolhapur
106371,2025-02-03,Customer_1484,Vacuum Cleaner,Home,3,18474.05,2949.01,Nashik
107103,2025-02-03,Customer_0425,Backpack,Clothing,8,9557.87,1112.3,Aurangabad
109234,2025-02-03,Customer_2180,Tablet,Electronics,1,18419.61,2016.0,Aurangabad
100761,2025-02-03,Customer_1456,T-Shirt,Clothing,4,3028.51,583.03,Mumbai
105646,2025-02-03,Customer_1320,Table,Furniture,2,15862.91,2674.78,Nagpur
101343,2025-02-03,Customer_0225,Office Chair,Furniture,6,47890.17,8512.46,Kolhapur
109622,2025-02-03,Customer_2306,Vacuum Cleaner,Home,6,44095.6,5412.35,Mumbai
102501,2025-02-03,Customer_0375,Smartphone,Electronics,4,101716.57,9469.26,Kolhapur
105991,2025-02-04,Customer_0209,Bedsheet,Home,2,3513.06,279.03,Aurangabad
103424,2025-02-04,Customer_1660,Backpack,Clothing,3,3889.42,805.25,Nagpur
103561,2025-02-04,Customer_0649,Backpack,Clothing,1,1551.51,96.92,Mumbai
100523,2025-02-04,Customer_1031,Mixer,Home,6,9627.65,1475.9,Mumbai
108085,2025-02-04,Customer_2340,Backpack,Clothing,8,10264.24,2099.2,Kolhapur
101900,2025-02-04,Customer_1295,Monitor,Electronics,8,114518.44,23177.27,Mumbai
102802,2025-02-04,Customer_1888,Headphones,Electronics,8,19424.18,3273.68,Kolhapur
103165,2025-02-04,Customer_0392,Shoes,Clothing,2,4496.4,878.4,Mumbai
108041,2025-02-04,Customer_0568,T-Shirt,Clothing,7,5209.67,849.27,Nagpur
106240,2025-02-04,Customer_2052,Backpack,Clothing,7,10815.04,665.64,Nashik
106152,2025-02-04,Customer_0700,Lamp,Home,5,6622.73,1080.33,Pune
106482,2025-02-04,Customer_0866,Mixer,Home,4,14965.99,1339.78,Kolhapur
104539,2025-02-04,Customer_2294,Smartphone,Electronics,2,54881.22,11054.41,Mumbai
100123,2025-02-04,Customer_1905,Monitor,Electronics,4,49960.38,7974.07,Aurangabad
103178,2025-02-04,Customer_0265,Mixer,Home,4,12870.79,2602.97,Nagpur
103107,2025-02-04,Customer_0635,Shoes,Clothing,2,5343.25,697.92,Pune
100708,2025-02-04,Customer_2004,Shoes,Clothing,8,21168.92,2765.67,Aurangabad
100058,2025-02-04,Customer_1229,Shoes,Clothing,3,8540.32,1728.86,Nagpur
106546,2025-02-04,Customer_0222,Jeans,Clothing,8,11973.19,1998.78,Nashik
107634,2025-02-04,Customer_0432,Bedsheet,Home,4,6943.8,802.3,Mumbai
107767,2025-02-04,Customer_1818,Tablet,Electronics,3,49714.29,10811.95,Nashik
103996,2025-02-05,Customer_0018,Monitor,Electronics,8,111580.08,13234.35,Aurangabad
102308,2025-02-05,Customer_0121,Mixer,Home,1,3052.66,268.63,Aurangabad
107571,2025-02-05,Customer_1085,Office Chair,Furniture,5,41612.72,3627.26,Mumbai
102189,2025-02-05,Customer_0882,Jeans,Clothing,5,3119.28,339.57,Aurangabad
104526,2025-02-05,Customer_1487,T-Shirt,Clothing,2,1461.11,308.86,Mumbai
109388,2025-02-05,Customer_0481,Smartphone,Electronics,1,23772.51,2460.9,Pune
100545,2025-02-05,Customer_1427,Cabinet,Furniture,8,56837.17,11900.48,Nagpur
100150,2025-02-05,Customer_1805,Shoes,Clothing,8,17298.69,1781.07,Nashik
108089,2025-02-05,Customer_2308,Desk,Furniture,6,71993.37,8627.74,Aurangabad
105803,2025-02-05,Customer_0533,Headphones,Electronics,1,2491.06,301.49,Nashik
102833,2025-02-05,Unknown Customer,Table,Furniture,5,48436.06,8498.63,Pune
109595,2025-02-05,Customer_1695,Tablet,Electronics,3,60393.58,10166.57,Aurangabad
101285,2025-02-05,Customer_1794,Shoes,Clothing,2,5470.74,760.22,Aurangabad
106507,2025-02-05,Customer_0650,Lamp,Home,4,4142.71,756.16,Nagpur
102267,2025-02-05,Customer_1770,Jeans,Clothing,4,5970.06,781.98,Kolhapur
100962,2025-02-05,Customer_2044,Jeans,Clothing,4,5948.03,851.28,Aurangabad
105009,2025-02-05,Customer_0290,Bookshelf,Furniture,8,48191.43,3543.29,Kolhapur
101396,2025-02-05,Customer_0490,Lamp,Home,8,10380.87,1721.17,Nashik
106431,2025-02-06,Customer_1448,Cabinet,Furniture,6,54010.66,5975.52,Nashik
103579,2025-02-06,Customer_1887,Cabinet,Furniture,7,49259.05,3504.03,Kolhapur
108656,2025-02-06,Customer_0139,Backpack,Clothing,5,7367.51,1121.67,Aurangabad
109545,2025-02-06,Customer_1301,Jeans,Clothing,2,2946.78,204.01,Aurangabad
103581,2025-02-06,Customer_0546,Jeans,Clothing,4,6830.07,1027.26,Aurangabad
106264,2025-02-06,Customer_1452,Tablet,Electronics,5,85361.57,17304.09,Nagpur
104466,2025-02-06,Customer_0882,Mixer,Home,7,23626.64,4135.15,Pune
104450,2025-02-06,Customer_0095,Cabinet,Furniture,7,53831.51,4716.85,Mumbai
100337,2025-02-06,Customer_2225,Jacket,Clothing,7,16856.55,2000.54,Nagpur
101892,2025-02-06,Customer_1406,Jeans,Clothing,2,3194.28,219.88,Nagpur
100551,2025-02-06,Customer_1842,Monitor,Electronics,4,56654.88,6008.86,Kolhapur
109525,2025-02-06,Customer_1567,Shoes,Clothing,6,12995.66,2453.22,Mumbai
101691,2025-02-06,Customer_1150,Lamp,Home,1,1170.58,174.99,Nagpur
109048,2025-02-06,Customer_0064,Desk,Furniture,5,61096.34,10191.48,Pune
107450,2025-02-06,Customer_1748,Cabinet,Furniture,8,63800.78,4739.49,Aurangabad
103257,2025-02-06,Customer_0645,Tablet,Electronics,5,85869.76,12547.33,Aurangabad
105347,2025-02-06,Customer_1722,Tablet,Electronics,6,107357.62,16730.04,Nagpur
101608,2025-02-06,Customer_0504,Jacket,Clothing,3,7242.03,901.36,Mumbai
103420,2025-02-06,Customer_1921,Headphones,Electronics,7,17584.27,2028.44,Pune
104493,2025-02-07,Customer_0459,Jacket,Clothing,6,14836.63,1937.42,Nagpur
102343,2025-02-07,Customer_2197,Smartphone,Electronics,7,174655.82,26467.96,Kolhapur
102568,2025-02-07,Customer_0317,Monitor,Electronics,7,84453.76,18417.44,Aurangabad
107854,2025-02-07,Customer_0273,Table,Furniture,4,35712.25,4538.36,Nashik
101603,2025-02-07,Customer_0207,Cabinet,Furniture,2,15882.53,1761.5,Nagpur
103102,2025-02-07,Customer_2074,Cabinet,Furniture,1,7363.83,560.04,Nagpur
108923,2025-02-07,Customer_1613,Office Chair,Furniture,2,13333.13,1518.95,Aurangabad
100310,2025-02-07,Customer_1507,Shoes,Clothing,4,10648.98,1779.46,Aurangabad
101017,2025-02-07,Customer_0770,Lamp,Home,8,10713.38,1931.29,Nashik
108495,2025-02-07,Customer_1705,Jeans,Clothing,7,12725.32,994.03,Kolhapur
104429,2025-02-07,Customer_1372,Lamp,Home,4,4478.69,553.7,Kolhapur
104136,2025-02-07,Customer_1265,Tablet,Electronics,6,119351.75,8453.42,Mumbai
103197,2025-02-07,Customer_2351,Cabinet,Furniture,6,42353.84,8877.88,Nashik
100995,2025-02-07,Customer_0684,T-Shirt,Clothing,4,2854.01,223.54,Nagpur
101126,2025-02-07,Customer_1331,Vacuum Cleaner,Home,8,9627.65,4820.12,Nagpur
105235,2025-02-07,Customer_1937,T-Shirt,Clothing,5,3505.82,599.77,Nashik
109976,2025-02-07,Customer_1720,Office Chair,Furniture,3,23949.75,4740.27,Pune
109769,2025-02-07,Customer_2375,Lamp,Home,1,1373.22,121.81,Kolhapur
107629,2025-02-07,Customer_2035,Lamp,Home,4,4246.05,362.95,Pune
101083,2025-02-07,Customer_1076,Monitor,Electronics,7,100919.23,13746.62,Pune
106054,2025-02-08,Customer_0592,Table,Furniture,7,55930.31,5049.26,Aurangabad
107570,2025-02-08,Customer_1477,Office Chair,Furniture,1,7141.66,482.77,Mumbai
103088,2025-02-08,Customer_0783,Cabinet,Furniture,2,14510.87,3021.74,Pune
105935,2025-02-08,Customer_0632,Monitor,Electronics,4,61386.89,11344.9,Mumbai
109836,2025-02-08,Customer_0315,T-Shirt,Clothing,8,5508.05,919.99,Nashik
100765,2025-02-08,Customer_1693,Vacuum Cleaner,Home,5,36585.62,7462.94,Pune
103984,2025-02-08,Customer_0478,Office Chair,Furniture,3,20377.67,1937.76,Pune
100908,2025-02-08,Customer_0867,Office Chair,Furniture,5,32201.21,5486.16,Mumbai
105774,2025-02-08,Customer_0420,Table,Furniture,6,58228.32,5229.43,Aurangabad
102183,2025-02-08,Customer_1306,Bedsheet,Home,5,10029.23,1277.63,Kolhapur
102620,2025-02-08,Customer_2027,Cookware,Home,7,16512.54,2579.84,Nagpur
106381,2025-02-08,Customer_2168,Headphones,Electronics,5,13858.6,1591.06,Pune
100249,2025-02-08,Customer_1704,Shoes,Clothing,7,19287.32,3321.41,Aurangabad
104406,2025-02-08,Customer_0500,Mixer,Home,2,6264.61,821.07,Kolhapur
107753,2025-02-08,Customer_0539,Bookshelf,Furniture,4,23682.65,4650.7,Nagpur
106056,2025-02-08,Customer_0760,Mixer,Home,7,22096.33,4588.52,Pune
109393,2025-02-08,Customer_1896,Cookware,Home,2,4659.97,288.46,Nashik
101725,2025-02-08,Customer_0801,Tablet,Electronics,6,92122.7,19340.05,Mumbai
105004,2025-02-08,Customer_0917,Cabinet,Furniture,3,21010.42,3187.95,Aurangabad
103324,2025-02-08,Customer_0949,Cabinet,Furniture,2,17389.3,1542.37,Pune
108336,2025-02-08,Customer_2267,Cabinet,Furniture,2,14011.47,1330.68,Mumbai
102032,2025-02-08,Customer_1329,Table,Furniture,4,33543.51,6708.65,Nashik
103267,2025-02-08,Customer_0860,Mixer,Home,5,15637.47,1012.76,Nagpur
108118,2025-02-08,Customer_1836,Jacket,Clothing,3,8559.74,1605.84,Aurangabad
100637,2025-02-08,Customer_0617,Cookware,Home,4,8738.63,902.77,Pune
101661,2025-02-08,Customer_0749,Bookshelf,Furniture,3,15841.98,2556.97,Nashik
107877,2025-02-08,Customer_2024,Desk,Furniture,7,91160.13,16086.16,Aurangabad
107790,2025-02-08,Customer_1308,Vacuum Cleaner,Home,4,28924.31,2443.09,Mumbai
109122,2025-02-08,Customer_1290,Shoes,Clothing,1,2539.43,286.09,Aurangabad
108530,2025-02-08,Customer_1611,T-Shirt,Clothing,6,4219.87,880.01,Nagpur
108064,2025-02-08,Customer_0315,Laptop,Electronics,5,299000.7,62755.13,Nagpur
108840,2025-02-08,Customer_1469,Lamp,Home,1,1157.8,219.3,Mumbai
101071,2025-02-08,Customer_0567,Lamp,Home,3,3668.18,223.48,Nashik
101415,2025-02-08,Customer_1922,Monitor,Electronics,1,13696.86,1254.6,Pune
107179,2025-02-08,Customer_1197,T-Shirt,Clothing,1,769.9,64.99,Mumbai
104151,2025-02-08,Customer_2317,Mixer,Home,2,6936.26,501.19,Aurangabad
101503,2025-02-08,Customer_1731,Bedsheet,Home,6,9908.67,1479.38,Pune
108966,2025-02-08,Customer_1037,Jeans,Clothing,7,10783.77,1171.66,Mumbai
104540,2025-02-08,Customer_1715,T-Shirt,Clothing,2,1583.56,181.4,Pune
105086,2025-02-08,Customer_0932,Jeans,Clothing,1,1715.45,331.43,Pune
100372,2025-02-08,Customer_0117,Backpack,Clothing,1,1381.31,89.69,Pune
100476,2025-02-08,Customer_0481,Smartphone,Electronics,4,108765.7,21120.07,Aurangabad
101623,2025-02-09,Customer_0656,Backpack,Clothing,6,9472.33,1824.64,Pune
107534,2025-02-09,Customer_1379,Jacket,Clothing,6,14694.87,1764.11,Mumbai
107763,2025-02-09,Customer_0395,Tablet,Electronics,8,160658.86,27962.5,Aurangabad
105054,2025-02-09,Customer_2351,Monitor,Electronics,1,15466.93,2585.8,Mumbai
101320,2025-02-09,Customer_0820,Smartphone,Electronics,7,198522.8,14095.15,Nagpur
107292,2025-02-09,Customer_0980,Headphones,Electronics,8,17573.24,1599.87,Mumbai
105334,2025-02-09,Customer_1924,Headphones,Electronics,5,12190.03,2627.91,Kolhapur
104079,2025-02-09,Customer_0623,Laptop,Electronics,1,50851.06,6132.28,Nagpur
104747,2025-02-09,Customer_0773,Cabinet,Furniture,7,60202.6,9691.89,Kolhapur
108893,2025-02-09,Customer_0238,Cabinet,Furniture,6,48620.84,5265.3,Mumbai
104099,2025-02-09,Customer_2287,Headphones,Electronics,4,8810.63,1174.02,Aurangabad
102986,2025-02-09,Customer_0619,Tablet,Electronics,3,48507.18,4317.12,Kolhapur
101614,2025-02-09,Customer_0348,Office Chair,Furniture,2,16453.89,1097.73,Nashik
100960,2025-02-09,Customer_1401,T-Shirt,Clothing,7,5113.01,1003.36,Pune
101625,2025-02-09,Customer_0246,Vacuum Cleaner,Home,2,12718.69,963.89,Nashik
108297,2025-02-09,Customer_2171,Vacuum Cleaner,Home,5,32882.11,2765.35,Nagpur
104691,2025-02-09,Customer_0096,Backpack,Clothing,6,8975.98,1034.01,Nagpur
101598,2025-02-09,Customer_0075,Cabinet,Furniture,1,8865.23,1203.91,Nashik
109174,2025-02-09,Customer_1736,Cabinet,Furniture,2,16296.03,2075.2,Kolhapur
105379,2025-02-09,Customer_0998,Laptop,Electronics,4,247034.51,15811.64,Mumbai
102452,2025-02-09,Unknown Customer,Bookshelf,Furniture,4,21054.03,1697.59,Kolhapur
108832,2025-02-10,Customer_2001,Jacket,Clothing,5,15190.62,3340.18,Nashik
100108,2025-02-10,Customer_2223,Bedsheet,Home,6,10039.52,2054.41,Nagpur
101951,2025-02-10,Customer_2344,Monitor,Electronics,6,72050.34,4556.81,Nashik
106876,2025-02-10,Customer_1506,Jeans,Clothing,2,2930.03,584.27,Nagpur
104057,2025-02-10,Customer_1324,Vacuum Cleaner,Home,3,20697.99,4059.47,Nashik
101342,2025-02-10,Customer_1106,Headphones,Electronics,7,18917.97,2534.49,Aurangabad
109568,2025-02-10,Customer_2097,Laptop,Electronics,7,349137.48,59696.9,Kolhapur
103046,2025-02-10,Customer_1479,Jeans,Clothing,5,8488.02,784.26,Nagpur
104089,2025-02-10,Customer_0874,Backpack,Clothing,6,8466.82,1238.77,Mumbai
106902,2025-02-10,Customer_1558,Table,Furniture,4,31011.4,6214.43,Aurangabad
100090,2025-02-10,Customer_1664,Cookware,Home,5,11216.97,1955.7,Kolhapur
103312,2025-02-10,Customer_0350,Headphones,Electronics,8,21636.83,2162.58,Mumbai
101848,2025-02-10,Customer_0777,Cookware,Home,3,7107.97,1120.8,Pune
104335,2025-02-10,Customer_0946,T-Shirt,Clothing,1,682.91,45.81,Nashik
100699,2025-02-10,Customer_1385,Monitor,Electronics,2,31876.6,3171.07,Kolhapur
104402,2025-02-10,Customer_0606,Headphones,Electronics,6,15344.07,3213.4,Kolhapur
105758,2025-02-10,Customer_2028,T-Shirt,Clothing,5,3506.68,485.44,Nashik
103366,2025-02-10,Customer_0768,Tablet,Electronics,4,77589.3,7022.98,Pune
109964,2025-02-10,Unknown Customer,Laptop,Electronics,1,52184.07,4918.56,Unknown
103740,2025-02-10,Customer_1765,Headphones,Electronics,3,7488.55,1014.09,Aurangabad
103148,2025-02-10,Customer_1536,Jeans,Clothing,8,12837.99,2543.0,Mumbai
101810,2025-02-10,Customer_2451,Shoes,Clothing,1,2449.09,358.08,Pune
106557,2025-02-10,Customer_2243,Shoes,Clothing,8,17467.36,1204.24,Kolhapur
103266,2025-02-10,Customer_1973,Backpack,Clothing,4,6361.47,1247.31,Nagpur
103259,2025-02-10,Customer_1937,Lamp,Home,3,3927.16,486.74,Nagpur
100932,2025-02-11,Customer_2398,Smartphone,Electronics,7,167916.89,34593.14,Nashik
101340,2025-02-11,Customer_1902,Cookware,Home,6,12071.74,1249.4,Aurangabad
102263,2025-02-11,Customer_0218,Backpack,Clothing,2,3110.61,401.65,Nagpur
109485,2025-02-11,Customer_1592,Jacket,Clothing,5,11961.65,1981.79,Aurangabad
109560,2025-02-11,Customer_0790,Monitor,Electronics,5,75507.61,5267.75,Nashik
107235,2025-02-11,Customer_0996,Cabinet,Furniture,7,62463.32,10658.53,Nagpur
106744,2025-02-11,Customer_1739,Cookware,Home,1,2410.51,192.8,Nagpur
105748,2025-02-11,Customer_0704,Bookshelf,Furniture,3,17760.69,2006.26,Aurangabad
102512,2025-02-11,Customer_0044,Lamp,Home,3,4088.49,764.05,Mumbai
107344,2025-02-11,Customer_0201,Tablet,Electronics,1,17459.87,2460.7,Mumbai
107554,2025-02-11,Customer_2437,Tablet,Electronics,8,164368.46,19044.53,Aurangabad
107553,2025-02-11,Customer_1069,Smartphone,Electronics,1,22443.7,4327.66,Mumbai
100588,2025-02-11,Customer_1408,Cabinet,Furniture,8,54704.09,8164.56,Aurangabad
106367,2025-02-11,Customer_0064,Cookware,Home,8,19605.45,4084.02,Pune
108778,2025-02-11,Customer_0496,Mixer,Home,8,31360.2,5844.01,Kolhapur
107469,2025-02-11,Customer_0029,Mixer,Home,6,21896.87,4421.37,Nagpur
103446,2025-02-11,Customer_0926,Jacket,Clothing,1,3078.52,476.04,Aurangabad
109480,2025-02-11,Customer_2264,Laptop,Electronics,5,62458.4,10733.51,Nashik
102371,2025-02-11,Customer_1911,Tablet,Electronics,1,19932.97,3358.5,Pune
102252,2025-02-11,Customer_0903,Smartphone,Electronics,7,192469.83,15290.15,Aurangabad
106499,2025-02-11,Customer_0401,Office Chair,Furniture,8,52320.81,9942.88,Aurangabad
109711,2025-02-11,Customer_2176,Laptop,Electronics,3,147671.57,23143.06,Kolhapur
105940,2025-02-11,Customer_2355,Backpack,Clothing,6,8033.31,1526.91,Nagpur
108416,2025-02-11,Customer_2239,Headphones,Electronics,1,2193.23,223.97,Pune
101413,2025-02-11,Customer_0319,Tablet,Electronics,2,40679.39,7686.88,Pune
106141,2025-02-11,Customer_1269,Vacuum Cleaner,Home,7,52058.3,11420.76,Nashik
102510,2025-02-11,Customer_1498,Jeans,Clothing,1,1749.19,227.28,Nagpur
101051,2025-02-11,Customer_0439,Office Chair,Furniture,4,29831.47,4736.54,Nagpur
106929,2025-02-11,Customer_0419,Office Chair,Furniture,3,20782.24,2058.74,Aurangabad
105848,2025-02-12,Customer_2391,Headphones,Electronics,8,20697.21,4315.54,Nagpur
105601,2025-02-12,Customer_1407,Office Chair,Furniture,5,33536.89,3701.99,Pune
102547,2025-02-12,Customer_1380,Bedsheet,Home,6,11167.38,1157.0,Aurangabad
103243,2025-02-12,Customer_1368,Bedsheet,Home,1,1599.76,315.45,Nashik
102898,2025-02-12,Customer_0626,T-Shirt,Clothing,1,673.39,85.39,Nashik
102140,2025-02-12,Customer_1441,Bedsheet,Home,7,12985.94,1724.45,Nashik
109435,2025-02-12,Customer_1886,Laptop,Electronics,1,60333.06,11135.78,Pune
104401,2025-02-12,Customer_1917,Office Chair,Furniture,8,67945.66,13772.51,Kolhapur
109865,2025-02-12,Customer_1522,Mixer,Home,4,12603.85,1496.33,Aurangabad
100820,2025-02-12,Customer_0468,Lamp,Home,8,8573.82,1488.32,Pune
102425,2025-02-12,Customer_0478,Smartphone,Electronics,5,115393.97,12423.34,Nashik
106201,2025-02-12,Customer_1650,Shoes,Clothing,4,10630.31,2142.78,Nashik
109672,2025-02-12,Customer_2484,Bedsheet,Home,8,13176.07,2385.67,Nashik
104910,2025-02-12,Customer_1110,Lamp,Home,1,1267.52,83.02,Nagpur
103843,2025-02-12,Customer_1093,Bookshelf,Furniture,3,17214.67,1724.53,Kolhapur
105921,2025-02-12,Customer_1975,Mixer,Home,5,16437.03,1207.4,Kolhapur
104222,2025-02-12,Customer_0347,Office Chair,Furniture,3,23215.73,2178.87,Pune
107502,2025-02-12,Customer_0785,Vacuum Cleaner,Home,8,55513.13,8974.47,Mumbai
109361,2025-02-12,Customer_2377,Smartphone,Electronics,7,168188.38,15216.79,Pune
108767,2025-02-13,Customer_1486,Laptop,Electronics,4,191385.43,19779.2,Kolhapur
107019,2025-02-13,Customer_0617,Laptop,Electronics,7,355360.77,22432.04,Nashik
101426,2025-02-13,Customer_0452,T-Shirt,Clothing,8,5069.19,544.17,Kolhapur
105185,2025-02-13,Customer_1407,Smartphone,Electronics,6,140635.93,19457.04,Pune
107051,2025-02-13,Customer_0891,Table,Furniture,5,40468.6,2561.0,Nagpur
107439,2025-02-13,Customer_1284,Backpack,Clothing,2,2967.31,386.51,Mumbai
102952,2025-02-13,Customer_1240,Monitor,Electronics,1,13087.03,2195.31,Nagpur
105293,2025-02-13,Customer_0154,Cabinet,Furniture,2,18155.67,3964.39,Aurangabad
108449,2025-02-13,Customer_0984,Cookware,Home,3,5687.78,621.83,Nagpur
104723,2025-02-13,Customer_0681,T-Shirt,Clothing,4,2413.03,311.48,Aurangabad
103788,2025-02-13,Customer_0928,Shoes,Clothing,2,5265.79,903.87,Nashik
108276,2025-02-13,Customer_0681,Vacuum Cleaner,Home,7,50913.6,5803.18,Nashik
107681,2025-02-13,Customer_2203,Headphones,Electronics,8,22857.62,3655.0,Mumbai
101998,2025-02-13,Customer_0948,Bedsheet,Home,5,8772.42,1548.6,Mumbai
100516,2025-02-13,Customer_0424,Bedsheet,Home,7,12407.69,1877.36,Pune
100656,2025-02-13,Customer_0049,Smartphone,Electronics,2,49517.89,8094.16,Pune
105433,2025-02-13,Customer_0477,Cookware,Home,6,14796.7,937.48,Kolhapur
109145,2025-02-13,Customer_0835,Bookshelf,Furniture,3,15555.03,1133.95,Kolhapur
106813,2025-02-13,Customer_0693,Desk,Furniture,8,87826.14,9625.74,Aurangabad
107163,2025-02-13,Customer_1963,Backpack,Clothing,3,4003.42,426.12,Mumbai
107165,2025-02-13,Customer_1598,Vacuum Cleaner,Home,4,26373.98,4846.56,Nashik
105835,2025-02-13,Customer_0138,Monitor,Electronics,5,66707.83,12719.09,Nagpur
105441,2025-02-13,Customer_0276,Office Chair,Furniture,2,13961.67,2808.09,Mumbai
106078,2025-02-13,Customer_2351,Jacket,Clothing,7,19842.85,2052.13,Mumbai
102849,2025-02-13,Customer_1068,Mixer,Home,3,9739.72,1313.79,Nagpur
104946,2025-02-14,Customer_0806,Monitor,Electronics,3,36496.63,6834.8,Pune
109153,2025-02-14,Customer_1291,Office Chair,Furniture,5,36151.05,7018.19,Aurangabad
106166,2025-02-14,Customer_0016,Cabinet,Furniture,8,69255.65,7586.36,Nashik
101642,2025-02-14,Customer_1205,Jacket,Clothing,5,14221.94,1429.58,Nagpur
106373,2025-02-14,Customer_0030,Table,Furniture,1,8393.43,527.29,Pune
101653,2025-02-14,Customer_2292,Backpack,Clothing,2,2499.33,431.8,Pune
109509,2025-02-14,Customer_1218,Headphones,Electronics,7,16221.93,1543.11,Nagpur
106245,2025-02-14,Customer_1989,Cabinet,Furniture,3,24770.82,2641.43,Kolhapur
106932,2025-02-14,Customer_1272,Smartphone,Electronics,6,164871.47,13782.83,Nagpur
104556,2025-02-14,Unknown Customer,Jeans,Clothing,6,9181.45,1854.52,Nagpur
108206,2025-02-14,Customer_0152,Shoes,Clothing,8,21908.57,1952.73,Aurangabad
103274,2025-02-14,Customer_0984,Office Chair,Furniture,3,21118.79,1339.4,Kolhapur
107792,2025-02-14,Customer_0231,Shoes,Clothing,2,4784.81,1007.15,Kolhapur
106808,2025-02-14,Customer_0514,Vacuum Cleaner,Home,2,12510.09,1167.48,Aurangabad
109770,2025-02-14,Customer_1990,Smartphone,Electronics,1,28105.65,3145.46,Nashik
105644,2025-02-14,Customer_0937,Monitor,Electronics,8,103834.15,11332.39,Kolhapur
103405,2025-02-14,Customer_1390,Smartphone,Electronics,2,52984.78,7046.89,Kolhapur
105131,2025-02-14,Customer_0384,Headphones,Electronics,3,7728.51,1395.07,Kolhapur
103607,2025-02-14,Unknown Customer,Bookshelf,Furniture,7,36925.4,7270.63,Pune
105476,2025-02-14,Customer_0273,Lamp,Home,1,1275.1,83.22,Aurangabad
104678,2025-02-14,Customer_1880,Desk,Furniture,7,86944.33,7617.52,Mumbai
107678,2025-02-14,Customer_1505,Backpack,Clothing,2,2789.97,240.32,Mumbai
107452,2025-02-14,Customer_0308,Bedsheet,Home,3,4765.26,908.42,Pune
101812,2025-02-15,Customer_0066,Desk,Furniture,2,23787.64,1609.82,Nagpur
106979,2025-02-15,Customer_1119,Monitor,Electronics,4,55249.04,4649.45,Nagpur
109692,2025-02-15,Customer_1839,Mixer,Home,4,13045.7,1318.06,Kolhapur
105884,2025-02-15,Customer_0222,Jacket,Clothing,4,10371.25,1980.06,Pune
101365,2025-02-15,Customer_0629,Jeans,Clothing,3,4993.04,907.45,Mumbai
101774,2025-02-15,Customer_0570,Monitor,Electronics,1,14125.05,1574.63,Mumbai
105962,2025-02-15,Customer_1337,Mixer,Home,6,21860.76,1804.99,Nashik
107041,2025-02-15,Customer_1253,Cabinet,Furniture,7,52334.0,8379.08,Nashik
108034,2025-02-15,Customer_1468,Jacket,Clothing,4,10849.72,1789.78,Aurangabad
103792,2025-02-15,Customer_2410,Headphones,Electronics,6,16751.46,1933.52,Nashik
103920,2025-02-15,Customer_0135,Desk,Furniture,1,10281.67,2148.49,Nagpur
109310,2025-02-15,Customer_0830,Cookware,Home,5,12631.78,1804.84,Kolhapur
105832,2025-02-15,Customer_1221,Lamp,Home,4,4598.06,899.01,Pune
109896,2025-02-15,Customer_0029,Laptop,Electronics,1,63152.69,5609.84,Aurangabad
107880,2025-02-15,Customer_0736,Cookware,Home,1,2168.24,133.24,Nashik
108275,2025-02-15,Customer_0493,Bedsheet,Home,1,1797.46,375.55,Mumbai
100333,2025-02-15,Customer_1444,Jeans,Clothing,1,1669.47,195.07,Kolhapur
103497,2025-02-15,Customer_0444,Desk,Furniture,4,46833.51,8915.57,Mumbai
104554,2025-02-15,Customer_0029,Headphones,Electronics,4,9936.11,761.52,Nashik
101671,2025-02-15,Customer_1248,Smartphone,Electronics,3,82065.38,15124.46,Kolhapur
108341,2025-02-15,Customer_0930,Jeans,Clothing,8,12043.49,910.73,Pune
109915,2025-02-15,Customer_0265,Monitor,Electronics,5,74149.69,5357.53,Nagpur
106279,2025-02-15,Customer_1547,Cookware,Home,5,10405.71,1412.69,Pune
103101,2025-02-15,Customer_0389,Cookware,Home,7,17594.97,3764.7,Pune
107613,2025-02-16,Customer_1949,Table,Furniture,3,24256.02,1514.44,Nagpur
104149,2025-02-16,Customer_0155,Table,Furniture,4,36271.9,7020.72,Kolhapur
100861,2025-02-16,Customer_1994,Backpack,Clothing,8,10225.24,1418.24,Pune
100421,2025-02-16,Customer_1956,Table,Furniture,8,75180.0,5049.31,Aurangabad
109042,2025-02-16,Customer_1473,Office Chair,Furniture,8,56534.57,10907.42,Nagpur
103901,2025-02-16,Customer_1370,Desk,Furniture,8,86635.3,9891.48,Kolhapur
101564,2025-02-16,Customer_1211,Jeans,Clothing,7,12596.0,1008.92,Kolhapur
108237,2025-02-16,Customer_1581,Vacuum Cleaner,Home,6,33669.35,4008.73,Nashik
104410,2025-02-16,Customer_2176,Mixer,Home,1,3868.45,515.88,Nashik
101451,2025-02-16,Customer_1950,Vacuum Cleaner,Home,8,57842.28,10404.37,Kolhapur
105714,2025-02-16,Customer_0039,Monitor,Electronics,2,26941.59,5109.89,Nagpur
101108,2025-02-16,Customer_1586,T-Shirt,Clothing,5,3235.96,351.64,Pune
102778,2025-02-16,Customer_1952,Shoes,Clothing,7,16910.21,2166.57,Nagpur
104282,2025-02-16,Customer_0672,Vacuum Cleaner,Home,7,43333.87,9301.98,Nagpur
109741,2025-02-16,Customer_2195,T-Shirt,Clothing,6,4718.16,496.96,Mumbai
106595,2025-02-16,Customer_1544,Bedsheet,Home,2,3306.32,235.43,Pune
103384,2025-02-16,Customer_2279,Jacket,Clothing,8,24403.79,1960.91,Aurangabad
106048,2025-02-16,Customer_1326,Desk,Furniture,4,46245.42,7409.37,Nashik
108760,2025-02-16,Customer_0236,Shoes,Clothing,1,2269.33,290.29,Nagpur
103489,2025-02-16,Customer_2481,Shoes,Clothing,1,2324.1,217.07,Pune
107929,2025-02-16,Customer_1421,Bookshelf,Furniture,7,45279.42,4458.2,Mumbai
100990,2025-02-16,Customer_0293,Shoes,Clothing,7,15419.82,2930.82,Pune
109816,2025-02-16,Customer_2229,Desk,Furniture,1,11989.2,965.56,Pune
102196,2025-02-16,Customer_0204,Jeans,Clothing,4,5454.9,742.12,Nagpur
102972,2025-02-16,Customer_2076,Backpack,Clothing,7,8870.19,1258.13,Aurangabad
103067,2025-02-16,Customer_2290,Monitor,Electronics,7,98944.32,12811.1,Aurangabad
106004,2025-02-16,Customer_1682,T-Shirt,Clothing,4,2804.25,229.73,Mumbai
105541,2025-02-16,Customer_1730,Headphones,Electronics,3,8004.43,1524.83,Kolhapur
102780,2025-02-16,Customer_0856,Backpack,Clothing,5,7410.5,964.47,Aurangabad
106941,2025-02-16,Customer_1643,Jeans,Clothing,7,11395.24,1090.95,Pune
100672,2025-02-16,Customer_0988,Office Chair,Furniture,4,30134.35,2630.98,Nashik
108117,2025-02-16,Customer_0637,Office Chair,Furniture,4,30099.81,2086.49,Aurangabad
104862,2025-02-17,Customer_1454,T-Shirt,Clothing,6,3648.44,757.19,Mumbai
107418,2025-02-17,Customer_1787,Monitor,Electronics,6,83204.57,6292.97,Nashik
105068,2025-02-17,Customer_1304,Mixer,Home,4,11917.63,1073.63,Nagpur
108712,2025-02-17,Customer_1832,Cookware,Home,8,18721.41,3006.93,Aurangabad
100115,2025-02-17,Customer_0344,Tablet,Electronics,1,16334.04,1989.45,Aurangabad
105558,2025-02-17,Customer_1806,Headphones,Electronics,2,4898.85,424.38,Pune
104658,2025-02-17,Customer_0237,Shoes,Clothing,8,17057.04,3640.68,Aurangabad
109520,2025-02-17,Customer_0866,Cookware,Home,4,9432.43,611.83,Kolhapur
104172,2025-02-17,Customer_0515,Shoes,Clothing,3,8375.0,934.24,Pune
109341,2025-02-17,Customer_0133,Shoes,Clothing,8,18869.66,3509.4,Kolhapur
106567,2025-02-17,Customer_1934,Bedsheet,Home,5,10319.68,738.11,Kolhapur
103528,2025-02-17,Customer_1080,Cabinet,Furniture,2,15616.65,3357.96,Pune
107065,2025-02-17,Customer_2453,Lamp,Home,4,4738.54,447.82,Mumbai
104363,2025-02-17,Customer_0488,T-Shirt,Clothing,8,5687.01,399.46,Nashik
104710,2025-02-17,Customer_0232,Backpack,Clothing,3,4420.24,798.08,Pune
107859,2025-02-17,Customer_1991,Office Chair,Furniture,8,68762.22,11795.69,Aurangabad
109818,2025-02-17,Customer_0682,Mixer,Home,2,7957.99,1450.37,Nashik
109596,2025-02-17,Customer_0016,Backpack,Clothing,2,2924.41,203.03,Nashik
103371,2025-02-17,Customer_1765,Shoes,Clothing,4,10871.98,1865.0,Kolhapur
102521,2025-02-17,Customer_0230,Tablet,Electronics,2,30858.78,5624.79,Nagpur
104602,2025-02-17,Customer_1718,Office Chair,Furniture,8,60018.37,9404.75,Kolhapur
109662,2025-02-17,Customer_0675,Table,Furniture,1,8813.21,1238.52,Mumbai
100452,2025-02-17,Customer_1838,Lamp,Home,7,8056.06,1309.6,Nagpur
100869,2025-02-17,Customer_0070,Bedsheet,Home,6,12250.65,982.74,Nagpur
108507,2025-02-17,Customer_0951,Desk,Furniture,6,64667.67,7100.39,Nagpur
108129,2025-02-18,Customer_1419,Shoes,Clothing,7,19708.61,2714.5,Mumbai
103239,2025-02-18,Customer_1691,Monitor,Electronics,6,72568.1,10736.24,Aurangabad
101201,2025-02-18,Customer_1857,Bookshelf,Furniture,6,30609.78,5339.51,Nagpur
101212,2025-02-18,Customer_1262,Tablet,Electronics,3,56975.93,3597.99,Nagpur
107910,2025-02-18,Customer_0510,Monitor,Electronics,1,14636.94,1427.16,Pune
102577,2025-02-18,Customer_0224,Bedsheet,Home,7,12952.56,1260.85,Nashik
107807,2025-02-18,Customer_0897,Laptop,Electronics,4,190938.47,25881.59,Nagpur
102278,2025-02-18,Customer_0576,Tablet,Electronics,2,34230.52,3665.8,Kolhapur
107405,2025-02-18,Customer_1325,Bookshelf,Furniture,6,35140.63,5863.19,Nashik
102230,2025-02-18,Customer_1515,Tablet,Electronics,5,77940.18,9647.12,Pune
104704,2025-02-18,Customer_1006,Jeans,Clothing,4,5618.92,1180.24,Mumbai
103677,2025-02-18,Customer_0733,Jeans,Clothing,1,1364.11,263.79,Nagpur
109502,2025-02-18,Customer_1455,Jacket,Clothing,6,15823.54,1291.81,Pune
107483,2025-02-18,Customer_1032,Headphones,Electronics,1,2482.79,464.34,Pune
109195,2025-02-18,Customer_0821,Smartphone,Electronics,8,172395.58,11871.53,Aurangabad
107413,2025-02-18,Customer_2368,Laptop,Electronics,8,442064.73,92053.52,Nashik
103345,2025-02-18,Customer_1694,Office Chair,Furniture,1,8603.55,1628.01,Pune
102930,2025-02-18,Customer_0398,Backpack,Clothing,1,1397.4,279.26,Pune
103783,2025-02-18,Customer_1121,Smartphone,Electronics,5,109588.1,11339.98,Pune
106986,2025-02-18,Customer_0587,T-Shirt,Clothing,5,3020.24,256.87,Aurangabad
104208,2025-02-18,Customer_1110,Office Chair,Furniture,4,34397.91,4820.5,Aurangabad
106970,2025-02-18,Customer_1166,Desk,Furniture,2,21135.29,4311.49,Aurangabad
104673,2025-02-18,Customer_2030,Table,Furniture,5,45357.73,6467.89,Pune
102807,2025-02-18,Customer_1078,Headphones,Electronics,8,19367.63,1719.36,Mumbai
109877,2025-02-18,Customer_1276,Bedsheet,Home,6,11457.74,1880.55,Nagpur
109943,2025-02-18,Customer_2309,Office Chair,Furniture,6,41916.83,4498.53,Nagpur
105006,2025-02-18,Customer_1030,Office Chair,Furniture,2,15117.82,1238.6,Aurangabad
108921,2025-02-18,Customer_1516,Headphones,Electronics,2,5093.56,310.56,Aurangabad
100328,2025-02-18,Customer_0768,Jeans,Clothing,7,10382.38,1608.0,Aurangabad
103894,2025-02-18,Customer_0571,Monitor,Electronics,6,81314.89,6594.34,Pune
108697,2025-02-19,Customer_1072,Headphones,Electronics,7,18104.24,2382.65,Nashik
104875,2025-02-19,Customer_1413,Cookware,Home,4,8437.84,1334.0,Nagpur
106582,2025-02-19,Customer_0116,Vacuum Cleaner,Home,6,33852.42,4150.86,Aurangabad
103941,2025-02-19,Customer_1444,Vacuum Cleaner,Home,6,41761.83,5933.38,Pune
109427,2025-02-19,Customer_0061,Cabinet,Furniture,7,64178.75,6780.56,Nashik
104278,2025-02-19,Customer_1338,Headphones,Electronics,1,2656.27,440.04,Mumbai
101768,2025-02-19,Customer_0352,Bedsheet,Home,6,10141.63,1183.35,Nashik
101916,2025-02-19,Customer_1457,Office Chair,Furniture,5,15112.96,1798.13,Nagpur
102217,2025-02-19,Customer_0308,Desk,Furniture,2,20821.85,1967.19,Nagpur
105447,2025-02-19,Customer_2485,Headphones,Electronics,5,13455.98,1920.77,Nashik
106309,2025-02-19,Customer_1292,Laptop,Electronics,3,166726.5,28268.05,Nagpur
105663,2025-02-19,Customer_1002,T-Shirt,Clothing,4,2681.58,206.03,Nashik
106589,2025-02-19,Customer_0685,Lamp,Home,5,6599.66,782.87,Nashik
100061,2025-02-19,Customer_1001,Bookshelf,Furniture,2,11331.96,1733.28,Nashik
103449,2025-02-20,Customer_1187,Headphones,Electronics,1,2587.22,231.18,Aurangabad
106249,2025-02-20,Customer_1723,T-Shirt,Clothing,6,3633.13,515.8,Kolhapur
104182,2025-02-20,Customer_0297,Cookware,Home,2,4562.13,385.33,Mumbai
109980,2025-02-20,Customer_0699,Jacket,Clothing,2,5566.1,1106.19,Nagpur
101151,2025-02-20,Customer_1357,Monitor,Electronics,5,66022.62,8830.86,Pune
100394,2025-02-20,Customer_2468,Jeans,Clothing,4,6307.15,1242.99,Kolhapur
107691,2025-02-20,Customer_0977,Mixer,Home,7,24996.08,3560.56,Kolhapur
109377,2025-02-20,Customer_0379,T-Shirt,Clothing,7,5437.59,759.31,Nagpur
100036,2025-02-20,Customer_0030,Cabinet,Furniture,4,35662.26,4512.92,Pune
101262,2025-02-20,Customer_1161,Lamp,Home,4,5279.2,377.8,Nashik
103321,2025-02-20,Customer_0563,Jeans,Clothing,2,3155.01,348.43,Kolhapur
104872,2025-02-20,Customer_0756,Cabinet,Furniture,7,54125.74,7018.14,Mumbai
107896,2025-02-20,Customer_0993,Table,Furniture,8,66526.71,11862.12,Aurangabad
108360,2025-02-20,Customer_0438,Table,Furniture,1,8484.24,568.18,Nagpur
102560,2025-02-20,Customer_1003,Table,Furniture,2,15373.76,1113.42,Mumbai
100804,2025-02-20,Customer_1469,Cookware,Home,7,15567.21,2052.75,Kolhapur
105960,2025-02-20,Customer_1797,Headphones,Electronics,5,9787.88,1862.4,Aurangabad
102154,2025-02-20,Customer_0790,Cookware,Home,7,14767.65,3134.53,Kolhapur
102800,2025-02-20,Customer_0482,Monitor,Electronics,2,29864.04,5665.4,Mumbai
107171,2025-02-20,Customer_0509,Vacuum Cleaner,Home,1,6785.21,1409.47,Aurangabad
100756,2025-02-20,Customer_1715,Lamp,Home,5,5798.62,436.7,Nagpur
103411,2025-02-20,Customer_0136,Jacket,Clothing,1,2820.4,353.46,Pune
107419,2025-02-20,Customer_1106,Monitor,Electronics,6,83209.76,6077.03,Pune
107168,2025-02-20,Customer_2407,Monitor,Electronics,6,73118.8,5303.13,Mumbai
100313,2025-02-20,Customer_1521,T-Shirt,Clothing,8,6066.83,849.7,Kolhapur
108374,2025-02-20,Customer_1977,Shoes,Clothing,5,11502.87,2484.57,Mumbai
107063,2025-02-20,Customer_2063,Monitor,Electronics,4,60082.05,4915.71,Nagpur
103653,2025-02-21,Customer_0116,Desk,Furniture,3,32146.18,6789.68,Aurangabad
105375,2025-02-21,Customer_0883,Bookshelf,Furniture,1,5301.35,853.76,Pune
107808,2025-02-21,Customer_2333,Jeans,Clothing,3,4824.14,949.15,Nagpur
109396,2025-02-21,Customer_1977,Cabinet,Furniture,6,45169.84,4711.11,Kolhapur
100197,2025-02-21,Customer_0281,Shoes,Clothing,1,2339.67,312.62,Mumbai
105917,2025-02-21,Customer_1561,Vacuum Cleaner,Home,8,44559.79,5146.17,Nashik
109284,2025-02-21,Customer_2318,Cookware,Home,7,16449.57,3023.14,Pune
107705,2025-02-21,Customer_1979,Shoes,Clothing,8,18052.34,3094.09,Pune
106716,2025-02-21,Customer_0034,Jacket,Clothing,7,19498.34,1593.05,Pune
102502,2025-02-21,Customer_1948,Desk,Furniture,5,37333.88,4376.83,Pune
108199,2025-02-21,Customer_1296,T-Shirt,Clothing,5,3412.67,572.91,Mumbai
100142,2025-02-21,Customer_1442,Shoes,Clothing,6,13857.0,2011.12,Aurangabad
100575,2025-02-21,Customer_2500,Cabinet,Furniture,6,44270.35,9287.04,Aurangabad
104517,2025-02-21,Customer_0184,Vacuum Cleaner,Home,8,48376.93,7329.29,Nagpur
102162,2025-02-21,Customer_1467,Smartphone,Electronics,8,216151.21,27800.65,Mumbai
105951,2025-02-21,Customer_1438,Laptop,Electronics,4,189232.23,24902.98,Aurangabad
101544,2025-02-21,Customer_2155,Cabinet,Furniture,1,6975.12,1334.9,Kolhapur
109051,2025-02-21,Customer_1110,Bookshelf,Furniture,2,11498.82,2304.34,Mumbai
109905,2025-02-21,Customer_0683,Table,Furniture,3,29736.99,6092.11,Aurangabad
108371,2025-02-21,Customer_0142,Desk,Furniture,8,94729.01,14137.28,Mumbai
105178,2025-02-22,Customer_1477,Lamp,Home,7,9354.13,1734.14,Nagpur
108014,2025-02-22,Customer_2492,T-Shirt,Clothing,4,2437.7,202.87,Nagpur
108665,2025-02-22,Customer_1667,Bookshelf,Furniture,5,26120.47,4549.25,Nagpur
107856,2025-02-22,Customer_1002,Mixer,Home,3,10179.68,1146.83,Pune
105095,2025-02-22,Customer_1199,Bedsheet,Home,8,14695.08,2758.27,Kolhapur
109689,2025-02-22,Customer_0669,Jacket,Clothing,8,6584.93,1666.61,Kolhapur
100581,2025-02-22,Customer_1609,Bookshelf,Furniture,4,24555.84,1732.24,Nagpur
100054,2025-02-22,Customer_0762,Office Chair,Furniture,2,16951.17,2969.74,Pune
108806,2025-02-22,Customer_0425,Office Chair,Furniture,2,15560.51,1215.0,Aurangabad
109807,2025-02-22,Customer_0877,Headphones,Electronics,6,15774.17,2141.56,Mumbai
104265,2025-02-22,Customer_0530,T-Shirt,Clothing,7,4922.02,548.77,Mumbai
109506,2025-02-22,Customer_0833,Cabinet,Furniture,5,36982.59,5305.04,Nagpur
103787,2025-02-22,Customer_0327,Office Chair,Furniture,5,36271.88,7058.85,Nagpur
102074,2025-02-22,Customer_1497,Office Chair,Furniture,3,23656.3,5167.26,Mumbai
103633,2025-02-22,Customer_1982,Backpack,Clothing,5,6126.63,545.34,Mumbai
106142,2025-02-22,Customer_0961,Tablet,Electronics,1,17873.58,3828.69,Mumbai
100412,2025-02-22,Customer_1299,Jeans,Clothing,8,11092.48,1017.19,Nagpur
103640,2025-02-22,Customer_2362,Desk,Furniture,3,31966.49,2167.8,Kolhapur
100085,2025-02-22,Customer_1044,Tablet,Electronics,4,66659.74,8336.59,Pune
100816,2025-02-22,Customer_1689,Laptop,Electronics,7,356381.77,67611.64,Pune
100748,2025-02-22,Customer_1543,Jacket,Clothing,7,19935.44,3707.51,Nashik
103658,2025-02-22,Customer_0757,Bookshelf,Furniture,6,33534.3,3900.2,Mumbai
108967,2025-02-22,Customer_0464,Backpack,Clothing,4,5186.52,352.41,Nagpur
100215,2025-02-22,Customer_0720,Jacket,Clothing,7,21579.33,3541.73,Mumbai
108260,2025-02-22,Customer_1593,Laptop,Electronics,7,386245.28,37458.49,Aurangabad
100277,2025-02-23,Customer_2349,Backpack,Clothing,7,8894.53,1729.09,Nagpur
106769,2025-02-23,Customer_0153,Bedsheet,Home,7,14272.2,2247.95,Pune
105572,2025-02-23,Customer_1575,Office Chair,Furniture,1,8348.61,644.62,Mumbai
105879,2025-02-23,Customer_2353,Monitor,Electronics,6,74295.05,11360.9,Nagpur
100773,2025-02-23,Customer_1320,Bookshelf,Furniture,1,6693.03,638.81,Kolhapur
103785,2025-02-23,Customer_1060,Mixer,Home,3,11378.51,1831.61,Kolhapur
105877,2025-02-23,Customer_0775,Headphones,Electronics,7,17997.83,3318.02,Nashik
102694,2025-02-23,Customer_1567,Headphones,Electronics,7,18439.95,3561.79,Nashik
100064,2025-02-23,Customer_0473,Smartphone,Electronics,5,132917.07,9080.17,Pune
105969,2025-02-23,Customer_0175,Cabinet,Furniture,6,45954.74,9236.31,Mumbai
101563,2025-02-23,Customer_0524,Lamp,Home,3,3572.27,438.2,Aurangabad
103652,2025-02-23,Customer_1339,Smartphone,Electronics,8,189474.72,16912.9,Mumbai
104741,2025-02-23,Customer_1630,Monitor,Electronics,5,74613.48,5808.51,Nagpur
101257,2025-02-23,Customer_1373,Shoes,Clothing,5,11058.78,2337.85,Nashik
100678,2025-02-23,Customer_0003,Office Chair,Furniture,8,68266.24,11912.87,Nashik
104121,2025-02-23,Customer_1113,Jacket,Clothing,5,18754.1,4017.18,Pune
109131,2025-02-23,Customer_1411,Tablet,Electronics,3,51313.36,8533.28,Nashik
100209,2025-02-23,Customer_2355,Vacuum Cleaner,Home,6,43344.6,9528.22,Nashik
103552,2025-02-23,Customer_0967,Tablet,Electronics,8,137495.16,23763.32,Nagpur
109667,2025-02-23,Customer_0538,Bedsheet,Home,8,12583.04,1411.01,Mumbai
100355,2025-02-23,Customer_1828,Headphones,Electronics,5,11267.28,2013.03,Mumbai
104885,2025-02-24,Customer_1250,Cabinet,Furniture,2,15707.54,3330.84,Aurangabad
101246,2025-02-24,Customer_0719,Table,Furniture,6,61919.79,13117.78,Nashik
107467,2025-02-24,Customer_0332,Vacuum Cleaner,Home,3,17994.99,2829.83,Aurangabad
101878,2025-02-24,Customer_1646,Laptop,Electronics,8,482152.06,39011.75,Aurangabad
108254,2025-02-24,Customer_2095,Laptop,Electronics,1,61493.09,7959.22,Nashik
108625,2025-02-24,Customer_1494,Jeans,Clothing,1,1520.23,226.88,Mumbai
103835,2025-02-24,Customer_0632,Smartphone,Electronics,4,101311.04,13724.04,Aurangabad
102971,2025-02-24,Customer_1617,Jeans,Clothing,3,4322.51,762.74,Aurangabad
109921,2025-02-24,Customer_1108,Backpack,Clothing,8,11704.11,1884.6,Kolhapur
103628,2025-02-24,Customer_1702,Laptop,Electronics,4,201338.27,14178.64,Nashik
108996,2025-02-24,Customer_0406,Bookshelf,Furniture,1,36333.11,553.77,Nagpur
102736,2025-02-24,Customer_1453,Bedsheet,Home,2,3277.56,649.72,Nashik
106971,2025-02-24,Customer_2274,Backpack,Clothing,7,9171.17,930.2,Aurangabad
104006,2025-02-24,Customer_2199,Cabinet,Furniture,5,38261.14,5330.0,Mumbai
101166,2025-02-24,Customer_2076,Headphones,Electronics,5,13592.57,2079.92,Kolhapur
100038,2025-02-24,Customer_1141,Monitor,Electronics,4,54455.08,4933.87,Unknown
106819,2025-02-24,Customer_1998,T-Shirt,Clothing,1,773.07,65.07,Aurangabad
106128,2025-02-24,Customer_1049,Laptop,Electronics,1,59991.69,11558.25,Mumbai
106826,2025-02-24,Customer_1878,Lamp,Home,8,10550.98,1554.19,Pune
104524,2025-02-24,Customer_2054,Jacket,Clothing,6,18094.17,3508.65,Mumbai
107539,2025-02-24,Customer_2026,Monitor,Electronics,5,78970.88,17049.44,Pune
100865,2025-02-25,Customer_0098,Mixer,Home,3,11419.68,917.56,Nagpur
103710,2025-02-25,Customer_0250,Laptop,Electronics,6,299807.99,23472.48,Nagpur
103381,2025-02-25,Customer_0887,Office Chair,Furniture,8,67355.8,12754.64,Nagpur
105001,2025-02-25,Customer_1320,Smartphone,Electronics,3,85739.71,13207.6,Mumbai
108084,2025-02-25,Customer_2375,Lamp,Home,7,8969.94,1587.12,Nagpur
106621,2025-02-25,Customer_2193,Table,Furniture,6,59560.8,3833.69,Pune
100883,2025-02-25,Customer_1168,Desk,Furniture,2,23861.66,5219.08,Kolhapur
106756,2025-02-25,Customer_2219,Desk,Furniture,6,80778.57,16717.31,Aurangabad
104804,2025-02-25,Customer_0866,Shoes,Clothing,4,9995.06,2161.47,Pune
105212,2025-02-25,Customer_0151,Bedsheet,Home,8,12869.6,1245.76,Pune
102438,2025-02-25,Unknown Customer,Backpack,Clothing,8,10202.6,2113.33,Pune
108972,2025-02-25,Customer_1956,Jacket,Clothing,8,22900.67,2425.85,Nagpur
101622,2025-02-25,Customer_0876,Cabinet,Furniture,5,38914.22,4668.03,Pune
106209,2025-02-25,Customer_1490,Tablet,Electronics,8,146796.28,14487.85,Nashik
105348,2025-02-25,Customer_1120,Desk,Furniture,8,86794.94,11868.18,Nashik
107723,2025-02-25,Customer_1007,Cabinet,Furniture,1,8709.38,573.89,Mumbai
109306,2025-02-25,Customer_0549,Jeans,Clothing,8,14155.19,1940.33,Aurangabad
106874,2025-02-25,Customer_2214,Vacuum Cleaner,Home,7,48078.39,3909.49,Pune
109571,2025-02-25,Customer_0186,Jeans,Clothing,4,6520.8,1166.35,Pune
107250,2025-02-26,Customer_1022,Cabinet,Furniture,6,48637.12,3222.16,Pune
107199,2025-02-26,Customer_1420,Bedsheet,Home,6,10234.68,1052.23,Nashik
103564,2025-02-26,Customer_0533,Backpack,Clothing,5,6992.37,948.4,Nashik
101430,2025-02-26,Customer_2269,Shoes,Clothing,4,10653.28,1797.96,Nagpur
109349,2025-02-26,Customer_0147,Desk,Furniture,1,11127.25,1216.05,Kolhapur
107584,2025-02-26,Customer_2400,Tablet,Electronics,2,37704.93,2651.55,Aurangabad
100584,2025-02-26,Customer_2000,Jacket,Clothing,8,23502.58,2369.39,Nashik
107178,2025-02-26,Customer_0881,Cabinet,Furniture,6,52774.39,10243.23,Pune
102829,2025-02-26,Customer_0316,Bookshelf,Furniture,6,38399.28,6082.9,Aurangabad
103900,2025-02-26,Customer_1091,Cookware,Home,7,15019.94,2728.12,Mumbai
108898,2025-02-26,Unknown Customer,Tablet,Electronics,1,19999.91,3672.15,Nagpur
105781,2025-02-26,Customer_2332,Mixer,Home,4,14836.38,1553.16,Nagpur
107762,2025-02-26,Customer_0353,Headphones,Electronics,4,10955.12,1617.16,Pune
102913,2025-02-26,Customer_1175,Jeans,Clothing,3,4828.93,599.33,Aurangabad
109426,2025-02-26,Customer_0290,Cabinet,Furniture,3,21296.89,2704.24,Nagpur
104301,2025-02-26,Customer_0700,Vacuum Cleaner,Home,7,50065.24,9031.92,Kolhapur
102723,2025-02-26,Customer_1264,Desk,Furniture,4,43964.4,3093.49,Mumbai
104655,2025-02-26,Customer_1943,T-Shirt,Clothing,3,2011.78,125.87,Mumbai
109947,2025-02-26,Customer_2284,Backpack,Clothing,7,10843.14,690.33,Nashik
106757,2025-02-26,Customer_1124,Bookshelf,Furniture,6,36663.02,5027.72,Nashik
109953,2025-02-26,Customer_0978,Jacket,Clothing,4,9971.93,1870.79,Nashik
108568,2025-02-26,Customer_1574,Bedsheet,Home,4,6954.73,938.82,Aurangabad
100644,2025-02-27,Customer_1616,Monitor,Electronics,3,36519.01,7013.45,Pune
109848,2025-02-27,Customer_0594,Bookshelf,Furniture,8,48616.57,9206.34,Nashik
109554,2025-02-27,Customer_1576,Desk,Furniture,8,89702.47,6748.76,Aurangabad
106334,2025-02-27,Customer_1183,Mixer,Home,7,28012.18,3593.81,Pune
105245,2025-02-27,Customer_1010,Backpack,Clothing,7,10453.37,2139.14,Aurangabad
108990,2025-02-27,Customer_0421,Vacuum Cleaner,Home,7,50786.59,7341.56,Nagpur
100655,2025-02-27,Customer_0388,Bedsheet,Home,4,7872.11,513.67,Nagpur
107487,2025-02-27,Customer_2233,Desk,Furniture,4,54922.7,9495.63,Pune
107341,2025-02-27,Customer_0482,Vacuum Cleaner,Home,1,6401.98,917.35,Pune
108827,2025-02-27,Customer_1742,Smartphone,Electronics,5,116448.39,18044.12,Aurangabad
107998,2025-02-27,Customer_1318,Backpack,Clothing,4,5006.0,629.01,Nagpur
108243,2025-02-27,Customer_1587,Monitor,Electronics,5,78972.7,5905.82,Pune
102291,2025-02-27,Customer_2240,Cookware,Home,4,9903.0,815.44,Nashik
105138,2025-02-27,Customer_1845,Laptop,Electronics,8,476584.18,67173.68,Kolhapur
101719,2025-02-27,Customer_1972,Jacket,Clothing,7,20857.82,2704.63,Aurangabad
108488,2025-02-27,Customer_1361,Cookware,Home,4,7524.96,1152.35,Aurangabad
100356,2025-02-27,Customer_0503,Shoes,Clothing,4,9407.92,1561.52,Mumbai
105418,2025-02-27,Customer_2003,Jeans,Clothing,4,7269.51,761.1,Nashik
105886,2025-02-27,Customer_1843,Jacket,Clothing,1,2427.15,462.34,Nagpur
101747,2025-02-27,Customer_0686,Tablet,Electronics,2,38682.68,7017.31,Kolhapur
100402,2025-02-27,Customer_0211,Lamp,Home,4,4898.38,638.36,Kolhapur
106805,2025-02-27,Customer_0665,Cabinet,Furniture,4,27808.66,2997.55,Nagpur
104049,2025-02-27,Customer_2046,Vacuum Cleaner,Home,5,35139.6,2728.72,Nashik
104309,2025-02-27,Customer_2304,Bedsheet,Home,1,1923.72,192.96,Pune
100436,2025-02-27,Customer_0655,Tablet,Electronics,5,87158.93,12093.7,Nagpur
103665,2025-02-28,Customer_0233,Lamp,Home,4,5504.53,1008.08,Kolhapur
104745,2025-02-28,Customer_2185,T-Shirt,Clothing,5,1374.43,232.05,Mumbai
103012,2025-02-28,Customer_1733,Jeans,Clothing,7,12196.4,1294.22,Aurangabad
103264,2025-02-28,Customer_1839,Smartphone,Electronics,2,48569.83,6248.4,Mumbai
108135,2025-02-28,Customer_0068,Lamp,Home,6,8254.2,697.62,Aurangabad
105354,2025-02-28,Customer_1630,Vacuum Cleaner,Home,3,18649.57,1256.33,Nashik
108688,2025-02-28,Customer_1762,Headphones,Electronics,3,8189.4,1191.01,Nashik
101546,2025-02-28,Customer_1165,Headphones,Electronics,1,2575.55,435.51,Aurangabad
103432,2025-02-28,Customer_1072,Monitor,Electronics,1,12970.5,2466.74,Aurangabad
105426,2025-02-28,Customer_2017,Table,Furniture,7,68307.61,12502.08,Mumbai
101448,2025-02-28,Customer_0135,Bedsheet,Home,1,1652.82,99.99,Mumbai
104725,2025-02-28,Customer_0386,T-Shirt,Clothing,6,4787.51,678.2,Nashik
104892,2025-02-28,Customer_0951,Desk,Furniture,6,65659.16,9480.56,Pune
103880,2025-02-28,Customer_0355,Lamp,Home,5,5621.89,505.24,Aurangabad
103855,2025-02-28,Customer_2371,Jacket,Clothing,8,22113.05,3276.07,Aurangabad
103968,2025-02-28,Customer_1670,Laptop,Electronics,1,50190.16,4319.14,Nagpur
109874,2025-02-28,Customer_1485,Desk,Furniture,5,61143.29,4858.9,Mumbai
106538,2025-02-28,Customer_0671,Vacuum Cleaner,Home,8,51989.32,8957.75,Pune
101637,2025-02-28,Customer_0530,Table,Furniture,5,82290.53,8640.64,Aurangabad
104275,2025-02-28,Customer_0009,Mixer,Home,3,9579.85,1182.63,Pune
100030,2025-02-28,Customer_2324,Office Chair,Furniture,4,33020.15,2211.88,Pune
101636,2025-02-28,Customer_0592,Bedsheet,Home,3,6061.38,663.82,Kolhapur
104159,2025-02-28,Customer_1223,Bedsheet,Home,4,6943.69,1266.74,Nashik
106674,2025-02-28,Customer_1474,Vacuum Cleaner,Home,2,13478.5,1306.47,Kolhapur
104692,2025-02-28,Customer_1235,Monitor,Electronics,7,102996.51,10428.15,Pune
101896,2025-02-28,Customer_1558,Jeans,Clothing,6,10613.29,1527.05,Kolhapur
107409,2025-02-28,Customer_1822,Tablet,Electronics,2,38619.4,7854.15,Mumbai
101760,2025-03-01,Customer_1133,Headphones,Electronics,2,4407.23,869.66,Mumbai
102520,2025-03-01,Customer_0725,Monitor,Electronics,3,38085.89,5623.74,Mumbai
101688,2025-03-01,Customer_1821,Lamp,Home,4,4421.74,469.53,Pune
102221,2025-03-01,Customer_0533,Cookware,Home,2,4155.11,800.37,Mumbai
105488,2025-03-01,Customer_0813,Table,Furniture,7,69113.27,12393.29,Pune
105415,2025-03-01,Customer_1200,Table,Furniture,7,55092.84,5936.75,Mumbai
105775,2025-03-01,Customer_0153,Bedsheet,Home,5,9591.74,1601.46,Kolhapur
101031,2025-03-01,Customer_1779,Office Chair,Furniture,4,33929.09,4088.84,Nashik
100262,2025-03-01,Customer_0286,Cabinet,Furniture,7,59956.75,9965.21,Mumbai
102428,2025-03-01,Customer_1776,Headphones,Electronics,1,2217.95,310.23,Pune
103029,2025-03-01,Customer_0849,Cookware,Home,2,4936.9,1084.26,Nagpur
106439,2025-03-01,Customer_1356,Jeans,Clothing,8,11208.9,2183.43,Mumbai
108555,2025-03-01,Customer_2225,Bookshelf,Furniture,3,19148.86,1279.28,Nagpur
100413,2025-03-01,Customer_1179,Backpack,Clothing,5,5969.32,957.25,Pune
109268,2025-03-02,Customer_2421,Office Chair,Furniture,4,27395.26,3070.47,Nashik
104515,2025-03-02,Customer_1575,Laptop,Electronics,2,95941.63,8877.13,Kolhapur
109251,2025-03-02,Customer_1414,Cabinet,Furniture,5,40002.7,5725.01,Aurangabad
102788,2025-03-02,Customer_1224,Cookware,Home,8,16338.43,1708.89,Pune
103220,2025-03-02,Customer_1168,Lamp,Home,6,6318.59,1072.57,Nashik
104859,2025-03-02,Customer_1024,Bedsheet,Home,1,1898.23,306.41,Kolhapur
104418,2025-03-02,Customer_1763,Backpack,Clothing,6,8781.53,1278.46,Pune
104824,2025-03-02,Customer_0845,Jeans,Clothing,1,1489.06,147.42,Aurangabad
104771,2025-03-02,Customer_0732,Smartphone,Electronics,8,172889.05,24341.7,Nagpur
109446,2025-03-02,Customer_1144,Laptop,Electronics,8,446275.02,97584.96,Nagpur
109922,2025-03-02,Customer_2361,T-Shirt,Clothing,1,622.38,60.74,Mumbai
100870,2025-03-02,Customer_0260,Monitor,Electronics,1,15989.51,1549.42,Aurangabad
101571,2025-03-02,Customer_1399,Bedsheet,Home,5,9341.94,1648.06,Mumbai
107374,2025-03-02,Customer_2249,Cabinet,Furniture,5,42753.04,6383.15,Nagpur
103608,2025-03-02,Customer_1843,Backpack,Clothing,7,9741.15,1873.65,Kolhapur
102895,2025-03-02,Customer_0991,Office Chair,Furniture,2,16190.54,1032.31,Nagpur
102894,2025-03-02,Customer_0156,Laptop,Electronics,4,248595.07,22699.66,Nagpur
101411,2025-03-02,Customer_0584,Smartphone,Electronics,3,71221.66,6038.93,Aurangabad
106768,2025-03-02,Customer_1414,Tablet,Electronics,6,92222.02,14330.51,Mumbai
102465,2025-03-03,Customer_1665,Mixer,Home,4,15586.59,1184.66,Kolhapur
103922,2025-03-03,Customer_2066,Lamp,Home,2,2629.56,242.03,Kolhapur
100161,2025-03-03,Customer_1860,Bookshelf,Furniture,5,27273.95,5456.38,Pune
109533,2025-03-03,Customer_2199,Lamp,Home,2,2398.52,279.86,Pune
103162,2025-03-03,Customer_0969,Backpack,Clothing,6,7788.68,942.67,Mumbai
107489,2025-03-03,Customer_1816,Bookshelf,Furniture,5,28870.3,4344.14,Aurangabad
102475,2025-03-03,Customer_0150,Jacket,Clothing,3,7834.73,689.74,Nashik
104693,2025-03-03,Customer_1691,Bedsheet,Home,6,9974.11,1739.04,Pune
107454,2025-03-03,Customer_0896,Laptop,Electronics,4,232559.11,13955.34,Aurangabad
109045,2025-03-03,Unknown Customer,Cabinet,Furniture,8,72080.54,9044.53,Pune
109587,2025-03-03,Unknown Customer,Cookware,Home,3,7169.1,943.01,Unknown
104303,2025-03-03,Customer_2078,Cookware,Home,5,12311.22,1306.88,Kolhapur
108999,2025-03-03,Customer_2146,Mixer,Home,1,3810.39,568.25,Pune
101574,2025-03-03,Customer_1955,Laptop,Electronics,3,171932.42,23927.34,Nagpur
100116,2025-03-03,Customer_0745,Cookware,Home,8,17520.05,2046.33,Pune
101047,2025-03-03,Customer_2208,Bookshelf,Furniture,2,11080.62,1987.65,Nagpur
106879,2025-03-03,Customer_2140,Cookware,Home,7,16420.71,3040.76,Kolhapur
108221,2025-03-03,Customer_2280,Mixer,Home,4,13769.18,2555.76,Nashik
108185,2025-03-03,Customer_0502,Office Chair,Furniture,8,62936.32,11804.98,Nashik
100561,2025-03-03,Customer_1733,Cabinet,Furniture,7,54358.55,10074.08,Mumbai
104623,2025-03-03,Customer_2253,Jeans,Clothing,5,8739.46,1172.89,Pune
103344,2025-03-03,Customer_2354,Bookshelf,Furniture,2,13610.02,2894.37,Pune
101539,2025-03-03,Customer_0476,Table,Furniture,7,55331.19,4839.88,Nagpur
104702,2025-03-03,Customer_1383,Laptop,Electronics,4,213060.34,21470.27,Nashik
103003,2025-03-04,Customer_2308,Desk,Furniture,8,109062.88,21195.27,Nagpur
102081,2025-03-04,Customer_2344,Vacuum Cleaner,Home,5,32383.59,6819.42,Kolhapur
105225,2025-03-04,Customer_1223,Cabinet,Furniture,7,55228.48,7963.0,Nashik
108396,2025-03-04,Customer_0710,Backpack,Clothing,7,10564.47,2289.4,Nashik
101197,2025-03-04,Customer_1908,Cabinet,Furniture,2,17549.86,1583.34,Kolhapur
101175,2025-03-04,Unknown Customer,Cabinet,Furniture,7,62929.75,6453.81,Kolhapur
104471,2025-03-04,Customer_0041,Table,Furniture,1,8129.57,694.81,Nashik
104411,2025-03-04,Customer_0175,Monitor,Electronics,2,24001.57,3339.43,Nashik
106562,2025-03-04,Customer_2100,Monitor,Electronics,3,43430.85,9177.73,Mumbai
104207,2025-03-04,Customer_1998,Desk,Furniture,5,61191.69,6000.94,Mumbai
107010,2025-03-04,Customer_0993,Bookshelf,Furniture,3,20484.58,3038.88,Mumbai
109876,2025-03-04,Customer_1267,Bookshelf,Furniture,4,21533.38,2356.07,Pune
107377,2025-03-04,Customer_0946,T-Shirt,Clothing,8,5884.26,467.55,Kolhapur
100731,2025-03-04,Unknown Customer,Mixer,Home,4,12614.6,1394.88,Nashik
107494,2025-03-04,Customer_0221,Cookware,Home,4,8262.01,623.7,Nagpur
102462,2025-03-04,Customer_2099,Jacket,Clothing,7,22350.74,4370.58,Aurangabad
103127,2025-03-04,Customer_0599,Table,Furniture,5,18175.58,1422.78,Aurangabad
105603,2025-03-04,Customer_0571,Jeans,Clothing,2,2739.84,206.87,Nagpur
105597,2025-03-04,Customer_2418,Table,Furniture,3,24509.53,3784.32,Nashik
107561,2025-03-04,Customer_1945,Backpack,Clothing,2,2788.8,478.82,Pune
103538,2025-03-04,Customer_1258,Mixer,Home,5,15856.28,2326.52,Nashik
105435,2025-03-04,Customer_0384,Cabinet,Furniture,3,23242.86,2986.9,Nashik
101209,2025-03-04,Customer_2231,Vacuum Cleaner,Home,6,43205.38,4363.78,Aurangabad
100138,2025-03-04,Customer_1665,Office Chair,Furniture,4,28229.53,3331.46,Nagpur
103367,2025-03-04,Customer_1114,Shoes,Clothing,5,12755.78,2427.09,Kolhapur
103167,2025-03-05,Customer_1145,Desk,Furniture,4,53079.31,5283.69,Pune
106006,2025-03-05,Customer_0417,T-Shirt,Clothing,8,5446.8,603.56,Nashik
101366,2025-03-05,Customer_1297,Office Chair,Furniture,1,8593.56,763.69,Kolhapur
106291,2025-03-05,Customer_1918,Headphones,Electronics,7,19059.21,3578.24,Nagpur
108235,2025-03-05,Unknown Customer,Cookware,Home,2,5026.08,859.01,Mumbai
109062,2025-03-05,Customer_0450,Backpack,Clothing,7,9547.44,1611.98,Aurangabad
101790,2025-03-05,Customer_1870,Laptop,Electronics,5,310398.8,62044.82,Nashik
101989,2025-03-05,Customer_1402,Smartphone,Electronics,1,27812.33,5780.86,Nagpur
109897,2025-03-05,Customer_1361,Office Chair,Furniture,1,8392.71,1834.22,Mumbai
104897,2025-03-05,Customer_1676,Tablet,Electronics,7,129455.2,8367.71,Pune
107204,2025-03-05,Customer_0482,Bookshelf,Furniture,5,29967.37,3238.61,Mumbai
105567,2025-03-05,Customer_0074,Smartphone,Electronics,4,105806.87,22003.42,Pune
103482,2025-03-05,Customer_1989,Table,Furniture,2,15695.15,1166.41,Aurangabad
105629,2025-03-05,Customer_0371,Headphones,Electronics,6,16505.57,2731.95,Aurangabad
107862,2025-03-05,Customer_1205,Jeans,Clothing,3,5144.12,1064.07,Nashik
103392,2025-03-05,Customer_2184,Bookshelf,Furniture,1,5415.92,539.14,Mumbai
109615,2025-03-06,Customer_0272,Cookware,Home,6,12296.89,1797.57,Aurangabad
109441,2025-03-06,Customer_0871,Bedsheet,Home,7,14483.89,2137.58,Unknown
109631,2025-03-06,Customer_0663,Bedsheet,Home,4,7567.77,1022.89,Kolhapur
100094,2025-03-06,Customer_0383,Headphones,Electronics,6,16777.88,3616.11,Mumbai
105034,2025-03-06,Customer_0141,Backpack,Clothing,7,8555.82,1544.23,Kolhapur
105448,2025-03-06,Customer_0099,Vacuum Cleaner,Home,3,19922.01,1609.36,Kolhapur
103775,2025-03-06,Customer_0303,Laptop,Electronics,5,314810.27,27993.93,Mumbai
103576,2025-03-06,Customer_1871,Vacuum Cleaner,Home,6,36615.01,5872.02,Kolhapur
107300,2025-03-06,Customer_0992,Cookware,Home,1,1875.73,160.06,Nagpur
108026,2025-03-06,Customer_1761,Jeans,Clothing,7,12326.4,1752.11,Pune
108094,2025-03-06,Customer_0070,Cookware,Home,8,16141.52,3384.22,Kolhapur
100512,2025-03-06,Customer_0632,Laptop,Electronics,5,285871.42,28912.74,Nagpur
100723,2025-03-06,Customer_0613,Mixer,Home,7,27644.27,5781.56,Mumbai
106773,2025-03-06,Customer_0281,Jeans,Clothing,7,10649.4,1020.17,Pune
103180,2025-03-06,Customer_1825,Tablet,Electronics,7,127841.6,17510.56,Nagpur
103697,2025-03-06,Customer_0241,T-Shirt,Clothing,4,3216.52,654.78,Pune
104214,2025-03-06,Customer_2461,Shoes,Clothing,2,5492.19,890.64,Mumbai
105947,2025-03-06,Customer_1371,Bedsheet,Home,5,8760.88,1817.83,Mumbai
104355,2025-03-06,Customer_0574,Jeans,Clothing,6,10006.0,697.39,Aurangabad
101516,2025-03-06,Customer_1508,Jeans,Clothing,2,3203.43,650.45,Mumbai
106287,2025-03-06,Customer_0643,Monitor,Electronics,7,84857.58,6155.75,Mumbai
102906,2025-03-06,Customer_0958,Smartphone,Electronics,2,43758.54,6242.79,Pune
108951,2025-03-06,Customer_1143,Cookware,Home,5,9911.16,711.35,Nagpur
106730,2025-03-06,Customer_0621,Office Chair,Furniture,8,58289.02,3733.22,Mumbai
109909,2025-03-07,Customer_0941,Laptop,Electronics,3,150636.39,17641.37,Mumbai
107028,2025-03-07,Customer_1032,T-Shirt,Clothing,4,2548.04,344.32,Nashik
105776,2025-03-07,Customer_0720,Lamp,Home,5,6446.62,581.67,Nashik
102385,2025-03-07,Customer_0657,Backpack,Clothing,1,1494.91,102.07,Nashik
100784,2025-03-07,Customer_2242,Bedsheet,Home,2,3547.67,444.46,Nashik
109845,2025-03-07,Customer_1123,Bookshelf,Furniture,4,23661.85,4110.06,Kolhapur
102350,2025-03-07,Customer_1001,Jacket,Clothing,5,14518.41,2368.0,Kolhapur
109321,2025-03-07,Customer_0961,T-Shirt,Clothing,5,3713.4,803.73,Nashik
106062,2025-03-07,Customer_1644,Monitor,Electronics,2,29195.55,3878.89,Pune
107741,2025-03-07,Customer_0563,Table,Furniture,5,41269.62,7575.93,Nagpur
105307,2025-03-07,Customer_1492,Cookware,Home,6,12417.5,1219.38,Kolhapur
102914,2025-03-07,Customer_0657,Table,Furniture,5,45289.2,8362.11,Nashik
108619,2025-03-07,Customer_0322,Headphones,Electronics,5,12249.57,2204.76,Aurangabad
103064,2025-03-07,Customer_1154,Laptop,Electronics,5,260050.86,17736.31,Aurangabad
109536,2025-03-07,Customer_2218,Cookware,Home,1,2269.3,394.56,Mumbai
103613,2025-03-07,Customer_1362,Laptop,Electronics,7,381930.14,73592.54,Pune
100158,2025-03-07,Customer_0644,Bookshelf,Furniture,2,11986.66,1763.4,Mumbai
108112,2025-03-07,Customer_1009,Cabinet,Furniture,2,18293.5,1423.85,Mumbai
108015,2025-03-07,Customer_0660,Cookware,Home,6,13383.24,935.36,Kolhapur
101964,2025-03-07,Customer_0779,Tablet,Electronics,1,20113.86,1740.66,Aurangabad
107881,2025-03-07,Customer_2078,Headphones,Electronics,4,10877.59,1148.79,Nagpur
102687,2025-03-07,Customer_1104,Vacuum Cleaner,Home,7,47614.76,9561.86,Mumbai
103076,2025-03-08,Customer_2075,Office Chair,Furniture,6,51141.26,10914.81,Aurangabad
103403,2025-03-08,Customer_2208,Office Chair,Furniture,3,21008.66,1802.25,Mumbai
102379,2025-03-08,Customer_2460,Backpack,Clothing,1,1387.5,276.84,Mumbai
103207,2025-03-08,Customer_0066,Shoes,Clothing,4,10853.53,1686.49,Mumbai
103575,2025-03-08,Customer_1477,Headphones,Electronics,1,2469.19,531.2,Nagpur
102289,2025-03-08,Customer_2072,Tablet,Electronics,1,15435.02,2866.67,Nagpur
105275,2025-03-08,Customer_0425,Backpack,Clothing,2,2927.95,437.56,Nagpur
106420,2025-03-08,Customer_0132,Shoes,Clothing,4,8916.78,1057.72,Aurangabad
109044,2025-03-08,Customer_1857,Tablet,Electronics,4,72484.52,14603.19,Mumbai
106159,2025-03-08,Customer_2049,Headphones,Electronics,6,16447.15,3208.0,Aurangabad
107692,2025-03-08,Customer_0325,Bedsheet,Home,3,4628.32,973.53,Nashik
101074,2025-03-08,Customer_0709,Headphones,Electronics,8,21212.58,3719.48,Nagpur
108009,2025-03-08,Customer_0918,Smartphone,Electronics,1,22301.17,2617.0,Aurangabad
107778,2025-03-08,Customer_0906,Smartphone,Electronics,5,24923.39,2371.72,Nagpur
101261,2025-03-08,Customer_2152,Tablet,Electronics,2,38128.58,5867.66,Pune
108212,2025-03-08,Customer_0988,Shoes,Clothing,4,10913.11,1090.18,Mumbai
106837,2025-03-08,Customer_1008,Tablet,Electronics,1,18278.89,1843.67,Nagpur
106117,2025-03-09,Customer_0707,Smartphone,Electronics,7,174711.38,38195.52,Mumbai
105680,2025-03-09,Customer_1858,Mixer,Home,3,10107.67,1177.62,Nagpur
102410,2025-03-09,Customer_1313,Shoes,Clothing,7,17667.85,2068.68,Unknown
106216,2025-03-09,Customer_0741,Desk,Furniture,1,11643.22,1453.73,Mumbai
104371,2025-03-09,Customer_0805,Vacuum Cleaner,Home,8,44717.87,9814.77,Pune
102260,2025-03-09,Customer_2143,Table,Furniture,3,29923.54,5729.26,Nashik
102216,2025-03-09,Customer_0340,Headphones,Electronics,5,11421.39,2252.46,Nashik
101584,2025-03-09,Customer_0421,Headphones,Electronics,1,2244.72,208.38,Aurangabad
107463,2025-03-09,Customer_1959,Vacuum Cleaner,Home,1,5991.24,963.8,Aurangabad
100919,2025-03-09,Customer_2444,Bookshelf,Furniture,5,54114.98,4221.0,Kolhapur
104853,2025-03-09,Customer_2138,Bookshelf,Furniture,6,39131.27,8039.58,Aurangabad
107011,2025-03-09,Customer_2477,Office Chair,Furniture,1,8279.02,920.39,Pune
103891,2025-03-09,Customer_0357,Desk,Furniture,1,10260.95,1472.81,Mumbai
107315,2025-03-09,Customer_1295,Backpack,Clothing,1,1585.72,266.81,Pune
107650,2025-03-09,Customer_1330,Backpack,Clothing,8,12541.85,1070.32,Nashik
103437,2025-03-09,Customer_1670,Cabinet,Furniture,5,44184.84,3635.15,Nashik
108055,2025-03-09,Customer_0592,Lamp,Home,6,6599.04,821.82,Mumbai
108106,2025-03-09,Customer_2071,Tablet,Electronics,6,121240.64,13532.63,Aurangabad
108223,2025-03-09,Customer_0504,Monitor,Electronics,4,57587.0,12010.73,Kolhapur
102935,2025-03-09,Customer_0416,Bookshelf,Furniture,5,30669.9,5830.33,Kolhapur
103150,2025-03-09,Customer_2483,Jeans,Clothing,5,8855.3,970.56,Pune
106714,2025-03-09,Customer_1960,Laptop,Electronics,5,314572.62,24840.06,Kolhapur
103948,2025-03-09,Customer_0222,Shoes,Clothing,7,17821.7,2032.4,Aurangabad
104064,2025-03-09,Customer_2321,Office Chair,Furniture,8,56374.6,4816.33,Nagpur
105239,2025-03-09,Customer_0522,Cabinet,Furniture,7,58851.73,12393.91,Aurangabad
105540,2025-03-10,Customer_2285,Jeans,Clothing,2,3126.96,645.47,Kolhapur
107486,2025-03-10,Customer_0162,Vacuum Cleaner,Home,8,53035.56,9968.87,Aurangabad
108467,2025-03-10,Customer_1921,Monitor,Electronics,8,128449.96,18675.6,Aurangabad
108464,2025-03-10,Customer_1210,Laptop,Electronics,1,61192.54,8449.08,Pune
107390,2025-03-10,Customer_1051,Shoes,Clothing,3,6593.33,1023.3,Mumbai
108719,2025-03-10,Customer_1354,Backpack,Clothing,1,1569.79,204.92,Mumbai
100813,2025-03-10,Customer_0323,Bedsheet,Home,4,6196.92,865.56,Nagpur
100458,2025-03-10,Customer_0065,Laptop,Electronics,7,396898.1,27442.02,Mumbai
107075,2025-03-10,Customer_1542,Headphones,Electronics,4,10024.55,620.24,Nashik
104505,2025-03-10,Customer_1108,Backpack,Clothing,7,11041.27,930.48,Nagpur
107899,2025-03-10,Customer_0646,T-Shirt,Clothing,2,1229.23,218.43,Pune
108205,2025-03-10,Customer_1884,T-Shirt,Clothing,6,4223.0,527.88,Nagpur
106403,2025-03-10,Customer_1973,Tablet,Electronics,3,58449.76,11540.68,Kolhapur
100578,2025-03-10,Customer_1186,Bookshelf,Furniture,5,28515.08,2656.61,Kolhapur
103438,2025-03-10,Customer_1720,Office Chair,Furniture,4,30721.97,6208.83,Aurangabad
106823,2025-03-10,Customer_0707,Lamp,Home,5,5960.7,876.17,Aurangabad
102540,2025-03-10,Customer_1778,Cookware,Home,4,8728.81,1643.9,Nashik
104273,2025-03-10,Customer_0455,Smartphone,Electronics,4,91191.6,13509.67,Aurangabad
104112,2025-03-10,Customer_0500,Jeans,Clothing,5,8405.48,1623.62,Aurangabad
101021,2025-03-10,Customer_1401,Tablet,Electronics,4,76808.41,7121.73,Nagpur
102878,2025-03-10,Customer_0834,Bookshelf,Furniture,2,13049.67,2777.83,Nagpur
107750,2025-03-10,Customer_0385,Desk,Furniture,1,11399.54,1961.59,Nagpur
108242,2025-03-10,Customer_0829,Office Chair,Furniture,7,52077.48,10268.76,Mumbai
106642,2025-03-10,Customer_0431,Cookware,Home,2,4542.64,636.54,Mumbai
101392,2025-03-10,Customer_1230,Smartphone,Electronics,5,130113.98,23447.02,Aurangabad
102804,2025-03-10,Customer_0405,Office Chair,Furniture,6,42912.85,5397.0,Nashik
102076,2025-03-10,Customer_1925,Cookware,Home,3,6171.13,1002.28,Aurangabad
102812,2025-03-11,Customer_1085,Table,Furniture,4,33475.27,5239.77,Aurangabad
104200,2025-03-11,Customer_0041,Smartphone,Electronics,4,108927.98,7145.66,Mumbai
109108,2025-03-11,Customer_0790,Lamp,Home,7,7955.5,1353.06,Nagpur
106377,2025-03-11,Customer_0947,Smartphone,Electronics,2,44235.7,6270.36,Pune
107176,2025-03-11,Customer_0247,Headphones,Electronics,5,12575.67,1191.48,Mumbai
105656,2025-03-11,Unknown Customer,Bedsheet,Home,1,2046.46,210.04,Aurangabad
106077,2025-03-11,Customer_1967,Bookshelf,Furniture,2,12765.91,2778.65,Nashik
105320,2025-03-11,Customer_0742,Desk,Furniture,3,37970.46,2797.04,Mumbai
106464,2025-03-11,Customer_2429,Jacket,Clothing,1,2517.51,185.82,Nagpur
100627,2025-03-11,Customer_0936,T-Shirt,Clothing,2,1597.16,272.98,Aurangabad
107785,2025-03-11,Customer_1614,Jacket,Clothing,4,12301.42,2703.41,Nashik
107796,2025-03-11,Customer_1355,Bedsheet,Home,8,15221.92,1061.96,Nashik
103499,2025-03-11,Customer_2286,Tablet,Electronics,1,18401.6,3366.36,Nagpur
102848,2025-03-11,Customer_1763,Jacket,Clothing,3,8723.81,764.42,Nashik
104793,2025-03-11,Customer_1130,Vacuum Cleaner,Home,5,31750.4,6493.92,Mumbai
102703,2025-03-11,Customer_1796,Cabinet,Furniture,2,17983.58,1746.47,Mumbai
109583,2025-03-11,Customer_0332,Bookshelf,Furniture,2,12903.11,1697.51,Nagpur
108352,2025-03-11,Customer_1060,Cookware,Home,5,11028.63,1151.77,Kolhapur
106682,2025-03-11,Customer_0654,Jacket,Clothing,5,14994.38,1737.2,Nagpur
106712,2025-03-11,Customer_1482,Monitor,Electronics,1,14099.12,1135.59,Aurangabad
106586,2025-03-11,Customer_1493,Smartphone,Electronics,8,205882.75,18682.39,Kolhapur
103508,2025-03-11,Customer_1412,Vacuum Cleaner,Home,7,47856.66,7379.05,Nagpur
103945,2025-03-11,Customer_0957,T-Shirt,Clothing,2,1583.04,210.97,Pune
100946,2025-03-11,Customer_0148,Cabinet,Furniture,3,21288.94,4615.62,Nashik
107348,2025-03-12,Customer_2075,Cookware,Home,7,15272.88,3285.72,Mumbai
106031,2025-03-12,Customer_1597,Lamp,Home,3,3176.8,524.05,Pune
102727,2025-03-12,Customer_1456,Jeans,Clothing,4,6984.44,650.49,Pune
106860,2025-03-12,Customer_0796,Vacuum Cleaner,Home,4,26599.19,5474.73,Mumbai
104317,2025-03-12,Customer_0041,Cabinet,Furniture,7,57954.79,9829.41,Nashik
102185,2025-03-12,Customer_1841,Jacket,Clothing,2,5082.35,777.48,Mumbai
109951,2025-03-12,Customer_0211,Smartphone,Electronics,1,24806.81,4901.06,Pune
108252,2025-03-12,Customer_1859,Monitor,Electronics,6,93316.1,15636.4,Kolhapur
106844,2025-03-12,Customer_1394,Lamp,Home,5,5168.88,1031.65,Nagpur
107064,2025-03-12,Customer_1804,Table,Furniture,5,46653.1,5222.68,Mumbai
106706,2025-03-12,Customer_1074,Table,Furniture,7,63166.73,13107.31,Nagpur
107509,2025-03-12,Customer_0817,Headphones,Electronics,2,5128.91,480.16,Pune
106997,2025-03-12,Customer_1107,Bookshelf,Furniture,3,16968.74,3309.8,Nagpur
109428,2025-03-12,Customer_2030,Table,Furniture,6,54509.28,9752.69,Pune
104977,2025-03-12,Customer_0043,Mixer,Home,8,24391.7,3302.81,Nashik
104611,2025-03-12,Customer_0582,Smartphone,Electronics,6,128411.22,22483.01,Pune
104726,2025-03-12,Customer_2384,Desk,Furniture,2,27505.51,2980.49,Aurangabad
105478,2025-03-12,Customer_0018,Vacuum Cleaner,Home,4,22242.94,3275.06,Mumbai
105619,2025-03-12,Customer_1734,Shoes,Clothing,6,15832.7,2651.11,Aurangabad
109570,2025-03-12,Customer_0057,Table,Furniture,1,9564.17,867.74,Kolhapur
105195,2025-03-13,Customer_1806,Jacket,Clothing,4,10016.08,643.17,Nagpur
102673,2025-03-13,Customer_0457,Monitor,Electronics,7,98022.21,13559.39,Aurangabad
109686,2025-03-13,Customer_0219,Jeans,Clothing,8,13174.34,2145.87,Nagpur
107219,2025-03-13,Customer_1187,Backpack,Clothing,4,5687.13,802.35,Nashik
105407,2025-03-13,Customer_0997,Cabinet,Furniture,3,25774.22,5637.96,Aurangabad
104992,2025-03-13,Customer_0798,Mixer,Home,4,13098.92,1409.8,Nashik
107805,2025-03-13,Customer_1471,Bedsheet,Home,7,14389.46,1373.58,Aurangabad
107624,2025-03-13,Customer_2491,Table,Furniture,4,39494.11,7678.77,Nagpur
105087,2025-03-13,Customer_1171,Bedsheet,Home,8,15483.41,1285.41,Kolhapur
102970,2025-03-13,Customer_0771,Office Chair,Furniture,2,13031.02,855.17,Mumbai
103602,2025-03-13,Customer_0145,Headphones,Electronics,2,5459.31,1103.6,Nashik
101547,2025-03-13,Customer_2419,Tablet,Electronics,6,123989.45,12048.51,Pune
102209,2025-03-13,Customer_0216,Backpack,Clothing,1,1604.1,122.09,Nashik
101793,2025-03-13,Customer_1612,Cabinet,Furniture,2,16550.9,3383.74,Aurangabad
105594,2025-03-13,Customer_0034,Bedsheet,Home,3,4868.91,670.96,Pune
101759,2025-03-13,Customer_0311,Cookware,Home,5,11824.96,1674.21,Nashik
105105,2025-03-13,Customer_1296,Laptop,Electronics,7,328378.69,60695.24,Nashik
106494,2025-03-13,Customer_2113,Backpack,Clothing,4,5651.76,687.64,Nashik
100004,2025-03-13,Customer_0027,Table,Furniture,5,50840.75,6166.44,Mumbai
100764,2025-03-13,Customer_2050,Tablet,Electronics,4,71682.06,10517.57,Pune
107920,2025-03-13,Customer_1448,Desk,Furniture,1,10539.22,1804.83,Aurangabad
108315,2025-03-13,Customer_0556,Jeans,Clothing,6,9648.6,936.58,Aurangabad
108347,2025-03-13,Customer_1821,Headphones,Electronics,1,2796.78,312.99,Nashik
109747,2025-03-14,Customer_1293,Smartphone,Electronics,2,43148.04,5828.59,Kolhapur
102088,2025-03-14,Customer_2471,Laptop,Electronics,6,345951.93,23191.05,Nashik
102383,2025-03-14,Customer_0102,Lamp,Home,3,3463.34,758.15,Nashik
108582,2025-03-14,Customer_1986,Tablet,Electronics,5,97898.51,8209.34,Aurangabad
104443,2025-03-14,Customer_0433,Vacuum Cleaner,Home,2,11978.68,1531.08,Nagpur
106935,2025-03-14,Customer_1763,Lamp,Home,8,10419.76,1713.56,Aurangabad
104378,2025-03-14,Customer_0666,Bedsheet,Home,7,11465.32,2175.69,Kolhapur
108128,2025-03-14,Customer_0348,Smartphone,Electronics,7,178723.41,34853.98,Nagpur
104953,2025-03-14,Customer_1992,Smartphone,Electronics,6,143932.35,19670.82,Kolhapur
106433,2025-03-14,Customer_1244,Monitor,Electronics,2,24895.88,1741.61,Aurangabad
102082,2025-03-14,Customer_0643,Jeans,Clothing,7,10283.22,1258.05,Nashik
103355,2025-03-14,Customer_1425,Monitor,Electronics,8,128558.57,21668.32,Nashik
107981,2025-03-14,Customer_2007,Bedsheet,Home,4,7752.03,765.88,Aurangabad
108002,2025-03-14,Customer_1033,Cookware,Home,8,20058.56,1852.97,Kolhapur
104198,2025-03-14,Customer_0039,Cabinet,Furniture,4,32916.82,5791.83,Mumbai
100858,2025-03-14,Customer_1826,Laptop,Electronics,6,305391.59,26804.69,Mumbai
104347,2025-03-14,Customer_1281,Smartphone,Electronics,4,107772.73,19990.46,Pune
109504,2025-03-14,Customer_0802,Jacket,Clothing,5,21633.44,3487.48,Nashik
105906,2025-03-14,Customer_2280,Bookshelf,Furniture,4,27472.27,4662.27,Nagpur
104637,2025-03-14,Customer_0502,Monitor,Electronics,8,116323.79,24000.46,Nashik
103128,2025-03-14,Customer_0279,Cabinet,Furniture,3,24354.78,1466.48,Nagpur
109916,2025-03-14,Customer_0643,Vacuum Cleaner,Home,6,39997.1,7653.98,Aurangabad
101526,2025-03-14,Customer_0300,Vacuum Cleaner,Home,5,35008.63,3372.04,Pune
109826,2025-03-14,Customer_0027,Laptop,Electronics,8,435421.64,82180.55,Nagpur
104858,2025-03-15,Customer_2259,Office Chair,Furniture,3,20429.34,2773.01,Nashik
102965,2025-03-15,Customer_1313,Laptop,Electronics,7,376464.57,66593.04,Aurangabad
102182,2025-03-15,Customer_1999,Jeans,Clothing,4,5722.77,757.75,Nagpur
106896,2025-03-15,Customer_1380,Cookware,Home,5,11293.3,2472.63,Kolhapur
104326,2025-03-15,Customer_1518,Smartphone,Electronics,8,183919.1,37629.11,Pune
101684,2025-03-15,Customer_0711,Mixer,Home,1,3996.63,337.71,Unknown
107690,2025-03-15,Customer_0807,Lamp,Home,5,6888.42,1123.39,Nagpur
103650,2025-03-15,Customer_0664,Table,Furniture,2,18423.76,4016.66,Pune
105549,2025-03-15,Customer_2335,Vacuum Cleaner,Home,1,6240.45,1122.06,Aurangabad
106775,2025-03-15,Customer_0813,Shoes,Clothing,1,2383.91,285.87,Nagpur
104779,2025-03-15,Customer_2033,Jacket,Clothing,2,5855.55,400.79,Mumbai
106432,2025-03-15,Customer_1489,Laptop,Electronics,1,50332.88,3878.15,Pune
107189,2025-03-15,Customer_0404,Cabinet,Furniture,6,41064.24,4836.12,Kolhapur
108846,2025-03-15,Customer_1104,Laptop,Electronics,6,375464.62,33199.26,Pune
109673,2025-03-15,Customer_1112,Desk,Furniture,3,36438.47,4096.73,Kolhapur
105876,2025-03-16,Customer_0228,Monitor,Electronics,1,16054.23,2076.46,Mumbai
109233,2025-03-16,Customer_2333,Lamp,Home,7,9564.03,993.42,Pune
108182,2025-03-16,Customer_1669,Monitor,Electronics,4,55201.5,7823.45,Mumbai
104930,2025-03-16,Customer_1158,T-Shirt,Clothing,7,4266.11,503.1,Aurangabad
105668,2025-03-16,Customer_0038,Cookware,Home,7,16028.33,3388.25,Mumbai
100535,2025-03-16,Customer_0303,Table,Furniture,7,57302.46,7974.93,Nagpur
102700,2025-03-16,Customer_1795,Jacket,Clothing,6,16716.11,1890.1,Nashik
100281,2025-03-16,Customer_1622,Vacuum Cleaner,Home,2,14939.95,1568.27,Nashik
103600,2025-03-16,Customer_1833,Smartphone,Electronics,7,198051.77,20498.78,Nashik
107781,2025-03-16,Customer_0359,Jacket,Clothing,8,23917.51,3768.74,Nashik
106520,2025-03-16,Customer_0424,Tablet,Electronics,7,113345.99,14321.27,Mumbai
103370,2025-03-16,Customer_1931,Headphones,Electronics,6,14574.85,2200.85,Mumbai
100967,2025-03-16,Customer_2011,Shoes,Clothing,5,11061.67,1719.38,Mumbai
103050,2025-03-16,Customer_2466,Shoes,Clothing,7,19798.54,1201.48,Mumbai
103404,2025-03-16,Customer_2083,Desk,Furniture,1,11734.61,950.06,Kolhapur
106340,2025-03-16,Customer_0909,Tablet,Electronics,8,123449.44,23691.92,Aurangabad
108058,2025-03-16,Customer_1353,Vacuum Cleaner,Home,6,39374.49,5064.84,Nashik
103674,2025-03-16,Customer_1405,Tablet,Electronics,3,59338.28,11502.32,Aurangabad
106469,2025-03-16,Customer_2032,Lamp,Home,8,10358.29,2061.01,Kolhapur
109729,2025-03-16,Customer_1671,Cookware,Home,3,7327.81,1243.69,Nashik
109471,2025-03-16,Customer_1001,Mixer,Home,8,30404.5,5695.93,Pune
103513,2025-03-16,Customer_2085,Cabinet,Furniture,5,40171.92,5454.97,Nashik
100785,2025-03-16,Customer_0039,Cookware,Home,4,9294.91,929.29,Nashik
104071,2025-03-17,Customer_0200,Jacket,Clothing,8,22559.25,1639.23,Pune
104545,2025-03-17,Customer_2140,Smartphone,Electronics,4,111661.83,13498.86,Mumbai
102921,2025-03-17,Customer_1898,Cabinet,Furniture,6,48669.8,4518.56,Kolhapur
103206,2025-03-17,Customer_1531,Bedsheet,Home,5,9894.88,891.96,Pune
100570,2025-03-17,Customer_2346,Vacuum Cleaner,Home,2,11970.43,2117.36,Pune
102750,2025-03-17,Customer_1903,Laptop,Electronics,8,461353.0,80912.89,Nagpur
101026,2025-03-17,Customer_1815,Smartphone,Electronics,7,160608.77,25367.41,Mumbai
105526,2025-03-17,Customer_0239,Office Chair,Furniture,2,14425.92,1121.87,Pune
109958,2025-03-17,Customer_2472,Mixer,Home,7,24957.43,2335.52,Nashik
103036,2025-03-17,Customer_2416,Laptop,Electronics,4,250989.15,22032.4,Pune
105377,2025-03-17,Customer_0032,Backpack,Clothing,6,9403.56,1267.03,Mumbai
105766,2025-03-17,Customer_2458,Bedsheet,Home,7,13175.53,1859.42,Mumbai
102065,2025-03-17,Customer_1576,Vacuum Cleaner,Home,4,22581.11,2109.06,Pune
108456,2025-03-17,Customer_1584,T-Shirt,Clothing,3,2224.42,456.45,Aurangabad
101811,2025-03-17,Customer_1023,Tablet,Electronics,4,70836.07,10651.69,Nashik
107263,2025-03-17,Customer_1886,Bedsheet,Home,6,10555.12,827.28,Kolhapur
106964,2025-03-17,Customer_2009,Tablet,Electronics,6,121815.81,13873.22,Aurangabad
103185,2025-03-17,Customer_1026,Office Chair,Furniture,1,7835.35,1576.86,Pune
107388,2025-03-17,Customer_2112,Monitor,Electronics,5,66486.94,4325.03,Pune
109828,2025-03-17,Customer_1937,T-Shirt,Clothing,5,3860.23,263.42,Mumbai
107907,2025-03-17,Customer_0670,Cookware,Home,5,4682.34,303.52,Nashik
105114,2025-03-17,Customer_2151,Bedsheet,Home,4,8061.21,712.25,Pune
100462,2025-03-17,Customer_2064,Office Chair,Furniture,3,25057.45,2766.07,Nashik
100600,2025-03-17,Customer_1568,Jacket,Clothing,3,8910.9,1664.85,Mumbai
106234,2025-03-17,Customer_1138,Desk,Furniture,3,34462.07,2073.23,Nagpur
107606,2025-03-17,Customer_2335,Vacuum Cleaner,Home,5,36025.51,2326.57,Nagpur
102110,2025-03-17,Customer_1806,Vacuum Cleaner,Home,3,16720.52,2011.37,Nashik
101666,2025-03-18,Customer_0982,Laptop,Electronics,4,226702.2,35594.67,Kolhapur
109830,2025-03-18,Customer_1196,Jeans,Clothing,8,11179.24,716.7,Mumbai
104434,2025-03-18,Customer_1079,Cookware,Home,2,3998.49,323.48,Aurangabad
105079,2025-03-18,Customer_1450,Tablet,Electronics,4,64410.28,8038.37,Nagpur
106324,2025-03-18,Customer_0880,T-Shirt,Clothing,4,2460.65,345.68,Nagpur
105930,2025-03-18,Customer_0906,Monitor,Electronics,6,87656.13,13363.3,Mumbai
109333,2025-03-18,Customer_2225,Bookshelf,Furniture,3,19633.89,2851.48,Kolhapur
107267,2025-03-18,Customer_0919,Jeans,Clothing,7,10105.32,637.38,Mumbai
104809,2025-03-18,Customer_2058,Lamp,Home,4,5334.75,756.63,Nashik
108539,2025-03-18,Customer_1222,Headphones,Electronics,6,14091.52,1348.62,Kolhapur
109247,2025-03-18,Customer_0406,Desk,Furniture,1,10968.64,1721.4,Nagpur
109547,2025-03-18,Customer_0670,Backpack,Clothing,8,10661.53,1300.04,Kolhapur
109749,2025-03-18,Customer_2241,Jacket,Clothing,3,8397.45,632.66,Pune
105674,2025-03-18,Customer_1102,Tablet,Electronics,4,69372.44,12620.66,Kolhapur
109842,2025-03-18,Customer_2243,Tablet,Electronics,3,60765.47,12849.18,Aurangabad
109841,2025-03-18,Customer_0515,T-Shirt,Clothing,7,4784.34,790.99,Aurangabad
102174,2025-03-18,Customer_2483,T-Shirt,Clothing,4,2617.15,358.63,Pune
108576,2025-03-18,Customer_2459,Jeans,Clothing,2,3527.54,577.8,Nashik
109241,2025-03-18,Customer_2009,Bookshelf,Furniture,8,46417.68,8737.23,Aurangabad
101827,2025-03-18,Customer_0509,Smartphone,Electronics,1,26690.59,1893.32,Nashik
102090,2025-03-18,Customer_2446,Laptop,Electronics,4,215526.99,35964.86,Pune
102580,2025-03-19,Customer_2178,Smartphone,Electronics,7,191048.45,16403.15,Nagpur
107342,2025-03-19,Customer_2407,Table,Furniture,1,9120.89,1031.07,Aurangabad
107047,2025-03-19,Customer_1236,Jeans,Clothing,5,9076.12,564.53,Kolhapur
107479,2025-03-19,Customer_0853,Monitor,Electronics,7,90220.32,12026.56,Aurangabad
100887,2025-03-19,Customer_1787,Jeans,Clothing,4,5829.9,724.73,Nashik
100855,2025-03-19,Customer_0377,Vacuum Cleaner,Home,7,40716.35,3119.45,Nashik
106788,2025-03-19,Customer_2192,Table,Furniture,4,40375.54,6502.58,Nashik
103925,2025-03-19,Customer_0539,Table,Furniture,6,52985.25,3817.86,Kolhapur
102781,2025-03-19,Customer_0575,Laptop,Electronics,7,391030.84,58351.89,Mumbai
100754,2025-03-19,Customer_0233,Cabinet,Furniture,4,31021.33,4410.65,Kolhapur
107021,2025-03-19,Customer_1482,Cookware,Home,6,11461.98,1488.66,Kolhapur
107683,2025-03-19,Customer_1008,Bookshelf,Furniture,2,12137.18,1184.38,Aurangabad
108837,2025-03-19,Customer_1041,Lamp,Home,1,1181.55,93.82,Pune
101269,2025-03-19,Customer_1363,Tablet,Electronics,7,121469.68,13842.45,Pune
104223,2025-03-19,Customer_2104,Laptop,Electronics,8,455056.58,79918.83,Pune
101046,2025-03-19,Customer_1492,Cookware,Home,1,2338.47,495.98,Kolhapur
101229,2025-03-19,Customer_1862,Vacuum Cleaner,Home,3,20360.36,2734.06,Kolhapur
102242,2025-03-19,Customer_0581,Bookshelf,Furniture,8,50676.3,3185.54,Pune
105782,2025-03-19,Customer_0859,Lamp,Home,6,6841.61,1009.06,Nashik
106523,2025-03-19,Customer_1052,Jeans,Clothing,1,1475.79,276.54,Nashik
106407,2025-03-20,Customer_0093,Table,Furniture,7,60965.53,6009.05,Mumbai
101765,2025-03-20,Customer_1934,Bedsheet,Home,1,1989.16,257.5,Aurangabad
109322,2025-03-20,Customer_0760,Laptop,Electronics,1,54119.86,5495.22,Nagpur
106836,2025-03-20,Customer_1935,Laptop,Electronics,4,222050.49,45316.61,Pune
102536,2025-03-20,Customer_0772,Shoes,Clothing,4,9779.66,877.75,Nashik
104796,2025-03-20,Customer_0958,Cookware,Home,7,15707.95,1625.08,Nagpur
105593,2025-03-20,Customer_2180,T-Shirt,Clothing,3,2308.98,453.53,Nashik
108563,2025-03-20,Customer_1387,Jacket,Clothing,1,3034.21,191.79,Kolhapur
104360,2025-03-20,Customer_1259,Shoes,Clothing,8,20990.29,2155.46,Nashik
108073,2025-03-20,Customer_1424,Vacuum Cleaner,Home,2,11681.73,1033.65,Nashik
106593,2025-03-20,Customer_0977,T-Shirt,Clothing,4,2902.33,553.67,Nagpur
106946,2025-03-20,Customer_1536,Monitor,Electronics,2,24207.38,2552.11,Kolhapur
102409,2025-03-20,Customer_0624,Desk,Furniture,2,24456.99,1937.0,Pune
106606,2025-03-20,Customer_0291,Laptop,Electronics,6,360493.13,43949.08,Kolhapur
104288,2025-03-20,Customer_0305,T-Shirt,Clothing,1,651.7,75.89,Mumbai
109080,2025-03-20,Customer_1745,Headphones,Electronics,4,8572.67,990.13,Nashik
108931,2025-03-20,Customer_1578,Jacket,Clothing,8,19840.17,1299.72,Kolhapur
105999,2025-03-20,Customer_0877,Jacket,Clothing,8,21242.72,2636.32,Kolhapur
107031,2025-03-20,Customer_1552,Bedsheet,Home,7,12517.68,2028.61,Aurangabad
102940,2025-03-20,Customer_2401,Cookware,Home,1,2125.79,336.07,Aurangabad
108370,2025-03-20,Customer_1892,Tablet,Electronics,7,133597.53,15442.56,Nagpur
102479,2025-03-20,Customer_0318,Laptop,Electronics,7,440166.53,26737.09,Nagpur
101718,2025-03-20,Customer_2348,Monitor,Electronics,4,61139.59,4961.71,Mumbai
107820,2025-03-20,Unknown Customer,T-Shirt,Clothing,2,1339.17,140.2,Kolhapur
106697,2025-03-20,Customer_1585,Jacket,Clothing,4,12588.5,1577.87,Mumbai
107966,2025-03-21,Customer_0343,Headphones,Electronics,8,18145.89,2264.01,Nashik
106497,2025-03-21,Customer_1550,Vacuum Cleaner,Home,2,14113.24,1100.83,Nagpur
108602,2025-03-21,Customer_1665,Desk,Furniture,1,11839.62,1597.5,Nashik
101814,2025-03-21,Customer_0688,Smartphone,Electronics,2,51334.15,4223.26,Aurangabad
102446,2025-03-21,Customer_0224,Bedsheet,Home,5,8907.85,874.7,Nashik
104243,2025-03-21,Customer_0072,Bookshelf,Furniture,3,17265.27,3378.73,Nagpur
108091,2025-03-21,Customer_1978,Laptop,Electronics,3,140478.19,23031.25,Nashik
101435,2025-03-21,Customer_1490,Smartphone,Electronics,2,55174.26,3312.58,Mumbai
106269,2025-03-21,Customer_0984,Lamp,Home,4,5196.21,472.26,Nagpur
100663,2025-03-21,Customer_1147,Desk,Furniture,5,55201.13,7316.32,Nagpur
107514,2025-03-21,Customer_0315,Tablet,Electronics,7,134249.55,13959.48,Aurangabad
108985,2025-03-21,Customer_0646,Mixer,Home,5,16036.4,1590.28,Aurangabad
109635,2025-03-21,Customer_0493,Lamp,Home,6,6715.46,1465.02,Pune
101976,2025-03-21,Customer_0037,Table,Furniture,6,59994.89,10111.71,Pune
101440,2025-03-22,Customer_2005,Laptop,Electronics,5,243857.83,22904.21,Nagpur
103985,2025-03-22,Customer_0901,Bedsheet,Home,8,13353.97,2009.3,Mumbai
103336,2025-03-22,Customer_0865,Office Chair,Furniture,7,60015.04,11250.0,Kolhapur
107124,2025-03-22,Customer_1535,Tablet,Electronics,1,16896.56,3479.52,Mumbai
101307,2025-03-22,Customer_2443,Cabinet,Furniture,1,7489.59,643.38,Mumbai
100805,2025-03-22,Customer_2000,Smartphone,Electronics,8,196407.25,14648.44,Pune
101612,2025-03-22,Customer_1757,Cookware,Home,3,6959.42,1174.87,Nagpur
109653,2025-03-22,Customer_1575,Shoes,Clothing,1,2802.23,261.45,Kolhapur
109243,2025-03-22,Customer_2348,Cabinet,Furniture,6,43776.99,5406.35,Nashik
100060,2025-03-22,Customer_2073,Laptop,Electronics,4,221209.38,29617.51,Nashik
104195,2025-03-22,Customer_1730,Cabinet,Furniture,5,41337.21,2936.15,Nagpur
106796,2025-03-22,Customer_2337,Cookware,Home,8,19971.53,4213.79,Nashik
104756,2025-03-22,Customer_1007,Monitor,Electronics,4,55849.55,4167.86,Nashik
100203,2025-03-22,Customer_0987,Monitor,Electronics,7,87245.55,14235.08,Nagpur
104184,2025-03-22,Customer_0556,Table,Furniture,3,30501.49,3052.94,Unknown
107569,2025-03-22,Customer_1647,Mixer,Home,4,15172.75,2466.69,Aurangabad
102892,2025-03-22,Customer_2273,Cookware,Home,2,3933.84,582.86,Nagpur
104675,2025-03-23,Customer_0330,Mixer,Home,4,12071.25,2022.7,Nagpur
101288,2025-03-23,Customer_0068,Shoes,Clothing,8,22420.45,1719.64,Pune
103303,2025-03-23,Customer_0260,Monitor,Electronics,2,29218.82,4359.33,Mumbai
109541,2025-03-23,Customer_1987,Monitor,Electronics,6,76724.29,8125.72,Nashik
100710,2025-03-23,Customer_1826,Lamp,Home,3,3754.26,454.7,Pune
102373,2025-03-23,Customer_0263,Headphones,Electronics,6,15966.85,2818.1,Nagpur
101468,2025-03-23,Customer_2369,Cookware,Home,2,5003.23,348.57,Pune
102098,2025-03-23,Customer_0621,Headphones,Electronics,3,6623.82,1062.71,Aurangabad
108177,2025-03-23,Customer_1716,Cabinet,Furniture,8,69177.56,7075.87,Nagpur
103521,2025-03-23,Customer_2386,Cabinet,Furniture,4,30329.4,4551.75,Nagpur
107266,2025-03-23,Customer_1047,Bedsheet,Home,5,8930.94,1769.48,Kolhapur
108017,2025-03-23,Customer_1111,Cookware,Home,1,2314.79,283.78,Pune
107623,2025-03-23,Customer_1872,Jeans,Clothing,4,7145.55,980.37,Mumbai
106671,2025-03-23,Customer_1682,Jacket,Clothing,5,13195.09,2526.43,Kolhapur
107825,2025-03-23,Customer_2072,Laptop,Electronics,8,433994.48,39723.59,Mumbai
107635,2025-03-23,Customer_0351,Cookware,Home,5,12126.49,796.08,Aurangabad
106611,2025-03-23,Customer_0164,Backpack,Clothing,1,1430.91,202.12,Mumbai
102505,2025-03-23,Customer_1546,Smartphone,Electronics,7,169541.28,36844.48,Nagpur
109451,2025-03-23,Customer_1835,Tablet,Electronics,2,36422.9,3182.99,Pune
104313,2025-03-23,Customer_1893,T-Shirt,Clothing,7,4885.14,589.1,Mumbai
106849,2025-03-23,Customer_1259,Laptop,Electronics,4,209101.77,30401.77,Nashik
106468,2025-03-23,Customer_2309,Headphones,Electronics,6,15224.95,3030.37,Nagpur
109429,2025-03-23,Customer_0781,Smartphone,Electronics,7,149458.61,30500.07,Aurangabad
102877,2025-03-23,Customer_1873,Smartphone,Electronics,2,46890.87,4121.57,Mumbai
101662,2025-03-23,Customer_1669,Smartphone,Electronics,5,139254.93,28135.14,Aurangabad
106933,2025-03-23,Customer_0003,Shoes,Clothing,7,17750.26,3084.97,Nashik
101889,2025-03-23,Customer_1571,Smartphone,Electronics,6,159252.89,24266.11,Nashik
102741,2025-03-23,Customer_2443,Mixer,Home,1,3421.57,535.99,Mumbai
106498,2025-03-24,Customer_0160,Jeans,Clothing,5,8538.15,1039.14,Nagpur
109180,2025-03-24,Customer_0414,Desk,Furniture,5,62762.51,7975.35,Aurangabad
105254,2025-03-24,Customer_1584,Monitor,Electronics,3,41441.99,7220.47,Aurangabad
100931,2025-03-24,Customer_1675,Cookware,Home,6,11517.37,2429.44,Nashik
100751,2025-03-24,Customer_1223,Backpack,Clothing,5,6938.6,1391.18,Aurangabad
103706,2025-03-24,Customer_0412,Vacuum Cleaner,Home,4,26345.18,5612.57,Nagpur
103119,2025-03-24,Customer_2237,Desk,Furniture,8,102111.01,11306.94,Nashik
109219,2025-03-24,Customer_0823,Monitor,Electronics,5,68427.45,12912.08,Nagpur
107361,2025-03-24,Customer_2254,Bookshelf,Furniture,6,31283.14,3703.26,Nashik
104376,2025-03-24,Customer_1960,Headphones,Electronics,7,16668.13,3558.51,Mumbai
103609,2025-03-24,Customer_0687,Lamp,Home,5,6570.83,1357.26,Mumbai
108093,2025-03-24,Customer_2482,Cookware,Home,2,3864.27,368.11,Pune
104356,2025-03-24,Customer_0474,T-Shirt,Clothing,7,4305.63,284.46,Kolhapur
104257,2025-03-24,Customer_1526,Backpack,Clothing,2,2792.56,304.65,Kolhapur
108819,2025-03-24,Customer_1640,Vacuum Cleaner,Home,5,30316.7,3892.57,Pune
106734,2025-03-24,Customer_1316,Lamp,Home,1,1173.48,204.19,Pune
102439,2025-03-24,Customer_1719,Office Chair,Furniture,5,42167.98,9203.98,Nagpur
107213,2025-03-25,Customer_1830,Table,Furniture,7,68031.92,10341.78,Nashik
107751,2025-03-25,Customer_0890,Shoes,Clothing,7,19685.23,1215.43,Aurangabad
105737,2025-03-25,Customer_1304,Smartphone,Electronics,5,126716.64,16969.5,Mumbai
108591,2025-03-25,Unknown Customer,Desk,Furniture,5,66439.92,13882.92,Nagpur
107443,2025-03-25,Customer_2225,Bookshelf,Furniture,3,17787.81,1281.61,Nashik
101860,2025-03-25,Customer_2401,Backpack,Clothing,7,8867.0,1596.8,Nashik
109871,2025-03-25,Customer_0488,Smartphone,Electronics,4,95509.09,12193.77,Mumbai
108681,2025-03-25,Customer_2001,Shoes,Clothing,5,11174.51,2282.57,Nashik
109852,2025-03-25,Customer_0574,Jeans,Clothing,4,6706.16,417.23,Nagpur
107038,2025-03-25,Customer_0337,Tablet,Electronics,5,93851.11,6737.01,Nashik
102338,2025-03-25,Customer_0214,Mixer,Home,8,29592.34,3711.32,Nagpur
103306,2025-03-25,Customer_2099,Bedsheet,Home,2,3621.32,612.32,Nagpur
107968,2025-03-25,Customer_0334,Smartphone,Electronics,4,86812.36,13497.2,Nagpur
109434,2025-03-25,Customer_0128,Monitor,Electronics,7,102148.69,8275.06,Kolhapur
104286,2025-03-25,Customer_0726,Monitor,Electronics,7,103320.75,15335.02,Nagpur
104502,2025-03-25,Customer_0179,Tablet,Electronics,5,79459.14,16151.76,Pune
103908,2025-03-25,Customer_0217,Shoes,Clothing,5,13434.78,1227.7,Nagpur
105129,2025-03-25,Customer_0411,Smartphone,Electronics,4,101831.46,16035.19,Nashik
107068,2025-03-25,Customer_1119,Bedsheet,Home,5,1596.91,139.47,Kolhapur
101743,2025-03-25,Customer_2456,Lamp,Home,6,8006.89,1034.2,Nagpur
102190,2025-03-25,Customer_1288,Jacket,Clothing,3,9472.37,1137.75,Pune
101733,2025-03-25,Customer_1466,T-Shirt,Clothing,2,1500.43,166.37,Pune
104338,2025-03-25,Customer_1533,Shoes,Clothing,7,15396.76,3029.67,Mumbai
101010,2025-03-25,Customer_0030,Lamp,Home,4,5317.15,513.3,Kolhapur
107894,2025-03-25,Customer_1319,Backpack,Clothing,4,5013.01,1056.02,Nashik
102855,2025-03-25,Customer_0773,T-Shirt,Clothing,3,1842.52,331.66,Aurangabad
101957,2025-03-25,Customer_1798,Bedsheet,Home,3,4867.87,893.0,Nashik
108906,2025-03-25,Customer_0400,Office Chair,Furniture,7,44676.15,4691.06,Kolhapur
100562,2025-03-25,Customer_2273,Vacuum Cleaner,Home,3,22207.29,1782.47,Mumbai
104988,2025-03-25,Customer_2391,Headphones,Electronics,8,20655.78,1622.23,Pune
107909,2025-03-26,Customer_1010,Backpack,Clothing,2,2680.19,493.17,Kolhapur
109561,2025-03-26,Customer_1973,Smartphone,Electronics,6,172383.12,24759.36,Aurangabad
109752,2025-03-26,Customer_0996,Tablet,Electronics,8,154662.93,27433.02,Pune
108465,2025-03-26,Customer_1012,Cabinet,Furniture,5,36699.78,2443.96,Aurangabad
104128,2025-03-26,Customer_1896,Table,Furniture,7,66735.3,11386.5,Kolhapur
107480,2025-03-26,Customer_0107,T-Shirt,Clothing,2,1478.3,264.19,Kolhapur
100753,2025-03-26,Customer_1224,Jacket,Clothing,5,15277.9,2527.96,Mumbai
102125,2025-03-26,Customer_0581,Jeans,Clothing,2,3629.39,416.54,Pune
101282,2025-03-26,Customer_1188,T-Shirt,Clothing,8,4792.21,879.85,Aurangabad
106625,2025-03-26,Customer_1852,Backpack,Clothing,5,7826.89,790.37,Nashik
109030,2025-03-26,Customer_0577,Office Chair,Furniture,1,7496.4,1533.47,Pune
102969,2025-03-26,Customer_2221,Bookshelf,Furniture,3,20604.23,3572.35,Kolhapur
107115,2025-03-26,Customer_2123,Lamp,Home,6,6309.77,1097.94,Nagpur
102249,2025-03-26,Customer_1993,Backpack,Clothing,5,6775.21,1329.5,Nashik
106127,2025-03-26,Customer_1396,Jacket,Clothing,8,24025.37,5272.35,Mumbai
108272,2025-03-26,Customer_0642,Bookshelf,Furniture,3,15818.18,3464.05,Unknown
106165,2025-03-26,Customer_0930,Jeans,Clothing,4,7279.58,511.09,Aurangabad
106283,2025-03-26,Customer_0926,Jeans,Clothing,5,8110.42,1395.39,Pune
106638,2025-03-26,Customer_1227,Desk,Furniture,8,89633.34,18989.82,Mumbai
106286,2025-03-26,Customer_0798,Cabinet,Furniture,8,67636.7,10532.42,Nashik
105563,2025-03-26,Customer_1479,Mixer,Home,1,3827.4,709.29,Pune
100156,2025-03-27,Customer_1251,Backpack,Clothing,7,10407.53,2190.81,Kolhapur
102636,2025-03-27,Customer_1579,Vacuum Cleaner,Home,8,46889.38,8212.5,Pune
108664,2025-03-27,Customer_0265,Desk,Furniture,6,75028.73,4984.8,Nashik
104836,2025-03-27,Customer_1346,Cabinet,Furniture,2,16508.56,2261.66,Pune
103992,2025-03-27,Customer_0005,Monitor,Electronics,3,39132.05,7557.57,Nagpur
109323,2025-03-27,Customer_1551,Jacket,Clothing,8,20092.84,2129.67,Aurangabad
100465,2025-03-27,Customer_1128,Table,Furniture,5,41961.09,2737.88,Pune
107164,2025-03-27,Customer_0775,Monitor,Electronics,1,13813.02,1573.67,Pune
105916,2025-03-27,Customer_0904,Shoes,Clothing,3,6584.93,856.01,Kolhapur
106081,2025-03-27,Customer_2341,Desk,Furniture,2,24301.54,2119.93,Nashik
102472,2025-03-27,Customer_0344,Table,Furniture,4,32131.75,1947.16,Mumbai
102920,2025-03-27,Customer_0783,Desk,Furniture,4,49774.91,8292.94,Kolhapur
103156,2025-03-27,Customer_0573,Lamp,Home,2,2350.12,329.66,Mumbai
104642,2025-03-27,Customer_1881,Backpack,Clothing,6,9367.32,1926.94,Aurangabad
100911,2025-03-27,Customer_1963,Tablet,Electronics,8,147209.48,23483.55,Mumbai
101816,2025-03-27,Customer_0849,Jacket,Clothing,4,11887.41,901.91,Kolhapur
109291,2025-03-27,Customer_0839,Jeans,Clothing,4,6329.41,1120.02,Pune
102900,2025-03-27,Customer_0628,Tablet,Electronics,7,141832.61,17600.75,Nashik
108713,2025-03-27,Customer_1780,Bedsheet,Home,5,8573.21,1240.86,Kolhapur
101088,2025-03-27,Customer_1497,Tablet,Electronics,7,109531.27,13623.42,Nashik
109103,2025-03-27,Customer_0690,Laptop,Electronics,7,346656.05,43564.51,Aurangabad
102052,2025-03-27,Customer_0417,Office Chair,Furniture,4,32403.11,6827.85,Nashik
101944,2025-03-28,Customer_1296,Table,Furniture,3,29026.22,2738.93,Nagpur
102880,2025-03-28,Customer_0020,Office Chair,Furniture,5,41142.72,5635.24,Mumbai
108902,2025-03-28,Customer_2437,Jeans,Clothing,1,1492.96,147.42,Mumbai
108004,2025-03-28,Customer_1718,Bookshelf,Furniture,5,30358.59,3392.02,Nagpur
107826,2025-03-28,Customer_1766,Jacket,Clothing,7,17600.03,2387.93,Nagpur
108672,2025-03-28,Customer_2185,Tablet,Electronics,7,115832.79,22854.51,Kolhapur
101245,2025-03-28,Customer_2424,Laptop,Electronics,3,184345.79,13846.95,Aurangabad
105828,2025-03-28,Customer_1595,Smartphone,Electronics,8,211083.35,30075.83,Nagpur
102541,2025-03-28,Customer_2064,Jeans,Clothing,6,10432.18,1894.48,Kolhapur
101871,2025-03-28,Customer_2399,Headphones,Electronics,1,2720.62,251.37,Mumbai
105301,2025-03-28,Customer_0570,T-Shirt,Clothing,1,697.59,133.67,Aurangabad
104544,2025-03-28,Customer_0097,Shoes,Clothing,7,17535.24,2533.88,Pune
106685,2025-03-28,Customer_2359,Smartphone,Electronics,4,112560.53,17134.5,Kolhapur
106074,2025-03-28,Customer_0816,Smartphone,Electronics,4,112578.95,20766.63,Nashik
104551,2025-03-28,Customer_0189,Jacket,Clothing,7,22214.89,1732.42,Nashik
106010,2025-03-28,Customer_2046,T-Shirt,Clothing,4,2945.87,209.21,Nashik
107545,2025-03-28,Customer_1198,Table,Furniture,3,24833.81,5313.49,Nashik
106829,2025-03-28,Customer_2256,Monitor,Electronics,1,14807.38,1784.52,Mumbai
106556,2025-03-28,Customer_2254,Cookware,Home,8,17566.84,3538.64,Nagpur
105527,2025-03-28,Customer_2156,Monitor,Electronics,1,15978.64,2425.99,Kolhapur
102650,2025-03-29,Customer_0527,Lamp,Home,3,3263.41,457.14,Mumbai
100011,2025-03-29,Customer_1139,Office Chair,Furniture,7,58793.9,12095.78,Nagpur
104951,2025-03-29,Customer_0951,Mixer,Home,6,23366.13,3327.85,Pune
105703,2025-03-29,Customer_1083,T-Shirt,Clothing,1,800.05,78.99,Pune
104185,2025-03-29,Customer_1874,Desk,Furniture,5,64209.86,6777.02,Nashik
106387,2025-03-29,Customer_0638,Smartphone,Electronics,1,22720.22,4982.99,Mumbai
107651,2025-03-29,Customer_2356,T-Shirt,Clothing,6,4722.24,947.05,Pune
109839,2025-03-29,Customer_0309,Bookshelf,Furniture,7,38389.02,6943.08,Aurangabad
106304,2025-03-29,Customer_0171,Headphones,Electronics,6,15852.66,3364.69,Mumbai
104484,2025-03-29,Customer_0591,Desk,Furniture,6,82249.9,7857.37,Pune
101268,2025-03-29,Customer_0304,Jacket,Clothing,3,7294.99,497.62,Nashik
109431,2025-03-29,Customer_0142,Cookware,Home,6,11374.23,947.54,Aurangabad
103688,2025-03-29,Customer_0869,Lamp,Home,3,3719.35,356.91,Pune
109372,2025-03-29,Customer_2282,Bedsheet,Home,1,1905.58,191.87,Pune
107218,2025-03-29,Customer_1159,Laptop,Electronics,6,344715.1,73899.45,Nashik
109448,2025-03-29,Customer_1462,Smartphone,Electronics,7,155692.61,24477.71,Kolhapur
102959,2025-03-30,Customer_0726,Smartphone,Electronics,2,48811.4,8447.84,Nashik
108531,2025-03-30,Customer_1614,Office Chair,Furniture,1,36333.11,686.05,Mumbai
101445,2025-03-30,Customer_2068,Shoes,Clothing,8,19670.11,4325.87,Nashik
104245,2025-03-30,Customer_0114,Cabinet,Furniture,3,26142.47,4537.61,Aurangabad
101049,2025-03-30,Customer_1320,Jacket,Clothing,7,21226.45,3149.06,Pune
109548,2025-03-30,Customer_0929,Cookware,Home,7,16860.8,1612.2,Mumbai
106451,2025-03-30,Customer_1302,Headphones,Electronics,1,2393.93,207.87,Pune
104245,2025-03-30,Customer_0114,Cabinet,Furniture,3,36333.11,4537.61,Aurangabad
102106,2025-03-30,Customer_1448,Headphones,Electronics,6,14374.95,2822.58,Pune
101582,2025-03-30,Customer_0081,Bedsheet,Home,8,14491.88,1268.56,Nagpur
105869,2025-03-30,Customer_2160,Headphones,Electronics,4,9436.55,1692.21,Kolhapur
100453,2025-03-30,Customer_1425,Mixer,Home,3,11763.97,1014.37,Pune
105967,2025-03-30,Customer_0439,Backpack,Clothing,2,2801.26,279.09,Kolhapur
106620,2025-03-30,Customer_0322,Headphones,Electronics,7,16262.81,1849.79,Nagpur
104024,2025-03-30,Customer_1606,T-Shirt,Clothing,7,4525.06,344.01,Mumbai
108363,2025-03-30,Customer_0408,T-Shirt,Clothing,4,3215.27,314.09,Nagpur
102085,2025-03-30,Customer_1919,Cabinet,Furniture,2,17327.87,1672.71,Nagpur
107801,2025-03-30,Customer_0267,Shoes,Clothing,5,11802.56,932.01,Nashik
109301,2025-03-30,Customer_2032,Headphones,Electronics,4,8588.92,708.19,Nagpur
105044,2025-03-30,Customer_1889,Bookshelf,Furniture,7,41803.04,6346.46,Aurangabad
100048,2025-03-30,Customer_1643,Bedsheet,Home,4,7570.02,650.64,Pune
106892,2025-03-30,Customer_0601,Jeans,Clothing,5,9020.21,619.11,Nagpur
105306,2025-03-30,Customer_1425,Shoes,Clothing,8,19085.48,4183.08,Aurangabad
101607,2025-03-31,Customer_0407,Shoes,Clothing,8,21194.16,2129.29,Mumbai
102176,2025-03-31,Customer_1342,Smartphone,Electronics,1,28674.19,3587.16,Mumbai
106524,2025-03-31,Customer_2379,Jacket,Clothing,6,14704.44,2117.18,Nashik
101834,2025-03-31,Customer_2491,Smartphone,Electronics,4,87887.39,13558.73,Nagpur
108121,2025-03-31,Customer_2276,Vacuum Cleaner,Home,8,53430.21,7827.27,Pune
103881,2025-03-31,Customer_0007,Smartphone,Electronics,5,121489.99,21490.32,Nagpur
106075,2025-03-31,Customer_0787,Cabinet,Furniture,5,43748.43,6640.97,Unknown
103867,2025-03-31,Customer_0470,Bedsheet,Home,7,13958.62,2777.13,Pune
107258,2025-03-31,Customer_1991,Cookware,Home,4,8981.79,908.91,Aurangabad
106320,2025-03-31,Customer_0429,Laptop,Electronics,4,232929.05,33998.41,Nashik
107322,2025-03-31,Customer_0044,Office Chair,Furniture,8,63696.03,12175.74,Aurangabad
103285,2025-03-31,Customer_2374,T-Shirt,Clothing,4,2697.65,456.97,Nashik
101178,2025-03-31,Customer_2151,Lamp,Home,4,4418.99,779.14,Nashik
109717,2025-03-31,Customer_1295,Desk,Furniture,2,26673.76,4339.87,Mumbai
109077,2025-03-31,Customer_1208,Tablet,Electronics,2,40426.61,8740.64,Mumbai
105608,2025-03-31,Customer_2259,Lamp,Home,3,3785.04,507.74,Nagpur
102813,2025-03-31,Customer_1794,Lamp,Home,6,7564.82,1246.71,Nashik
103955,2025-03-31,Customer_2410,Desk,Furniture,6,62262.48,8130.42,Nashik
105397,2025-03-31,Customer_0639,Monitor,Electronics,1,12882.79,1151.54,Mumbai
108554,2025-03-31,Customer_2492,Desk,Furniture,3,32347.32,4011.04,Mumbai
106068,2025-03-31,Customer_1903,Cabinet,Furniture,7,51571.59,6859.4,Pune
107939,2025-03-31,Customer_0799,Cookware,Home,4,9287.31,1452.44,Nashik
104921,2025-03-31,Customer_2015,Tablet,Electronics,1,16527.43,1663.92,Nagpur
106861,2025-03-31,Customer_0890,Bedsheet,Home,4,7940.06,1221.89,Nashik
100691,2025-03-31,Customer_1087,Shoes,Clothing,1,2695.53,226.37,Mumbai
102786,2025-03-31,Customer_0045,Bookshelf,Furniture,6,39955.32,8089.66,Aurangabad
105364,2025-03-31,Customer_0980,Shoes,Clothing,1,2252.98,247.42,Mumbai
100992,2025-03-31,Customer_1112,Jacket,Clothing,7,18262.64,3642.43,Nagpur
109052,2025-04-01,Customer_1134,Backpack,Clothing,1,1240.52,196.9,Nagpur
104823,2025-04-01,Customer_0703,Backpack,Clothing,5,6126.31,1235.06,Nagpur
104438,2025-04-01,Customer_2334,Lamp,Home,1,1304.29,100.12,Mumbai
104035,2025-04-01,Customer_1579,Desk,Furniture,3,31355.4,3983.92,Mumbai
103483,2025-04-01,Customer_0864,Bedsheet,Home,3,5646.2,778.67,Kolhapur
107794,2025-04-01,Customer_0246,Laptop,Electronics,1,47893.2,6740.41,Aurangabad
109498,2025-04-01,Customer_0932,Table,Furniture,6,54438.04,4049.06,Nashik
108394,2025-04-01,Customer_2178,T-Shirt,Clothing,7,4215.27,810.93,Nagpur
109329,2025-04-01,Customer_1746,Office Chair,Furniture,5,34978.86,3180.64,Aurangabad
104007,2025-04-01,Customer_0243,Desk,Furniture,3,39999.55,7365.43,Nashik
105326,2025-04-01,Customer_1422,Laptop,Electronics,4,233368.17,42902.53,Aurangabad
103099,2025-04-01,Customer_1382,Tablet,Electronics,7,132627.23,27745.53,Mumbai
100633,2025-04-01,Customer_1906,Tablet,Electronics,2,38253.71,3610.26,Nashik
107983,2025-04-01,Customer_2355,Shoes,Clothing,8,18687.67,2664.13,Nagpur
102469,2025-04-02,Customer_1832,Tablet,Electronics,4,64615.67,12774.3,Nashik
107512,2025-04-02,Customer_0951,Cookware,Home,3,6520.67,786.07,Kolhapur
100435,2025-04-02,Customer_0968,Headphones,Electronics,6,13336.58,2498.89,Pune
109107,2025-04-02,Customer_1694,Mixer,Home,7,26542.05,5680.6,Mumbai
101149,2025-04-02,Customer_0201,Backpack,Clothing,4,5409.31,507.4,Mumbai
108395,2025-04-02,Customer_0519,Jacket,Clothing,2,6061.13,1012.73,Mumbai
100056,2025-04-02,Customer_0336,Cabinet,Furniture,1,7863.3,1249.09,Nagpur
102943,2025-04-02,Customer_0553,T-Shirt,Clothing,3,2053.63,431.91,Kolhapur
103457,2025-04-02,Customer_0315,Tablet,Electronics,1,20687.56,3734.98,Pune
100388,2025-04-02,Customer_0441,Lamp,Home,1,1057.22,136.43,Nagpur
109423,2025-04-02,Customer_2336,Mixer,Home,7,25688.51,1822.33,Kolhapur
109886,2025-04-02,Customer_1997,Lamp,Home,5,5208.02,829.72,Kolhapur
104727,2025-04-02,Customer_0203,Headphones,Electronics,4,8592.6,743.31,Kolhapur
106957,2025-04-02,Customer_0173,Jeans,Clothing,3,5484.48,1196.31,Kolhapur
101264,2025-04-02,Customer_0492,Cabinet,Furniture,2,15419.97,1764.72,Pune
108621,2025-04-02,Customer_0833,Bedsheet,Home,6,9996.24,1187.62,Kolhapur
102416,2025-04-02,Customer_1180,Jeans,Clothing,2,3323.6,534.26,Nashik
107839,2025-04-02,Customer_0357,Backpack,Clothing,7,8491.01,618.01,Kolhapur
106331,2025-04-02,Customer_0149,Cookware,Home,2,9627.65,636.35,Pune
108803,2025-04-02,Customer_0787,Shoes,Clothing,1,2331.47,361.79,Nashik
103821,2025-04-02,Customer_1971,Tablet,Electronics,7,122413.77,24434.19,Aurangabad
104468,2025-04-02,Customer_0621,Cookware,Home,1,2486.19,352.65,Pune
108198,2025-04-02,Customer_1953,Lamp,Home,7,9051.53,636.34,Nashik
109279,2025-04-02,Customer_1751,Jeans,Clothing,3,5352.22,706.01,Nashik
101739,2025-04-02,Customer_1387,Table,Furniture,2,18793.51,2613.43,Mumbai
104641,2025-04-03,Customer_1215,Smartphone,Electronics,8,184544.95,28626.57,Pune
104906,2025-04-03,Customer_1367,Office Chair,Furniture,5,21337.16,2563.74,Kolhapur
105497,2025-04-03,Customer_0798,Vacuum Cleaner,Home,4,26060.66,4173.32,Nashik
106411,2025-04-03,Customer_2465,Vacuum Cleaner,Home,4,29547.08,5158.38,Nashik
103331,2025-04-03,Customer_2421,Headphones,Electronics,3,6884.55,555.32,Kolhapur
101977,2025-04-03,Customer_0348,Bedsheet,Home,4,7546.75,1194.97,Kolhapur
106623,2025-04-03,Customer_2416,Bedsheet,Home,8,15004.35,1444.85,Kolhapur
103991,2025-04-03,Customer_1893,Office Chair,Furniture,5,34043.46,5792.27,Nagpur
104599,2025-04-03,Customer_0634,Monitor,Electronics,8,119207.07,17739.64,Mumbai
104025,2025-04-03,Customer_0832,Cabinet,Furniture,2,17475.99,1426.71,Pune
101762,2025-04-03,Customer_1349,Bookshelf,Furniture,4,21248.59,4532.75,Nashik
103932,2025-04-03,Customer_2147,Shoes,Clothing,5,11139.56,954.47,Mumbai
102114,2025-04-03,Customer_2336,Shoes,Clothing,3,8010.15,1627.55,Nagpur
108777,2025-04-03,Customer_0032,Desk,Furniture,2,23348.17,3706.92,Pune
109012,2025-04-03,Customer_0774,Desk,Furniture,5,52276.76,6729.44,Kolhapur
106121,2025-04-03,Customer_0113,Mixer,Home,7,21156.57,2650.03,Nagpur
107974,2025-04-03,Customer_2070,Bedsheet,Home,8,12692.58,2378.89,Nashik
103227,2025-04-03,Customer_2332,Desk,Furniture,7,92973.6,8068.96,Mumbai
109206,2025-04-03,Customer_1232,Bookshelf,Furniture,6,30660.16,6711.76,Mumbai
103193,2025-04-03,Customer_2186,Jeans,Clothing,3,5284.37,900.45,Mumbai
105997,2025-04-03,Customer_1108,Smartphone,Electronics,6,169418.93,25206.67,Aurangabad
107694,2025-04-03,Customer_2055,Jacket,Clothing,6,14385.6,980.02,Nagpur
107085,2025-04-03,Customer_0902,Monitor,Electronics,6,89029.83,15623.24,Kolhapur
107960,2025-04-03,Customer_1101,Office Chair,Furniture,2,13716.96,1446.78,Aurangabad
107963,2025-04-04,Customer_1268,Cookware,Home,8,18073.77,3361.38,Kolhapur
109817,2025-04-04,Customer_2193,Backpack,Clothing,1,1193.08,95.44,Aurangabad
105367,2025-04-04,Customer_0928,Cabinet,Furniture,7,59500.67,11459.77,Pune
103982,2025-04-04,Customer_1459,Tablet,Electronics,1,17998.22,3230.31,Mumbai
109207,2025-04-04,Customer_1647,Jacket,Clothing,7,21107.86,3571.28,Nagpur
106919,2025-04-04,Customer_1789,Headphones,Electronics,7,14946.47,1673.98,Nashik
105163,2025-04-04,Customer_2196,Cabinet,Furniture,3,27010.15,2446.83,Nagpur
108511,2025-04-04,Customer_1227,Office Chair,Furniture,1,7934.45,554.53,Aurangabad
101018,2025-04-04,Customer_2192,Smartphone,Electronics,1,24421.51,3486.03,Pune
108392,2025-04-04,Customer_1425,Tablet,Electronics,1,17343.75,3113.12,Aurangabad
100471,2025-04-04,Customer_1591,Vacuum Cleaner,Home,3,20855.48,3617.78,Mumbai
104425,2025-04-04,Customer_1550,Smartphone,Electronics,7,184849.27,21420.77,Nagpur
109340,2025-04-04,Customer_0831,Bedsheet,Home,7,11488.78,1454.37,Pune
109889,2025-04-04,Customer_1335,Monitor,Electronics,7,107003.08,6876.37,Kolhapur
104922,2025-04-04,Customer_0047,Laptop,Electronics,5,275337.85,52312.25,Kolhapur
108472,2025-04-04,Customer_1034,Table,Furniture,8,36333.11,7264.57,Nashik
105552,2025-04-04,Customer_2379,Tablet,Electronics,5,85721.88,9385.62,Kolhapur
109438,2025-04-04,Customer_2288,Monitor,Electronics,6,76188.6,12210.78,Aurangabad
100972,2025-04-04,Customer_0864,T-Shirt,Clothing,1,753.52,123.42,Nagpur
104749,2025-04-04,Customer_0358,Desk,Furniture,5,58368.17,9680.49,Nashik
106622,2025-04-04,Customer_0742,Jacket,Clothing,3,7720.06,1580.97,Nagpur
100342,2025-04-05,Customer_0324,T-Shirt,Clothing,7,4979.47,1040.38,Nagpur
106115,2025-04-05,Customer_1819,Vacuum Cleaner,Home,3,16763.61,3022.02,Pune
108732,2025-04-05,Customer_0089,Backpack,Clothing,2,2562.97,519.85,Aurangabad
102398,2025-04-05,Customer_2481,Vacuum Cleaner,Home,3,21089.26,4368.11,Nashik
105865,2025-04-05,Customer_0392,Bedsheet,Home,5,9339.9,1065.56,Mumbai
106576,2025-04-05,Customer_0239,Tablet,Electronics,5,95632.02,6356.79,Nashik
106417,2025-04-05,Customer_0424,Bedsheet,Home,2,3821.38,279.65,Mumbai
101113,2025-04-05,Customer_2380,Desk,Furniture,3,38023.81,6134.2,Kolhapur
106084,2025-04-05,Customer_0334,Tablet,Electronics,8,140929.74,25642.46,Nagpur
101019,2025-04-05,Customer_1103,Office Chair,Furniture,5,36037.49,6433.58,Mumbai
104247,2025-04-05,Customer_1322,T-Shirt,Clothing,2,1226.74,202.33,Nagpur
100953,2025-04-05,Customer_2061,Monitor,Electronics,2,31054.05,6480.41,Nashik
101798,2025-04-05,Customer_1894,Cabinet,Furniture,1,7327.72,871.48,Pune
105709,2025-04-05,Customer_2362,Vacuum Cleaner,Home,5,36118.54,3237.04,Nagpur
105678,2025-04-05,Customer_1489,Jacket,Clothing,5,12840.41,1710.86,Nagpur
100519,2025-04-05,Customer_2343,Mixer,Home,4,15399.74,1539.87,Kolhapur
107506,2025-04-05,Customer_0532,Bookshelf,Furniture,5,33517.78,2418.83,Pune
104964,2025-04-05,Customer_1608,Office Chair,Furniture,3,24709.12,4192.27,Pune
105083,2025-04-05,Customer_0182,Jacket,Clothing,3,8194.66,991.87,Mumbai
100827,2025-04-05,Customer_2414,Tablet,Electronics,8,140890.44,23292.77,Kolhapur
103872,2025-04-06,Customer_1977,Office Chair,Furniture,1,8390.63,1787.17,Nashik
100493,2025-04-06,Customer_0071,Backpack,Clothing,5,7632.84,959.3,Kolhapur
109100,2025-04-06,Customer_2180,Cookware,Home,1,2289.27,365.98,Mumbai
100192,2025-04-06,Customer_0518,Table,Furniture,1,8179.83,1393.94,Kolhapur
100546,2025-04-06,Customer_1307,Tablet,Electronics,8,159869.72,15567.7,Pune
106791,2025-04-06,Customer_0136,Tablet,Electronics,6,76247.28,14358.41,Kolhapur
104189,2025-04-06,Customer_0134,Vacuum Cleaner,Home,1,6874.39,1240.63,Kolhapur
109083,2025-04-06,Customer_0498,Headphones,Electronics,5,12798.15,1217.15,Nagpur
103683,2025-04-06,Customer_0271,Jacket,Clothing,7,17030.88,3172.22,Aurangabad
107615,2025-04-06,Customer_1140,Headphones,Electronics,1,2613.1,496.77,Aurangabad
105023,2025-04-06,Customer_0348,Jeans,Clothing,5,7047.29,1442.68,Aurangabad
101918,2025-04-06,Customer_0609,Backpack,Clothing,7,10050.55,1054.72,Aurangabad
105102,2025-04-06,Customer_0592,Desk,Furniture,8,83873.67,12219.21,Mumbai
101501,2025-04-06,Customer_1300,Desk,Furniture,8,36333.11,7429.05,Aurangabad
109758,2025-04-06,Customer_0940,Shoes,Clothing,4,8570.02,596.59,Kolhapur
105875,2025-04-06,Customer_1275,Office Chair,Furniture,4,26797.44,5616.3,Kolhapur
100449,2025-04-06,Customer_0186,Cabinet,Furniture,2,14860.04,1181.41,Nagpur
104794,2025-04-06,Customer_1537,Mixer,Home,7,24377.39,3701.25,Pune
105503,2025-04-06,Customer_0997,Jacket,Clothing,8,22056.79,1539.04,Nagpur
105513,2025-04-06,Customer_1033,Bedsheet,Home,2,3998.72,878.38,Nagpur
104699,2025-04-06,Customer_0845,Jeans,Clothing,4,6017.19,997.56,Mumbai
102415,2025-04-06,Customer_0408,Backpack,Clothing,6,7344.82,465.19,Nashik
105741,2025-04-06,Customer_0556,Jacket,Clothing,8,20603.03,2366.56,Aurangabad
101267,2025-04-06,Customer_1749,Tablet,Electronics,5,87358.22,6672.69,Aurangabad
107500,2025-04-07,Customer_0552,Tablet,Electronics,1,18117.66,1555.29,Kolhapur
104269,2025-04-07,Customer_2179,Jeans,Clothing,5,7200.74,1095.18,Mumbai
106827,2025-04-07,Customer_0603,Tablet,Electronics,2,34188.51,7233.41,Nashik
106816,2025-04-07,Customer_1870,Shoes,Clothing,5,12964.28,1559.38,Aurangabad
106809,2025-04-07,Customer_1660,Jacket,Clothing,8,23880.55,4532.02,Pune
101263,2025-04-07,Customer_0377,Office Chair,Furniture,1,7929.08,1153.24,Pune
102448,2025-04-07,Customer_2345,Bedsheet,Home,4,6287.37,540.84,Mumbai
106665,2025-04-07,Customer_0150,Table,Furniture,8,81413.56,11551.54,Pune
104533,2025-04-07,Customer_2444,Cabinet,Furniture,8,64809.66,4067.97,Nashik
101084,2025-04-07,Customer_0535,Vacuum Cleaner,Home,7,51408.35,3710.32,Mumbai
102523,2025-04-07,Customer_1363,Cabinet,Furniture,1,6924.13,649.25,Aurangabad
106840,2025-04-07,Customer_1119,Monitor,Electronics,4,49437.15,6169.1,Kolhapur
106867,2025-04-07,Customer_1029,Jeans,Clothing,4,5718.22,437.53,Pune
108308,2025-04-07,Customer_1716,Jeans,Clothing,7,11061.34,1704.42,Kolhapur
100320,2025-04-07,Customer_0157,Jeans,Clothing,3,5159.01,1105.84,Nashik
107946,2025-04-07,Customer_1551,Jeans,Clothing,5,8391.71,1171.3,Mumbai
105188,2025-04-08,Customer_1232,Cabinet,Furniture,1,7190.24,696.08,Nagpur
107421,2025-04-08,Customer_2122,T-Shirt,Clothing,3,2391.3,200.41,Nashik
106745,2025-04-08,Customer_1415,Mixer,Home,1,4000.7,870.88,Kolhapur
102905,2025-04-08,Customer_1318,Monitor,Electronics,3,47583.86,9585.83,Nashik
107371,2025-04-08,Customer_2112,Vacuum Cleaner,Home,3,17642.2,1120.9,Aurangabad
102903,2025-04-08,Customer_0588,Backpack,Clothing,3,4143.31,347.8,Kolhapur
101586,2025-04-08,Customer_1638,T-Shirt,Clothing,8,4807.81,772.6,Nagpur
100792,2025-04-08,Customer_0012,Lamp,Home,4,5514.26,489.67,Pune
103860,2025-04-08,Customer_0667,Cabinet,Furniture,8,64319.76,10133.66,Kolhapur
101387,2025-04-08,Customer_0363,T-Shirt,Clothing,7,4331.27,833.87,Pune
100229,2025-04-08,Customer_1822,Jeans,Clothing,8,14186.68,1029.02,Mumbai
105489,2025-04-08,Customer_0340,Laptop,Electronics,8,401462.16,80365.64,Mumbai
102093,2025-04-08,Customer_0382,Laptop,Electronics,6,356219.94,73533.85,Nashik
107023,2025-04-08,Customer_2058,Cookware,Home,5,10357.94,2154.13,Kolhapur
104976,2025-04-08,Customer_1269,Tablet,Electronics,3,60317.43,12952.53,Kolhapur
108203,2025-04-08,Customer_0460,T-Shirt,Clothing,2,1599.34,312.35,Nashik
101332,2025-04-08,Customer_2424,Vacuum Cleaner,Home,4,28189.72,2661.13,Mumbai
100737,2025-04-08,Unknown Customer,Office Chair,Furniture,4,27169.73,4463.14,Nagpur
106610,2025-04-08,Customer_0814,Office Chair,Furniture,8,52265.18,11065.22,Aurangabad
102916,2025-04-08,Customer_1648,Bedsheet,Home,4,7383.46,1228.85,Mumbai
106266,2025-04-08,Customer_2064,Jeans,Clothing,2,2799.44,432.73,Pune
105943,2025-04-08,Customer_2061,Backpack,Clothing,3,4430.05,298.86,Aurangabad
108900,2025-04-08,Customer_2348,Office Chair,Furniture,2,15709.82,2868.73,Pune
101478,2025-04-08,Customer_0834,Lamp,Home,2,2379.2,454.42,Nagpur
104367,2025-04-08,Customer_1726,Monitor,Electronics,4,53834.81,4062.93,Pune
108284,2025-04-08,Customer_0863,Lamp,Home,5,5361.09,746.66,Kolhapur
107832,2025-04-08,Customer_1558,Cookware,Home,7,13439.89,2344.44,Kolhapur
106265,2025-04-09,Customer_1648,Headphones,Electronics,6,14407.17,2534.19,Mumbai
108468,2025-04-09,Customer_0909,Vacuum Cleaner,Home,6,36531.03,6035.96,Mumbai
100119,2025-04-09,Customer_0080,T-Shirt,Clothing,8,5482.7,1096.55,Aurangabad
102926,2025-04-09,Customer_0098,Cookware,Home,8,19995.31,3706.72,Aurangabad
101568,2025-04-09,Customer_0467,Monitor,Electronics,1,14055.19,1388.47,Aurangabad
108137,2025-04-09,Customer_2112,Shoes,Clothing,8,17333.48,3028.5,Mumbai
100335,2025-04-09,Customer_1875,Desk,Furniture,2,24390.11,4437.18,Pune
106401,2025-04-09,Customer_1962,Headphones,Electronics,8,17957.46,3630.43,Pune
108407,2025-04-09,Customer_1374,Jeans,Clothing,7,11511.1,946.55,Mumbai
101724,2025-04-09,Customer_0235,Monitor,Electronics,3,36323.04,7112.07,Mumbai
106426,2025-04-09,Customer_1934,Desk,Furniture,1,12272.74,2407.05,Mumbai
106467,2025-04-09,Customer_2443,Jacket,Clothing,6,15902.43,3028.19,Mumbai
106738,2025-04-09,Customer_0238,Bedsheet,Home,6,12401.95,2038.1,Aurangabad
108358,2025-04-09,Customer_1762,Bookshelf,Furniture,1,6723.01,948.06,Aurangabad
105882,2025-04-09,Customer_1645,Laptop,Electronics,5,275996.47,53245.72,Pune
104070,2025-04-09,Customer_2071,Jeans,Clothing,7,10617.9,1128.97,Nagpur
109648,2025-04-09,Customer_0086,Bedsheet,Home,7,11825.03,811.58,Aurangabad
102440,2025-04-09,Customer_0475,Jeans,Clothing,7,12456.83,2736.09,Mumbai
106571,2025-04-09,Customer_2363,Mixer,Home,2,6613.16,592.22,Kolhapur
100343,2025-04-09,Customer_1316,Cabinet,Furniture,5,34064.19,6121.95,Pune
105111,2025-04-09,Customer_2468,Headphones,Electronics,8,21859.29,3938.71,Pune
100739,2025-04-09,Customer_0508,Vacuum Cleaner,Home,7,43033.68,4318.53,Aurangabad
100271,2025-04-09,Customer_0032,Vacuum Cleaner,Home,1,7312.45,1264.17,Mumbai
100256,2025-04-09,Customer_0634,T-Shirt,Clothing,4,3076.9,531.16,Aurangabad
107592,2025-04-09,Customer_1496,Table,Furniture,6,49997.22,8936.93,Mumbai
100579,2025-04-09,Customer_0556,Backpack,Clothing,2,2697.35,298.51,Nagpur
107334,2025-04-09,Customer_1369,Jacket,Clothing,3,9092.3,1639.9,Kolhapur
109041,2025-04-09,Customer_1889,Laptop,Electronics,2,110130.64,13251.31,Nashik
100288,2025-04-09,Customer_1126,Bedsheet,Home,5,10085.17,1246.02,Kolhapur
107888,2025-04-09,Customer_2056,Monitor,Electronics,5,61485.1,8341.51,Nashik
105561,2025-04-09,Customer_0381,Shoes,Clothing,6,14171.03,2618.45,Kolhapur
106654,2025-04-10,Customer_0374,Desk,Furniture,8,106752.23,16116.55,Aurangabad
108273,2025-04-10,Customer_1461,Cabinet,Furniture,2,17212.74,2238.19,Aurangabad
107563,2025-04-10,Customer_1451,Jeans,Clothing,3,4784.01,686.54,Nagpur
100568,2025-04-10,Customer_0134,Smartphone,Electronics,5,124489.69,13414.03,Nashik
104352,2025-04-10,Customer_0644,Table,Furniture,8,69919.35,12167.77,Nagpur
100477,2025-04-10,Customer_1625,Cookware,Home,4,9208.61,889.07,Mumbai
109076,2025-04-10,Customer_0586,Mixer,Home,5,16747.87,2535.82,Nashik
106486,2025-04-10,Customer_0210,Bedsheet,Home,4,7652.67,741.2,Aurangabad
103702,2025-04-10,Customer_0436,Bookshelf,Furniture,8,45444.85,5812.82,Mumbai
101942,2025-04-10,Customer_0290,Cookware,Home,4,9372.35,1454.46,Aurangabad
100487,2025-04-10,Customer_2147,Cookware,Home,1,2424.01,319.26,Pune
102220,2025-04-10,Customer_1278,Cabinet,Furniture,6,49582.11,8735.23,Aurangabad
108738,2025-04-10,Customer_1003,Table,Furniture,2,16950.59,1663.56,Nashik
105438,2025-04-10,Customer_1617,Jacket,Clothing,2,5784.48,1199.29,Nagpur
103375,2025-04-10,Customer_0879,Cookware,Home,4,9352.09,687.95,Mumbai
103751,2025-04-10,Customer_1716,Backpack,Clothing,1,1554.31,174.6,Nagpur
103758,2025-04-10,Customer_0940,Monitor,Electronics,6,90572.35,17763.49,Aurangabad
108789,2025-04-10,Customer_1826,Desk,Furniture,6,75019.07,11525.98,Nagpur
100012,2025-04-10,Customer_1456,Jeans,Clothing,6,10876.73,1557.95,Mumbai
109977,2025-04-10,Customer_1226,Jacket,Clothing,8,23482.73,1523.65,Pune
108671,2025-04-10,Customer_2040,Cookware,Home,2,3760.3,643.57,Pune
108163,2025-04-10,Customer_0105,Mixer,Home,1,3213.02,692.38,Pune
107046,2025-04-10,Customer_0844,Laptop,Electronics,1,50250.94,8952.11,Unknown
103104,2025-04-10,Customer_1038,Vacuum Cleaner,Home,1,6940.23,1165.11,Kolhapur
108486,2025-04-11,Customer_1344,Backpack,Clothing,5,6625.95,479.53,Kolhapur
106083,2025-04-11,Customer_2470,Smartphone,Electronics,6,166441.69,11144.09,Nagpur
100410,2025-04-11,Customer_0788,Backpack,Clothing,8,10899.36,1057.41,Mumbai
108627,2025-04-11,Customer_0137,Cabinet,Furniture,6,52284.34,4493.19,Nagpur
102454,2025-04-11,Customer_2265,Shoes,Clothing,4,11273.84,2166.85,Aurangabad
108724,2025-04-11,Customer_0776,Cabinet,Furniture,4,35450.87,7451.99,Mumbai
102993,2025-04-11,Customer_0580,Vacuum Cleaner,Home,5,36919.6,6204.59,Mumbai
105380,2025-04-11,Customer_2005,Backpack,Clothing,4,5513.04,869.54,Kolhapur
101425,2025-04-11,Customer_1670,Cabinet,Furniture,4,35756.31,6744.41,Pune
108589,2025-04-11,Customer_1953,Lamp,Home,8,10718.67,1626.22,Nagpur
105010,2025-04-11,Customer_1980,Cabinet,Furniture,1,7926.55,1658.8,Nashik
105616,2025-04-11,Customer_2228,Table,Furniture,3,23676.39,3855.4,Pune
108674,2025-04-11,Customer_0740,Shoes,Clothing,2,5380.9,993.9,Kolhapur
101159,2025-04-11,Customer_1750,Tablet,Electronics,5,78612.54,14629.72,Kolhapur
100933,2025-04-11,Customer_2313,Backpack,Clothing,7,10624.73,1921.7,Nashik
108130,2025-04-11,Customer_0445,Desk,Furniture,7,87520.14,5292.94,Kolhapur
100201,2025-04-11,Customer_1001,Shoes,Clothing,3,7004.1,563.03,Kolhapur
106931,2025-04-11,Customer_2135,Mixer,Home,1,3208.14,451.03,Kolhapur
107352,2025-04-11,Customer_2429,Vacuum Cleaner,Home,2,11156.22,1191.27,Mumbai
107372,2025-04-11,Customer_0965,Lamp,Home,4,4590.77,949.91,Nashik
103722,2025-04-11,Customer_2149,Headphones,Electronics,2,4370.77,655.13,Mumbai
103736,2025-04-11,Customer_1175,Desk,Furniture,8,108454.57,17450.05,Pune
101013,2025-04-11,Customer_1730,Bookshelf,Furniture,2,12989.58,1595.61,Aurangabad
103479,2025-04-11,Customer_1313,Table,Furniture,2,19954.9,2552.11,Aurangabad
109605,2025-04-11,Customer_0653,Headphones,Electronics,7,19166.59,3282.39,Mumbai
106328,2025-04-11,Customer_0070,Laptop,Electronics,7,332187.0,41677.27,Mumbai
106898,2025-04-11,Customer_1699,Jacket,Clothing,5,16059.57,2765.77,Nashik
103997,2025-04-11,Customer_1777,Backpack,Clothing,2,2922.17,618.34,Pune
104009,2025-04-11,Customer_0271,Desk,Furniture,2,23796.72,4260.04,Nagpur
102262,2025-04-12,Customer_0168,T-Shirt,Clothing,8,5455.64,548.79,Mumbai
103010,2025-04-12,Customer_0771,Lamp,Home,4,4475.38,291.78,Kolhapur
103897,2025-04-12,Customer_1216,Smartphone,Electronics,8,197120.5,28199.01,Nagpur
106179,2025-04-12,Customer_0675,Vacuum Cleaner,Home,8,59736.14,9276.31,Kolhapur
103803,2025-04-12,Customer_1202,Jeans,Clothing,1,1723.81,273.84,Nagpur
109934,2025-04-12,Customer_1104,Cookware,Home,5,10443.75,1604.81,Nagpur
105214,2025-04-12,Customer_1646,Office Chair,Furniture,2,14841.26,2337.7,Nagpur
107976,2025-04-12,Customer_0559,Headphones,Electronics,5,12129.61,2318.94,Nashik
107879,2025-04-12,Customer_1919,Laptop,Electronics,7,424995.04,87065.72,Aurangabad
102299,2025-04-12,Customer_0175,T-Shirt,Clothing,8,5297.01,640.82,Nashik
101421,2025-04-12,Customer_0785,Monitor,Electronics,4,59707.16,8882.58,Nashik
103795,2025-04-12,Customer_1563,Lamp,Home,4,4559.18,475.37,Aurangabad
101805,2025-04-12,Customer_2190,Bookshelf,Furniture,2,13409.23,2623.23,Aurangabad
103512,2025-04-12,Customer_2218,Bookshelf,Furniture,7,45408.17,9742.41,Mumbai
102094,2025-04-12,Customer_1631,Headphones,Electronics,5,12175.61,1555.72,Kolhapur
104492,2025-04-12,Customer_0549,Backpack,Clothing,1,1395.61,239.24,Nashik
105911,2025-04-12,Customer_1469,T-Shirt,Clothing,7,4628.15,595.31,Nashik
103116,2025-04-12,Customer_0358,Mixer,Home,2,7963.45,1576.47,Nashik
109833,2025-04-12,Customer_1581,T-Shirt,Clothing,7,5133.3,493.71,Pune
102096,2025-04-12,Customer_2063,Headphones,Electronics,7,16277.07,2122.91,Pune
104177,2025-04-12,Customer_1460,Lamp,Home,7,7516.99,1444.43,Kolhapur
106301,2025-04-13,Customer_0656,Office Chair,Furniture,3,21862.3,2106.55,Nashik
107616,2025-04-13,Customer_0407,Lamp,Home,6,7057.93,564.09,Pune
104619,2025-04-13,Customer_0064,Vacuum Cleaner,Home,2,14130.41,1235.87,Nashik
108023,2025-04-13,Customer_1576,Tablet,Electronics,2,40850.14,4913.23,Pune
109085,2025-04-13,Customer_1873,Mixer,Home,2,6948.68,790.54,Nashik
103286,2025-04-13,Customer_2174,Lamp,Home,1,1102.23,140.74,Mumbai
108624,2025-04-13,Customer_1349,T-Shirt,Clothing,8,5435.88,686.23,Aurangabad
104092,2025-04-13,Customer_1451,Shoes,Clothing,4,11097.52,2332.94,Mumbai
106858,2025-04-13,Customer_1976,Backpack,Clothing,4,5250.86,938.97,Aurangabad
105205,2025-04-13,Customer_2369,Smartphone,Electronics,7,156081.02,22165.6,Aurangabad
108795,2025-04-13,Customer_0405,Tablet,Electronics,4,71618.03,6464.29,Nagpur
104127,2025-04-13,Customer_0301,Smartphone,Electronics,5,119318.97,23061.93,Mumbai
105368,2025-04-13,Customer_2479,T-Shirt,Clothing,3,1964.96,176.1,Nagpur
108059,2025-04-13,Customer_2057,Mixer,Home,2,7426.13,1457.27,Kolhapur
109254,2025-04-13,Unknown Customer,Bookshelf,Furniture,7,37663.57,3529.03,Kolhapur
108116,2025-04-13,Customer_1414,Lamp,Home,4,4875.63,973.71,Aurangabad
102451,2025-04-13,Customer_0202,Jacket,Clothing,2,4916.97,676.06,Kolhapur
108386,2025-04-13,Customer_2254,Mixer,Home,8,26406.26,2519.99,Aurangabad
100000,2025-04-13,Customer_1004,Laptop,Electronics,5,255609.78,33684.57,Mumbai
101830,2025-04-13,Customer_0156,Table,Furniture,4,41052.89,5602.18,Mumbai
100786,2025-04-13,Customer_2481,Mixer,Home,5,18236.32,3654.53,Aurangabad
101470,2025-04-13,Customer_1423,Bedsheet,Home,4,7168.34,1382.26,Pune
100007,2025-04-13,Customer_0178,Jacket,Clothing,5,15588.66,2250.39,Aurangabad
100416,2025-04-13,Customer_0828,Shoes,Clothing,4,9573.52,587.36,Kolhapur
103868,2025-04-14,Customer_1583,Monitor,Electronics,8,111061.82,15801.11,Pune
101139,2025-04-14,Customer_2146,Lamp,Home,2,2439.79,185.4,Aurangabad
105822,2025-04-14,Customer_0557,Cookware,Home,7,13905.09,2439.86,Nagpur
101136,2025-04-14,Customer_0733,Shoes,Clothing,1,2248.55,261.32,Nagpur
108887,2025-04-14,Customer_1025,Table,Furniture,1,7801.06,1206.33,Kolhapur
103857,2025-04-14,Customer_0953,Bookshelf,Furniture,7,38776.12,3558.42,Pune
105844,2025-04-14,Customer_1304,Monitor,Electronics,2,23885.72,2533.16,Kolhapur
102328,2025-04-14,Customer_2237,Shoes,Clothing,1,2704.11,563.76,Aurangabad
104902,2025-04-14,Customer_0053,Shoes,Clothing,2,5609.4,1099.85,Pune
106549,2025-04-14,Customer_2124,Desk,Furniture,3,31281.54,2251.21,Aurangabad
102678,2025-04-14,Customer_0747,Shoes,Clothing,2,5245.19,1045.91,Nagpur
101056,2025-04-14,Customer_1089,Lamp,Home,1,1167.31,171.68,Kolhapur
101069,2025-04-14,Customer_1290,Jeans,Clothing,4,5965.92,548.74,Pune
101070,2025-04-14,Customer_0387,Backpack,Clothing,3,3862.14,724.81,Pune
108845,2025-04-14,Customer_1745,Bookshelf,Furniture,2,12660.92,2483.62,Aurangabad
100368,2025-04-14,Customer_1418,Bookshelf,Furniture,4,22192.39,2483.55,Kolhapur
104808,2025-04-14,Customer_2097,T-Shirt,Clothing,1,678.06,142.77,Nagpur
107316,2025-04-14,Customer_0780,Monitor,Electronics,4,51177.82,6019.25,Nashik
104558,2025-04-14,Customer_0517,Bookshelf,Furniture,2,12236.62,1316.69,Nagpur
107259,2025-04-14,Customer_0264,T-Shirt,Clothing,7,4812.21,504.92,Mumbai
104744,2025-04-14,Customer_0708,Cookware,Home,3,9627.65,1080.69,Mumbai
103820,2025-04-14,Customer_2199,Mixer,Home,1,3169.85,578.2,Pune
109127,2025-04-14,Customer_1224,Shoes,Clothing,6,12918.15,1265.07,Nagpur
101412,2025-04-14,Customer_0860,Bookshelf,Furniture,3,19884.79,2852.59,Mumbai
104187,2025-04-14,Customer_0951,Laptop,Electronics,5,295451.11,44048.93,Aurangabad
108362,2025-04-14,Customer_0242,Bookshelf,Furniture,7,38673.95,3964.36,Pune
102974,2025-04-14,Customer_1031,Cabinet,Furniture,1,7625.51,1565.52,Nashik
109783,2025-04-14,Customer_1400,Jeans,Clothing,8,14583.12,2595.46,Nagpur
103594,2025-04-14,Customer_2137,Office Chair,Furniture,4,30196.34,4418.01,Aurangabad
109603,2025-04-14,Customer_0176,Desk,Furniture,3,31011.14,5687.1,Nagpur
100283,2025-04-14,Customer_1432,Monitor,Electronics,4,57347.84,11735.98,Nashik
108274,2025-04-14,Customer_0569,Office Chair,Furniture,6,46595.28,3448.59,Pune
103467,2025-04-14,Customer_1627,Jeans,Clothing,4,5832.19,858.72,Kolhapur
109728,2025-04-14,Customer_0259,Monitor,Electronics,5,61109.4,9498.31,Aurangabad
105226,2025-04-14,Customer_0710,Bedsheet,Home,1,1989.27,415.87,Nashik
108032,2025-04-15,Customer_1224,Jacket,Clothing,6,17655.82,1777.98,Nashik
109761,2025-04-15,Customer_2174,Shoes,Clothing,8,17130.08,2910.44,Mumbai
102514,2025-04-15,Customer_1511,Jacket,Clothing,2,6323.34,812.77,Nashik
106418,2025-04-15,Customer_0657,Backpack,Clothing,5,6696.86,866.84,Mumbai
105250,2025-04-15,Customer_0120,Table,Furniture,2,16047.2,3145.47,Mumbai
109621,2025-04-15,Customer_1973,Shoes,Clothing,8,21521.35,1909.2,Aurangabad
104058,2025-04-15,Customer_1830,Bedsheet,Home,5,10226.82,958.82,Mumbai
109574,2025-04-15,Customer_2082,Headphones,Electronics,2,5347.13,554.1,Aurangabad
101919,2025-04-15,Customer_0487,Cookware,Home,5,2470.75,268.47,Mumbai
109566,2025-04-15,Customer_1150,Jacket,Clothing,2,5493.14,637.5,Nashik
106646,2025-04-15,Customer_2104,Jacket,Clothing,6,17281.57,2720.99,Nagpur
109510,2025-04-15,Customer_1714,Smartphone,Electronics,4,87116.74,10075.68,Pune
106679,2025-04-15,Customer_2230,Smartphone,Electronics,5,107622.86,13967.68,Kolhapur
109430,2025-04-15,Customer_2452,Headphones,Electronics,7,16904.39,3364.96,Nashik
107380,2025-04-15,Customer_2326,T-Shirt,Clothing,4,2406.57,501.33,Aurangabad
102581,2025-04-15,Customer_1381,Smartphone,Electronics,1,23446.27,3955.88,Aurangabad
109075,2025-04-15,Customer_2089,Cookware,Home,7,16212.45,2858.27,Nashik
100531,2025-04-15,Customer_2426,Monitor,Electronics,4,55004.68,8446.58,Kolhapur
100738,2025-04-15,Customer_1123,Headphones,Electronics,4,10637.8,1809.33,Nashik
105291,2025-04-15,Customer_2011,Bedsheet,Home,6,12260.21,949.16,Nagpur
109992,2025-04-15,Customer_0183,Smartphone,Electronics,2,48810.59,8648.63,Nagpur
101588,2025-04-15,Customer_2267,Vacuum Cleaner,Home,6,34538.27,5224.33,Pune
100803,2025-04-16,Customer_2331,Tablet,Electronics,8,134299.3,13753.0,Aurangabad
108244,2025-04-16,Customer_1615,Tablet,Electronics,3,47452.15,6461.42,Mumbai
106678,2025-04-16,Customer_0731,Desk,Furniture,3,33540.32,6638.33,Kolhapur
107092,2025-04-16,Customer_2046,Table,Furniture,5,42329.3,7624.61,Kolhapur
101838,2025-04-16,Customer_1746,Desk,Furniture,2,27169.27,4942.94,Aurangabad
109834,2025-04-16,Customer_1968,Desk,Furniture,4,41072.87,5214.08,Aurangabad
105510,2025-04-16,Customer_0904,Vacuum Cleaner,Home,4,29034.88,3718.93,Nashik
102845,2025-04-16,Customer_0365,Mixer,Home,6,22962.15,4421.73,Pune
108317,2025-04-16,Customer_0124,Cookware,Home,5,10977.26,2032.28,Pune
107114,2025-04-16,Customer_1738,Bedsheet,Home,8,13943.25,2395.9,Nashik
100065,2025-04-16,Customer_2478,Bookshelf,Furniture,5,33237.73,4431.27,Mumbai
108344,2025-04-16,Customer_2020,Bedsheet,Home,1,1706.45,257.1,Pune
109384,2025-04-16,Customer_0225,Bedsheet,Home,8,14440.06,1829.94,Kolhapur
106709,2025-04-16,Customer_1171,Smartphone,Electronics,5,129688.36,20704.88,Pune
109492,2025-04-16,Customer_1939,Table,Furniture,8,74760.79,11569.38,Aurangabad
102314,2025-04-16,Customer_0546,Tablet,Electronics,7,136649.99,15968.15,Aurangabad
107658,2025-04-16,Customer_1582,Office Chair,Furniture,8,67115.89,13785.68,Nashik
108642,2025-04-16,Customer_0013,Jacket,Clothing,2,5677.78,731.48,Nashik
105718,2025-04-16,Customer_0424,Cookware,Home,7,15105.55,1953.67,Nagpur
101148,2025-04-16,Customer_1003,Mixer,Home,1,3438.26,600.44,Kolhapur
102170,2025-04-16,Customer_1538,Smartphone,Electronics,7,187825.95,25302.93,Nashik
105677,2025-04-16,Customer_1085,Laptop,Electronics,2,98949.91,21082.82,Aurangabad
107339,2025-04-16,Customer_1683,Monitor,Electronics,3,45553.78,4240.26,Pune
105038,2025-04-16,Customer_0536,Shoes,Clothing,2,4890.45,999.31,Pune
105627,2025-04-16,Customer_1806,Desk,Furniture,7,94629.3,12501.49,Mumbai
105047,2025-04-16,Customer_2139,T-Shirt,Clothing,7,5297.13,506.81,Unknown
108785,2025-04-16,Customer_0983,Bookshelf,Furniture,2,11840.64,1686.46,Aurangabad
106003,2025-04-16,Customer_0182,Tablet,Electronics,7,113912.83,16137.27,Mumbai
106463,2025-04-16,Customer_0975,Lamp,Home,1,1268.22,259.32,Pune
109610,2025-04-16,Customer_1720,Office Chair,Furniture,4,34289.86,3286.63,Mumbai
109682,2025-04-16,Unknown Customer,Vacuum Cleaner,Home,1,6447.33,843.98,Nagpur
104444,2025-04-17,Customer_1250,T-Shirt,Clothing,4,2392.29,480.11,Mumbai
108100,2025-04-17,Customer_1221,T-Shirt,Clothing,1,691.24,121.25,Pune
103698,2025-04-17,Customer_1662,Monitor,Electronics,6,71931.23,14198.07,Nagpur
102792,2025-04-17,Customer_0363,Cabinet,Furniture,2,17129.99,3383.91,Aurangabad
101992,2025-04-17,Customer_1022,Cabinet,Furniture,3,25460.04,1698.72,Nashik
103352,2025-04-17,Customer_0835,Tablet,Electronics,5,83850.68,6116.0,Nagpur
102146,2025-04-17,Customer_1188,Tablet,Electronics,1,19819.39,1276.79,Nagpur
108866,2025-04-17,Customer_1886,Table,Furniture,4,34407.67,7462.49,Kolhapur
102992,2025-04-17,Customer_0275,Headphones,Electronics,2,5123.18,1017.98,Nashik
106942,2025-04-17,Customer_1293,Smartphone,Electronics,6,169899.03,29132.01,Aurangabad
105702,2025-04-17,Customer_2451,Tablet,Electronics,6,105584.85,8934.39,Mumbai
100003,2025-04-17,Customer_2233,Monitor,Electronics,4,58453.59,4915.82,Nagpur
104698,2025-04-17,Customer_0711,Monitor,Electronics,4,61139.61,6210.97,Mumbai
107746,2025-04-17,Customer_2212,Office Chair,Furniture,4,31385.29,5702.93,Aurangabad
101554,2025-04-17,Customer_1592,Smartphone,Electronics,3,77810.76,14377.17,Nagpur
100867,2025-04-17,Customer_2356,Bookshelf,Furniture,2,11116.99,1135.26,Mumbai
103935,2025-04-18,Customer_2410,Bedsheet,Home,4,7097.47,1001.09,Kolhapur
102002,2025-04-18,Customer_0168,T-Shirt,Clothing,3,2146.89,367.77,Pune
102664,2025-04-18,Customer_0749,Desk,Furniture,5,61956.4,5230.64,Aurangabad
105721,2025-04-18,Customer_0194,Tablet,Electronics,3,55745.11,8481.38,Pune
102231,2025-04-18,Customer_0795,Tablet,Electronics,7,117333.74,25800.94,Nashik
106943,2025-04-18,Customer_2401,Laptop,Electronics,3,151973.58,16955.92,Nashik
101475,2025-04-18,Customer_2319,Lamp,Home,7,7958.49,851.1,Aurangabad
107504,2025-04-18,Customer_0769,Office Chair,Furniture,5,40060.81,3324.99,Aurangabad
104337,2025-04-18,Customer_1124,Tablet,Electronics,8,125774.11,26526.52,Aurangabad
107014,2025-04-18,Customer_2098,Monitor,Electronics,8,115310.04,17622.84,Mumbai
105495,2025-04-18,Customer_1650,Lamp,Home,7,8281.62,1519.37,Nagpur
101491,2025-04-18,Customer_0893,Cookware,Home,7,13555.73,1377.72,Mumbai
106783,2025-04-18,Customer_0118,Shoes,Clothing,7,19936.15,3395.02,Pune
100165,2025-04-18,Customer_1920,Shoes,Clothing,2,4989.87,761.76,Aurangabad
101419,2025-04-18,Customer_1443,Bookshelf,Furniture,6,37070.27,2751.68,Mumbai
103504,2025-04-18,Customer_1670,T-Shirt,Clothing,6,3809.02,434.44,Aurangabad
102181,2025-04-18,Customer_2391,Shoes,Clothing,2,4734.22,697.25,Kolhapur
103966,2025-04-18,Customer_1532,Jacket,Clothing,4,10902.04,1705.68,Aurangabad
107724,2025-04-18,Customer_0228,Headphones,Electronics,4,10503.95,1722.35,Mumbai
107660,2025-04-18,Unknown Customer,Tablet,Electronics,7,123661.6,10019.66,Nashik
109154,2025-04-18,Customer_2261,Jacket,Clothing,7,18185.71,1932.83,Pune
107302,2025-04-18,Customer_0032,T-Shirt,Clothing,1,798.73,124.26,Nashik
105362,2025-04-18,Customer_2044,Tablet,Electronics,3,56279.88,10701.42,Kolhapur
103277,2025-04-18,Customer_0429,Jacket,Clothing,1,2577.42,328.68,Nagpur
100414,2025-04-18,Customer_0600,Bedsheet,Home,6,10205.06,2201.26,Nashik
108838,2025-04-18,Customer_0339,Table,Furniture,1,9159.48,937.99,Aurangabad
106540,2025-04-19,Customer_2410,Desk,Furniture,4,45566.06,6102.82,Aurangabad
100586,2025-04-19,Customer_0868,Cookware,Home,7,14501.01,1235.86,Nagpur
106316,2025-04-19,Customer_1845,Headphones,Electronics,5,11264.37,2211.69,Pune
102266,2025-04-19,Customer_0353,Backpack,Clothing,3,3696.29,667.92,Aurangabad
104211,2025-04-19,Customer_1199,Desk,Furniture,3,37939.18,5602.66,Pune
102749,2025-04-19,Customer_0378,Headphones,Electronics,4,8948.3,1367.55,Nagpur
102548,2025-04-19,Customer_1255,Smartphone,Electronics,6,139837.82,10930.94,Mumbai
106395,2025-04-19,Customer_2479,Vacuum Cleaner,Home,5,30172.03,3378.27,Kolhapur
100922,2025-04-19,Customer_0727,Cookware,Home,2,4512.36,590.52,Nagpur
103228,2025-04-19,Customer_2241,Cookware,Home,7,14316.77,1879.35,Kolhapur
101331,2025-04-19,Customer_1016,Tablet,Electronics,4,76247.28,13770.97,Nashik
103448,2025-04-19,Customer_0550,Bookshelf,Furniture,6,31358.12,6800.06,Nagpur
103759,2025-04-19,Customer_2380,Headphones,Electronics,2,4635.51,580.06,Nagpur
106818,2025-04-19,Customer_0154,Office Chair,Furniture,8,61691.65,6535.8,Aurangabad
108648,2025-04-19,Customer_0468,Smartphone,Electronics,5,135340.84,22165.63,Pune
109031,2025-04-19,Customer_0318,T-Shirt,Clothing,5,3623.31,713.32,Aurangabad
103434,2025-04-19,Customer_2165,Table,Furniture,4,36169.95,4351.93,Aurangabad
103281,2025-04-19,Customer_0183,Backpack,Clothing,8,9695.34,2038.7,Nashik
104500,2025-04-19,Customer_2313,Table,Furniture,2,17362.11,3291.51,Pune
109046,2025-04-19,Customer_2318,Laptop,Electronics,5,257134.28,19470.83,Mumbai
107541,2025-04-19,Customer_2202,Lamp,Home,8,10932.21,2076.94,Aurangabad
108101,2025-04-19,Customer_1921,Smartphone,Electronics,3,73500.4,13738.29,Mumbai
104073,2025-04-19,Customer_0912,Lamp,Home,3,3896.7,554.18,Nagpur
104087,2025-04-19,Customer_2358,Monitor,Electronics,3,47142.74,6867.82,Aurangabad
106414,2025-04-19,Customer_1964,Laptop,Electronics,2,119024.88,20978.29,Aurangabad
105141,2025-04-19,Customer_1938,Jacket,Clothing,7,21938.91,2725.52,Kolhapur
105841,2025-04-19,Customer_0288,Monitor,Electronics,2,25911.03,5376.04,Pune
103004,2025-04-19,Customer_1574,Headphones,Electronics,2,4889.0,797.66,Mumbai
109421,2025-04-19,Customer_0500,Jeans,Clothing,7,11302.6,1779.77,Mumbai
105904,2025-04-19,Customer_0125,Desk,Furniture,3,37586.95,7485.02,Pune
104997,2025-04-20,Customer_2472,Desk,Furniture,1,12058.74,1581.78,Nashik
109987,2025-04-20,Customer_1570,Mixer,Home,2,6337.86,692.87,Mumbai
107216,2025-04-20,Customer_1160,Jeans,Clothing,2,3419.72,438.9,Nashik
104866,2025-04-20,Customer_2121,Bedsheet,Home,5,7760.94,1166.43,Nashik
109623,2025-04-20,Customer_1696,Jacket,Clothing,4,11113.28,1416.41,Pune
104775,2025-04-20,Customer_1394,Tablet,Electronics,6,97078.48,10032.26,Pune
102121,2025-04-20,Customer_1925,Mixer,Home,3,11497.75,2090.47,Mumbai
106754,2025-04-20,Customer_0997,Cabinet,Furniture,3,24647.72,4540.57,Nagpur
104527,2025-04-20,Customer_1692,Jeans,Clothing,5,7475.21,1160.54,Nagpur
101161,2025-04-20,Customer_2018,Vacuum Cleaner,Home,8,57527.8,9772.99,Mumbai
109501,2025-04-20,Customer_0893,Lamp,Home,6,6831.58,834.98,Pune
105855,2025-04-20,Customer_0716,Cabinet,Furniture,7,47665.96,5637.76,Mumbai
103120,2025-04-20,Customer_0760,Shoes,Clothing,2,5059.26,862.84,Kolhapur
106186,2025-04-20,Customer_1958,Shoes,Clothing,4,10022.61,1150.02,Nagpur
103155,2025-04-20,Customer_1952,Vacuum Cleaner,Home,2,13155.8,1205.25,Nagpur
105793,2025-04-20,Customer_1607,Mixer,Home,6,20616.3,2842.11,Nagpur
108241,2025-04-20,Customer_0875,Shoes,Clothing,8,20524.34,4188.08,Nagpur
106409,2025-04-21,Customer_0718,Monitor,Electronics,1,13047.94,2444.74,Kolhapur
100896,2025-04-21,Customer_2057,Tablet,Electronics,6,104483.12,10650.81,Pune
105381,2025-04-21,Customer_0009,Mixer,Home,1,3309.49,607.57,Pune
101389,2025-04-21,Customer_0817,Vacuum Cleaner,Home,3,22174.08,3802.57,Mumbai
100924,2025-04-21,Customer_1768,Cabinet,Furniture,1,8745.04,1489.74,Kolhapur
103802,2025-04-21,Customer_2173,Jeans,Clothing,5,8077.36,1477.72,Unknown
101078,2025-04-21,Customer_1249,Tablet,Electronics,1,20342.84,3856.31,Kolhapur
101138,2025-04-21,Customer_0468,Office Chair,Furniture,2,15937.46,1894.26,Aurangabad
100926,2025-04-21,Customer_1436,Table,Furniture,7,59427.39,4513.29,Kolhapur
107884,2025-04-21,Customer_1385,T-Shirt,Clothing,8,6296.68,923.02,Mumbai
104409,2025-04-21,Customer_0997,Jacket,Clothing,2,5147.47,548.85,Aurangabad
106236,2025-04-21,Customer_2198,Cookware,Home,2,5019.69,878.86,Aurangabad
105147,2025-04-21,Customer_0428,Table,Furniture,4,38516.74,6071.83,Kolhapur
102709,2025-04-21,Customer_1683,Smartphone,Electronics,2,47007.9,3946.21,Nagpur
109718,2025-04-21,Customer_0504,T-Shirt,Clothing,5,3362.13,684.98,Nashik
108883,2025-04-21,Customer_2226,Office Chair,Furniture,8,65968.56,14426.31,Nashik
105887,2025-04-21,Customer_1669,Laptop,Electronics,1,56983.8,12168.99,Nashik
109563,2025-04-21,Customer_1890,Laptop,Electronics,5,290696.07,39369.84,Nagpur
103623,2025-04-21,Customer_2111,Smartphone,Electronics,6,158520.31,26443.91,Aurangabad
106491,2025-04-21,Customer_1407,Cookware,Home,7,15857.71,1564.75,Nashik
103846,2025-04-21,Customer_2107,Vacuum Cleaner,Home,5,36699.58,7677.13,Pune
106212,2025-04-21,Customer_1421,Cabinet,Furniture,3,22821.65,4191.64,Mumbai
103460,2025-04-21,Customer_2401,Office Chair,Furniture,1,6554.47,814.77,Pune
104173,2025-04-21,Customer_1237,Office Chair,Furniture,1,6405.16,1248.64,Nashik
102569,2025-04-21,Customer_0770,Desk,Furniture,8,100734.01,17022.24,Pune
109944,2025-04-21,Customer_0880,Shoes,Clothing,4,10024.24,816.18,Nagpur
109956,2025-04-21,Customer_1276,Headphones,Electronics,2,4317.35,332.76,Nashik
102688,2025-04-22,Customer_1519,Shoes,Clothing,5,11427.36,2462.9,Mumbai
102912,2025-04-22,Customer_1861,Bedsheet,Home,3,5131.48,1095.96,Kolhapur
108194,2025-04-22,Customer_0054,Smartphone,Electronics,7,191006.49,38732.36,Nagpur
104555,2025-04-22,Customer_2015,Cookware,Home,5,11941.47,2048.47,Mumbai
106322,2025-04-22,Customer_1344,Desk,Furniture,8,105930.7,10771.8,Aurangabad
105895,2025-04-22,Customer_0656,Monitor,Electronics,3,44590.1,8588.57,Aurangabad
106748,2025-04-22,Customer_2020,Mixer,Home,1,3415.93,317.52,Pune
100261,2025-04-22,Customer_0026,Jacket,Clothing,6,16944.06,3214.23,Mumbai
104908,2025-04-22,Customer_0166,Desk,Furniture,8,101726.03,21643.68,Mumbai
100947,2025-04-22,Customer_0356,Office Chair,Furniture,3,21782.6,2099.57,Nashik
101284,2025-04-22,Customer_0438,Bookshelf,Furniture,7,43936.6,8076.86,Aurangabad
102503,2025-04-22,Customer_0562,T-Shirt,Clothing,1,772.33,102.35,Kolhapur
104146,2025-04-22,Customer_1424,Cookware,Home,7,17600.19,2430.67,Nagpur
109756,2025-04-22,Customer_0605,Jacket,Clothing,7,21548.88,1751.83,Kolhapur
104091,2025-04-22,Customer_0006,Cabinet,Furniture,3,22131.21,2767.42,Nashik
105169,2025-04-22,Customer_1615,Smartphone,Electronics,6,139590.05,26582.04,Mumbai
105508,2025-04-22,Customer_1429,Smartphone,Electronics,7,191968.52,33285.97,Kolhapur
103709,2025-04-22,Customer_0440,Headphones,Electronics,8,19234.2,2297.56,Mumbai
107142,2025-04-22,Customer_0829,Bedsheet,Home,8,12823.5,1415.46,Kolhapur
107251,2025-04-22,Customer_1653,Jacket,Clothing,7,19391.12,3699.67,Nashik
109144,2025-04-23,Customer_0173,Vacuum Cleaner,Home,4,26510.11,4583.56,Kolhapur
108940,2025-04-23,Customer_1263,Backpack,Clothing,1,1449.45,290.89,Mumbai
106633,2025-04-23,Customer_0487,Lamp,Home,7,8790.24,583.85,Pune
100200,2025-04-23,Customer_1202,Headphones,Electronics,1,2283.03,220.1,Nashik
100205,2025-04-23,Customer_1179,T-Shirt,Clothing,8,5696.47,575.14,Aurangabad
104033,2025-04-23,Customer_1409,Desk,Furniture,7,76097.42,11390.37,Pune
101381,2025-04-23,Customer_1582,Table,Furniture,6,52618.72,10989.75,Nashik
109949,2025-04-23,Customer_2052,Bedsheet,Home,5,7880.17,1361.8,Nagpur
101232,2025-04-23,Customer_1683,Cookware,Home,5,9627.65,1965.17,Kolhapur
102793,2025-04-23,Customer_1772,Jeans,Clothing,8,14492.04,1337.22,Nagpur
103571,2025-04-23,Customer_2354,Bedsheet,Home,3,4715.22,477.46,Nagpur
105321,2025-04-23,Customer_2196,Bookshelf,Furniture,1,6227.71,653.41,Nashik
102761,2025-04-23,Customer_0975,Smartphone,Electronics,1,27859.94,4283.82,Mumbai
101673,2025-04-23,Customer_1005,Bookshelf,Furniture,3,16672.78,3300.1,Kolhapur
104262,2025-04-23,Customer_0728,Laptop,Electronics,7,388144.46,36915.06,Kolhapur
102615,2025-04-23,Customer_0398,Table,Furniture,2,15512.71,1832.35,Nagpur
102513,2025-04-23,Customer_0023,Lamp,Home,4,4913.33,803.27,Kolhapur
103399,2025-04-23,Customer_1663,Office Chair,Furniture,4,29060.82,4647.68,Nashik
105531,2025-04-23,Customer_0943,Cabinet,Furniture,1,7460.9,466.97,Pune
100282,2025-04-23,Customer_0689,Jeans,Clothing,6,10083.9,890.1,Pune
106692,2025-04-23,Customer_1843,Mixer,Home,3,10203.92,1932.05,Nagpur
100988,2025-04-23,Customer_1561,Bedsheet,Home,2,3150.61,215.39,Kolhapur
100195,2025-04-23,Customer_1086,Office Chair,Furniture,8,52811.16,5784.99,Nashik
105288,2025-04-23,Customer_1186,Smartphone,Electronics,2,53847.26,6409.24,Pune
103307,2025-04-23,Customer_1981,Desk,Furniture,4,47272.54,4664.26,Kolhapur
100876,2025-04-23,Customer_0021,Office Chair,Furniture,1,6572.49,1097.01,Kolhapur
109134,2025-04-23,Customer_0773,T-Shirt,Clothing,2,1501.4,128.29,Nashik
108214,2025-04-24,Customer_0220,Jacket,Clothing,8,20388.34,1436.12,Nashik
105133,2025-04-24,Customer_1275,Jacket,Clothing,1,2432.14,180.9,Nashik
104047,2025-04-24,Customer_1662,Backpack,Clothing,8,10415.98,2266.29,Pune
100534,2025-04-24,Unknown Customer,Cookware,Home,5,11993.87,1879.45,Nashik
107906,2025-04-24,Customer_2090,Shoes,Clothing,7,17045.05,2545.19,Kolhapur
106759,2025-04-24,Customer_1274,Mixer,Home,4,13619.39,2501.19,Kolhapur
108184,2025-04-24,Customer_1565,Smartphone,Electronics,7,175910.06,17050.16,Mumbai
104463,2025-04-24,Customer_0058,Desk,Furniture,5,61328.9,6283.09,Nashik
107811,2025-04-24,Customer_1387,T-Shirt,Clothing,5,3097.23,412.25,Nashik
108169,2025-04-24,Customer_2357,Monitor,Electronics,6,75307.5,11026.14,Nagpur
108280,2025-04-24,Unknown Customer,Desk,Furniture,6,61326.18,4617.37,Aurangabad
100361,2025-04-24,Customer_2270,Mixer,Home,6,23468.47,2145.74,Kolhapur
102059,2025-04-24,Customer_1960,Table,Furniture,8,79172.08,8675.23,Pune
102984,2025-04-24,Customer_0101,Table,Furniture,7,53740.71,9150.17,Mumbai
102348,2025-04-24,Customer_0313,Mixer,Home,2,6594.22,897.05,Nashik
106888,2025-04-24,Customer_0915,Tablet,Electronics,8,122518.84,14519.96,Nashik
109013,2025-04-24,Customer_1176,Table,Furniture,6,57915.5,5970.99,Mumbai
104255,2025-04-24,Customer_0343,Desk,Furniture,2,25034.16,2478.25,Mumbai
101233,2025-04-24,Customer_2328,T-Shirt,Clothing,1,711.94,148.54,Nagpur
108677,2025-04-24,Customer_0949,Bookshelf,Furniture,8,52668.18,9106.33,Pune
103546,2025-04-24,Customer_0703,Bookshelf,Furniture,7,43976.85,4608.69,Kolhapur
109065,2025-04-24,Customer_1568,Backpack,Clothing,2,2992.2,289.22,Pune
107430,2025-04-24,Customer_1166,Cabinet,Furniture,2,13948.92,929.51,Mumbai
101114,2025-04-25,Customer_2146,Desk,Furniture,5,65592.97,4405.24,Mumbai
100530,2025-04-25,Customer_1610,Shoes,Clothing,5,10936.4,990.49,Nashik
103094,2025-04-25,Customer_1310,Mixer,Home,8,27485.6,2678.53,Nashik
109709,2025-04-25,Customer_0541,Jacket,Clothing,2,5985.68,957.96,Pune
108475,2025-04-25,Customer_0931,Shoes,Clothing,1,2322.58,367.29,Aurangabad
105224,2025-04-25,Customer_0888,Jacket,Clothing,3,9326.94,1009.61,Nashik
108948,2025-04-25,Customer_1159,Vacuum Cleaner,Home,7,42312.86,5134.59,Nashik
106290,2025-04-25,Customer_0920,Office Chair,Furniture,3,23214.51,2465.67,Nashik
102327,2025-04-25,Customer_2121,Monitor,Electronics,4,52297.19,7913.56,Kolhapur
108830,2025-04-25,Customer_0220,Shoes,Clothing,7,18380.41,3008.4,Pune
108054,2025-04-25,Customer_1201,Jacket,Clothing,7,21768.29,3306.53,Nashik
106518,2025-04-25,Customer_2446,Monitor,Electronics,4,55486.37,9463.03,Pune
104572,2025-04-25,Customer_1133,Office Chair,Furniture,7,58109.36,11943.28,Nashik
109338,2025-04-25,Customer_0237,Table,Furniture,8,64652.62,5553.22,Nashik
105927,2025-04-25,Customer_1261,Headphones,Electronics,4,9418.31,1263.3,Nagpur
109275,2025-04-25,Customer_0239,Mixer,Home,8,24757.14,2734.95,Nashik
106579,2025-04-26,Customer_0341,Bookshelf,Furniture,7,40385.69,7630.92,Aurangabad
102765,2025-04-26,Customer_2108,Mixer,Home,5,9627.65,1298.72,Nashik
105172,2025-04-26,Customer_1793,Laptop,Electronics,4,234602.77,42420.6,Nagpur
107389,2025-04-26,Customer_1847,Table,Furniture,6,55748.05,8418.4,Aurangabad
103395,2025-04-26,Customer_2131,Desk,Furniture,5,59828.27,4299.2,Aurangabad
102942,2025-04-26,Customer_1392,Vacuum Cleaner,Home,6,43339.42,4080.57,Pune
109090,2025-04-26,Customer_2000,Tablet,Electronics,7,131557.92,23801.83,Mumbai
104941,2025-04-26,Customer_0489,Cookware,Home,3,7506.16,1438.28,Pune
100177,2025-04-26,Customer_0769,Bedsheet,Home,1,1880.93,120.29,Kolhapur
100280,2025-04-26,Customer_1785,Mixer,Home,4,12779.51,790.86,Kolhapur
105970,2025-04-26,Customer_0891,Headphones,Electronics,6,15648.1,2724.12,Kolhapur
106572,2025-04-26,Customer_2279,Monitor,Electronics,5,79062.33,13212.66,Pune
100345,2025-04-26,Customer_1440,Cookware,Home,8,15467.54,1978.79,Nagpur
109422,2025-04-26,Customer_2290,Tablet,Electronics,2,37181.13,6552.94,Aurangabad
104041,2025-04-26,Customer_2461,Bookshelf,Furniture,2,10405.85,1618.26,Kolhapur
104671,2025-04-26,Customer_0767,Cabinet,Furniture,3,24210.64,5128.55,Pune
107776,2025-04-26,Customer_2066,Vacuum Cleaner,Home,6,35854.64,7769.27,Mumbai
105311,2025-04-26,Customer_1952,Shoes,Clothing,1,2185.81,450.88,Pune
109928,2025-04-26,Customer_2242,Shoes,Clothing,1,2444.95,393.09,Nashik
104052,2025-04-26,Customer_1584,Lamp,Home,7,8930.88,1938.51,Aurangabad
108776,2025-04-26,Customer_0215,Mixer,Home,5,17797.63,3445.2,Kolhapur
102304,2025-04-26,Customer_1614,Bookshelf,Furniture,5,27926.06,2123.14,Pune
108654,2025-04-26,Customer_1805,T-Shirt,Clothing,5,3678.68,488.95,Aurangabad
101828,2025-04-26,Customer_0326,Table,Furniture,4,40915.06,3718.46,Pune
108030,2025-04-26,Customer_1900,Bedsheet,Home,8,14112.33,2437.33,Nagpur
105557,2025-04-26,Customer_1299,Backpack,Clothing,1,1498.17,304.94,Pune
103531,2025-04-26,Customer_0702,Bookshelf,Furniture,6,38039.76,7729.88,Mumbai
102463,2025-04-26,Customer_1880,Headphones,Electronics,5,11786.59,1077.23,Mumbai
103085,2025-04-27,Customer_0638,Smartphone,Electronics,8,207685.01,40385.14,Aurangabad
104029,2025-04-27,Customer_2337,Cookware,Home,2,4522.56,626.84,Kolhapur
108029,2025-04-27,Customer_1702,Laptop,Electronics,4,201804.72,13126.1,Nagpur
106102,2025-04-27,Customer_0210,Laptop,Electronics,2,116053.08,7290.57,Nagpur
102129,2025-04-27,Customer_1717,Desk,Furniture,6,62114.43,3838.17,Nagpur
102407,2025-04-27,Customer_1454,Laptop,Electronics,2,103001.95,20836.14,Nagpur
101461,2025-04-27,Customer_1093,Vacuum Cleaner,Home,7,47778.26,4655.73,Pune
103484,2025-04-27,Customer_0475,Jacket,Clothing,1,3043.95,628.89,Mumbai
108077,2025-04-27,Customer_1669,Table,Furniture,5,48209.23,4109.03,Aurangabad
101921,2025-04-27,Customer_1566,Mixer,Home,8,24641.95,5153.76,Nashik
109698,2025-04-27,Customer_1851,Bookshelf,Furniture,7,39079.32,2522.59,Kolhapur
102498,2025-04-27,Customer_1077,Bookshelf,Furniture,3,19387.86,2850.46,Kolhapur
103329,2025-04-27,Customer_0438,Monitor,Electronics,1,14552.19,1072.59,Nagpur
100439,2025-04-27,Customer_1704,Vacuum Cleaner,Home,6,33177.47,3290.14,Aurangabad
102887,2025-04-27,Customer_0528,Mixer,Home,8,26213.77,4057.83,Aurangabad
104631,2025-04-27,Customer_0634,Jacket,Clothing,5,14011.13,2311.58,Nagpur
108331,2025-04-27,Customer_2074,Tablet,Electronics,6,120692.23,11193.85,Nagpur
102149,2025-04-27,Customer_0032,Bedsheet,Home,7,11332.45,1705.88,Nashik
106330,2025-04-27,Customer_1425,Monitor,Electronics,1,14615.17,2483.62,Nagpur
106900,2025-04-27,Customer_0890,Monitor,Electronics,8,106438.98,12244.97,Pune
105961,2025-04-27,Customer_1640,Bookshelf,Furniture,7,40599.34,7963.52,Aurangabad
107947,2025-04-27,Customer_0662,Headphones,Electronics,2,5248.69,370.72,Kolhapur
106917,2025-04-27,Customer_0958,Shoes,Clothing,4,10479.23,1573.33,Kolhapur
107462,2025-04-27,Customer_0682,Table,Furniture,4,31412.12,4038.81,Nagpur
101172,2025-04-27,Customer_2275,Backpack,Clothing,6,7169.92,775.1,Kolhapur
108964,2025-04-28,Customer_0235,Bedsheet,Home,7,12177.44,2054.49,Aurangabad
104274,2025-04-28,Customer_1770,Laptop,Electronics,4,194309.05,20638.76,Nagpur
104585,2025-04-28,Customer_0826,Desk,Furniture,1,13571.21,1442.78,Pune
108786,2025-04-28,Customer_2160,Smartphone,Electronics,3,75440.76,15998.11,Nagpur
103322,2025-04-28,Customer_0390,Headphones,Electronics,2,5661.83,1109.28,Nashik
107551,2025-04-28,Customer_1262,Cookware,Home,3,6878.0,1424.46,Nagpur
102771,2025-04-28,Customer_2267,Shoes,Clothing,7,16911.19,1288.16,Pune
101095,2025-04-28,Customer_1930,Headphones,Electronics,8,19415.67,3930.67,Pune
105971,2025-04-28,Customer_1860,Office Chair,Furniture,8,55992.12,3365.01,Nashik
102329,2025-04-28,Customer_1078,Monitor,Electronics,8,103973.87,11809.05,Aurangabad
105612,2025-04-28,Customer_1767,T-Shirt,Clothing,5,3403.84,368.49,Pune
109300,2025-04-28,Customer_0392,Tablet,Electronics,4,78758.65,16113.55,Kolhapur
102796,2025-04-28,Customer_0995,Laptop,Electronics,8,449914.86,80134.65,Kolhapur
104914,2025-04-28,Customer_2283,Tablet,Electronics,1,17345.26,2798.38,Nashik
103784,2025-04-28,Customer_1926,Bedsheet,Home,2,3889.37,764.14,Aurangabad
105277,2025-04-28,Customer_0617,Jeans,Clothing,1,1490.19,278.92,Kolhapur
106227,2025-04-28,Customer_0359,Bookshelf,Furniture,6,40669.4,8827.02,Mumbai
106989,2025-04-28,Customer_1600,Shoes,Clothing,7,15906.17,1717.93,Kolhapur
101207,2025-04-28,Customer_1976,Cabinet,Furniture,3,23629.51,3785.43,Nagpur
100769,2025-04-28,Customer_1121,Laptop,Electronics,8,487660.31,34710.64,Mumbai
108973,2025-04-28,Customer_1456,Headphones,Electronics,1,2622.21,368.12,Nagpur
102198,2025-04-28,Customer_2464,Tablet,Electronics,3,61766.6,8295.53,Nashik
108698,2025-04-28,Customer_0508,Smartphone,Electronics,7,157079.4,22791.77,Mumbai
106092,2025-04-28,Customer_1330,Jeans,Clothing,5,7294.8,1595.47,Aurangabad
109140,2025-04-28,Customer_0171,Tablet,Electronics,5,79927.45,8117.24,Nashik
100982,2025-04-28,Customer_1632,Backpack,Clothing,1,1573.7,226.7,Pune
100451,2025-04-28,Customer_0738,Headphones,Electronics,7,16761.53,2280.53,Mumbai
103630,2025-04-28,Customer_1932,T-Shirt,Clothing,3,2297.59,139.5,Nagpur
101974,2025-04-28,Customer_1346,Monitor,Electronics,8,105276.16,9918.51,Nashik
106977,2025-04-28,Customer_1668,Headphones,Electronics,5,13241.76,866.75,Pune
103374,2025-04-28,Customer_0421,Vacuum Cleaner,Home,2,12073.03,1154.24,Aurangabad
107094,2025-04-29,Customer_2149,Laptop,Electronics,1,50884.27,10818.68,Nagpur
100905,2025-04-29,Customer_1542,Monitor,Electronics,5,79095.38,13062.73,Mumbai
101295,2025-04-29,Customer_2438,Laptop,Electronics,8,452586.96,90314.96,Kolhapur
104969,2025-04-29,Customer_0923,Jacket,Clothing,6,15113.83,2476.71,Kolhapur
106831,2025-04-29,Customer_1663,Monitor,Electronics,7,112136.01,17972.53,Nagpur
100721,2025-04-29,Customer_2279,Laptop,Electronics,7,402747.32,85783.32,Nagpur
102234,2025-04-29,Customer_0900,Smartphone,Electronics,2,50653.02,9851.29,Pune
102726,2025-04-29,Customer_0669,Desk,Furniture,5,55072.85,10291.15,Nagpur
101883,2025-04-29,Customer_1427,Bedsheet,Home,2,3132.14,660.18,Nagpur
102584,2025-04-29,Customer_2455,Lamp,Home,1,1044.61,64.78,Aurangabad
104960,2025-04-29,Customer_0972,Smartphone,Electronics,1,22470.62,2074.79,Aurangabad
103869,2025-04-29,Customer_1211,Monitor,Electronics,2,30820.77,5491.32,Mumbai
102011,2025-04-29,Customer_2239,Mixer,Home,2,6300.79,1101.52,Kolhapur
107675,2025-04-29,Customer_1595,Smartphone,Electronics,6,157232.8,15543.26,Nagpur
102619,2025-04-29,Customer_1302,Jacket,Clothing,5,5313.92,651.06,Kolhapur
106136,2025-04-29,Customer_2295,Laptop,Electronics,6,369192.5,57325.58,Nagpur
109049,2025-04-29,Customer_2148,Mixer,Home,4,12374.11,1026.6,Nagpur
102057,2025-04-29,Customer_1088,Shoes,Clothing,6,12850.36,2024.2,Aurangabad
107101,2025-04-29,Customer_0235,Jeans,Clothing,3,4519.36,559.55,Nashik
103668,2025-04-29,Customer_0199,Smartphone,Electronics,7,188676.36,27114.39,Aurangabad
105236,2025-04-29,Customer_2383,Desk,Furniture,7,75753.42,14879.57,Aurangabad
103816,2025-04-29,Customer_1273,Bedsheet,Home,8,15042.48,1841.67,Nagpur
102842,2025-04-30,Customer_0291,Headphones,Electronics,2,5090.41,374.39,Kolhapur
101310,2025-04-30,Customer_2211,Monitor,Electronics,6,95212.68,8692.09,Kolhapur
104799,2025-04-30,Customer_2363,Bedsheet,Home,3,5230.9,744.69,Pune
106904,2025-04-30,Customer_0762,Bedsheet,Home,4,8181.05,1721.99,Mumbai
101703,2025-04-30,Customer_0305,Smartphone,Electronics,7,193531.66,41736.47,Mumbai
107760,2025-04-30,Customer_2112,Desk,Furniture,3,30821.17,4957.22,Pune
109314,2025-04-30,Customer_0450,Mixer,Home,6,23998.08,4137.62,Kolhapur
101581,2025-04-30,Customer_0681,Mixer,Home,2,6373.07,621.19,Mumbai
103627,2025-04-30,Customer_0242,Headphones,Electronics,2,5402.05,335.05,Nagpur
105093,2025-04-30,Customer_0128,Desk,Furniture,7,94665.29,14712.95,Aurangabad
103133,2025-04-30,Customer_2088,Desk,Furniture,8,97049.17,18794.35,Nagpur
103157,2025-04-30,Customer_0169,Headphones,Electronics,1,2800.89,284.94,Pune
108380,2025-04-30,Customer_0928,Monitor,Electronics,8,106158.05,13910.76,Pune
101271,2025-04-30,Customer_0731,Cookware,Home,7,13324.95,1270.93,Aurangabad
107173,2025-04-30,Customer_0897,Bedsheet,Home,4,6300.67,947.92,Pune
102517,2025-04-30,Customer_2344,Jacket,Clothing,1,2769.58,350.11,Pune
100278,2025-04-30,Customer_1660,Lamp,Home,2,2561.94,520.49,Pune
101997,2025-04-30,Customer_0373,Monitor,Electronics,4,52185.01,3151.6,Pune
100432,2025-04-30,Customer_1956,Smartphone,Electronics,3,76732.96,7319.07,Nashik
107117,2025-05-01,Customer_1429,Shoes,Clothing,2,4997.74,449.65,Nashik
104491,2025-05-01,Customer_1908,Bedsheet,Home,2,4132.84,888.26,Kolhapur
107378,2025-05-01,Customer_2372,Desk,Furniture,3,33469.51,6485.07,Mumbai
105570,2025-05-01,Customer_0612,Tablet,Electronics,6,100754.69,12127.41,Mumbai
102335,2025-05-01,Customer_2035,Laptop,Electronics,1,62416.67,13699.05,Kolhapur
108949,2025-05-01,Customer_0345,Bookshelf,Furniture,5,27914.18,5339.69,Aurangabad
101991,2025-05-01,Customer_1015,Mixer,Home,7,23749.41,5046.34,Kolhapur
109354,2025-05-01,Customer_2195,Headphones,Electronics,1,2582.88,386.16,Mumbai
102206,2025-05-01,Customer_0120,Headphones,Electronics,2,4276.56,846.26,Mumbai
100176,2025-05-01,Customer_2108,T-Shirt,Clothing,7,4585.8,586.11,Pune
108633,2025-05-01,Customer_2350,Office Chair,Furniture,5,41712.45,2510.03,Mumbai
103696,2025-05-01,Customer_0909,Jeans,Clothing,1,1622.37,120.26,Aurangabad
109105,2025-05-01,Customer_1441,Bookshelf,Furniture,6,34669.0,5079.11,Kolhapur
108498,2025-05-01,Customer_2315,Headphones,Electronics,1,2233.83,284.53,Aurangabad
108391,2025-05-01,Customer_1292,Table,Furniture,5,18999.96,3588.76,Pune
100862,2025-05-01,Customer_2105,Jeans,Clothing,6,8216.48,1375.59,Pune
103131,2025-05-01,Customer_1313,Tablet,Electronics,1,17188.13,1286.62,Nagpur
102316,2025-05-01,Customer_0664,Jeans,Clothing,4,6761.18,428.57,Nagpur
102698,2025-05-01,Customer_1148,Bedsheet,Home,4,8034.91,1204.96,Kolhapur
109963,2025-05-02,Customer_1893,Monitor,Electronics,8,99600.99,12447.57,Aurangabad
107106,2025-05-02,Customer_1911,Jacket,Clothing,2,5071.05,436.83,Aurangabad
106750,2025-05-02,Customer_0199,Mixer,Home,5,15247.29,1728.23,Kolhapur
100591,2025-05-02,Customer_1237,Cookware,Home,3,6194.32,1098.53,Mumbai
104697,2025-05-02,Customer_2221,Headphones,Electronics,5,11715.8,2044.08,Kolhapur
100008,2025-05-02,Customer_1551,Vacuum Cleaner,Home,2,14676.49,2016.66,Pune
103418,2025-05-02,Customer_1177,Cabinet,Furniture,8,66749.03,13426.83,Nagpur
106161,2025-05-02,Customer_2317,T-Shirt,Clothing,2,1325.6,98.23,Nagpur
101364,2025-05-02,Customer_0659,Shoes,Clothing,5,8365.29,789.09,Aurangabad
103918,2025-05-02,Customer_1751,Headphones,Electronics,3,7239.76,1289.71,Pune
109491,2025-05-02,Customer_0492,Tablet,Electronics,6,108396.2,9232.29,Aurangabad
108638,2025-05-02,Customer_1735,Table,Furniture,2,17660.26,1879.78,Nagpur
107668,2025-05-02,Customer_1090,Office Chair,Furniture,7,52331.51,10412.62,Nashik
102616,2025-05-02,Customer_2338,Desk,Furniture,2,24796.63,1960.92,Nashik
104570,2025-05-02,Customer_1036,Headphones,Electronics,7,17895.69,2364.29,Kolhapur
100445,2025-05-02,Customer_0228,Monitor,Electronics,8,123872.44,24546.39,Nagpur
106631,2025-05-02,Customer_1142,Laptop,Electronics,3,182552.0,13323.64,Kolhapur
109088,2025-05-02,Customer_1871,Jacket,Clothing,6,15551.46,2509.0,Nagpur
100688,2025-05-02,Customer_2317,Backpack,Clothing,4,5348.46,707.86,Pune
104175,2025-05-03,Customer_0113,Cabinet,Furniture,1,7355.45,737.6,Mumbai
106147,2025-05-03,Customer_1502,Lamp,Home,5,5258.57,1038.7,Nashik
108143,2025-05-03,Customer_0573,Cookware,Home,1,1965.97,334.88,Pune
101590,2025-05-03,Customer_0086,Shoes,Clothing,7,18143.21,2003.17,Mumbai
109650,2025-05-03,Customer_2091,Vacuum Cleaner,Home,2,14370.37,1403.56,Pune
108692,2025-05-03,Customer_1756,Backpack,Clothing,8,12667.27,2391.3,Mumbai
105819,2025-05-03,Customer_1953,Bedsheet,Home,2,3293.63,464.18,Aurangabad
101092,2025-05-03,Customer_0639,Desk,Furniture,6,63209.46,9752.13,Aurangabad
107886,2025-05-03,Customer_0305,Monitor,Electronics,5,65909.07,12354.44,Pune
107311,2025-05-03,Customer_1112,Office Chair,Furniture,3,25663.98,4625.94,Mumbai
107060,2025-05-03,Customer_0016,Shoes,Clothing,1,2546.89,438.12,Aurangabad
101842,2025-05-03,Customer_0688,Shoes,Clothing,7,18438.57,1788.07,Nagpur
106558,2025-05-03,Customer_0015,T-Shirt,Clothing,8,5151.95,830.92,Aurangabad
109063,2025-05-03,Customer_0434,Lamp,Home,5,5822.36,455.71,Aurangabad
107924,2025-05-03,Customer_0066,Bookshelf,Furniture,8,55154.42,10184.11,Mumbai
103610,2025-05-03,Customer_1146,Lamp,Home,6,6763.36,1433.61,Kolhapur
109130,2025-05-03,Customer_2054,Cabinet,Furniture,3,26280.97,2456.05,Nashik
104682,2025-05-03,Customer_1629,Cabinet,Furniture,1,8196.65,1535.37,Nashik
104459,2025-05-03,Customer_2229,Desk,Furniture,5,53721.29,10188.16,Nagpur
103070,2025-05-04,Customer_2257,Bookshelf,Furniture,6,38780.81,4927.96,Kolhapur
102150,2025-05-04,Customer_1097,Cabinet,Furniture,5,37751.88,3341.69,Aurangabad
104324,2025-05-04,Customer_1073,Cabinet,Furniture,8,69019.79,12853.99,Aurangabad
104261,2025-05-04,Customer_1252,Tablet,Electronics,5,101340.02,20798.63,Mumbai
101602,2025-05-04,Customer_2282,Jacket,Clothing,1,2838.72,267.52,Nashik
104707,2025-05-04,Customer_0502,Backpack,Clothing,4,6182.46,527.3,Mumbai
103864,2025-05-04,Customer_0497,Desk,Furniture,3,40603.26,4730.47,Pune
102782,2025-05-04,Customer_1603,Cookware,Home,4,8212.27,1118.04,Mumbai
105778,2025-05-04,Customer_1408,Cabinet,Furniture,6,46068.55,8614.19,Pune
103130,2025-05-04,Customer_1076,Lamp,Home,4,5478.56,966.19,Nagpur
107137,2025-05-04,Customer_1375,Lamp,Home,2,2437.74,487.54,Kolhapur
109244,2025-05-04,Customer_1407,Cabinet,Furniture,8,70910.0,4951.76,Nashik
100235,2025-05-04,Customer_2442,Bookshelf,Furniture,3,17540.99,1970.04,Pune
105621,2025-05-04,Customer_2154,Mixer,Home,5,15100.29,2644.31,Pune
102459,2025-05-04,Customer_0348,Cookware,Home,5,12096.35,2363.82,Pune
107432,2025-05-04,Customer_1845,Office Chair,Furniture,2,15213.22,1437.21,Nashik
109324,2025-05-04,Customer_1718,Shoes,Clothing,6,14225.64,1818.32,Aurangabad
102207,2025-05-05,Customer_0431,Laptop,Electronics,3,148876.79,23746.01,Nashik
109374,2025-05-05,Customer_1965,T-Shirt,Clothing,5,2992.19,574.07,Nagpur
106795,2025-05-05,Customer_0064,Bedsheet,Home,1,2032.73,430.65,Aurangabad
103415,2025-05-05,Customer_0614,T-Shirt,Clothing,1,762.74,77.14,Nashik
103969,2025-05-05,Customer_2340,Laptop,Electronics,7,332141.4,49625.5,Nagpur
103419,2025-05-05,Customer_1184,Smartphone,Electronics,3,72798.39,5143.9,Kolhapur
102918,2025-05-05,Customer_1592,Bedsheet,Home,8,13843.47,997.52,Nagpur
107128,2025-05-05,Customer_0857,Cookware,Home,8,16701.88,1508.75,Pune
100399,2025-05-05,Customer_2306,Backpack,Clothing,8,10051.84,1335.95,Nashik
106670,2025-05-05,Customer_0625,Bookshelf,Furniture,1,6147.04,1211.01,Nashik
105481,2025-05-05,Customer_0286,Bookshelf,Furniture,6,38073.93,7289.12,Aurangabad
101060,2025-05-05,Customer_0433,Cabinet,Furniture,7,63268.45,9919.99,Aurangabad
108011,2025-05-05,Customer_0368,Monitor,Electronics,5,64056.95,5101.85,Nashik
104849,2025-05-05,Customer_2173,Office Chair,Furniture,1,8308.16,1717.44,Mumbai
103154,2025-05-05,Customer_0209,Cookware,Home,5,11215.96,1455.9,Nagpur
101931,2025-05-05,Customer_0661,Smartphone,Electronics,4,88835.61,9770.58,Pune
109528,2025-05-05,Customer_0064,Bookshelf,Furniture,8,48365.93,10304.54,Kolhapur
102253,2025-05-05,Customer_0127,Bookshelf,Furniture,8,52465.0,7187.92,Mumbai
108008,2025-05-05,Customer_2396,Bedsheet,Home,5,9231.0,1571.03,Kolhapur
105790,2025-05-05,Customer_1775,Tablet,Electronics,1,17970.38,3703.29,Kolhapur
103459,2025-05-05,Customer_0044,Vacuum Cleaner,Home,1,7403.25,1281.97,Mumbai
102815,2025-05-06,Customer_2074,Cabinet,Furniture,5,44031.09,7985.1,Aurangabad
104990,2025-05-06,Customer_1781,Monitor,Electronics,7,92691.01,6944.48,Unknown
109521,2025-05-06,Customer_0108,Vacuum Cleaner,Home,2,13759.86,2883.25,Kolhapur
103839,2025-05-06,Customer_0696,Cabinet,Furniture,7,56564.52,4609.3,Pune
106357,2025-05-06,Customer_2155,Desk,Furniture,6,82012.68,6996.27,Nagpur
103433,2025-05-06,Customer_2042,Jeans,Clothing,8,13255.41,2572.93,Mumbai
104193,2025-05-06,Customer_1305,Headphones,Electronics,4,9147.6,1587.13,Pune
106272,2025-05-06,Customer_1703,Mixer,Home,3,11189.57,1548.8,Pune
106743,2025-05-06,Customer_0127,Headphones,Electronics,8,17794.74,3247.44,Mumbai
105667,2025-05-06,Customer_2143,Office Chair,Furniture,7,54827.15,9519.5,Pune
100638,2025-05-06,Customer_2219,Mixer,Home,4,12022.52,1885.33,Nashik
108259,2025-05-06,Customer_1280,Tablet,Electronics,3,49288.79,8137.57,Nashik
107898,2025-05-06,Customer_0535,Monitor,Electronics,4,54050.42,8931.69,Pune
104264,2025-05-06,Customer_1155,Shoes,Clothing,7,16277.84,1584.17,Nagpur
106512,2025-05-06,Customer_0137,Vacuum Cleaner,Home,6,38274.44,5807.06,Kolhapur
100643,2025-05-06,Customer_0348,Lamp,Home,8,8753.49,1143.18,Kolhapur
104568,2025-05-06,Customer_1718,T-Shirt,Clothing,5,3869.0,815.56,Unknown
100818,2025-05-06,Customer_1489,Table,Furniture,6,53961.92,5086.89,Pune
100213,2025-05-06,Customer_1266,Office Chair,Furniture,1,8431.08,1002.69,Nagpur
100912,2025-05-06,Customer_0999,Table,Furniture,1,9015.5,1719.58,Pune
107513,2025-05-07,Unknown Customer,Shoes,Clothing,8,18339.67,3113.91,Aurangabad
103272,2025-05-07,Customer_0031,Lamp,Home,3,3226.04,262.33,Mumbai
101147,2025-05-07,Customer_1859,Desk,Furniture,8,101635.52,18551.07,Nagpur
109203,2025-05-07,Customer_1206,Shoes,Clothing,8,19245.88,2296.95,Nagpur
102864,2025-05-07,Customer_0580,Jeans,Clothing,6,10353.62,1525.22,Mumbai
106267,2025-05-07,Customer_0067,Cookware,Home,5,6564.14,1420.96,Aurangabad
100882,2025-05-07,Customer_1356,Cabinet,Furniture,8,69061.41,6997.46,Nashik
105124,2025-05-07,Customer_0190,Lamp,Home,8,9093.56,1275.86,Mumbai
103673,2025-05-07,Customer_0172,Smartphone,Electronics,5,70458.22,5908.74,Pune
108453,2025-05-07,Customer_2106,Smartphone,Electronics,3,71580.92,4743.19,Pune
100365,2025-05-07,Customer_2120,Tablet,Electronics,8,134605.77,16217.84,Nashik
101865,2025-05-07,Customer_0723,Shoes,Clothing,3,7697.01,897.22,Nashik
105807,2025-05-07,Customer_1579,Vacuum Cleaner,Home,1,6180.05,628.54,Mumbai
109607,2025-05-07,Customer_1580,Monitor,Electronics,5,60380.48,10129.43,Nagpur
103346,2025-05-07,Customer_0592,Jeans,Clothing,8,11602.63,1089.68,Mumbai
103158,2025-05-07,Customer_0522,T-Shirt,Clothing,5,3886.22,633.76,Pune
106886,2025-05-07,Customer_1359,Laptop,Electronics,3,163905.21,31199.73,Pune
100442,2025-05-07,Customer_0253,T-Shirt,Clothing,2,1462.09,254.3,Kolhapur
104393,2025-05-07,Customer_0336,Cabinet,Furniture,8,69617.67,10577.9,Nagpur
103588,2025-05-07,Customer_0106,Lamp,Home,6,6718.67,1341.98,Aurangabad
108802,2025-05-07,Customer_0220,Jacket,Clothing,6,14528.27,1245.72,Kolhapur
109273,2025-05-07,Customer_1309,Office Chair,Furniture,2,13284.67,2221.01,Nashik
108995,2025-05-08,Customer_1406,Tablet,Electronics,3,53112.23,10924.57,Kolhapur
101338,2025-05-08,Customer_2337,Jeans,Clothing,8,11869.78,1142.21,Aurangabad
103014,2025-05-08,Customer_1727,T-Shirt,Clothing,1,670.95,104.82,Pune
109786,2025-05-08,Customer_0732,Mixer,Home,4,13150.01,2100.98,Pune
107849,2025-05-08,Customer_0373,Cabinet,Furniture,1,8572.95,552.19,Aurangabad
101184,2025-05-08,Customer_0181,Laptop,Electronics,5,247538.58,30978.91,Aurangabad
109146,2025-05-08,Customer_1504,Tablet,Electronics,1,15628.64,1995.84,Nagpur
102414,2025-05-08,Customer_0863,Desk,Furniture,1,13041.48,1054.16,Nagpur
106632,2025-05-08,Customer_2475,Jacket,Clothing,8,24709.61,2642.13,Mumbai
101313,2025-05-08,Customer_0222,Desk,Furniture,1,11145.18,738.71,Aurangabad
107765,2025-05-08,Customer_2006,Bedsheet,Home,4,6202.83,399.05,Nagpur
104607,2025-05-08,Customer_1601,Desk,Furniture,2,22838.96,2875.02,Kolhapur
104939,2025-05-08,Customer_2201,Laptop,Electronics,6,284529.28,39297.36,Nashik
105454,2025-05-08,Customer_0888,Monitor,Electronics,1,13555.82,1478.5,Kolhapur
104292,2025-05-08,Customer_1976,T-Shirt,Clothing,7,4794.3,934.0,Nagpur
107474,2025-05-08,Customer_0299,Headphones,Electronics,6,14063.89,2915.42,Kolhapur
100170,2025-05-08,Customer_2126,Smartphone,Electronics,8,201638.65,25093.06,Aurangabad
106727,2025-05-08,Customer_0480,Jeans,Clothing,4,7307.91,537.27,Kolhapur
103074,2025-05-08,Customer_0564,Monitor,Electronics,5,70087.71,13727.51,Nashik
102666,2025-05-08,Customer_0375,Backpack,Clothing,5,6541.26,1272.55,Aurangabad
100304,2025-05-08,Customer_0635,Desk,Furniture,3,32378.95,5512.94,Pune
105799,2025-05-08,Customer_1676,T-Shirt,Clothing,6,3941.31,583.83,Nagpur
109503,2025-05-09,Customer_0076,Laptop,Electronics,3,152666.57,25825.87,Nagpur
105704,2025-05-09,Customer_0336,Cookware,Home,2,4687.35,388.61,Kolhapur
107159,2025-05-09,Customer_1808,Cabinet,Furniture,5,37071.95,3108.16,Kolhapur
109452,2025-05-09,Customer_0576,Jeans,Clothing,4,6218.91,806.17,Nagpur
108393,2025-05-09,Customer_1492,Shoes,Clothing,1,2787.8,509.3,Mumbai
106985,2025-05-09,Customer_0581,Tablet,Electronics,5,102071.38,7345.18,Kolhapur
102674,2025-05-09,Customer_0003,Cookware,Home,8,17368.24,1613.52,Nashik
100443,2025-05-09,Customer_0674,Cabinet,Furniture,3,21684.84,1577.23,Nashik
107595,2025-05-09,Customer_1042,Office Chair,Furniture,1,8317.43,984.55,Pune
102103,2025-05-09,Customer_0399,Cabinet,Furniture,8,57683.41,7391.49,Pune
104487,2025-05-09,Customer_1250,Monitor,Electronics,5,60437.86,6866.94,Aurangabad
104772,2025-05-09,Customer_1953,Bedsheet,Home,6,11443.46,1680.72,Nagpur
101409,2025-05-09,Customer_0570,Jacket,Clothing,6,18629.67,2552.66,Nagpur
109194,2025-05-09,Customer_1994,Headphones,Electronics,6,16953.07,1390.04,Kolhapur
104506,2025-05-09,Customer_0481,Monitor,Electronics,3,42843.58,7810.78,Mumbai
105304,2025-05-09,Customer_2477,Shoes,Clothing,7,19906.07,3916.48,Nashik
100099,2025-05-09,Customer_2122,Cookware,Home,3,6280.34,852.55,Nagpur
107611,2025-05-09,Customer_0544,Monitor,Electronics,4,49399.49,8992.03,Mumbai
100252,2025-05-09,Customer_1769,Laptop,Electronics,2,99831.82,6967.73,Pune
103002,2025-05-09,Customer_2429,Backpack,Clothing,4,5478.52,890.69,Kolhapur
102818,2025-05-09,Customer_1394,Lamp,Home,3,3689.5,251.87,Kolhapur
102046,2025-05-09,Customer_2227,Desk,Furniture,1,11812.59,2317.69,Aurangabad
105872,2025-05-09,Customer_2270,T-Shirt,Clothing,3,2082.94,189.12,Nagpur
109493,2025-05-10,Customer_1644,T-Shirt,Clothing,5,3003.3,223.73,Pune
108680,2025-05-10,Customer_0663,Bedsheet,Home,3,4812.6,626.97,Kolhapur
108231,2025-05-10,Customer_0650,Office Chair,Furniture,4,32852.11,4477.19,Kolhapur
108238,2025-05-10,Customer_1584,Bookshelf,Furniture,8,47984.35,4502.54,Pune
102434,2025-05-10,Customer_0730,Tablet,Electronics,4,76357.39,13821.69,Pune
102295,2025-05-10,Customer_1505,Monitor,Electronics,8,120754.75,16626.79,Aurangabad
106910,2025-05-10,Customer_1247,Table,Furniture,5,45208.2,6084.08,Nagpur
106885,2025-05-10,Customer_1415,Backpack,Clothing,7,10999.13,1799.62,Nashik
102519,2025-05-10,Customer_0157,Vacuum Cleaner,Home,2,12626.82,2526.03,Nashik
105019,2025-05-10,Customer_1224,Tablet,Electronics,7,128655.38,12590.84,Aurangabad
109663,2025-05-10,Customer_1206,Office Chair,Furniture,5,40400.52,4958.68,Mumbai
107122,2025-05-10,Customer_1060,Lamp,Home,4,4477.75,778.57,Nashik
101731,2025-05-10,Customer_1358,Desk,Furniture,8,90183.6,5916.98,Aurangabad
108402,2025-05-10,Customer_1861,Office Chair,Furniture,3,25200.93,1833.98,Mumbai
102387,2025-05-10,Customer_1283,Monitor,Electronics,4,63820.16,13436.58,Kolhapur
101009,2025-05-10,Customer_1228,Tablet,Electronics,8,147263.74,31233.91,Pune
102280,2025-05-10,Customer_0516,T-Shirt,Clothing,7,4922.02,398.28,Nagpur
105693,2025-05-10,Customer_0462,Bookshelf,Furniture,4,24701.27,4195.58,Kolhapur
106636,2025-05-10,Customer_2124,Lamp,Home,5,6067.74,1172.96,Pune
101367,2025-05-10,Customer_1515,Table,Furniture,5,48591.35,5549.53,Mumbai
107798,2025-05-10,Customer_1895,Cabinet,Furniture,5,45825.96,9616.15,Aurangabad
108480,2025-05-10,Customer_2416,Tablet,Electronics,4,70455.02,8486.91,Mumbai
105590,2025-05-10,Customer_0999,Bookshelf,Furniture,5,31022.26,2120.22,Aurangabad
101112,2025-05-10,Customer_1840,Lamp,Home,6,7100.11,1001.89,Kolhapur
102005,2025-05-10,Customer_1370,Shoes,Clothing,6,12931.25,1575.37,Nashik
109678,2025-05-10,Customer_2294,Jacket,Clothing,4,10941.79,1951.69,Aurangabad
100214,2025-05-10,Customer_0539,Monitor,Electronics,6,80810.8,9807.65,Pune
106457,2025-05-10,Customer_1254,Jacket,Clothing,1,6584.93,598.77,Nagpur
107037,2025-05-10,Customer_0391,Table,Furniture,3,30342.81,1896.24,Aurangabad
103018,2025-05-11,Customer_1167,Cabinet,Furniture,8,57876.41,8512.34,Mumbai
108379,2025-05-11,Customer_0974,Table,Furniture,2,16338.87,3128.88,Nashik
103035,2025-05-11,Customer_1700,Shoes,Clothing,1,2415.41,496.24,Kolhapur
101933,2025-05-11,Customer_1733,Jacket,Clothing,3,9130.47,1506.51,Aurangabad
100275,2025-05-11,Customer_0296,Cabinet,Furniture,5,46811.26,8281.32,Nagpur
108217,2025-05-11,Customer_1104,Smartphone,Electronics,3,73947.72,11997.48,Aurangabad
106960,2025-05-11,Customer_1839,Shoes,Clothing,3,7940.15,1676.62,Nashik
101897,2025-05-11,Customer_2417,Headphones,Electronics,1,2296.71,182.5,Kolhapur
101417,2025-05-11,Customer_2465,Laptop,Electronics,2,102939.98,14688.91,Mumbai
105897,2025-05-11,Customer_0623,Table,Furniture,3,30159.06,4393.08,Aurangabad
109933,2025-05-11,Customer_1611,T-Shirt,Clothing,1,646.76,83.4,Aurangabad
100041,2025-05-11,Customer_1452,Laptop,Electronics,7,407242.16,61698.65,Nagpur
102879,2025-05-11,Customer_0186,Cabinet,Furniture,1,7792.75,1655.08,Nagpur
109961,2025-05-11,Customer_0670,Jacket,Clothing,5,13801.57,1353.04,Mumbai
100015,2025-05-11,Customer_0939,Bookshelf,Furniture,1,5161.74,720.63,Pune
109142,2025-05-11,Customer_1937,Desk,Furniture,3,31352.81,3001.87,Nagpur
104918,2025-05-11,Customer_1411,Backpack,Clothing,1,1196.7,235.13,Nashik
105097,2025-05-11,Customer_0745,Tablet,Electronics,7,129133.09,20387.28,Kolhapur
101479,2025-05-11,Customer_1051,Jacket,Clothing,3,7454.03,1470.12,Aurangabad
101241,2025-05-11,Customer_2347,Tablet,Electronics,3,54476.86,6715.81,Pune
104395,2025-05-12,Customer_1743,Headphones,Electronics,4,9393.16,1406.33,Unknown
107118,2025-05-12,Customer_1036,Bookshelf,Furniture,8,49926.55,7712.15,Nashik
109544,2025-05-12,Customer_2263,Bedsheet,Home,4,6484.97,465.9,Aurangabad
104081,2025-05-12,Customer_0492,Shoes,Clothing,4,9106.65,1337.51,Nagpur
109546,2025-05-12,Customer_1740,Shoes,Clothing,8,20711.67,3879.6,Kolhapur
108075,2025-05-12,Customer_1699,Mixer,Home,7,27062.49,1713.97,Kolhapur
109665,2025-05-12,Customer_2485,Jacket,Clothing,8,24750.63,2406.81,Kolhapur
106939,2025-05-12,Customer_0174,Monitor,Electronics,1,13984.29,2214.32,Nashik
108808,2025-05-12,Customer_1864,Monitor,Electronics,2,25253.72,4005.83,Mumbai
102175,2025-05-12,Customer_0886,Monitor,Electronics,3,36259.38,6918.48,Nashik
102708,2025-05-12,Customer_1046,Jeans,Clothing,5,6837.0,1303.8,Kolhapur
106057,2025-05-12,Customer_1155,Cookware,Home,1,2215.04,386.5,Kolhapur
106027,2025-05-12,Unknown Customer,Table,Furniture,7,54244.16,10188.9,Nashik
105300,2025-05-12,Customer_2036,Bookshelf,Furniture,3,15388.05,1351.84,Aurangabad
103856,2025-05-12,Customer_1124,Table,Furniture,2,15870.15,3469.6,Nagpur
106637,2025-05-12,Customer_1552,Jeans,Clothing,2,3030.61,304.26,Pune
101237,2025-05-12,Customer_1408,Backpack,Clothing,1,1418.7,205.95,Kolhapur
101048,2025-05-12,Customer_2259,Cabinet,Furniture,8,64399.66,6631.18,Mumbai
104694,2025-05-12,Customer_0424,Office Chair,Furniture,1,7548.14,1278.08,Kolhapur
107408,2025-05-12,Customer_2334,Desk,Furniture,4,49626.12,5386.1,Nashik
102095,2025-05-12,Customer_1458,Bookshelf,Furniture,7,44553.1,9393.73,Mumbai
102710,2025-05-12,Customer_2165,Bedsheet,Home,1,1652.22,223.0,Pune
108388,2025-05-13,Customer_0919,Headphones,Electronics,8,20040.58,3621.81,Mumbai
109440,2025-05-13,Customer_0712,Office Chair,Furniture,4,30837.97,4507.46,Nagpur
100980,2025-05-13,Customer_0724,Table,Furniture,1,8096.5,1752.36,Nagpur
108321,2025-05-13,Customer_1880,Monitor,Electronics,7,108962.42,7277.64,Kolhapur
108316,2025-05-13,Customer_0771,Mixer,Home,6,17940.99,2952.08,Mumbai
101651,2025-05-13,Customer_1815,Lamp,Home,1,1146.17,226.27,Aurangabad
104890,2025-05-13,Customer_0555,Lamp,Home,3,3418.64,239.16,Nashik
102134,2025-05-13,Customer_1846,Lamp,Home,1,1028.32,70.11,Mumbai
103023,2025-05-13,Customer_2317,Headphones,Electronics,6,14927.96,2572.06,Kolhapur
102551,2025-05-13,Customer_2462,Bookshelf,Furniture,6,31707.91,6226.1,Nashik
101144,2025-05-13,Customer_0482,Lamp,Home,3,3256.92,686.46,Mumbai
101983,2025-05-13,Customer_1167,Office Chair,Furniture,4,30821.19,3401.6,Pune
109634,2025-05-13,Customer_2249,Smartphone,Electronics,7,155123.68,10184.58,Pune
104080,2025-05-13,Customer_1267,Desk,Furniture,2,26290.39,5417.33,Mumbai
100806,2025-05-13,Customer_0260,Bedsheet,Home,1,1918.05,180.68,Nashik
103870,2025-05-13,Customer_1183,Shoes,Clothing,2,4647.72,291.43,Pune
107813,2025-05-13,Customer_1625,Desk,Furniture,8,102966.21,17429.09,Nagpur
100592,2025-05-13,Customer_1026,T-Shirt,Clothing,6,4667.81,423.9,Pune
109920,2025-05-13,Customer_1382,Cabinet,Furniture,5,41718.09,6523.82,Kolhapur
102473,2025-05-13,Customer_2144,Vacuum Cleaner,Home,8,52501.66,4050.24,Aurangabad
100744,2025-05-13,Customer_0907,Cabinet,Furniture,4,32359.2,2058.07,Aurangabad
109109,2025-05-13,Customer_0998,Smartphone,Electronics,6,139113.62,29001.34,Nagpur
100849,2025-05-13,Customer_1756,Tablet,Electronics,1,17383.64,3774.55,Nashik
107659,2025-05-13,Customer_2352,Bookshelf,Furniture,4,25725.19,1983.93,Nashik
106994,2025-05-14,Customer_2494,Table,Furniture,3,29804.45,5690.21,Nagpur
100654,2025-05-14,Customer_0713,Headphones,Electronics,5,14255.27,2572.76,Pune
109368,2025-05-14,Customer_2141,Mixer,Home,7,22423.66,3629.67,Pune
107706,2025-05-14,Customer_1904,Jacket,Clothing,2,6401.31,1152.19,Aurangabad
101717,2025-05-14,Customer_2438,Laptop,Electronics,1,56189.65,11040.26,Aurangabad
101073,2025-05-14,Customer_2331,T-Shirt,Clothing,7,4332.5,728.65,Mumbai
103831,2025-05-14,Customer_2063,Monitor,Electronics,4,51021.3,8318.5,Nashik
104560,2025-05-14,Customer_1439,Bedsheet,Home,7,11852.28,838.54,Aurangabad
106374,2025-05-14,Customer_0341,Laptop,Electronics,1,55869.65,8523.01,Nashik
103096,2025-05-14,Customer_2009,Tablet,Electronics,6,95345.55,9846.82,Pune
103027,2025-05-14,Unknown Customer,T-Shirt,Clothing,7,4448.09,520.31,Pune
106336,2025-05-14,Customer_2300,Bedsheet,Home,5,7855.79,1166.63,Nagpur
106312,2025-05-14,Customer_0382,T-Shirt,Clothing,5,3996.57,288.13,Mumbai
106510,2025-05-14,Customer_0525,Smartphone,Electronics,3,68907.14,5718.16,Mumbai
108616,2025-05-14,Customer_0746,Vacuum Cleaner,Home,4,23352.32,2111.08,Aurangabad
102378,2025-05-14,Customer_1055,Office Chair,Furniture,5,43034.97,3841.43,Pune
107053,2025-05-14,Customer_0482,Smartphone,Electronics,4,89231.53,13560.77,Mumbai
106124,2025-05-14,Customer_2453,Lamp,Home,3,3830.31,701.74,Nashik
103426,2025-05-14,Customer_0201,Bookshelf,Furniture,6,32809.96,5553.21,Nashik
100162,2025-05-14,Customer_1742,Bookshelf,Furniture,4,25472.35,3378.03,Pune
100970,2025-05-14,Customer_1613,Monitor,Electronics,6,79684.4,13966.24,Aurangabad
106196,2025-05-14,Customer_2161,Desk,Furniture,6,69171.04,11563.17,Aurangabad
106288,2025-05-14,Customer_1341,Jeans,Clothing,8,10959.73,1307.86,Aurangabad
101355,2025-05-14,Customer_0837,Table,Furniture,3,29368.9,3203.77,Kolhapur
100302,2025-05-15,Customer_0075,Tablet,Electronics,6,106380.79,12045.54,Nashik
106308,2025-05-15,Customer_1861,Laptop,Electronics,5,290772.11,28733.26,Pune
104480,2025-05-15,Customer_2032,Shoes,Clothing,2,5109.01,892.8,Pune
107074,2025-05-15,Customer_1941,Table,Furniture,2,16954.47,1453.76,Aurangabad
100110,2025-05-15,Customer_1954,Monitor,Electronics,7,84784.92,5682.37,Pune
107654,2025-05-15,Customer_1825,Shoes,Clothing,3,6961.88,443.28,Mumbai
102630,2025-05-15,Customer_0819,Desk,Furniture,8,95742.76,14923.24,Nashik
109139,2025-05-15,Customer_0521,Headphones,Electronics,2,5114.56,459.18,Pune
105679,2025-05-15,Customer_1410,Cookware,Home,7,13620.08,2131.89,Nashik
107158,2025-05-15,Customer_0147,T-Shirt,Clothing,8,6335.26,594.87,Nagpur
103574,2025-05-15,Customer_0973,Tablet,Electronics,3,55002.75,7114.11,Nashik
108986,2025-05-15,Customer_0962,Bedsheet,Home,1,1712.44,114.69,Nagpur
102168,2025-05-16,Customer_1601,Lamp,Home,4,5229.44,676.12,Pune
100100,2025-05-16,Customer_0498,Monitor,Electronics,4,57901.26,11522.82,Nagpur
102320,2025-05-16,Customer_2052,Desk,Furniture,8,90515.6,14364.96,Nashik
102062,2025-05-16,Customer_1737,Jacket,Clothing,8,20734.75,2321.46,Nagpur
108784,2025-05-16,Customer_0978,Tablet,Electronics,7,140924.84,18681.83,Nashik
100692,2025-05-16,Customer_1052,Office Chair,Furniture,6,45969.69,4623.76,Pune
109811,2025-05-16,Unknown Customer,Jacket,Clothing,8,24999.84,2391.34,Mumbai
108693,2025-05-16,Customer_2243,Monitor,Electronics,4,59879.02,11131.46,Mumbai
100617,2025-05-16,Customer_1601,Desk,Furniture,6,68597.46,5300.8,Kolhapur
109793,2025-05-16,Customer_0474,Jacket,Clothing,8,24639.6,1851.17,Pune
103225,2025-05-16,Customer_1130,Monitor,Electronics,7,98917.24,16741.22,Nagpur
103242,2025-05-16,Customer_1771,Tablet,Electronics,7,122648.89,12134.78,Mumbai
103584,2025-05-16,Customer_2184,Headphones,Electronics,3,8204.84,1336.03,Nashik
105470,2025-05-16,Customer_0116,Mixer,Home,6,21248.99,1897.1,Nashik
106167,2025-05-16,Customer_2071,Table,Furniture,6,46532.68,8320.57,Mumbai
104711,2025-05-16,Customer_1645,Desk,Furniture,8,88679.15,14882.0,Mumbai
104661,2025-05-16,Customer_0989,Monitor,Electronics,1,13367.17,2606.03,Kolhapur
108924,2025-05-16,Customer_0146,Lamp,Home,4,5190.3,399.95,Pune
106213,2025-05-17,Customer_1370,Vacuum Cleaner,Home,4,27687.1,4367.6,Nagpur
108207,2025-05-17,Customer_2180,T-Shirt,Clothing,7,4247.65,899.07,Pune
100956,2025-05-17,Customer_1888,Bookshelf,Furniture,8,44338.8,6753.4,Kolhapur
105182,2025-05-17,Customer_0749,Jacket,Clothing,3,8914.04,1609.35,Nagpur
103994,2025-05-17,Customer_1768,Smartphone,Electronics,4,87998.11,17686.76,Aurangabad
104374,2025-05-17,Customer_0872,Shoes,Clothing,6,15656.7,2032.83,Nashik
106314,2025-05-17,Customer_1401,Headphones,Electronics,1,2575.82,413.86,Pune
108658,2025-05-17,Customer_2487,Tablet,Electronics,5,98076.9,8355.39,Nashik
104536,2025-05-17,Customer_0932,Jeans,Clothing,8,11058.36,944.02,Nashik
105931,2025-05-17,Customer_2280,Bedsheet,Home,1,1591.43,216.94,Nashik
102785,2025-05-17,Customer_0844,Monitor,Electronics,3,43305.92,8803.37,Nagpur
100182,2025-05-17,Customer_1891,Smartphone,Electronics,2,43484.01,7413.96,Pune
101592,2025-05-17,Customer_2408,Cabinet,Furniture,4,33717.88,5934.86,Aurangabad
108620,2025-05-17,Customer_0496,Shoes,Clothing,8,19752.88,1701.75,Pune
108537,2025-05-17,Customer_2379,Cookware,Home,6,14185.57,1416.25,Aurangabad
101025,2025-05-17,Customer_1563,Desk,Furniture,5,58182.73,12613.22,Pune
104451,2025-05-17,Customer_1429,Table,Furniture,3,24992.97,5008.98,Nashik
106913,2025-05-17,Customer_2031,Monitor,Electronics,4,54806.63,11700.87,Pune
105267,2025-05-17,Customer_1434,Mixer,Home,3,11845.63,2586.96,Kolhapur
109111,2025-05-17,Customer_1131,Desk,Furniture,6,62266.05,9698.62,Nashik
105676,2025-05-17,Customer_2168,Table,Furniture,1,9637.84,1707.39,Nashik
108901,2025-05-17,Customer_2418,Mixer,Home,2,7152.08,1450.73,Nashik
106396,2025-05-17,Customer_1283,Jeans,Clothing,3,5422.15,913.98,Mumbai
102998,2025-05-17,Customer_1832,Mixer,Home,1,3416.56,259.04,Nashik
108162,2025-05-17,Customer_0501,Headphones,Electronics,7,18692.29,1167.22,Nashik
102567,2025-05-18,Customer_1484,Desk,Furniture,6,69085.11,13865.85,Nashik
105003,2025-05-18,Customer_1800,Bookshelf,Furniture,3,16462.45,2880.81,Nagpur
106018,2025-05-18,Customer_2369,Office Chair,Furniture,6,42842.31,5776.23,Mumbai
104571,2025-05-18,Customer_1052,Jeans,Clothing,6,9783.79,833.51,Kolhapur
105692,2025-05-18,Customer_0419,Headphones,Electronics,3,7660.34,564.01,Nashik
102789,2025-05-18,Customer_1399,Cookware,Home,2,4940.36,809.62,Nashik
104377,2025-05-18,Customer_2034,Jacket,Clothing,7,21355.84,2848.18,Pune
107701,2025-05-18,Customer_0897,Desk,Furniture,4,45151.27,9055.44,Kolhapur
102925,2025-05-18,Customer_1575,Bookshelf,Furniture,3,17133.65,1880.17,Kolhapur
103786,2025-05-18,Customer_1642,Monitor,Electronics,1,14058.66,2437.67,Nagpur
107819,2025-05-18,Customer_0681,Cabinet,Furniture,3,23311.15,3226.13,Kolhapur
103800,2025-05-18,Customer_2456,Jacket,Clothing,6,15656.95,1963.97,Pune
109482,2025-05-18,Customer_1271,T-Shirt,Clothing,2,1215.44,112.44,Nagpur
104752,2025-05-18,Customer_0002,Table,Furniture,7,54046.78,7139.55,Nashik
105336,2025-05-18,Customer_2089,Smartphone,Electronics,2,55699.79,4240.36,Aurangabad
109424,2025-05-18,Customer_1393,Cabinet,Furniture,5,39488.16,6564.65,Pune
104427,2025-05-18,Customer_1051,Tablet,Electronics,5,77508.49,10854.47,Pune
101005,2025-05-18,Customer_2211,Jacket,Clothing,8,21709.37,3287.04,Mumbai
104850,2025-05-18,Customer_1869,Smartphone,Electronics,2,50006.29,7364.72,Pune
102481,2025-05-18,Customer_1793,Smartphone,Electronics,4,113157.67,12527.83,Pune
109619,2025-05-18,Customer_1522,Desk,Furniture,8,95300.16,11812.28,Nagpur
100808,2025-05-18,Customer_1974,Tablet,Electronics,4,66120.01,10143.96,Nashik
109766,2025-05-18,Customer_1309,Shoes,Clothing,3,7502.21,1290.96,Aurangabad
102241,2025-05-18,Customer_0285,Desk,Furniture,6,76521.4,15054.09,Mumbai
104125,2025-05-18,Customer_0649,Jeans,Clothing,7,11859.05,2401.56,Aurangabad
109191,2025-05-18,Customer_0867,Vacuum Cleaner,Home,1,6629.58,1354.48,Nagpur
107225,2025-05-19,Customer_0209,Monitor,Electronics,7,101469.16,6944.95,Nashik
102557,2025-05-19,Customer_1622,Bookshelf,Furniture,8,46985.51,6483.55,Mumbai
108390,2025-05-19,Customer_1361,Lamp,Home,6,6860.55,741.21,Nashik
104652,2025-05-19,Customer_1079,Tablet,Electronics,1,15307.7,2710.74,Kolhapur
103057,2025-05-19,Customer_1872,Jeans,Clothing,5,7430.75,499.62,Mumbai
103695,2025-05-19,Customer_1403,Backpack,Clothing,2,2973.81,197.53,Nashik
108409,2025-05-19,Customer_0010,Monitor,Electronics,2,25134.25,5318.66,Pune
105220,2025-05-19,Customer_0857,Bookshelf,Furniture,5,28740.19,5814.67,Mumbai
109697,2025-05-19,Customer_2461,Cabinet,Furniture,5,31121.48,2355.9,Aurangabad
107136,2025-05-19,Customer_2337,Table,Furniture,4,40836.92,7804.08,Kolhapur
104167,2025-05-19,Customer_0409,Cookware,Home,5,9966.44,1593.67,Mumbai
100997,2025-05-19,Customer_2147,Laptop,Electronics,7,367470.64,63805.24,Pune
100102,2025-05-19,Customer_0652,Vacuum Cleaner,Home,8,56983.07,11675.44,Aurangabad
105204,2025-05-19,Customer_0217,Bookshelf,Furniture,8,44108.18,3403.87,Nagpur
105511,2025-05-19,Customer_1468,Backpack,Clothing,4,5454.71,713.79,Nagpur
108915,2025-05-19,Customer_1953,Monitor,Electronics,6,85751.93,18633.91,Kolhapur
109394,2025-05-19,Customer_0903,Bookshelf,Furniture,3,18742.32,2748.65,Mumbai
103957,2025-05-19,Customer_0410,T-Shirt,Clothing,8,5719.87,480.45,Nagpur
109804,2025-05-19,Customer_0085,Shoes,Clothing,2,4413.36,452.62,Kolhapur
104473,2025-05-19,Customer_0560,Tablet,Electronics,4,80476.41,13117.53,Nashik
104067,2025-05-19,Customer_0493,Jeans,Clothing,3,4323.72,334.52,Pune
103454,2025-05-19,Customer_2485,Mixer,Home,1,3225.67,667.14,Mumbai
108694,2025-05-19,Customer_1333,Cookware,Home,7,15887.06,1573.66,Aurangabad
109645,2025-05-19,Customer_2344,T-Shirt,Clothing,1,666.21,104.3,Nagpur
109824,2025-05-19,Customer_1368,Jeans,Clothing,2,3351.85,579.2,Mumbai
104865,2025-05-19,Customer_0487,Backpack,Clothing,3,4234.49,417.14,Nashik
107017,2025-05-20,Customer_0935,Tablet,Electronics,3,48052.36,4828.54,Pune
105299,2025-05-20,Customer_1411,Tablet,Electronics,5,88804.07,11832.67,Nashik
105193,2025-05-20,Customer_0876,Vacuum Cleaner,Home,6,36607.96,7911.94,Pune
107098,2025-05-20,Customer_1586,Bedsheet,Home,4,7719.19,1450.37,Nagpur
106797,2025-05-20,Customer_0743,T-Shirt,Clothing,5,3831.0,649.49,Kolhapur
108357,2025-05-20,Unknown Customer,Headphones,Electronics,4,11021.47,985.0,Aurangabad
109021,2025-05-20,Customer_2094,Bookshelf,Furniture,5,28663.65,4643.34,Mumbai
104820,2025-05-20,Customer_2302,Table,Furniture,2,18638.02,2137.01,Mumbai
107131,2025-05-20,Customer_0579,T-Shirt,Clothing,1,686.08,86.32,Nagpur
109998,2025-05-20,Customer_1475,Jeans,Clothing,2,3093.87,517.12,Aurangabad
107245,2025-05-20,Customer_1665,Table,Furniture,7,64936.37,12734.04,Mumbai
107657,2025-05-20,Customer_1062,Jacket,Clothing,1,2469.62,510.7,Nagpur
103733,2025-05-20,Customer_2418,Smartphone,Electronics,8,172986.03,24885.4,Nagpur
103490,2025-05-20,Customer_1186,Backpack,Clothing,2,3173.18,200.19,Nashik
104508,2025-05-20,Customer_0271,Office Chair,Furniture,3,23341.99,4229.67,Mumbai
100266,2025-05-20,Customer_0335,Cabinet,Furniture,1,8769.54,579.07,Nashik
104268,2025-05-20,Customer_0262,Office Chair,Furniture,5,41756.28,3814.0,Pune
102590,2025-05-20,Customer_0517,Monitor,Electronics,2,27925.58,4724.92,Aurangabad
101529,2025-05-20,Customer_1520,Lamp,Home,7,9226.34,1118.71,Mumbai
108147,2025-05-20,Customer_1210,Table,Furniture,4,34879.83,5944.99,Nashik
100989,2025-05-20,Customer_0687,Shoes,Clothing,3,6945.28,499.22,Aurangabad
100607,2025-05-21,Customer_0842,T-Shirt,Clothing,5,3942.53,853.8,Kolhapur
104013,2025-05-21,Customer_2040,Desk,Furniture,8,84251.92,8286.94,Nashik
108364,2025-05-21,Customer_1443,Bedsheet,Home,8,13273.29,2254.95,Mumbai
106429,2025-05-21,Customer_2008,Tablet,Electronics,3,47770.02,8557.95,Kolhapur
105452,2025-05-21,Customer_1360,Laptop,Electronics,2,114766.21,13713.2,Nashik
109217,2025-05-21,Customer_0248,Bedsheet,Home,2,3219.83,463.92,Mumbai
103978,2025-05-21,Customer_0434,Cookware,Home,5,10133.65,1254.35,Nagpur
109399,2025-05-21,Customer_1061,Laptop,Electronics,7,373042.07,26380.91,Aurangabad
102158,2025-05-21,Customer_2364,Cabinet,Furniture,2,36333.11,2321.02,Nagpur
109981,2025-05-21,Customer_2032,Smartphone,Electronics,1,23140.45,1762.24,Kolhapur
104552,2025-05-21,Customer_1717,Desk,Furniture,8,94613.53,8589.56,Mumbai
102417,2025-05-21,Customer_0694,Bedsheet,Home,4,8251.73,1020.63,Nashik
109330,2025-05-21,Customer_1988,Office Chair,Furniture,5,39688.4,5787.4,Aurangabad
101499,2025-05-21,Customer_0033,Table,Furniture,7,66009.72,7602.07,Nagpur
109037,2025-05-21,Customer_1516,Monitor,Electronics,4,58199.34,7914.2,Mumbai
103237,2025-05-21,Customer_0607,Jacket,Clothing,2,5591.52,1181.59,Kolhapur
105914,2025-05-21,Customer_1064,Shoes,Clothing,7,18790.44,1688.13,Mumbai
108950,2025-05-21,Customer_0361,Desk,Furniture,2,25619.87,5108.38,Mumbai
101216,2025-05-21,Customer_1598,Table,Furniture,5,45164.29,5312.35,Kolhapur
100640,2025-05-21,Customer_2171,T-Shirt,Clothing,4,3108.23,557.86,Mumbai
103705,2025-05-21,Customer_0110,Laptop,Electronics,4,246007.6,34308.17,Aurangabad
107498,2025-05-21,Customer_0529,Laptop,Electronics,1,57991.1,12626.3,Pune
104285,2025-05-21,Customer_2072,Bedsheet,Home,2,3906.63,663.11,Nashik
103582,2025-05-21,Customer_0797,Shoes,Clothing,4,9904.68,2002.05,Kolhapur
108718,2025-05-21,Customer_1652,Shoes,Clothing,3,8271.78,728.14,Nagpur
109011,2025-05-21,Customer_2375,Bedsheet,Home,7,12647.86,979.13,Nashik
107729,2025-05-21,Unknown Customer,Bookshelf,Furniture,6,35183.93,6110.91,Kolhapur
105599,2025-05-21,Customer_0565,Laptop,Electronics,7,339343.45,59276.32,Nashik
104199,2025-05-21,Customer_1644,Smartphone,Electronics,6,147539.38,10277.38,Kolhapur
106200,2025-05-21,Customer_1767,Smartphone,Electronics,3,73726.4,4743.98,Mumbai
105647,2025-05-21,Customer_1983,Table,Furniture,7,68274.95,9568.65,Pune
105398,2025-05-21,Customer_1601,Office Chair,Furniture,2,12794.79,1733.22,Nagpur
101519,2025-05-22,Customer_1565,Jacket,Clothing,8,25645.39,2663.58,Mumbai
102345,2025-05-22,Customer_0740,Smartphone,Electronics,8,181551.79,32537.94,Nashik
105829,2025-05-22,Customer_1153,Vacuum Cleaner,Home,8,51443.62,6361.03,Pune
108747,2025-05-22,Customer_0339,Monitor,Electronics,8,110726.45,21790.72,Nashik
109851,2025-05-22,Customer_1172,Monitor,Electronics,7,94480.39,16119.5,Nagpur
100993,2025-05-22,Customer_1696,Backpack,Clothing,8,11149.57,1214.1,Mumbai
100386,2025-05-22,Customer_0987,Tablet,Electronics,8,133500.34,8456.65,Mumbai
102073,2025-05-22,Customer_1954,Monitor,Electronics,2,30482.87,4676.48,Kolhapur
103231,2025-05-22,Customer_0468,Cookware,Home,8,16917.85,2934.11,Pune
103103,2025-05-22,Customer_1898,Monitor,Electronics,3,37568.36,6473.99,Nashik
106341,2025-05-22,Customer_2440,Lamp,Home,5,6749.25,629.22,Mumbai
102872,2025-05-22,Customer_0226,Shoes,Clothing,5,13175.23,2682.02,Kolhapur
104907,2025-05-22,Customer_2113,Monitor,Electronics,4,76247.28,3931.92,Nagpur
109799,2025-05-22,Customer_1869,Laptop,Electronics,2,124584.38,26452.55,Pune
103142,2025-05-22,Customer_0981,Bookshelf,Furniture,6,37960.58,4336.79,Kolhapur
103087,2025-05-22,Customer_1664,Headphones,Electronics,4,10525.43,918.21,Nashik
101447,2025-05-23,Customer_1289,Tablet,Electronics,8,157963.38,12082.09,Nagpur
102363,2025-05-23,Customer_1178,Laptop,Electronics,7,392540.87,39171.92,Kolhapur
101064,2025-05-23,Customer_1764,Jacket,Clothing,7,22304.87,4266.34,Aurangabad
101837,2025-05-23,Customer_0376,Desk,Furniture,3,36594.2,3877.3,Mumbai
102112,2025-05-23,Customer_0234,Lamp,Home,1,1118.31,121.25,Aurangabad
102937,2025-05-23,Customer_1152,Cookware,Home,8,17878.51,3840.72,Aurangabad
104901,2025-05-23,Customer_1975,Office Chair,Furniture,4,25835.08,5085.78,Aurangabad
103874,2025-05-23,Customer_0401,Shoes,Clothing,6,14750.73,2713.78,Pune
102108,2025-05-23,Customer_0508,Shoes,Clothing,3,8393.34,1714.58,Kolhapur
103080,2025-05-23,Customer_2358,Monitor,Electronics,2,32166.32,4545.27,Pune
102238,2025-05-23,Customer_1424,Desk,Furniture,4,53109.41,6428.99,Aurangabad
100676,2025-05-23,Customer_0720,Vacuum Cleaner,Home,5,33426.7,2487.99,Nagpur
100147,2025-05-23,Customer_0058,Jeans,Clothing,5,7316.59,1447.66,Aurangabad
108413,2025-05-23,Customer_2111,Smartphone,Electronics,7,182564.97,16155.26,Pune
108170,2025-05-23,Customer_0588,Mixer,Home,4,12238.57,2235.8,Pune
107357,2025-05-23,Customer_1937,Lamp,Home,7,7261.8,1085.79,Mumbai
105408,2025-05-23,Customer_1064,Smartphone,Electronics,3,77554.08,10401.64,Nagpur
102869,2025-05-23,Customer_1656,Bookshelf,Furniture,7,41594.76,5286.79,Nagpur
104829,2025-05-23,Customer_1059,Office Chair,Furniture,6,48815.38,8113.59,Kolhapur
106400,2025-05-23,Customer_1055,Office Chair,Furniture,7,52671.45,6428.62,Pune
100387,2025-05-23,Customer_1153,T-Shirt,Clothing,1,641.85,44.31,Nagpur
109853,2025-05-23,Customer_0100,Bookshelf,Furniture,8,47529.54,8501.35,Kolhapur
105315,2025-05-23,Customer_0015,Mixer,Home,1,3506.48,507.27,Aurangabad
100425,2025-05-24,Customer_1186,Bedsheet,Home,3,4930.28,606.69,Pune
100680,2025-05-24,Customer_2403,Laptop,Electronics,3,169441.59,22363.92,Aurangabad
106990,2025-05-24,Customer_0800,Monitor,Electronics,6,87193.6,14790.44,Pune
109862,2025-05-24,Unknown Customer,Desk,Furniture,5,61222.17,8077.98,Kolhapur
102169,2025-05-24,Customer_0302,Mixer,Home,7,27568.81,3639.63,Nagpur
106130,2025-05-24,Customer_1819,Headphones,Electronics,4,9993.18,1527.86,Nagpur
109746,2025-05-24,Customer_1345,Table,Furniture,3,24177.03,2938.28,Mumbai
102917,2025-05-24,Customer_1725,Jeans,Clothing,7,11914.73,2396.27,Nagpur
104633,2025-05-24,Customer_1211,Mixer,Home,3,10140.44,1159.55,Nashik
101225,2025-05-24,Customer_0632,Lamp,Home,7,7154.19,642.52,Nashik
100464,2025-05-24,Customer_0587,Jeans,Clothing,5,8235.93,534.97,Aurangabad
109311,2025-05-24,Customer_2020,T-Shirt,Clothing,3,1843.76,159.75,Nagpur
100232,2025-05-24,Customer_0869,Tablet,Electronics,2,36463.08,7046.96,Aurangabad
105698,2025-05-24,Customer_1140,Office Chair,Furniture,1,6377.8,1163.94,Kolhapur
100259,2025-05-24,Customer_2495,Vacuum Cleaner,Home,1,6754.65,891.18,Aurangabad
108334,2025-05-24,Customer_1841,Shoes,Clothing,7,19740.95,4228.64,Pune
100577,2025-05-24,Customer_2181,Monitor,Electronics,6,93409.46,11507.9,Nashik
104942,2025-05-24,Customer_1863,Mixer,Home,5,18348.31,1579.01,Aurangabad
102322,2025-05-24,Customer_2332,Bedsheet,Home,2,3237.38,316.9,Pune
102672,2025-05-24,Customer_1229,Cabinet,Furniture,8,60408.56,9174.0,Kolhapur
103617,2025-05-24,Customer_0284,Headphones,Electronics,6,15000.67,1913.73,Mumbai
107312,2025-05-24,Customer_2165,Lamp,Home,7,7540.31,864.63,Nashik
105733,2025-05-24,Customer_1041,Bookshelf,Furniture,2,12839.93,1603.39,Nagpur
108146,2025-05-24,Customer_0672,Cookware,Home,8,18291.63,2321.44,Pune
101761,2025-05-25,Customer_1476,Laptop,Electronics,2,103722.23,22342.56,Pune
107696,2025-05-25,Customer_1123,Lamp,Home,2,2399.76,261.77,Mumbai
100752,2025-05-25,Customer_1378,Tablet,Electronics,2,36927.2,6199.0,Nashik
100621,2025-05-25,Customer_2034,Office Chair,Furniture,3,21812.09,1401.02,Nashik
107791,2025-05-25,Customer_2078,Vacuum Cleaner,Home,1,6824.59,700.0,Nagpur
100915,2025-05-25,Customer_2455,Jeans,Clothing,7,10924.48,1644.02,Kolhapur
105399,2025-05-25,Customer_1958,Mixer,Home,7,23975.54,2335.67,Aurangabad
103478,2025-05-25,Customer_0112,Vacuum Cleaner,Home,2,11788.46,1388.67,Nagpur
104386,2025-05-25,Customer_1597,Jeans,Clothing,5,8926.12,870.74,Nashik
109009,2025-05-25,Customer_0113,Laptop,Electronics,3,187414.85,13835.99,Mumbai
109643,2025-05-25,Customer_1397,Tablet,Electronics,1,17023.61,1793.22,Nagpur
103614,2025-05-25,Customer_0176,Office Chair,Furniture,1,8016.8,749.64,Mumbai
106906,2025-05-25,Customer_1746,Cabinet,Furniture,2,16156.64,1549.23,Aurangabad
105444,2025-05-25,Customer_1733,Desk,Furniture,4,46094.73,8533.01,Nagpur
100431,2025-05-25,Customer_0356,Bedsheet,Home,6,10014.93,2018.89,Nagpur
109720,2025-05-25,Customer_0382,Vacuum Cleaner,Home,7,47462.04,9852.35,Aurangabad
101961,2025-05-25,Customer_2357,Office Chair,Furniture,3,22885.2,4496.32,Pune
101575,2025-05-25,Customer_1241,Vacuum Cleaner,Home,8,57446.46,11486.55,Kolhapur
107167,2025-05-25,Customer_1070,Backpack,Clothing,5,7060.36,1372.68,Nashik
102319,2025-05-25,Customer_2164,Headphones,Electronics,3,6458.01,614.6,Nagpur
109068,2025-05-25,Customer_2247,Table,Furniture,8,62239.53,7774.76,Nagpur
107485,2025-05-25,Customer_1720,Bookshelf,Furniture,3,18781.07,3852.21,Aurangabad
102060,2025-05-25,Customer_1141,Monitor,Electronics,7,111025.64,9852.57,Mumbai
109290,2025-05-25,Customer_0405,Shoes,Clothing,8,17648.42,1415.48,Nashik
100702,2025-05-25,Customer_2270,Desk,Furniture,7,78205.47,7280.46,Aurangabad
109169,2025-05-25,Customer_0122,Monitor,Electronics,8,97070.39,21134.44,Pune
107583,2025-05-26,Customer_2031,Headphones,Electronics,1,2219.48,429.99,Nashik
106698,2025-05-26,Customer_1231,Tablet,Electronics,2,35660.46,6963.13,Kolhapur
109400,2025-05-26,Customer_1249,Jacket,Clothing,1,3017.18,397.17,Kolhapur
109512,2025-05-26,Customer_0711,Mixer,Home,3,10375.69,1706.74,Nashik
102172,2025-05-26,Customer_0481,Cabinet,Furniture,1,7821.03,1414.66,Nashik
105641,2025-05-26,Customer_1597,Tablet,Electronics,3,57157.81,4895.15,Nashik
106349,2025-05-26,Customer_0663,Lamp,Home,6,6968.65,975.27,Mumbai
108346,2025-05-26,Customer_0010,Headphones,Electronics,5,11985.74,1501.7,Pune
107376,2025-05-26,Customer_1190,Table,Furniture,4,38236.13,4856.74,Aurangabad
100923,2025-05-26,Customer_0382,Monitor,Electronics,2,24087.07,2677.14,Nagpur
108164,2025-05-26,Customer_0859,Laptop,Electronics,8,480735.76,72441.1,Kolhapur
106408,2025-05-26,Customer_2084,Desk,Furniture,6,62595.46,9062.45,Nashik
103299,2025-05-26,Customer_1383,Office Chair,Furniture,8,62905.94,12308.67,Pune
108726,2025-05-26,Customer_1146,Tablet,Electronics,7,116860.07,25160.28,Kolhapur
104762,2025-05-26,Customer_1942,Tablet,Electronics,1,15301.36,2786.5,Nagpur
106708,2025-05-26,Customer_0706,Bookshelf,Furniture,4,25083.45,4217.29,Aurangabad
101337,2025-05-26,Customer_0066,Jeans,Clothing,2,2900.52,572.99,Nagpur
102225,2025-05-26,Customer_0068,Laptop,Electronics,4,209666.42,26028.92,Nagpur
102421,2025-05-26,Customer_0106,Office Chair,Furniture,8,62428.46,12298.9,Nashik
107665,2025-05-26,Customer_0968,Monitor,Electronics,8,115541.44,8673.26,Aurangabad
103743,2025-05-26,Customer_0113,Mixer,Home,3,11687.51,1091.46,Aurangabad
102250,2025-05-26,Customer_1445,Shoes,Clothing,1,2804.69,395.52,Nashik
108551,2025-05-26,Customer_0636,Jacket,Clothing,3,9093.53,1440.87,Mumbai
104657,2025-05-26,Customer_1288,Lamp,Home,1,1048.81,189.71,Mumbai
108271,2025-05-26,Customer_0271,Jacket,Clothing,5,14601.87,2086.42,Mumbai
100598,2025-05-26,Customer_0291,Cookware,Home,8,19167.88,2960.83,Mumbai
101522,2025-05-26,Customer_0965,Headphones,Electronics,5,12831.63,1913.35,Kolhapur
105501,2025-05-26,Customer_2374,Desk,Furniture,2,25706.59,4266.26,Pune
105796,2025-05-26,Customer_1199,Tablet,Electronics,8,164544.91,28998.49,Nashik
107618,2025-05-26,Customer_1435,Laptop,Electronics,1,56902.35,11912.27,Pune
101877,2025-05-27,Customer_1459,Bedsheet,Home,1,1954.79,223.3,Nashik
100324,2025-05-27,Customer_0196,Bookshelf,Furniture,2,10537.17,1927.19,Mumbai
106239,2025-05-27,Customer_0631,T-Shirt,Clothing,5,3690.21,624.33,Pune
103501,2025-05-27,Customer_0885,Tablet,Electronics,3,54388.38,4437.0,Nashik
104650,2025-05-27,Customer_1467,Bedsheet,Home,3,5148.37,597.15,Kolhapur
103304,2025-05-27,Customer_2139,Bookshelf,Furniture,3,18777.29,2967.88,Aurangabad
107495,2025-05-27,Customer_0108,Backpack,Clothing,5,7042.54,1018.4,Pune
103481,2025-05-27,Customer_1761,Jacket,Clothing,1,2715.02,488.87,Kolhapur
100670,2025-05-27,Customer_0121,Backpack,Clothing,4,5046.88,485.98,Unknown
108849,2025-05-27,Customer_0615,Office Chair,Furniture,2,16520.54,1292.22,Aurangabad
101283,2025-05-27,Customer_1574,Desk,Furniture,1,10815.4,724.9,Aurangabad
100272,2025-05-27,Customer_1047,Jeans,Clothing,3,5047.36,621.3,Nashik
104090,2025-05-27,Customer_1814,Desk,Furniture,3,39895.58,3016.81,Mumbai
106792,2025-05-27,Customer_1687,Laptop,Electronics,4,219907.47,44301.82,Aurangabad
103537,2025-05-27,Customer_0780,Shoes,Clothing,2,5494.17,859.49,Mumbai
102071,2025-05-27,Customer_1547,Office Chair,Furniture,3,23459.37,1523.12,Aurangabad
103270,2025-05-27,Customer_1899,Cookware,Home,8,16621.56,2278.9,Aurangabad
105232,2025-05-27,Customer_2305,Lamp,Home,6,6639.59,689.48,Pune
106158,2025-05-27,Customer_1644,Desk,Furniture,3,31431.89,3889.31,Nagpur
100492,2025-05-27,Customer_2169,Mixer,Home,1,3497.76,680.98,Aurangabad
104241,2025-05-27,Customer_1098,Shoes,Clothing,4,9891.47,1557.5,Mumbai
101745,2025-05-27,Customer_0219,Bookshelf,Furniture,4,24594.39,1755.08,Aurangabad
100430,2025-05-27,Customer_0719,Jacket,Clothing,4,11892.36,1646.77,Kolhapur
103699,2025-05-27,Customer_1263,Lamp,Home,7,9456.96,1102.38,Kolhapur
103190,2025-05-27,Customer_0968,Bedsheet,Home,3,4715.82,1007.09,Pune
104584,2025-05-27,Customer_0217,Monitor,Electronics,7,112558.35,8114.93,Pune
103108,2025-05-27,Customer_1021,Table,Furniture,8,68514.62,7328.09,Pune
104246,2025-05-28,Customer_0619,Backpack,Clothing,3,4234.57,602.7,Kolhapur
109445,2025-05-28,Customer_2275,Jeans,Clothing,2,3078.22,393.31,Pune
105660,2025-05-28,Customer_2219,Desk,Furniture,7,75044.63,10553.04,Kolhapur
102552,2025-05-28,Customer_0165,Bedsheet,Home,5,9273.69,1982.13,Mumbai
101818,2025-05-28,Customer_0712,Headphones,Electronics,6,13670.67,1217.25,Pune
101398,2025-05-28,Customer_0555,Bookshelf,Furniture,8,43140.97,9460.06,Nashik
103385,2025-05-28,Customer_2342,Office Chair,Furniture,2,14531.73,1503.07,Pune
104336,2025-05-28,Customer_0539,Jacket,Clothing,5,14374.05,2126.63,Kolhapur
102776,2025-05-28,Customer_0623,Smartphone,Electronics,4,113437.51,19816.85,Kolhapur
105813,2025-05-28,Customer_0886,Bedsheet,Home,1,1746.78,252.49,Nagpur
100240,2025-05-28,Customer_1837,Laptop,Electronics,8,411652.25,40454.62,Nashik
101548,2025-05-28,Customer_0333,Jeans,Clothing,1,1659.49,221.79,Nagpur
107843,2025-05-28,Customer_1328,T-Shirt,Clothing,7,4963.84,566.81,Nagpur
106327,2025-05-28,Customer_1657,T-Shirt,Clothing,3,1825.11,128.73,Nashik
108496,2025-05-28,Customer_1310,Tablet,Electronics,3,49264.99,10542.93,Pune
105055,2025-05-28,Customer_1642,Mixer,Home,7,26212.05,2554.81,Mumbai
103654,2025-05-28,Customer_1627,Smartphone,Electronics,6,171906.48,11549.63,Aurangabad
106643,2025-05-28,Customer_2014,Smartphone,Electronics,1,24116.64,4914.67,Kolhapur
102868,2025-05-28,Customer_0555,Bookshelf,Furniture,6,32528.16,3909.35,Nagpur
100244,2025-05-28,Customer_1320,Mixer,Home,2,6695.18,1058.04,Kolhapur
103069,2025-05-28,Customer_1869,Monitor,Electronics,6,76928.08,13652.81,Nagpur
101121,2025-05-28,Customer_1953,Headphones,Electronics,2,4285.57,311.85,Mumbai
101206,2025-05-28,Customer_0978,Bedsheet,Home,7,11931.67,1324.32,Kolhapur
101376,2025-05-29,Customer_0379,Table,Furniture,6,54034.53,3415.08,Nashik
102284,2025-05-29,Customer_0840,Monitor,Electronics,1,13485.69,2510.9,Kolhapur
104156,2025-05-29,Customer_0962,Table,Furniture,5,41323.77,6593.27,Pune
108725,2025-05-29,Customer_2098,Headphones,Electronics,2,4580.1,907.86,Pune
107089,2025-05-29,Customer_0308,Laptop,Electronics,2,113647.74,8835.08,Pune
102337,2025-05-29,Customer_0108,Office Chair,Furniture,1,8301.6,654.12,Mumbai
102625,2025-05-29,Customer_0568,Monitor,Electronics,4,60435.41,6453.97,Kolhapur
101167,2025-05-29,Customer_1366,T-Shirt,Clothing,2,1517.93,137.65,Nashik
108714,2025-05-29,Customer_2379,Backpack,Clothing,2,2705.21,465.57,Aurangabad
102588,2025-05-29,Customer_1464,T-Shirt,Clothing,2,1606.47,349.11,Aurangabad
102441,2025-05-29,Customer_1424,Lamp,Home,2,2216.17,431.62,Aurangabad
103772,2025-05-29,Customer_1786,Cabinet,Furniture,1,7956.67,531.47,Mumbai
107151,2025-05-29,Customer_2335,Mixer,Home,4,12126.97,1761.18,Pune
109309,2025-05-29,Customer_1107,T-Shirt,Clothing,7,5151.17,1030.45,Nashik
109298,2025-05-29,Customer_1438,Mixer,Home,1,3441.22,439.86,Pune
105223,2025-05-29,Customer_1375,Desk,Furniture,5,63600.61,5329.06,Nagpur
103492,2025-05-29,Customer_2346,Table,Furniture,7,69037.38,7190.08,Nagpur
104069,2025-05-29,Customer_0857,Jacket,Clothing,3,9537.78,1662.35,Nashik
105821,2025-05-29,Customer_1889,Jacket,Clothing,6,17726.02,3326.29,Nagpur
101439,2025-05-29,Customer_0604,Bedsheet,Home,5,8869.04,1863.87,Nagpur
106923,2025-05-29,Customer_2082,T-Shirt,Clothing,7,5284.59,741.02,Nashik
104873,2025-05-29,Customer_0046,Vacuum Cleaner,Home,3,17005.33,2376.51,Nagpur
108443,2025-05-29,Customer_1280,Cabinet,Furniture,4,30999.27,6274.95,Pune
107026,2025-05-29,Customer_0479,Jeans,Clothing,6,9501.89,1583.21,Pune
102480,2025-05-29,Customer_2130,Office Chair,Furniture,3,25022.26,2731.73,Aurangabad
100662,2025-05-29,Customer_0708,Tablet,Electronics,7,137819.8,11193.26,Nashik
102235,2025-05-29,Customer_0978,Laptop,Electronics,5,306627.88,26266.67,Pune
109932,2025-05-30,Customer_0020,Shoes,Clothing,1,2685.49,234.16,Mumbai
104564,2025-05-30,Customer_0851,Cabinet,Furniture,5,7810.95,1511.25,Nashik
102306,2025-05-30,Customer_0531,Cabinet,Furniture,5,34198.45,6510.25,Aurangabad
100943,2025-05-30,Customer_0718,Backpack,Clothing,1,1448.39,278.8,Aurangabad
109910,2025-05-30,Customer_1866,Jacket,Clothing,5,18224.11,2970.57,Mumbai
105520,2025-05-30,Customer_0204,Office Chair,Furniture,7,54192.78,6550.34,Pune
101891,2025-05-30,Customer_0371,Cabinet,Furniture,8,58272.64,7503.14,Aurangabad
103053,2025-05-30,Customer_1823,T-Shirt,Clothing,5,3376.14,252.07,Nagpur
106799,2025-05-30,Customer_0347,Jacket,Clothing,3,7478.61,916.84,Aurangabad
107407,2025-05-30,Customer_1595,Bookshelf,Furniture,5,25904.83,1675.28,Kolhapur
101198,2025-05-30,Customer_0399,Office Chair,Furniture,8,63620.54,6775.77,Nagpur
107644,2025-05-30,Customer_1886,Lamp,Home,2,2454.43,369.17,Nashik
106138,2025-05-30,Customer_0832,Cookware,Home,8,16121.48,1837.97,Aurangabad
109511,2025-05-30,Customer_2016,Lamp,Home,2,2744.86,320.11,Pune
104541,2025-05-30,Customer_2313,Bookshelf,Furniture,6,33808.43,3294.63,Pune
108353,2025-05-30,Customer_1536,Vacuum Cleaner,Home,3,18347.06,1757.92,Pune
104362,2025-05-30,Customer_2167,Bookshelf,Furniture,8,42340.95,4522.67,Aurangabad
100016,2025-05-30,Customer_0272,Shoes,Clothing,5,11205.66,1000.3,Mumbai
109326,2025-05-30,Customer_1965,Cabinet,Furniture,8,55378.75,6630.2,Nashik
108021,2025-05-30,Customer_1567,Cabinet,Furniture,3,25877.15,4067.1,Nashik
103118,2025-05-30,Customer_0664,Office Chair,Furniture,1,6763.02,1056.45,Pune
105802,2025-05-30,Customer_1357,Tablet,Electronics,3,59679.73,11252.48,Nagpur
104472,2025-05-30,Customer_0123,Bedsheet,Home,6,11310.21,2253.25,Pune
100824,2025-05-31,Customer_0769,Backpack,Clothing,4,5326.03,818.49,Pune
101281,2025-05-31,Customer_0372,Shoes,Clothing,1,2306.43,285.44,Nashik
106289,2025-05-31,Customer_0680,Mixer,Home,1,3758.09,329.36,Mumbai
104248,2025-05-31,Customer_2423,Office Chair,Furniture,3,25275.9,1893.65,Nashik
102038,2025-05-31,Customer_0285,Vacuum Cleaner,Home,4,22337.1,2889.97,Mumbai
108717,2025-05-31,Customer_1709,Office Chair,Furniture,4,28836.32,5770.89,Nagpur
107310,2025-05-31,Customer_0444,Jeans,Clothing,3,4784.8,294.68,Aurangabad
106843,2025-05-31,Customer_1424,Cabinet,Furniture,7,63688.29,5955.81,Pune
107274,2025-05-31,Customer_1675,T-Shirt,Clothing,6,3737.9,234.77,Nashik
100548,2025-05-31,Customer_2114,Smartphone,Electronics,4,114127.14,13669.8,Mumbai
105617,2025-05-31,Customer_1014,Bedsheet,Home,4,6455.6,815.35,Nagpur
102429,2025-05-31,Customer_0033,Jeans,Clothing,1,1521.74,163.33,Mumbai
107304,2025-05-31,Customer_0312,Headphones,Electronics,8,18314.57,3982.24,Pune
108361,2025-05-31,Customer_1054,Jeans,Clothing,1,1508.46,104.97,Pune
104408,2025-05-31,Customer_1260,Cabinet,Furniture,8,57432.57,11754.51,Mumbai
106580,2025-05-31,Customer_0376,Headphones,Electronics,2,5050.44,388.25,Pune
108560,2025-05-31,Customer_0421,Cabinet,Furniture,4,32750.76,2479.23,Pune
100254,2025-05-31,Customer_1449,T-Shirt,Clothing,7,6584.93,297.56,Aurangabad
106445,2025-05-31,Customer_1786,Tablet,Electronics,2,40890.46,4168.17,Nagpur
102631,2025-05-31,Customer_0127,Bookshelf,Furniture,2,10544.41,1278.68,Mumbai
105817,2025-05-31,Customer_0430,Cookware,Home,4,8399.74,1836.21,Kolhapur
107445,2025-05-31,Customer_0335,Table,Furniture,8,62255.99,12727.62,Aurangabad
102347,2025-05-31,Customer_2483,Bookshelf,Furniture,5,19134.78,1787.46,Nagpur
106251,2025-05-31,Customer_1558,Shoes,Clothing,3,7009.26,666.24,Nagpur
101915,2025-06-01,Customer_1750,Smartphone,Electronics,7,150780.96,27225.1,Aurangabad
104586,2025-06-01,Customer_0329,Vacuum Cleaner,Home,1,6869.1,783.75,Pune
102832,2025-06-01,Customer_1427,Monitor,Electronics,4,55802.45,5659.61,Aurangabad
107715,2025-06-01,Customer_0255,Tablet,Electronics,6,116706.23,25032.22,Nashik
106515,2025-06-01,Customer_1031,Mixer,Home,8,26264.65,4263.97,Pune
106347,2025-06-01,Customer_0932,Bedsheet,Home,5,8996.02,1213.08,Mumbai
101390,2025-06-01,Customer_0173,Lamp,Home,8,9876.57,1320.12,Nashik
100189,2025-06-01,Customer_1866,Jacket,Clothing,7,19513.3,2867.38,Nashik
108425,2025-06-01,Customer_0611,Cabinet,Furniture,2,15242.95,1219.51,Aurangabad
109989,2025-06-01,Customer_2107,Backpack,Clothing,3,6584.93,575.27,Nagpur
100547,2025-06-01,Customer_0093,T-Shirt,Clothing,2,1516.92,238.72,Nashik
100276,2025-06-01,Customer_1884,Tablet,Electronics,5,18118.06,1302.11,Pune
109335,2025-06-01,Customer_0457,Office Chair,Furniture,7,54271.11,4554.49,Nashik
101189,2025-06-01,Customer_0063,Bookshelf,Furniture,2,11884.09,847.8,Kolhapur
109465,2025-06-01,Customer_2011,Bedsheet,Home,3,4696.63,838.73,Mumbai
102549,2025-06-01,Customer_0090,Vacuum Cleaner,Home,3,17242.19,1993.67,Nagpur
100014,2025-06-01,Customer_1555,Desk,Furniture,8,85373.22,13331.3,Nashik
108912,2025-06-01,Customer_1346,T-Shirt,Clothing,7,4317.41,617.98,Mumbai
107580,2025-06-01,Customer_1423,Desk,Furniture,4,42469.44,5180.31,Kolhapur
105284,2025-06-01,Customer_0241,Smartphone,Electronics,7,149733.34,18365.74,Pune
109403,2025-06-01,Customer_0737,Backpack,Clothing,8,12690.52,921.46,Kolhapur
102210,2025-06-01,Customer_1247,Laptop,Electronics,1,53740.94,5865.5,Pune
106925,2025-06-01,Customer_0982,T-Shirt,Clothing,3,2365.98,216.27,Pune
106080,2025-06-01,Customer_0363,Headphones,Electronics,1,2257.91,253.25,Mumbai
102893,2025-06-01,Customer_1921,Desk,Furniture,1,10720.76,1691.67,Nagpur
102748,2025-06-01,Customer_0648,Vacuum Cleaner,Home,3,16889.13,1860.25,Pune
109008,2025-06-01,Customer_2418,Shoes,Clothing,6,14873.9,1553.4,Nashik
103470,2025-06-01,Customer_1849,Office Chair,Furniture,4,30897.18,3495.95,Nashik
100954,2025-06-01,Customer_2204,T-Shirt,Clothing,5,3293.63,652.89,Kolhapur
101065,2025-06-02,Customer_2307,Backpack,Clothing,4,6194.63,542.35,Kolhapur
106458,2025-06-02,Customer_0813,Cookware,Home,6,13611.43,2135.95,Kolhapur
104513,2025-06-02,Customer_0020,Cabinet,Furniture,2,14182.92,1489.85,Pune
109271,2025-06-02,Customer_0301,Smartphone,Electronics,5,77309.23,16984.9,Aurangabad
101524,2025-06-02,Customer_1921,Mixer,Home,1,3008.67,475.28,Mumbai
109727,2025-06-02,Customer_0057,Lamp,Home,2,2417.46,292.86,Mumbai
101776,2025-06-02,Customer_0772,Mixer,Home,7,26724.67,2200.09,Nagpur
103289,2025-06-02,Customer_2459,Mixer,Home,5,17443.68,3130.71,Aurangabad
101542,2025-06-02,Customer_1164,T-Shirt,Clothing,4,2397.23,239.48,Mumbai
101346,2025-06-02,Customer_2297,Cabinet,Furniture,2,14493.59,1161.02,Aurangabad
103833,2025-06-02,Customer_1505,Lamp,Home,5,6073.66,921.9,Nashik
109028,2025-06-02,Customer_1561,Cookware,Home,7,14732.95,1374.72,Nashik
102605,2025-06-02,Customer_2409,Backpack,Clothing,8,9631.47,738.94,Nagpur
100289,2025-06-02,Customer_1272,Headphones,Electronics,2,4617.92,608.39,Nagpur
104174,2025-06-02,Customer_0263,Lamp,Home,7,9513.39,1568.66,Mumbai
108006,2025-06-02,Customer_1122,Table,Furniture,3,26195.16,5468.89,Kolhapur
100395,2025-06-02,Customer_0186,Vacuum Cleaner,Home,1,7365.98,837.89,Pune
106356,2025-06-02,Customer_2075,Cookware,Home,5,12554.27,2030.25,Nagpur
109292,2025-06-02,Customer_0292,Vacuum Cleaner,Home,4,28603.24,4216.41,Aurangabad
108565,2025-06-02,Customer_1993,Laptop,Electronics,7,430638.44,80245.94,Kolhapur
103502,2025-06-03,Customer_1335,Cabinet,Furniture,4,27449.43,2318.07,Aurangabad
102714,2025-06-03,Customer_2104,Monitor,Electronics,3,39428.81,3910.13,Pune
107858,2025-06-03,Customer_2476,Cabinet,Furniture,6,53036.86,9951.44,Pune
103022,2025-06-03,Customer_1338,Shoes,Clothing,5,6989.07,609.07,Kolhapur
103681,2025-06-03,Customer_2443,Jeans,Clothing,3,5193.68,354.88,Nashik
103964,2025-06-03,Customer_2224,T-Shirt,Clothing,2,1351.64,248.94,Nashik
101173,2025-06-03,Customer_1449,Smartphone,Electronics,6,153513.38,18444.65,Pune
104078,2025-06-03,Customer_1334,Laptop,Electronics,6,308607.82,30515.02,Aurangabad
107964,2025-06-03,Customer_2126,Smartphone,Electronics,2,43180.66,3326.89,Nagpur
107001,2025-06-03,Customer_0845,Shoes,Clothing,3,8092.18,798.04,Pune
102213,2025-06-03,Customer_1831,Jeans,Clothing,5,11627.19,1323.39,Aurangabad
104050,2025-06-03,Customer_1375,Bedsheet,Home,5,7724.21,801.71,Mumbai
106192,2025-06-03,Customer_1885,Office Chair,Furniture,2,16910.9,2472.16,Mumbai
109707,2025-06-03,Customer_1282,Bedsheet,Home,1,1764.32,160.85,Mumbai
109436,2025-06-03,Customer_0837,Backpack,Clothing,3,4199.9,394.92,Aurangabad
106955,2025-06-03,Customer_2421,Mixer,Home,3,12052.98,1076.41,Mumbai
106972,2025-06-03,Customer_0442,Laptop,Electronics,7,433540.33,81888.96,Kolhapur
100766,2025-06-03,Customer_1404,Desk,Furniture,4,47253.52,4909.92,Nagpur
109732,2025-06-03,Customer_1685,Smartphone,Electronics,5,120810.24,21333.0,Nagpur
101829,2025-06-03,Customer_1215,Bookshelf,Furniture,8,53511.49,10141.27,Mumbai
107087,2025-06-03,Customer_0822,Cookware,Home,4,8557.87,1311.36,Kolhapur
104357,2025-06-03,Customer_0345,Shoes,Clothing,6,14805.67,2844.71,Nagpur
101404,2025-06-03,Customer_0561,Jeans,Clothing,1,1415.39,177.05,Kolhapur
100463,2025-06-03,Customer_2366,Cabinet,Furniture,6,42657.3,5756.76,Kolhapur
105957,2025-06-03,Customer_1786,Monitor,Electronics,5,79887.8,6450.47,Aurangabad
106834,2025-06-03,Customer_1679,Shoes,Clothing,2,5385.3,1168.75,Nashik
102131,2025-06-03,Customer_0319,Mixer,Home,4,14690.25,1384.53,Aurangabad
106397,2025-06-03,Customer_1235,Lamp,Home,5,6587.95,681.05,Aurangabad
102359,2025-06-03,Customer_0843,Mixer,Home,4,13577.06,1917.94,Nagpur
108337,2025-06-03,Customer_2303,Smartphone,Electronics,8,196650.13,43061.58,Kolhapur
109594,2025-06-03,Customer_1269,Cabinet,Furniture,8,60100.81,4535.17,Kolhapur
103407,2025-06-03,Customer_1752,Desk,Furniture,1,10703.18,1641.29,Nagpur
104329,2025-06-03,Customer_1465,Jeans,Clothing,1,1496.93,214.45,Nagpur
105939,2025-06-03,Customer_1965,Backpack,Clothing,4,5926.37,821.59,Nashik
106947,2025-06-04,Customer_2449,Tablet,Electronics,2,37394.52,5738.98,Nashik
106094,2025-06-04,Customer_0726,Smartphone,Electronics,4,93875.53,8104.28,Nashik
109058,2025-06-04,Customer_1341,Bedsheet,Home,1,1985.79,420.62,Nashik
107730,2025-06-04,Customer_0307,Mixer,Home,6,23316.44,5038.78,Nashik
105196,2025-06-04,Customer_2105,Bedsheet,Home,2,4129.12,431.99,Mumbai
107069,2025-06-04,Customer_0745,Jeans,Clothing,2,3669.51,646.17,Mumbai
102468,2025-06-04,Customer_1853,Lamp,Home,2,2318.75,370.11,Mumbai
107937,2025-06-04,Customer_0726,Bookshelf,Furniture,6,34997.08,3988.65,Nagpur
100835,2025-06-04,Customer_1191,Desk,Furniture,4,51514.31,7238.54,Aurangabad
108889,2025-06-04,Customer_1801,Jacket,Clothing,1,3123.04,614.03,Nagpur
104020,2025-06-04,Customer_0664,Office Chair,Furniture,1,6472.25,743.01,Kolhapur
106210,2025-06-04,Customer_1253,Cabinet,Furniture,4,27957.47,1786.66,Mumbai
106880,2025-06-04,Customer_1078,Backpack,Clothing,4,6328.95,752.16,Aurangabad
101672,2025-06-04,Unknown Customer,Bedsheet,Home,2,3911.67,677.83,Mumbai
109363,2025-06-04,Customer_1153,Shoes,Clothing,5,11976.56,1569.09,Kolhapur
106504,2025-06-04,Customer_2383,Desk,Furniture,7,36333.11,14395.06,Kolhapur
103328,2025-06-04,Customer_0561,Jacket,Clothing,1,3020.94,262.73,Pune
101648,2025-06-04,Customer_0568,Vacuum Cleaner,Home,3,17095.67,2924.02,Kolhapur
109344,2025-06-05,Customer_2217,Office Chair,Furniture,8,61273.95,5038.76,Kolhapur
103378,2025-06-05,Customer_0970,Office Chair,Furniture,6,46739.62,8504.15,Kolhapur
103817,2025-06-05,Customer_1599,Bookshelf,Furniture,2,11994.76,2400.21,Pune
108746,2025-06-05,Customer_1930,Tablet,Electronics,4,64379.52,13808.6,Unknown
109748,2025-06-05,Customer_0934,Shoes,Clothing,5,13449.06,2506.85,Kolhapur
103039,2025-06-05,Customer_2197,Cookware,Home,3,6761.95,970.55,Pune
102166,2025-06-05,Customer_0439,Tablet,Electronics,2,34374.44,7131.88,Mumbai
104636,2025-06-05,Customer_1887,Mixer,Home,1,3362.01,425.06,Mumbai
107519,2025-06-05,Customer_2076,Office Chair,Furniture,5,41671.81,4676.91,Nagpur
105788,2025-06-05,Customer_1761,Bedsheet,Home,7,12995.25,1619.49,Nagpur
103998,2025-06-05,Customer_0867,Monitor,Electronics,7,84513.33,17495.65,Kolhapur
109038,2025-06-05,Customer_0467,Laptop,Electronics,1,52475.32,8417.35,Aurangabad
102443,2025-06-05,Customer_1192,Cookware,Home,1,1934.97,419.32,Nashik
103694,2025-06-05,Customer_0533,Tablet,Electronics,4,69420.44,12710.93,Mumbai
107446,2025-06-05,Customer_0572,Desk,Furniture,1,11939.16,1253.06,Nashik
104919,2025-06-05,Customer_1851,Laptop,Electronics,6,332079.22,52936.19,Nashik
103066,2025-06-05,Customer_1835,Jeans,Clothing,4,6518.33,1113.65,Unknown
101200,2025-06-05,Customer_1489,Cabinet,Furniture,5,42706.82,4132.83,Nagpur
105151,2025-06-05,Customer_0283,Tablet,Electronics,6,98275.47,6116.56,Kolhapur
100686,2025-06-05,Customer_0008,Jeans,Clothing,3,4814.0,581.5,Aurangabad
106045,2025-06-05,Customer_0409,Bedsheet,Home,5,10158.97,1333.31,Kolhapur
102000,2025-06-05,Customer_0451,Mixer,Home,5,18069.65,1820.34,Nashik
103944,2025-06-05,Customer_2021,T-Shirt,Clothing,1,702.42,72.0,Aurangabad
108771,2025-06-05,Customer_0372,Shoes,Clothing,1,2195.11,146.41,Kolhapur
105229,2025-06-05,Customer_1134,Bedsheet,Home,4,6694.07,953.22,Aurangabad
103363,2025-06-05,Customer_1001,Bookshelf,Furniture,5,26002.54,5627.88,Aurangabad
100091,2025-06-06,Customer_0861,Headphones,Electronics,5,14141.39,2912.57,Nagpur
101079,2025-06-06,Customer_1339,Headphones,Electronics,3,8258.74,618.79,Kolhapur
102048,2025-06-06,Customer_0421,Monitor,Electronics,5,66303.5,11180.13,Kolhapur
104304,2025-06-06,Customer_0916,Bookshelf,Furniture,6,33289.42,6999.82,Kolhapur
106541,2025-06-06,Customer_2368,Monitor,Electronics,3,36684.33,4298.52,Nagpur
103199,2025-06-06,Customer_2483,Smartphone,Electronics,3,72554.99,15496.91,Pune
106660,2025-06-06,Customer_1839,Monitor,Electronics,8,110668.8,21274.96,Kolhapur
103387,2025-06-06,Customer_0857,Smartphone,Electronics,4,109172.91,6711.82,Mumbai
101082,2025-06-06,Customer_0339,Desk,Furniture,6,81625.6,10682.34,Nagpur
106992,2025-06-06,Customer_1203,Mixer,Home,8,26664.77,4642.52,Aurangabad
102164,2025-06-06,Customer_0212,Table,Furniture,5,41545.28,7338.65,Nashik
109257,2025-06-06,Customer_2290,Monitor,Electronics,8,103669.11,8059.51,Nashik
108173,2025-06-06,Customer_0805,Monitor,Electronics,1,15770.69,3259.17,Nashik
101104,2025-06-06,Customer_2051,Smartphone,Electronics,4,99775.66,20591.88,Nagpur
103859,2025-06-06,Customer_2281,Jeans,Clothing,4,6284.46,1153.21,Aurangabad
106937,2025-06-06,Customer_0182,Office Chair,Furniture,6,47831.45,10467.34,Mumbai
101107,2025-06-06,Customer_1239,Jacket,Clothing,6,14493.37,2338.73,Mumbai
103693,2025-06-06,Customer_1767,Tablet,Electronics,2,37857.13,2873.88,Nagpur
106295,2025-06-07,Customer_0178,Bedsheet,Home,7,11405.32,1914.65,Aurangabad
109495,2025-06-07,Customer_1417,Jeans,Clothing,7,10391.8,1378.54,Nagpur
106863,2025-06-07,Customer_0898,Table,Furniture,3,26754.16,4824.65,Nagpur
101309,2025-06-07,Customer_0787,Mixer,Home,4,14081.68,2112.68,Pune
108463,2025-06-07,Customer_0557,Shoes,Clothing,8,19606.37,1835.79,Pune
103293,2025-06-07,Customer_1006,Mixer,Home,6,23174.18,3623.16,Nagpur
102375,2025-06-07,Customer_0602,Desk,Furniture,3,39997.14,6104.76,Kolhapur
100309,2025-06-07,Customer_2188,Shoes,Clothing,4,10757.23,1942.0,Mumbai
100332,2025-06-07,Customer_0425,Headphones,Electronics,4,11490.05,2069.66,Kolhapur
109857,2025-06-07,Customer_0915,Bedsheet,Home,4,7048.83,1033.88,Pune
106747,2025-06-07,Customer_0894,Desk,Furniture,4,44343.47,6789.94,Aurangabad
107637,2025-06-07,Customer_2153,Lamp,Home,1,1175.69,188.69,Mumbai
102740,2025-06-07,Customer_0575,Smartphone,Electronics,3,74281.89,16179.85,Aurangabad
106059,2025-06-07,Customer_0184,Vacuum Cleaner,Home,4,29576.45,3034.07,Mumbai
101660,2025-06-07,Customer_0470,Lamp,Home,2,2606.05,313.54,Pune
109148,2025-06-07,Customer_0834,Bookshelf,Furniture,2,11002.8,2313.6,Nagpur
102377,2025-06-07,Customer_0172,Vacuum Cleaner,Home,6,42723.08,2602.02,Kolhapur
101520,2025-06-07,Customer_1160,Cookware,Home,4,8015.01,1047.92,Aurangabad
103006,2025-06-07,Customer_1596,T-Shirt,Clothing,8,6408.63,915.99,Mumbai
105308,2025-06-07,Customer_1837,Jeans,Clothing,3,4897.76,948.31,Aurangabad
100429,2025-06-07,Customer_0763,Table,Furniture,5,44873.28,8786.32,Pune
107573,2025-06-07,Customer_1739,Jeans,Clothing,6,9140.31,1633.21,Pune
108748,2025-06-07,Customer_0799,Cabinet,Furniture,1,7916.11,1311.94,Kolhapur
107978,2025-06-08,Customer_0278,Desk,Furniture,7,71491.12,5544.71,Aurangabad
105682,2025-06-08,Customer_0580,Monitor,Electronics,7,106759.64,16166.8,Nagpur
109226,2025-06-08,Customer_1457,Tablet,Electronics,7,123515.92,21098.25,Aurangabad
109737,2025-06-08,Customer_0010,Cookware,Home,7,13215.8,2048.61,Nagpur
104706,2025-06-08,Customer_2202,Cookware,Home,1,2468.4,309.48,Pune
107645,2025-06-08,Customer_0810,Vacuum Cleaner,Home,1,6724.49,943.84,Mumbai
107318,2025-06-08,Customer_1294,Desk,Furniture,1,12607.19,1874.37,Nagpur
101908,2025-06-08,Customer_1940,Lamp,Home,7,8717.16,1629.89,Nashik
105780,2025-06-08,Customer_2494,Jeans,Clothing,6,8328.85,515.13,Nashik
108126,2025-06-08,Customer_1133,Headphones,Electronics,2,5672.82,720.28,Kolhapur
102742,2025-06-08,Customer_0646,Jacket,Clothing,7,16980.69,3307.05,Nagpur
101097,2025-06-08,Customer_0579,Backpack,Clothing,8,11119.17,885.23,Aurangabad
103902,2025-06-08,Customer_1083,Tablet,Electronics,1,16510.53,1939.29,Aurangabad
102091,2025-06-08,Customer_0133,Jeans,Clothing,4,6264.48,818.18,Mumbai
102184,2025-06-08,Customer_1759,Monitor,Electronics,7,107983.26,16676.99,Mumbai
109710,2025-06-08,Customer_0199,Bedsheet,Home,3,4732.13,540.41,Kolhapur
103655,2025-06-09,Customer_0710,Monitor,Electronics,4,50125.81,6404.27,Pune
103372,2025-06-09,Customer_2315,Laptop,Electronics,2,126352.17,7857.64,Mumbai
109161,2025-06-09,Customer_2031,T-Shirt,Clothing,3,1991.51,189.77,Pune
102283,2025-06-09,Customer_1358,Headphones,Electronics,8,22699.73,4288.02,Pune
105090,2025-06-09,Customer_0826,Backpack,Clothing,3,3736.95,739.65,Pune
101658,2025-06-09,Customer_1393,Tablet,Electronics,1,15877.17,3038.54,Nagpur
104023,2025-06-09,Customer_1080,Office Chair,Furniture,1,7238.37,572.3,Mumbai
100191,2025-06-09,Customer_1562,Headphones,Electronics,8,17515.46,3052.23,Nagpur
101813,2025-06-09,Customer_0788,Laptop,Electronics,6,367822.77,48222.67,Aurangabad
100837,2025-06-09,Customer_2304,T-Shirt,Clothing,6,4585.52,487.53,Nagpur
103848,2025-06-09,Customer_1073,Jacket,Clothing,5,12574.34,2115.98,Nagpur
100658,2025-06-09,Customer_0308,Monitor,Electronics,5,77401.22,11435.58,Pune
102865,2025-06-09,Customer_0171,Cookware,Home,7,15989.65,3352.07,Nashik
101578,2025-06-09,Customer_1971,Office Chair,Furniture,4,25667.14,5189.45,Aurangabad
102423,2025-06-09,Customer_0449,Table,Furniture,5,40541.27,2433.5,Aurangabad
100152,2025-06-09,Customer_0304,Tablet,Electronics,8,163182.58,20137.44,Kolhapur
100268,2025-06-09,Customer_2099,Lamp,Home,4,4293.27,770.26,Pune
100502,2025-06-09,Customer_1111,Desk,Furniture,8,109816.35,11302.76,Pune
106211,2025-06-09,Customer_1136,Vacuum Cleaner,Home,1,6014.96,449.04,Nashik
100023,2025-06-10,Customer_2267,Vacuum Cleaner,Home,5,31844.48,4377.65,Pune
109535,2025-06-10,Customer_0062,Headphones,Electronics,4,8516.08,893.28,Nagpur
101280,2025-06-10,Customer_1366,Mixer,Home,6,20985.87,2411.24,Aurangabad
100297,2025-06-10,Customer_1371,Lamp,Home,1,1195.9,187.18,Pune
109128,2025-06-10,Customer_2220,Cabinet,Furniture,1,8670.13,1360.84,Nashik
103913,2025-06-10,Customer_0370,Shoes,Clothing,4,8869.7,1511.7,Mumbai
105896,2025-06-10,Customer_1657,Jeans,Clothing,2,3562.56,580.06,Kolhapur
107230,2025-06-10,Customer_0101,Mixer,Home,6,19498.98,4055.07,Pune
103301,2025-06-10,Customer_0377,T-Shirt,Clothing,6,4342.2,738.72,Nashik
101194,2025-06-10,Customer_0221,Laptop,Electronics,7,436868.69,80536.63,Pune
106676,2025-06-10,Customer_2494,Lamp,Home,7,9458.44,637.73,Pune
102233,2025-06-10,Customer_0448,Vacuum Cleaner,Home,7,47905.59,5487.42,Aurangabad
108324,2025-06-10,Customer_0822,Mixer,Home,1,3209.2,334.52,Aurangabad
100279,2025-06-10,Customer_1483,Jeans,Clothing,8,11331.42,2475.19,Pune
104787,2025-06-10,Customer_1282,Jeans,Clothing,6,9157.01,1319.92,Nagpur
102083,2025-06-10,Customer_0513,Monitor,Electronics,7,101129.86,18289.76,Aurangabad
100348,2025-06-10,Customer_2489,Office Chair,Furniture,3,19130.33,3627.54,Aurangabad
101819,2025-06-10,Customer_1595,Lamp,Home,1,1025.03,188.08,Mumbai
101489,2025-06-10,Customer_0976,Shoes,Clothing,2,5004.81,311.56,Kolhapur
102017,2025-06-10,Customer_0780,Monitor,Electronics,1,13024.2,2681.1,Aurangabad
108471,2025-06-10,Customer_1954,Bookshelf,Furniture,8,49514.08,9660.48,Nagpur
108934,2025-06-10,Customer_1741,Bookshelf,Furniture,7,46946.56,8594.07,Mumbai
107005,2025-06-10,Customer_0257,Backpack,Clothing,7,9466.18,1708.88,Nagpur
104421,2025-06-10,Customer_1463,Vacuum Cleaner,Home,3,17003.9,1627.94,Nashik
103139,2025-06-10,Customer_1923,Vacuum Cleaner,Home,3,19500.54,1492.34,Nashik
108522,2025-06-10,Customer_1944,Bookshelf,Furniture,1,6623.94,537.23,Kolhapur
106022,2025-06-10,Customer_0545,Tablet,Electronics,3,54103.63,9880.66,Kolhapur
101001,2025-06-10,Customer_1462,Office Chair,Furniture,1,8030.37,753.85,Nashik
103936,2025-06-10,Customer_2220,Bookshelf,Furniture,5,25793.9,1833.7,Kolhapur
102885,2025-06-10,Customer_1545,Tablet,Electronics,7,116061.52,12974.06,Nashik
107497,2025-06-10,Customer_2242,Table,Furniture,5,38996.56,6031.61,Nashik
109304,2025-06-10,Customer_1300,Table,Furniture,8,72017.96,14728.35,Mumbai
107676,2025-06-11,Customer_1021,Office Chair,Furniture,3,25461.71,1572.14,Pune
108773,2025-06-11,Customer_1570,Cookware,Home,3,6387.13,1299.68,Pune
108250,2025-06-11,Customer_2147,Cookware,Home,3,6075.05,1332.77,Nashik
109125,2025-06-11,Customer_0466,Lamp,Home,6,7632.14,1399.38,Mumbai
103763,2025-06-11,Customer_0745,Vacuum Cleaner,Home,7,45067.14,8672.15,Nashik
103210,2025-06-11,Customer_1036,Smartphone,Electronics,8,171153.9,13341.83,Nagpur
107777,2025-06-11,Customer_0774,Shoes,Clothing,8,19982.02,4383.5,Mumbai
103441,2025-06-11,Customer_0642,Lamp,Home,7,9471.83,1245.48,Nashik
107050,2025-06-11,Customer_0474,Mixer,Home,3,11987.38,1899.31,Nashik
102739,2025-06-11,Customer_1020,T-Shirt,Clothing,3,2284.49,295.21,Mumbai
109575,2025-06-11,Customer_1165,Smartphone,Electronics,5,127695.21,12612.3,Nagpur
106659,2025-06-11,Customer_0997,Bedsheet,Home,1,2032.18,400.48,Mumbai
104163,2025-06-11,Customer_2355,Lamp,Home,4,4276.39,312.97,Nashik
103701,2025-06-11,Customer_1742,Jacket,Clothing,5,14651.98,1676.93,Mumbai
105798,2025-06-11,Customer_0077,Vacuum Cleaner,Home,6,41829.84,7288.45,Nashik
103830,2025-06-11,Customer_1269,Backpack,Clothing,3,3736.03,453.09,Mumbai
105372,2025-06-11,Customer_0489,Bedsheet,Home,3,4716.33,711.1,Nashik
101749,2025-06-11,Customer_1532,Cookware,Home,6,13583.55,1744.87,Kolhapur
105760,2025-06-11,Customer_0550,Headphones,Electronics,5,11041.88,1705.25,Nashik
106785,2025-06-11,Customer_2034,Cookware,Home,3,5642.72,470.52,Mumbai
100071,2025-06-11,Customer_1513,Cabinet,Furniture,1,7305.27,1024.42,Kolhapur
103615,2025-06-11,Customer_2402,Jacket,Clothing,4,12708.24,886.08,Aurangabad
104031,2025-06-12,Customer_0149,Jacket,Clothing,5,14711.89,945.55,Nagpur
105414,2025-06-12,Customer_1589,Headphones,Electronics,1,2719.16,190.14,Nashik
102384,2025-06-12,Customer_1535,Jacket,Clothing,7,22509.5,1763.98,Nagpur
107831,2025-06-12,Customer_0677,Bookshelf,Furniture,7,40694.72,8442.46,Kolhapur
103801,2025-06-12,Customer_0202,Bedsheet,Home,1,1907.59,309.4,Pune
105404,2025-06-12,Customer_0344,Cookware,Home,8,20189.3,2027.39,Pune
105439,2025-06-12,Customer_1620,Bedsheet,Home,1,1587.44,148.83,Mumbai
109091,2025-06-12,Customer_0725,Monitor,Electronics,3,39751.53,5499.53,Kolhapur
108920,2025-06-12,Customer_1289,Jeans,Clothing,1,1831.02,140.7,Nashik
100506,2025-06-12,Customer_0322,Shoes,Clothing,3,8332.94,684.84,Kolhapur
103527,2025-06-12,Customer_1575,Tablet,Electronics,8,163725.14,20073.41,Pune
108775,2025-06-12,Customer_0947,Bedsheet,Home,4,6773.11,455.07,Pune
101682,2025-06-12,Customer_0863,Bookshelf,Furniture,6,32455.32,3394.64,Nagpur
104795,2025-06-12,Customer_1051,Lamp,Home,7,8379.32,1485.86,Nagpur
103567,2025-06-12,Customer_0734,Mixer,Home,6,22727.28,1474.26,Mumbai
108229,2025-06-12,Customer_0351,Bookshelf,Furniture,4,27489.82,2597.95,Nashik
102839,2025-06-12,Customer_1624,Bedsheet,Home,3,4787.78,373.6,Mumbai
101750,2025-06-12,Customer_1100,Bedsheet,Home,8,13668.33,1017.62,Kolhapur
109472,2025-06-12,Customer_0412,T-Shirt,Clothing,6,4119.31,501.92,Mumbai
100593,2025-06-12,Customer_1624,Jeans,Clothing,1,1406.86,286.5,Aurangabad
100294,2025-06-12,Customer_2067,Headphones,Electronics,2,5020.15,823.79,Unknown
100104,2025-06-12,Customer_0980,Backpack,Clothing,8,10475.96,707.44,Nashik
103043,2025-06-12,Customer_1825,Shoes,Clothing,1,2174.81,322.51,Kolhapur
105638,2025-06-13,Customer_0157,Jeans,Clothing,2,3169.31,298.4,Aurangabad
103480,2025-06-13,Customer_0896,Office Chair,Furniture,3,25305.92,3534.48,Nashik
105988,2025-06-13,Customer_2385,Desk,Furniture,1,11560.91,836.87,Nashik
103135,2025-06-13,Customer_1710,Vacuum Cleaner,Home,1,6580.01,1371.03,Pune
102271,2025-06-13,Customer_1321,Cabinet,Furniture,7,59021.26,11200.08,Kolhapur
102397,2025-06-13,Customer_2203,Cabinet,Furniture,3,23669.2,4454.39,Mumbai
105451,2025-06-13,Customer_1533,T-Shirt,Clothing,4,3190.15,640.09,Pune
104432,2025-06-13,Customer_0877,Smartphone,Electronics,8,189503.09,18428.18,Pune
109590,2025-06-13,Customer_0362,Office Chair,Furniture,3,21536.84,2450.05,Mumbai
101968,2025-06-13,Customer_2030,T-Shirt,Clothing,7,4527.53,755.82,Nagpur
106428,2025-06-13,Customer_1038,Jeans,Clothing,8,13530.5,1024.66,Aurangabad
108965,2025-06-13,Customer_2464,Monitor,Electronics,2,25716.49,2610.21,Mumbai
102968,2025-06-13,Customer_0326,Cookware,Home,1,2407.91,268.99,Mumbai
100690,2025-06-13,Customer_0364,Jacket,Clothing,3,9094.03,1376.01,Aurangabad
105244,2025-06-13,Customer_1174,Jacket,Clothing,4,10142.19,1508.9,Nagpur
107229,2025-06-13,Customer_0281,Mixer,Home,4,15000.21,2563.74,Aurangabad
102226,2025-06-13,Customer_1951,Bookshelf,Furniture,1,6470.0,887.72,Aurangabad
105812,2025-06-13,Customer_1435,Table,Furniture,8,65338.45,13782.54,Kolhapur
100668,2025-06-13,Customer_1410,Shoes,Clothing,8,19381.34,3468.62,Kolhapur
107908,2025-06-13,Customer_1262,Tablet,Electronics,1,16868.75,2654.52,Aurangabad
107995,2025-06-13,Customer_1274,Desk,Furniture,7,89385.44,14838.33,Aurangabad
109196,2025-06-13,Customer_0490,Headphones,Electronics,3,7160.06,1140.8,Nagpur
104375,2025-06-13,Customer_0416,Table,Furniture,1,8326.47,945.15,Kolhapur
103590,2025-06-13,Customer_1998,T-Shirt,Clothing,6,3671.36,312.22,Aurangabad
102874,2025-06-14,Customer_2189,Bookshelf,Furniture,1,6076.86,1141.49,Pune
101273,2025-06-14,Customer_1809,Cabinet,Furniture,2,14293.67,1163.94,Aurangabad
105669,2025-06-14,Customer_1559,Tablet,Electronics,4,65671.22,14332.5,Kolhapur
108474,2025-06-14,Customer_0409,Jeans,Clothing,2,2906.47,340.04,Nashik
109475,2025-06-14,Customer_1268,T-Shirt,Clothing,8,5257.7,521.72,Pune
106563,2025-06-14,Customer_1054,Mixer,Home,7,25784.35,4776.93,Pune
104550,2025-06-14,Customer_0920,Bedsheet,Home,6,10578.24,1719.41,Aurangabad
101043,2025-06-14,Customer_2453,Shoes,Clothing,5,13090.42,2660.11,Kolhapur
103473,2025-06-14,Customer_0088,Mixer,Home,6,19478.59,2056.0,Nashik
100749,2025-06-14,Customer_1912,Lamp,Home,4,4859.52,543.41,Nashik
109267,2025-06-14,Customer_1698,Mixer,Home,1,3608.68,593.92,Aurangabad
103439,2025-06-14,Customer_0877,Bookshelf,Furniture,7,41666.6,7477.1,Pune
107448,2025-06-14,Customer_1836,Bedsheet,Home,1,1530.17,260.21,Nagpur
108675,2025-06-14,Customer_0415,Headphones,Electronics,1,2606.99,547.86,Nagpur
100184,2025-06-14,Customer_1935,Shoes,Clothing,8,19181.67,1816.32,Mumbai
103794,2025-06-14,Customer_0240,Cabinet,Furniture,3,23743.47,3385.34,Aurangabad
106647,2025-06-14,Customer_1774,Cookware,Home,6,12085.14,1984.22,Nashik
100615,2025-06-14,Customer_2198,Bedsheet,Home,2,3769.69,446.39,Kolhapur
104790,2025-06-14,Customer_1954,Laptop,Electronics,4,199008.13,22255.02,Kolhapur
101345,2025-06-14,Customer_1498,Vacuum Cleaner,Home,1,7126.01,660.71,Nashik
109803,2025-06-14,Customer_1312,Table,Furniture,8,81947.91,16523.23,Aurangabad
107806,2025-06-14,Customer_1341,Backpack,Clothing,7,10281.87,1332.12,Nagpur
107492,2025-06-15,Customer_1253,Office Chair,Furniture,2,16100.55,2045.5,Kolhapur
100799,2025-06-15,Customer_0381,Vacuum Cleaner,Home,5,30444.63,5767.32,Nashik
104837,2025-06-15,Customer_0469,Table,Furniture,1,9651.77,1086.18,Nagpur
102372,2025-06-15,Customer_1674,Shoes,Clothing,4,9388.25,1406.91,Pune
104327,2025-06-15,Customer_0189,Laptop,Electronics,4,198697.59,33611.03,Aurangabad
105389,2025-06-15,Customer_1544,Headphones,Electronics,6,15481.25,1233.76,Nashik
108686,2025-06-15,Customer_1835,Headphones,Electronics,5,12163.02,1216.94,Pune
105738,2025-06-15,Customer_0892,Headphones,Electronics,7,19604.11,4019.72,Pune
106521,2025-06-15,Customer_0109,Desk,Furniture,4,52122.63,6570.45,Nashik
101832,2025-06-15,Customer_1182,Monitor,Electronics,7,88720.43,11612.81,Pune
107977,2025-06-15,Customer_0913,Mixer,Home,8,24863.15,4164.45,Nagpur
108343,2025-06-15,Customer_1510,Monitor,Electronics,6,76247.28,15740.74,Kolhapur
104385,2025-06-15,Customer_2139,Laptop,Electronics,7,343541.24,65744.37,Nashik
107938,2025-06-15,Customer_2164,Table,Furniture,3,29309.97,3682.67,Kolhapur
103332,2025-06-15,Customer_0690,Office Chair,Furniture,6,51021.03,8872.79,Mumbai
108428,2025-06-15,Customer_2453,Backpack,Clothing,6,8824.78,964.74,Pune
107648,2025-06-15,Customer_0906,Bookshelf,Furniture,2,11687.78,2142.23,Pune
104879,2025-06-15,Customer_2152,Smartphone,Electronics,5,118848.64,9929.24,Mumbai
107815,2025-06-15,Customer_0236,Lamp,Home,4,5165.51,1038.35,Mumbai
109071,2025-06-15,Customer_0594,Cabinet,Furniture,5,39624.17,6965.64,Aurangabad
109696,2025-06-15,Customer_0121,Tablet,Electronics,6,95582.83,13177.17,Pune
101784,2025-06-15,Customer_0846,Mixer,Home,7,23792.61,2218.42,Mumbai
104917,2025-06-15,Customer_2479,Bookshelf,Furniture,1,6306.58,1287.68,Pune
107797,2025-06-15,Customer_0494,Lamp,Home,7,9300.48,1773.14,Nagpur
106901,2025-06-15,Customer_0065,Smartphone,Electronics,2,53906.85,8273.73,Aurangabad
105400,2025-06-15,Customer_1008,Cookware,Home,6,11432.46,1471.14,Mumbai
105016,2025-06-15,Customer_0617,Desk,Furniture,7,90240.64,17688.88,Mumbai
109965,2025-06-16,Customer_1207,Bedsheet,Home,8,16272.46,3269.91,Mumbai
104192,2025-06-16,Customer_1080,T-Shirt,Clothing,8,5301.15,900.28,Mumbai
102919,2025-06-16,Customer_1634,Jacket,Clothing,6,19110.08,2476.7,Mumbai
105050,2025-06-16,Customer_1330,Shoes,Clothing,1,2547.45,437.71,Kolhapur
109047,2025-06-16,Customer_2260,Cookware,Home,2,4372.4,924.36,Kolhapur
102265,2025-06-16,Customer_0565,Laptop,Electronics,5,234074.17,32600.32,Nashik
102957,2025-06-16,Customer_0348,T-Shirt,Clothing,8,5506.56,1078.78,Aurangabad
106132,2025-06-16,Customer_2256,Vacuum Cleaner,Home,7,49082.03,8606.11,Kolhapur
104579,2025-06-16,Customer_0180,T-Shirt,Clothing,2,1607.51,234.66,Mumbai
103376,2025-06-16,Customer_1051,T-Shirt,Clothing,1,750.74,128.34,Pune
108303,2025-06-16,Customer_2117,Smartphone,Electronics,7,149901.14,19668.12,Kolhapur
109516,2025-06-16,Customer_2015,Jacket,Clothing,2,5796.65,1170.64,Nashik
105907,2025-06-16,Customer_0362,Smartphone,Electronics,6,171396.69,11857.59,Nashik
100046,2025-06-16,Customer_0208,Vacuum Cleaner,Home,2,12315.58,2601.29,Aurangabad
102254,2025-06-16,Customer_0366,Lamp,Home,4,4728.9,604.47,Mumbai
107639,2025-06-16,Customer_0708,Tablet,Electronics,3,61858.55,6040.06,Pune
100632,2025-06-16,Customer_0735,T-Shirt,Clothing,1,760.54,77.15,Mumbai
109611,2025-06-16,Customer_1260,Backpack,Clothing,8,11406.74,1415.26,Kolhapur
102222,2025-06-16,Customer_2104,Shoes,Clothing,8,20620.51,2521.06,Mumbai
104283,2025-06-16,Customer_0727,Cookware,Home,4,9048.58,1702.81,Kolhapur
109303,2025-06-16,Customer_1577,Table,Furniture,5,44215.55,7195.13,Mumbai
107154,2025-06-16,Customer_1685,Desk,Furniture,8,90310.71,14664.2,Kolhapur
109508,2025-06-17,Customer_0233,Bookshelf,Furniture,6,36784.33,3278.19,Aurangabad
103276,2025-06-17,Customer_1405,Laptop,Electronics,6,281446.26,27565.14,Kolhapur
101357,2025-06-17,Customer_1819,Lamp,Home,7,8009.85,617.06,Aurangabad
104462,2025-06-17,Customer_2032,Bookshelf,Furniture,2,12199.83,2276.67,Nashik
101008,2025-06-17,Customer_1922,Bookshelf,Furniture,5,25867.07,2855.76,Kolhapur
108454,2025-06-17,Customer_0331,Tablet,Electronics,8,123979.64,22499.1,Aurangabad
104233,2025-06-17,Customer_0788,Jacket,Clothing,7,18802.49,3951.83,Mumbai
104405,2025-06-17,Customer_0519,Headphones,Electronics,4,10665.77,1959.97,Aurangabad
107417,2025-06-17,Customer_1569,Shoes,Clothing,2,5145.7,879.41,Kolhapur
109982,2025-06-17,Customer_0448,Table,Furniture,4,39938.07,2564.28,Kolhapur
106268,2025-06-17,Customer_2168,Smartphone,Electronics,6,165579.35,21984.43,Nashik
106306,2025-06-17,Customer_1080,Vacuum Cleaner,Home,2,13327.67,1111.35,Pune
108759,2025-06-17,Customer_1276,Monitor,Electronics,7,97835.26,6526.56,Nashik
102945,2025-06-17,Customer_0341,Bookshelf,Furniture,5,29464.83,4216.78,Nashik
107719,2025-06-17,Customer_0167,Monitor,Electronics,6,91960.8,10112.53,Nagpur
109759,2025-06-17,Customer_0851,Cabinet,Furniture,5,42134.9,5036.05,Pune
106920,2025-06-17,Customer_1813,Monitor,Electronics,4,63262.52,6873.3,Kolhapur
100608,2025-06-17,Customer_0224,Table,Furniture,5,38394.05,6129.17,Mumbai
106393,2025-06-17,Customer_1648,Cabinet,Furniture,3,27156.64,3847.14,Nagpur
104312,2025-06-18,Customer_2492,Monitor,Electronics,4,52658.26,4083.12,Kolhapur
102084,2025-06-18,Customer_0897,Table,Furniture,1,10084.46,2082.2,Nagpur
103559,2025-06-18,Customer_1871,Bookshelf,Furniture,7,45233.19,8738.98,Kolhapur
102582,2025-06-18,Customer_1782,Jeans,Clothing,8,12091.48,2258.69,Pune
109739,2025-06-18,Customer_0178,Smartphone,Electronics,5,111559.3,19827.42,Nagpur
107104,2025-06-18,Customer_0801,Jacket,Clothing,8,22392.77,4743.7,Mumbai
108500,2025-06-18,Customer_1447,Laptop,Electronics,5,240143.42,16638.27,Kolhapur
109750,2025-06-18,Customer_0251,Jacket,Clothing,1,2700.35,564.74,Kolhapur
102899,2025-06-18,Customer_1893,Jeans,Clothing,6,9025.7,1489.78,Mumbai
106016,2025-06-18,Customer_2447,Vacuum Cleaner,Home,7,44278.77,3494.1,Mumbai
107284,2025-06-18,Customer_1368,Backpack,Clothing,1,1210.6,234.88,Mumbai
104197,2025-06-18,Customer_0547,Desk,Furniture,4,49656.74,10758.53,Kolhapur
108547,2025-06-18,Customer_2047,T-Shirt,Clothing,5,4010.67,860.25,Nagpur
104138,2025-06-18,Customer_0650,Smartphone,Electronics,1,22467.11,1392.66,Pune
107836,2025-06-18,Customer_0789,Shoes,Clothing,3,6816.04,679.97,Aurangabad
104117,2025-06-18,Customer_1481,Shoes,Clothing,1,2125.42,334.39,Nashik
108305,2025-06-18,Customer_0885,T-Shirt,Clothing,5,3772.78,298.2,Kolhapur
109774,2025-06-18,Customer_0688,Bedsheet,Home,5,7988.71,858.04,Pune
108110,2025-06-18,Customer_1737,Smartphone,Electronics,7,161976.86,10295.25,Nagpur
101596,2025-06-19,Customer_2482,Desk,Furniture,3,32692.38,3330.71,Nagpur
104878,2025-06-19,Customer_0051,Bookshelf,Furniture,7,47912.37,8285.87,Nashik
100406,2025-06-19,Customer_0256,Table,Furniture,8,63758.77,3964.67,Aurangabad
100373,2025-06-19,Customer_0864,Monitor,Electronics,5,77963.29,4840.09,Kolhapur
109392,2025-06-19,Customer_2066,Lamp,Home,1,1116.7,155.36,Mumbai
101494,2025-06-19,Customer_2236,T-Shirt,Clothing,6,4497.46,379.33,Nagpur
104738,2025-06-19,Customer_2063,Monitor,Electronics,6,87155.25,12068.01,Nashik
104002,2025-06-19,Customer_2494,Office Chair,Furniture,7,53045.89,3354.15,Mumbai
103421,2025-06-19,Customer_0181,Bedsheet,Home,1,1893.0,401.63,Kolhapur
100159,2025-06-19,Customer_0642,Cabinet,Furniture,2,14408.51,2617.66,Pune
107821,2025-06-19,Customer_0105,Cookware,Home,5,11576.72,2136.68,Nagpur
100609,2025-06-19,Customer_0988,Bedsheet,Home,2,3505.87,692.68,Nagpur
100844,2025-06-19,Customer_1588,T-Shirt,Clothing,7,5437.62,956.52,Nagpur
109020,2025-06-19,Customer_1817,Desk,Furniture,7,96238.63,11443.25,Kolhapur
107386,2025-06-19,Customer_2028,Laptop,Electronics,6,295093.96,28092.26,Nashik
108302,2025-06-19,Customer_2287,Smartphone,Electronics,1,22312.71,2955.75,Pune
109784,2025-06-19,Customer_2228,Jeans,Clothing,1,1758.08,134.99,Mumbai
108172,2025-06-19,Customer_0278,Jeans,Clothing,6,10603.93,1564.32,Pune
107402,2025-06-19,Customer_0773,Shoes,Clothing,1,2437.65,469.33,Nashik
104403,2025-06-19,Customer_0906,Bedsheet,Home,5,6817.87,807.94,Nashik
101645,2025-06-19,Customer_2243,Mixer,Home,2,6819.54,663.11,Nashik
103825,2025-06-19,Customer_0604,Table,Furniture,2,17165.41,3120.73,Aurangabad
100031,2025-06-19,Customer_2182,Tablet,Electronics,2,33155.64,6709.37,Mumbai
105725,2025-06-20,Customer_2159,Office Chair,Furniture,8,54328.15,5917.31,Nashik
101481,2025-06-20,Customer_1272,Office Chair,Furniture,4,29077.39,2754.86,Nagpur
107744,2025-06-20,Customer_0538,Laptop,Electronics,1,59113.33,4237.08,Aurangabad
106110,2025-06-20,Customer_0895,Table,Furniture,2,19931.13,1316.89,Kolhapur
100148,2025-06-20,Customer_0224,Bookshelf,Furniture,1,6795.93,971.54,Kolhapur
108249,2025-06-20,Customer_0963,Tablet,Electronics,7,111220.76,10910.08,Nagpur
108157,2025-06-20,Customer_0239,Vacuum Cleaner,Home,2,12472.66,1867.3,Mumbai
105166,2025-06-20,Customer_2285,Cookware,Home,2,4599.39,435.99,Mumbai
103550,2025-06-20,Customer_0094,Jeans,Clothing,8,12090.68,842.58,Nagpur
104857,2025-06-20,Customer_1879,Smartphone,Electronics,4,109243.56,17251.76,Nashik
102653,2025-06-20,Customer_2084,Headphones,Electronics,6,14285.41,2370.05,Aurangabad
105206,2025-06-20,Customer_1525,Desk,Furniture,2,22712.49,2900.56,Nashik
104625,2025-06-20,Customer_1064,Shoes,Clothing,7,20087.13,3206.2,Mumbai
105913,2025-06-20,Customer_1054,T-Shirt,Clothing,1,607.31,50.98,Pune
106673,2025-06-20,Customer_0426,Headphones,Electronics,2,4692.69,552.71,Nagpur
101986,2025-06-20,Customer_0522,Bedsheet,Home,8,15160.56,1775.57,Nashik
109187,2025-06-20,Customer_0749,Table,Furniture,1,7739.99,977.18,Pune
106195,2025-06-20,Customer_0516,Laptop,Electronics,5,234419.8,30690.52,Kolhapur
104000,2025-06-20,Customer_0386,Bedsheet,Home,3,5211.88,706.18,Nagpur
105490,2025-06-20,Customer_1142,Laptop,Electronics,3,166276.55,33635.48,Mumbai
105473,2025-06-20,Customer_1012,Cookware,Home,6,14086.36,1266.12,Nashik
101141,2025-06-20,Customer_1373,Mixer,Home,3,10967.88,1931.03,Kolhapur
100120,2025-06-21,Customer_0282,Headphones,Electronics,4,9404.37,706.54,Aurangabad
107540,2025-06-21,Customer_1649,Smartphone,Electronics,5,139937.08,15502.91,Pune
102297,2025-06-21,Customer_0115,Bedsheet,Home,3,6094.89,1253.84,Nashik
106106,2025-06-21,Unknown Customer,Vacuum Cleaner,Home,4,29535.56,4667.38,Kolhapur
107221,2025-06-21,Customer_2287,Office Chair,Furniture,7,44955.51,4660.66,Aurangabad
101006,2025-06-21,Customer_1499,Tablet,Electronics,5,102234.36,14586.57,Nagpur
109345,2025-06-21,Customer_2307,Shoes,Clothing,8,18633.19,1618.32,Kolhapur
100188,2025-06-21,Customer_2207,Cookware,Home,8,16301.9,3130.32,Nagpur
108536,2025-06-21,Customer_1495,Cookware,Home,7,13097.88,2119.48,Mumbai
103364,2025-06-21,Customer_0611,Table,Furniture,1,9784.6,1354.36,Pune
106555,2025-06-21,Customer_0725,Bookshelf,Furniture,6,40588.07,3919.35,Nashik
100330,2025-06-21,Customer_0179,Tablet,Electronics,8,140303.37,23897.24,Aurangabad
100216,2025-06-21,Customer_2175,Cabinet,Furniture,6,49644.03,5632.75,Kolhapur
102612,2025-06-21,Customer_2396,Mixer,Home,3,12017.44,1511.4,Mumbai
106123,2025-06-21,Customer_1397,Jeans,Clothing,4,6590.46,1065.7,Nagpur
103175,2025-06-21,Customer_0690,Monitor,Electronics,7,101156.28,9066.27,Nagpur
108234,2025-06-21,Customer_0411,Lamp,Home,8,8353.47,775.14,Nagpur
106502,2025-06-22,Customer_0609,Table,Furniture,3,24584.74,4433.3,Mumbai
100978,2025-06-22,Customer_0966,Office Chair,Furniture,5,35704.33,4864.75,Kolhapur
106278,2025-06-22,Customer_2132,Bedsheet,Home,4,6474.72,461.92,Kolhapur
104674,2025-06-22,Customer_0293,Tablet,Electronics,1,20015.06,1859.12,Nagpur
100757,2025-06-22,Customer_1406,Mixer,Home,4,15741.25,1173.76,Aurangabad
105804,2025-06-22,Customer_2010,Smartphone,Electronics,6,164911.93,22829.13,Nagpur
104773,2025-06-22,Customer_1029,Tablet,Electronics,4,75599.59,14428.93,Kolhapur
101111,2025-06-22,Customer_2347,Table,Furniture,4,38968.47,3146.82,Mumbai
105998,2025-06-22,Customer_1612,Lamp,Home,2,2707.4,307.05,Kolhapur
105565,2025-06-22,Customer_2299,Cabinet,Furniture,8,73285.09,11069.84,Nagpur
104040,2025-06-22,Customer_1670,Vacuum Cleaner,Home,2,13665.26,2775.45,Mumbai
100657,2025-06-22,Customer_1641,Desk,Furniture,4,52752.47,3581.04,Nashik
102757,2025-06-22,Customer_1347,Jeans,Clothing,5,7967.42,649.45,Aurangabad
101881,2025-06-22,Customer_1320,Cookware,Home,1,2374.01,179.27,Pune
107766,2025-06-22,Customer_1806,Jacket,Clothing,5,12250.07,1592.64,Nagpur
102411,2025-06-22,Customer_0397,Cabinet,Furniture,5,43506.6,7887.78,Mumbai
102539,2025-06-22,Customer_0699,Jacket,Clothing,8,25730.49,1859.26,Pune
103761,2025-06-22,Customer_1164,Desk,Furniture,8,100593.32,6705.2,Aurangabad
100659,2025-06-22,Customer_0528,Smartphone,Electronics,8,181838.84,20140.62,Pune
102490,2025-06-22,Customer_1928,Cookware,Home,3,5753.91,1115.53,Pune
103488,2025-06-22,Customer_0219,Backpack,Clothing,2,2593.65,476.2,Pune
108834,2025-06-22,Customer_1019,Bookshelf,Furniture,8,50335.18,6416.98,Nagpur
103605,2025-06-22,Customer_1113,Table,Furniture,1,7758.66,1400.58,Nashik
102194,2025-06-22,Customer_2490,Office Chair,Furniture,5,41227.4,4881.63,Aurangabad
108404,2025-06-22,Customer_1734,Laptop,Electronics,8,416503.19,44896.72,Aurangabad
101767,2025-06-23,Customer_2113,Table,Furniture,4,37404.08,7303.78,Kolhapur
101835,2025-06-23,Customer_0025,Jeans,Clothing,8,13285.62,1940.93,Pune
102614,2025-06-23,Customer_0962,Backpack,Clothing,8,12130.15,1448.66,Nagpur
103186,2025-06-23,Customer_1201,Shoes,Clothing,3,6789.29,1320.23,Mumbai
100606,2025-06-23,Customer_1017,Bookshelf,Furniture,2,13487.54,2530.92,Kolhapur
106956,2025-06-23,Customer_0798,Desk,Furniture,2,21944.36,2331.09,Nashik
108411,2025-06-23,Customer_0179,Mixer,Home,5,15817.79,1489.45,Kolhapur
107943,2025-06-23,Customer_1087,Tablet,Electronics,6,94007.55,10184.08,Kolhapur
107401,2025-06-23,Customer_0413,Backpack,Clothing,5,2707.39,374.09,Pune
108473,2025-06-23,Customer_0676,Lamp,Home,1,1285.5,211.86,Pune
103291,2025-06-23,Customer_1594,T-Shirt,Clothing,4,2394.94,156.56,Kolhapur
103903,2025-06-23,Customer_0432,Jacket,Clothing,3,7720.54,1178.96,Kolhapur
102825,2025-06-23,Customer_1798,Monitor,Electronics,8,116691.12,10230.03,Nagpur
106514,2025-06-23,Customer_0151,Mixer,Home,3,11822.67,1516.79,Pune
105394,2025-06-24,Customer_0275,Table,Furniture,7,55717.48,9710.56,Mumbai
101708,2025-06-24,Customer_0392,Office Chair,Furniture,8,66029.45,13500.66,Aurangabad
103523,2025-06-24,Customer_2029,Jacket,Clothing,1,3196.61,301.64,Nagpur
101230,2025-06-24,Customer_1576,Vacuum Cleaner,Home,8,51926.96,6669.01,Nashik
106163,2025-06-24,Customer_2341,Bookshelf,Furniture,2,12829.57,2203.84,Mumbai
106232,2025-06-24,Customer_2037,Mixer,Home,6,18892.99,2448.34,Nashik
104590,2025-06-24,Customer_0638,Laptop,Electronics,7,342386.94,59803.35,Nashik
108797,2025-06-24,Customer_0476,Jeans,Clothing,5,7790.29,1622.56,Mumbai
104595,2025-06-24,Customer_2141,Cookware,Home,8,15719.19,3214.29,Aurangabad
105295,2025-06-24,Customer_0622,Jeans,Clothing,5,6678.33,994.41,Pune
103296,2025-06-24,Customer_0400,Desk,Furniture,6,80484.34,17684.7,Nashik
108517,2025-06-24,Customer_0491,Office Chair,Furniture,8,68413.68,5078.18,Mumbai
102229,2025-06-24,Customer_2081,Vacuum Cleaner,Home,7,46128.24,6805.05,Nashik
109166,2025-06-24,Customer_1693,Bedsheet,Home,4,7512.61,1479.06,Kolhapur
101732,2025-06-24,Customer_0755,Cookware,Home,7,13262.11,851.63,Pune
101993,2025-06-24,Customer_1758,Headphones,Electronics,4,11220.62,1543.01,Mumbai
105539,2025-06-24,Customer_2477,Bedsheet,Home,4,6655.46,500.89,Nagpur
107210,2025-06-24,Customer_2309,Cookware,Home,4,7832.98,1266.6,Nashik
103827,2025-06-24,Customer_1402,Jeans,Clothing,8,14064.9,1273.25,Mumbai
103717,2025-06-24,Customer_1831,Bookshelf,Furniture,6,40202.24,8801.79,Nagpur
104210,2025-06-24,Customer_0373,Mixer,Home,1,3884.74,246.64,Nagpur
107720,2025-06-25,Customer_0951,Cabinet,Furniture,8,58788.87,7578.29,Aurangabad
102991,2025-06-25,Customer_0655,Bedsheet,Home,7,12275.97,2655.9,Nagpur
109082,2025-06-25,Customer_0430,Bedsheet,Home,7,12579.91,1705.99,Aurangabad
105045,2025-06-25,Customer_0528,Mixer,Home,3,9389.26,1050.96,Mumbai
104802,2025-06-25,Customer_1755,Bookshelf,Furniture,7,43870.14,4667.49,Pune
101610,2025-06-25,Customer_0350,Jacket,Clothing,3,8621.47,1208.93,Nashik
106525,2025-06-25,Customer_0870,Smartphone,Electronics,7,159716.78,11296.85,Aurangabad
104817,2025-06-25,Customer_2367,Tablet,Electronics,3,55415.61,6080.3,Aurangabad
109927,2025-06-25,Customer_1353,Jeans,Clothing,3,4746.68,975.63,Nashik
102086,2025-06-25,Customer_0676,Shoes,Clothing,7,6584.93,1821.69,Pune
108338,2025-06-25,Customer_2366,Jeans,Clothing,5,7972.55,1180.46,Aurangabad
103394,2025-06-25,Customer_0445,Smartphone,Electronics,7,180196.98,17775.86,Nagpur
104384,2025-06-25,Customer_1395,Monitor,Electronics,4,54907.31,4278.14,Mumbai
109552,2025-06-25,Customer_0957,Headphones,Electronics,2,4892.3,480.28,Nashik
100371,2025-06-25,Customer_0702,Cabinet,Furniture,3,26860.55,3838.77,Aurangabad
105772,2025-06-25,Customer_0784,Bookshelf,Furniture,7,39733.17,6836.55,Mumbai
108072,2025-06-25,Customer_0214,T-Shirt,Clothing,6,4322.91,547.0,Nagpur
103052,2025-06-25,Customer_0205,Laptop,Electronics,1,62475.27,6565.66,Pune
105302,2025-06-25,Customer_0267,Jacket,Clothing,8,20913.05,3003.59,Aurangabad
100306,2025-06-25,Customer_0632,Cabinet,Furniture,7,52969.1,8193.75,Mumbai
108916,2025-06-25,Customer_1315,Smartphone,Electronics,6,137287.19,29893.55,Pune
106899,2025-06-25,Customer_0306,Lamp,Home,4,4380.53,547.11,Nagpur
108133,2025-06-25,Customer_1877,Bookshelf,Furniture,6,34068.12,7324.73,Nagpur
101917,2025-06-26,Customer_2112,Office Chair,Furniture,5,13046.29,2081.49,Aurangabad
100727,2025-06-26,Customer_2494,Shoes,Clothing,3,8198.18,669.02,Aurangabad
106965,2025-06-26,Customer_0483,Smartphone,Electronics,2,53239.38,7307.64,Kolhapur
107912,2025-06-26,Customer_1705,Bedsheet,Home,8,14186.02,1234.65,Pune
102901,2025-06-26,Customer_0797,Smartphone,Electronics,3,68077.72,7033.49,Nashik
109347,2025-06-26,Customer_2204,Vacuum Cleaner,Home,7,45442.02,7315.88,Aurangabad
105242,2025-06-26,Customer_0642,Shoes,Clothing,2,5091.81,791.14,Aurangabad
109189,2025-06-26,Customer_0230,Bedsheet,Home,5,9278.54,868.26,Nashik
105115,2025-06-26,Customer_1633,Office Chair,Furniture,8,56262.25,8338.85,Pune
109158,2025-06-26,Customer_0033,Smartphone,Electronics,4,105237.03,20252.9,Nashik
108319,2025-06-26,Customer_0827,Jacket,Clothing,8,22469.3,2883.89,Aurangabad
100567,2025-06-26,Customer_0339,Bedsheet,Home,3,5911.97,1113.87,Kolhapur
100736,2025-06-26,Customer_0712,Cabinet,Furniture,1,8998.26,954.44,Mumbai
109875,2025-06-26,Customer_1585,Backpack,Clothing,2,2644.78,438.66,Pune
104528,2025-06-26,Customer_1537,Tablet,Electronics,6,114160.26,14026.87,Kolhapur
107224,2025-06-26,Customer_2378,T-Shirt,Clothing,5,3914.35,821.56,Pune
100543,2025-06-26,Customer_0476,Shoes,Clothing,2,4426.91,729.51,Aurangabad
103236,2025-06-26,Customer_0211,Shoes,Clothing,7,16621.44,2573.42,Kolhapur
101566,2025-06-26,Customer_1692,Monitor,Electronics,7,97945.63,13048.42,Pune
106325,2025-06-26,Customer_0016,Jacket,Clothing,8,22105.95,2777.23,Kolhapur
101205,2025-06-26,Customer_1238,Headphones,Electronics,2,5705.86,996.07,Kolhapur
103295,2025-06-26,Customer_0663,Jacket,Clothing,7,19583.8,1301.74,Nagpur
106561,2025-06-27,Customer_0636,Cookware,Home,5,10170.24,1099.51,Nagpur
102035,2025-06-27,Customer_1882,Tablet,Electronics,3,58687.2,8519.79,Mumbai
102960,2025-06-27,Customer_0358,Smartphone,Electronics,4,114197.82,23170.99,Pune
101852,2025-06-27,Customer_0796,Tablet,Electronics,3,48579.49,8955.43,Nagpur
101002,2025-06-27,Customer_2247,Bedsheet,Home,5,8042.27,889.53,Nagpur
107661,2025-06-27,Customer_2309,Tablet,Electronics,7,144435.03,16362.49,Kolhapur
108611,2025-06-27,Unknown Customer,Table,Furniture,7,71509.25,5514.06,Pune
104390,2025-06-27,Customer_0734,Monitor,Electronics,1,14894.43,3122.69,Mumbai
107286,2025-06-27,Customer_1188,Mixer,Home,2,6607.13,816.8,Mumbai
101248,2025-06-27,Customer_2440,T-Shirt,Clothing,5,2013.77,392.99,Mumbai
102861,2025-06-27,Customer_0792,Office Chair,Furniture,8,54840.24,6145.53,Kolhapur
100695,2025-06-27,Customer_0416,Backpack,Clothing,7,8673.62,1888.57,Nagpur
102436,2025-06-27,Customer_1230,Shoes,Clothing,3,7342.24,453.49,Mumbai
104759,2025-06-27,Customer_0192,Table,Furniture,1,10206.33,1161.25,Nagpur
107685,2025-06-27,Customer_2467,Shoes,Clothing,5,13063.15,1940.72,Nagpur
104801,2025-06-27,Customer_0084,Vacuum Cleaner,Home,7,43431.96,8322.65,Nashik
108061,2025-06-27,Customer_0179,Shoes,Clothing,8,19041.72,1682.06,Aurangabad
108538,2025-06-27,Customer_1921,Bedsheet,Home,8,14247.27,3056.27,Aurangabad
109704,2025-06-27,Customer_0532,Desk,Furniture,7,95550.43,20727.68,Nashik
102886,2025-06-27,Customer_2459,Table,Furniture,5,44747.69,6956.75,Pune
106725,2025-06-28,Customer_2278,Cabinet,Furniture,1,7613.22,1372.34,Kolhapur
106448,2025-06-28,Customer_2007,Headphones,Electronics,2,4608.16,820.33,Nagpur
106208,2025-06-28,Customer_2453,Vacuum Cleaner,Home,8,51064.52,6270.27,Mumbai
106493,2025-06-28,Customer_1062,Tablet,Electronics,5,17063.07,2861.04,Mumbai
107475,2025-06-28,Customer_1471,Backpack,Clothing,5,7871.71,966.1,Nashik
106164,2025-06-28,Customer_2252,Laptop,Electronics,3,157063.98,18970.95,Aurangabad
104954,2025-06-28,Customer_1591,Mixer,Home,4,12682.95,1004.88,Kolhapur
102018,2025-06-28,Customer_0678,Bedsheet,Home,2,3457.72,232.66,Nagpur
106764,2025-06-28,Customer_1693,Lamp,Home,5,6198.74,942.16,Nagpur
103200,2025-06-28,Customer_0003,Tablet,Electronics,3,51327.8,9473.43,Nashik
103711,2025-06-28,Customer_1674,Smartphone,Electronics,1,26802.29,4910.31,Nagpur
107633,2025-06-28,Customer_0859,T-Shirt,Clothing,8,5581.19,988.14,Mumbai
101187,2025-06-28,Customer_1134,Desk,Furniture,5,53832.81,9009.24,Kolhapur
107866,2025-06-28,Customer_0045,Mixer,Home,8,28374.97,3678.63,Mumbai
104132,2025-06-28,Customer_1595,Desk,Furniture,8,110098.99,15040.98,Aurangabad
101059,2025-06-28,Customer_2335,Desk,Furniture,4,43235.1,3466.66,Aurangabad
103519,2025-06-28,Customer_0329,Monitor,Electronics,5,62567.9,10084.95,Nashik
106135,2025-06-28,Customer_0308,Office Chair,Furniture,4,28316.9,2426.59,Nagpur
100137,2025-06-28,Customer_2277,Jacket,Clothing,5,15960.84,2302.43,Pune
101075,2025-06-28,Customer_0154,Monitor,Electronics,5,74797.89,4488.51,Aurangabad
109120,2025-06-28,Customer_1131,Mixer,Home,7,23415.01,4178.3,Kolhapur
107680,2025-06-28,Customer_2378,Mixer,Home,1,3909.85,240.38,Kolhapur
104441,2025-06-28,Customer_0557,Bookshelf,Furniture,8,52639.43,9716.42,Nagpur
101808,2025-06-28,Customer_1811,Office Chair,Furniture,4,33099.84,5000.15,Aurangabad
104258,2025-06-28,Customer_2195,Table,Furniture,7,55476.51,3885.32,Nagpur
103044,2025-06-29,Customer_0462,Cookware,Home,3,5817.78,369.87,Pune
106855,2025-06-29,Customer_0355,Cookware,Home,6,12454.59,1118.46,Nagpur
107191,2025-06-29,Customer_1379,Bedsheet,Home,2,3191.97,468.74,Nashik
107059,2025-06-29,Customer_1577,Smartphone,Electronics,7,160498.06,23371.86,Nagpur
100935,2025-06-29,Customer_2291,Cookware,Home,6,13746.49,2207.62,Kolhapur
107200,2025-06-29,Customer_2083,Bookshelf,Furniture,6,36481.12,6887.51,Kolhapur
107740,2025-06-29,Customer_0689,Shoes,Clothing,7,16700.18,3101.77,Kolhapur
100194,2025-06-29,Customer_1680,Mixer,Home,3,10402.91,1236.21,Aurangabad
105652,2025-06-29,Customer_0537,Smartphone,Electronics,1,25847.39,3487.06,Aurangabad
102357,2025-06-29,Customer_0245,Lamp,Home,2,2424.0,478.21,Nashik
108108,2025-06-29,Customer_0385,Office Chair,Furniture,2,16812.02,2206.31,Aurangabad
100405,2025-06-29,Customer_0621,Lamp,Home,7,9237.05,1284.34,Nagpur
109186,2025-06-29,Customer_1876,Lamp,Home,7,8215.3,1352.18,Aurangabad
105179,2025-06-29,Customer_0216,Jeans,Clothing,7,10890.93,2364.3,Pune
108979,2025-06-29,Customer_1380,Jacket,Clothing,6,14524.05,1632.47,Aurangabad
105175,2025-06-29,Customer_1247,Headphones,Electronics,3,7775.59,1058.7,Nashik
100489,2025-06-29,Customer_0038,Office Chair,Furniture,3,23695.25,4349.46,Mumbai
106000,2025-06-30,Customer_0593,Jeans,Clothing,4,6795.6,1022.94,Kolhapur
106040,2025-06-30,Customer_1299,Desk,Furniture,6,67161.23,5964.45,Nashik
109246,2025-06-30,Customer_0671,Headphones,Electronics,6,13297.81,2137.49,Kolhapur
109373,2025-06-30,Customer_2271,Backpack,Clothing,6,7195.26,1522.85,Mumbai
105870,2025-06-30,Customer_2003,Jeans,Clothing,2,2918.52,539.1,Kolhapur
105888,2025-06-30,Customer_1871,Jacket,Clothing,6,15551.29,1109.81,Nagpur
105865,2025-06-30,Customer_0392,Bedsheet,Home,5,9339.9,1065.56,Mumbai
105863,2025-06-30,Customer_0925,Desk,Furniture,8,94011.96,10634.29,Nashik
106044,2025-06-30,Customer_2430,Smartphone,Electronics,2,54931.37,8532.96,Mumbai
105861,2025-06-30,Customer_0770,Jeans,Clothing,1,1641.65,271.77,Nashik
101220,2025-06-30,Customer_0004,Headphones,Electronics,1,2859.14,574.23,Aurangabad
109375,2025-06-30,Customer_1167,Shoes,Clothing,3,6755.56,829.28,Pune
109359,2025-06-30,Customer_0913,Table,Furniture,2,19576.92,1361.87,Pune
106001,2025-06-30,Customer_2264,Jacket,Clothing,6,18943.79,1213.74,Pune
106032,2025-06-30,Customer_1701,Bookshelf,Furniture,3,20289.36,1740.37,Mumbai
100237,2025-06-30,Customer_0540,Office Chair,Furniture,1,8258.09,1810.81,Pune
105894,2025-06-30,Customer_0383,Tablet,Electronics,7,132702.76,21084.61,Pune
100206,2025-06-30,Customer_1416,Office Chair,Furniture,8,62714.9,4929.63,Kolhapur
101218,2025-06-30,Customer_0366,Shoes,Clothing,6,16727.99,1557.67,Kolhapur
109237,2025-06-30,Customer_1105,Laptop,Electronics,7,377407.97,43246.73,Mumbai
109364,2025-06-30,Customer_2238,T-Shirt,Clothing,6,6584.93,526.76,Pune
106005,2025-06-30,Customer_1819,Desk,Furniture,5,54634.13,6846.0,Pune
101251,2025-06-30,Customer_0476,T-Shirt,Clothing,5,3010.48,466.34,Pune
106039,2025-06-30,Customer_1547,Lamp,Home,5,5747.83,771.54,Nashik
109242,2025-06-30,Customer_1685,T-Shirt,Clothing,2,1410.57,139.18,Pune
106019,2025-06-30,Customer_1024,Bedsheet,Home,7,12332.27,2011.6,Nashik
100207,2025-06-30,Customer_1872,Shoes,Clothing,5,12636.54,1642.04,Nashik
100239,2025-06-30,Customer_1725,T-Shirt,Clothing,3,2168.96,414.91,Kolhapur
100241,2025-06-30,Customer_0178,Tablet,Electronics,4,78198.68,5397.36,Aurangabad
105881,2025-06-30,Customer_0792,Jeans,Clothing,8,14236.58,3081.93,Nashik
109230,2025-06-30,Unknown Customer,Jeans,Clothing,1,1670.73,173.91,Mumbai
109227,2025-06-30,Customer_1274,Jacket,Clothing,6,16559.4,1334.29,Aurangabad
109236,2025-06-30,Customer_0602,Bookshelf,Furniture,1,5182.61,983.34,Nashik
100218,2025-06-30,Customer_0309,T-Shirt,Clothing,8,6222.94,883.91,Mumbai
105979,2025-06-30,Customer_1257,Jacket,Clothing,2,6187.67,430.57,Kolhapur
100233,2025-06-30,Customer_0998,Laptop,Electronics,6,292883.8,23654.84,Mumbai
109276,2025-06-30,Customer_1520,Tablet,Electronics,1,15790.21,1976.64,Aurangabad
109280,2025-06-30,Customer_2032,Cookware,Home,1,1968.79,381.97,Kolhapur
109328,2025-06-30,Customer_0623,Backpack,Clothing,1,1595.21,224.25,Mumbai
109327,2025-06-30,Customer_0012,Laptop,Electronics,6,365207.33,51032.7,Nagpur
109282,2025-06-30,Customer_2027,Table,Furniture,8,63922.42,10064.55,Aurangabad
109288,2025-06-30,Customer_1442,Laptop,Electronics,7,382514.72,24116.11,Pune
105915,2025-06-30,Customer_1349,Laptop,Electronics,5,354451.92,66238.97,Aurangabad
101244,2025-06-30,Customer_1128,Cabinet,Furniture,5,34896.95,4666.06,Nashik
100224,2025-06-30,Customer_0186,Mixer,Home,3,10196.49,1718.98,Pune
105918,2025-06-30,Customer_0304,Vacuum Cleaner,Home,4,27552.05,2050.33,Mumbai
105946,2025-06-30,Customer_0483,Lamp,Home,2,2060.63,327.01,Kolhapur
109325,2025-06-30,Customer_0789,Lamp,Home,8,10047.57,1041.99,Aurangabad
105944,2025-06-30,Customer_1133,Lamp,Home,8,8881.44,1035.56,Pune
101235,2025-06-30,Customer_2144,Shoes,Clothing,2,4382.78,690.02,Kolhapur
109296,2025-06-30,Customer_0703,Laptop,Electronics,1,59790.28,10322.99,Nagpur
100222,2025-06-30,Customer_2300,Table,Furniture,1,8576.01,704.26,Nashik
109302,2025-06-30,Customer_2358,Desk,Furniture,8,84041.19,8582.03,Aurangabad
109308,2025-06-30,Customer_1228,Office Chair,Furniture,5,32922.83,6624.04,Nashik
105938,2025-06-30,Customer_1636,Bedsheet,Home,1,2069.93,337.54,Nashik
100219,2025-06-30,Customer_0370,Table,Furniture,6,52351.65,7305.5,Nagpur
105923,2025-06-30,Customer_0850,Smartphone,Electronics,1,25973.57,2938.88,Nashik
105933,2025-06-30,Customer_1506,Cabinet,Furniture,3,27037.44,3701.02,Aurangabad
101239,2025-06-30,Customer_1207,Shoes,Clothing,6,15556.97,1403.9,Nashik
109313,2025-06-30,Customer_0023,Vacuum Cleaner,Home,6,42689.5,4589.07,Aurangabad
105924,2025-06-30,Customer_1008,Headphones,Electronics,6,16515.23,2884.5,Kolhapur
109315,2025-06-30,Customer_0486,Bookshelf,Furniture,2,10824.35,1473.92,Unknown
109317,2025-06-30,Customer_2372,Tablet,Electronics,6,109156.39,7093.82,Pune
100210,2025-06-30,Customer_1125,T-Shirt,Clothing,7,5058.41,631.05,Pune
105959,2025-06-30,Customer_2268,Desk,Furniture,5,55661.93,11369.9,Pune
109269,2025-06-30,Customer_1843,Jeans,Clothing,6,8220.96,635.81,Kolhapur
100230,2025-06-30,Customer_2231,T-Shirt,Clothing,6,3661.44,717.83,Aurangabad
101221,2025-06-30,Customer_0128,T-Shirt,Clothing,5,3268.93,251.55,Mumbai
105995,2025-06-30,Customer_1444,Cookware,Home,3,6015.29,956.04,Nashik
105992,2025-06-30,Customer_1365,Laptop,Electronics,2,96941.17,19720.74,Aurangabad
109249,2025-06-30,Customer_1876,Cabinet,Furniture,8,65583.52,11102.43,Aurangabad
105987,2025-06-30,Customer_1378,Bedsheet,Home,2,3875.77,679.82,Nagpur
101223,2025-06-30,Customer_1783,Bedsheet,Home,7,13031.61,2458.95,Kolhapur
109252,2025-06-30,Customer_2044,Vacuum Cleaner,Home,7,47351.49,8070.66,Aurangabad
105985,2025-06-30,Customer_1079,Jacket,Clothing,5,14949.96,2529.02,Aurangabad
105984,2025-06-30,Customer_1972,Lamp,Home,1,1293.62,169.68,Pune
105982,2025-06-30,Customer_2337,Cabinet,Furniture,6,46366.43,4300.23,Nagpur
105899,2025-06-30,Customer_0599,Vacuum Cleaner,Home,7,46066.1,9442.72,Pune
105929,2025-06-30,Customer_0881,Tablet,Electronics,8,135387.08,22577.36,Aurangabad
109253,2025-06-30,Customer_1936,T-Shirt,Clothing,5,3662.62,563.72,Nagpur
109355,2025-06-30,Customer_1264,Bookshelf,Furniture,7,36914.53,6933.51,Kolhapur
105976,2025-06-30,Customer_0337,Tablet,Electronics,6,105730.05,7988.53,Aurangabad
109256,2025-06-30,Customer_0306,Tablet,Electronics,8,155205.87,23041.66,Pune
105901,2025-06-30,Customer_1415,Laptop,Electronics,1,62388.78,6235.39,Kolhapur
105973,2025-06-30,Customer_1065,Cookware,Home,7,13659.15,1637.14,Mumbai
109260,2025-06-30,Customer_1736,Smartphone,Electronics,3,73799.51,8253.35,Nashik
109352,2025-06-30,Customer_1853,Desk,Furniture,7,74434.67,15154.44,Mumbai
109261,2025-06-30,Customer_0207,Backpack,Clothing,5,12003.39,1900.05,Mumbai
105968,2025-06-30,Customer_1675,Cabinet,Furniture,6,50666.32,8749.17,Nagpur
100208,2025-06-30,Customer_0437,Table,Furniture,8,66986.07,10492.75,Mumbai
105964,2025-06-30,Customer_1792,Table,Furniture,1,8762.19,764.48,Nagpur
105912,2025-06-30,Customer_1635,Lamp,Home,8,8951.27,1366.84,Aurangabad
105963,2025-06-30,Customer_1414,Shoes,Clothing,1,2612.25,236.71,Mumbai
109222,2025-06-30,Customer_0317,Mixer,Home,1,3220.87,239.38,Mumbai
109265,2025-06-30,Customer_0914,T-Shirt,Clothing,3,1963.3,257.39,Nashik
101227,2025-06-30,Customer_1789,Smartphone,Electronics,8,200081.06,13394.14,Mumbai
100243,2025-06-30,Customer_2009,Bedsheet,Home,2,3665.18,647.19,Aurangabad
107537,2025-06-30,Customer_0129,Desk,Furniture,2,23075.72,4819.09,Aurangabad
109218,2025-06-30,Customer_2037,Shoes,Clothing,6,16609.01,1842.99,Nashik
109000,2025-06-30,Customer_2374,Desk,Furniture,5,54864.29,7249.76,Pune
106222,2025-06-30,Customer_0117,Bookshelf,Furniture,2,11421.99,911.37,Nagpur
106226,2025-06-30,Customer_2432,T-Shirt,Clothing,2,1404.71,138.15,Kolhapur
108993,2025-06-30,Customer_2402,Lamp,Home,2,2513.55,329.18,Pune
106229,2025-06-30,Customer_1022,Monitor,Electronics,2,27189.29,2685.46,Aurangabad
106230,2025-06-30,Customer_0915,T-Shirt,Clothing,6,4692.36,968.17,Aurangabad
109001,2025-06-30,Customer_1228,Desk,Furniture,8,101569.41,19711.98,Mumbai
106235,2025-06-30,Customer_0493,Office Chair,Furniture,7,57292.62,11589.95,Aurangabad
106237,2025-06-30,Customer_1295,Shoes,Clothing,4,10146.38,1045.94,Mumbai
108991,2025-06-30,Customer_2031,Jeans,Clothing,8,14250.83,2704.22,Nagpur
108987,2025-06-30,Customer_0768,Vacuum Cleaner,Home,1,7289.54,1038.69,Nagpur
100296,2025-06-30,Customer_1159,Bookshelf,Furniture,6,40332.72,7264.21,Nagpur
108984,2025-06-30,Customer_2343,Table,Furniture,7,63051.43,4302.78,Nashik
106247,2025-06-30,Customer_0996,Mixer,Home,7,26635.12,2511.41,Kolhapur
108992,2025-06-30,Customer_2012,Jeans,Clothing,5,6982.05,644.54,Pune
106219,2025-06-30,Customer_0645,Jeans,Clothing,8,12106.11,871.02,Pune
109003,2025-06-30,Customer_0370,T-Shirt,Clothing,1,705.65,44.34,Aurangabad
106215,2025-06-30,Customer_1136,Tablet,Electronics,4,80317.16,9949.55,Nashik
109054,2025-06-30,Customer_1294,T-Shirt,Clothing,2,1191.39,107.69,Aurangabad
109050,2025-06-30,Customer_1651,Jacket,Clothing,7,19391.1,4114.84,Pune
100287,2025-06-30,Customer_1802,Jacket,Clothing,3,7929.22,702.64,Pune
106199,2025-06-30,Customer_1446,Bedsheet,Home,2,3551.6,653.39,Mumbai
109027,2025-06-30,Customer_0074,Laptop,Electronics,5,280153.83,56705.28,Nagpur
106204,2025-06-30,Customer_0277,Shoes,Clothing,7,16109.64,2076.83,Aurangabad
109026,2025-06-30,Customer_2206,Lamp,Home,8,9627.65,1451.71,Nagpur
106206,2025-06-30,Customer_1303,Cookware,Home,6,11980.71,1228.91,Nashik
106207,2025-06-30,Customer_1019,Headphones,Electronics,3,7239.03,1156.23,Pune
109016,2025-06-30,Customer_0040,T-Shirt,Clothing,4,3098.91,441.79,Aurangabad
109015,2025-06-30,Customer_2253,Cookware,Home,5,10632.42,2179.98,Aurangabad
109014,2025-06-30,Customer_1942,Shoes,Clothing,4,10187.04,1065.4,Aurangabad
109010,2025-06-30,Customer_1506,Cabinet,Furniture,1,9053.34,994.04,Kolhapur
109006,2025-06-30,Customer_0439,Smartphone,Electronics,2,47553.18,7702.51,Kolhapur
106214,2025-06-30,Customer_0907,Desk,Furniture,5,26538.0,2789.96,Mumbai
108980,2025-06-30,Customer_0863,Bedsheet,Home,7,13457.93,2795.53,Mumbai
109060,2025-06-30,Customer_0693,T-Shirt,Clothing,5,3736.42,382.35,Mumbai
106254,2025-06-30,Customer_0633,Headphones,Electronics,8,22992.96,2099.2,Aurangabad
100298,2025-06-30,Customer_1164,T-Shirt,Clothing,7,4643.6,1009.41,Nashik
106294,2025-06-30,Customer_1380,Cabinet,Furniture,1,7246.64,770.76,Pune
106296,2025-06-30,Customer_2373,Smartphone,Electronics,4,105587.08,17358.68,Mumbai
106297,2025-06-30,Customer_1129,Vacuum Cleaner,Home,5,31677.11,2408.33,Nagpur
100312,2025-06-30,Customer_2477,Cookware,Home,4,7581.27,1208.72,Mumbai
101127,2025-06-30,Customer_0172,Table,Furniture,7,63227.24,9345.91,Kolhapur
106305,2025-06-30,Customer_0625,Laptop,Electronics,1,48601.28,9397.81,Nagpur
108918,2025-06-30,Customer_1784,Jacket,Clothing,6,14731.79,1592.02,Nashik
108888,2025-06-30,Customer_1255,Shoes,Clothing,3,7213.09,879.06,Nashik
106307,2025-06-30,Customer_0027,Cabinet,Furniture,7,52592.11,7214.47,Nagpur
108881,2025-06-30,Customer_2442,Monitor,Electronics,1,14713.34,2916.33,Mumbai
108879,2025-06-30,Customer_0508,Table,Furniture,3,28689.91,3632.0,Mumbai
108869,2025-06-30,Customer_1314,Office Chair,Furniture,4,25900.45,4447.7,Pune
108864,2025-06-30,Customer_1471,Monitor,Electronics,6,89394.03,17815.81,Aurangabad
108861,2025-06-30,Customer_1514,Lamp,Home,2,2095.44,431.49,Aurangabad
108886,2025-06-30,Customer_0393,Cabinet,Furniture,2,15302.82,3107.1,Mumbai
100305,2025-06-30,Customer_1380,T-Shirt,Clothing,1,703.06,64.7,Kolhapur
101133,2025-06-30,Customer_0224,Table,Furniture,5,49678.22,6996.01,Aurangabad
108925,2025-06-30,Customer_0322,Smartphone,Electronics,5,114868.96,7047.71,Nashik
108961,2025-06-30,Unknown Customer,Monitor,Electronics,2,28893.98,5069.09,Nagpur
106262,2025-06-30,Customer_1841,Bedsheet,Home,7,12038.14,950.83,Nashik
106263,2025-06-30,Customer_2013,Monitor,Electronics,6,75100.8,6738.15,Pune
108960,2025-06-30,Customer_0607,Jeans,Clothing,5,8402.07,1814.59,Nashik
108959,2025-06-30,Customer_2176,Cookware,Home,8,17552.18,2122.33,Pune
108956,2025-06-30,Customer_1185,Cookware,Home,3,5968.68,1229.52,Kolhapur
108954,2025-06-30,Customer_2353,T-Shirt,Clothing,1,670.02,142.96,Aurangabad
108952,2025-06-30,Customer_1330,Cabinet,Furniture,8,56692.16,4862.09,Kolhapur
108935,2025-06-30,Customer_0248,Shoes,Clothing,7,20104.84,2023.31,Pune
108932,2025-06-30,Customer_1438,Bookshelf,Furniture,8,52294.57,9211.56,Mumbai
101135,2025-06-30,Customer_1611,Smartphone,Electronics,3,69429.31,12294.83,Nagpur
108929,2025-06-30,Customer_0165,Laptop,Electronics,1,48918.36,6075.55,Nashik
108926,2025-06-30,Customer_1588,Headphones,Electronics,1,2851.31,441.22,Aurangabad
106275,2025-06-30,Customer_1316,Jacket,Clothing,6,18479.48,3780.25,Pune
106277,2025-06-30,Customer_2327,Monitor,Electronics,4,60234.34,5115.1,Nagpur
106260,2025-06-30,Customer_0326,Table,Furniture,8,76195.25,5416.48,Nashik
106047,2025-06-30,Customer_0306,Desk,Furniture,1,11065.1,1793.52,Nashik
109064,2025-06-30,Customer_0448,Table,Furniture,8,76729.94,14720.95,Pune
101157,2025-06-30,Unknown Customer,Jacket,Clothing,7,17320.81,2002.94,Mumbai
109178,2025-06-30,Customer_2063,Shoes,Clothing,6,14715.67,3148.11,Pune
106082,2025-06-30,Customer_2320,Backpack,Clothing,8,9594.66,1093.0,Kolhapur
109177,2025-06-30,Customer_0704,Jeans,Clothing,6,8723.2,983.19,Kolhapur
106089,2025-06-30,Customer_1836,Jeans,Clothing,4,6414.05,517.8,Nagpur
101186,2025-06-30,Customer_0860,T-Shirt,Clothing,5,3183.77,450.01,Nashik
109175,2025-06-30,Customer_1550,Mixer,Home,1,3659.25,502.81,Nagpur
101191,2025-06-30,Customer_2352,Jeans,Clothing,5,8066.3,1151.82,Mumbai
106093,2025-06-30,Customer_1936,Cookware,Home,2,4734.07,1012.69,Mumbai
106099,2025-06-30,Customer_1397,Shoes,Clothing,1,2669.85,366.04,Nashik
109165,2025-06-30,Customer_1289,Smartphone,Electronics,8,229111.38,24569.17,Nagpur
106103,2025-06-30,Customer_1842,Bedsheet,Home,5,9100.1,1462.16,Nashik
106104,2025-06-30,Customer_1399,Jacket,Clothing,7,22508.57,4937.72,Nagpur
106105,2025-06-30,Customer_0622,Cabinet,Furniture,8,70866.14,4975.72,Mumbai
109163,2025-06-30,Customer_2110,Bedsheet,Home,7,12165.27,2292.02,Nashik
109170,2025-06-30,Customer_2048,Bookshelf,Furniture,8,52320.27,10412.23,Pune
109192,2025-06-30,Customer_1798,Bookshelf,Furniture,4,26894.54,5676.46,Pune
100248,2025-06-30,Customer_0936,Table,Furniture,8,66050.98,9249.23,Nagpur
101195,2025-06-30,Customer_2442,Bedsheet,Home,3,5052.36,985.58,Kolhapur
109214,2025-06-30,Customer_0832,Desk,Furniture,3,38807.61,7529.68,Kolhapur
106049,2025-06-30,Customer_0757,Laptop,Electronics,2,103564.85,16453.03,Nagpur
101204,2025-06-30,Customer_1662,Cabinet,Furniture,2,15884.35,1066.34,Aurangabad
109212,2025-06-30,Customer_1796,Cabinet,Furniture,3,25736.3,2278.69,Aurangabad
101203,2025-06-30,Customer_1157,Bedsheet,Home,3,4974.78,600.87,Nashik
109211,2025-06-30,Customer_1065,Laptop,Electronics,6,296584.59,55143.67,Pune
109204,2025-06-30,Customer_2458,Cookware,Home,2,5023.58,488.69,Kolhapur
109200,2025-06-30,Customer_1674,Headphones,Electronics,8,18305.19,1847.91,Nagpur
109199,2025-06-30,Customer_1842,Vacuum Cleaner,Home,3,21002.57,2199.77,Mumbai
101199,2025-06-30,Customer_0950,Shoes,Clothing,8,18784.96,2017.8,Mumbai
106063,2025-06-30,Customer_1585,Jeans,Clothing,1,1625.8,129.38,Nashik
109198,2025-06-30,Customer_0805,Jacket,Clothing,4,11120.98,1453.97,Pune
106069,2025-06-30,Customer_0483,Lamp,Home,3,3259.25,389.15,Nashik
106070,2025-06-30,Customer_1631,Office Chair,Furniture,4,30200.19,2069.71,Aurangabad
106071,2025-06-30,Customer_1645,Bookshelf,Furniture,3,19160.3,2815.16,Pune
106109,2025-06-30,Customer_1778,Shoes,Clothing,1,2235.16,261.81,Nagpur
106185,2025-06-30,Customer_1717,T-Shirt,Clothing,2,1251.65,133.54,Aurangabad
106111,2025-06-30,Customer_0139,Table,Furniture,8,64458.97,5157.92,Kolhapur
106115,2025-06-30,Customer_1819,Vacuum Cleaner,Home,3,16763.61,3022.02,Pune
101170,2025-06-30,Customer_1887,Table,Furniture,3,28582.08,3587.39,Kolhapur
101169,2025-06-30,Customer_1944,Jacket,Clothing,8,19547.73,1944.42,Pune
109089,2025-06-30,Customer_1980,Monitor,Electronics,7,85427.78,6596.97,Nagpur
106154,2025-06-30,Customer_0827,Jacket,Clothing,4,10161.91,1666.82,Pune
106155,2025-06-30,Customer_0581,Backpack,Clothing,8,10190.82,1562.57,Mumbai
106156,2025-06-30,Customer_1746,Table,Furniture,1,9479.07,2081.2,Pune
101171,2025-06-30,Customer_0230,Shoes,Clothing,7,19475.65,2097.07,Kolhapur
100267,2025-06-30,Customer_2487,Bedsheet,Home,8,13826.17,2029.24,Nagpur
101163,2025-06-30,Customer_0850,Tablet,Electronics,2,35127.89,3198.01,Kolhapur
109074,2025-06-30,Customer_2097,Smartphone,Electronics,8,193189.76,27853.04,Aurangabad
102288,2025-06-30,Customer_1013,Monitor,Electronics,2,25534.71,5494.34,Mumbai
109073,2025-06-30,Customer_0266,Headphones,Electronics,1,2713.79,372.4,Nashik
109072,2025-06-30,Customer_2172,Bedsheet,Home,1,1985.56,266.96,Kolhapur
106182,2025-06-30,Customer_0928,Smartphone,Electronics,1,26680.57,3735.21,Nashik
109081,2025-06-30,Customer_2442,Cookware,Home,4,9609.81,1802.69,Aurangabad
109092,2025-06-30,Customer_1061,Bookshelf,Furniture,2,13604.56,2874.47,Mumbai
106146,2025-06-30,Customer_0015,Smartphone,Electronics,3,65451.04,6926.25,Pune
109098,2025-06-30,Customer_1602,Jacket,Clothing,8,19861.54,2542.8,Kolhapur
109137,2025-06-30,Customer_0494,T-Shirt,Clothing,4,3069.13,250.95,Kolhapur
109135,2025-06-30,Customer_0331,Bookshelf,Furniture,8,49666.57,9898.54,Pune
106120,2025-06-30,Customer_1034,Desk,Furniture,4,54067.69,8088.56,Nashik
101181,2025-06-30,Customer_1981,Desk,Furniture,6,71748.03,4563.98,Aurangabad
101180,2025-06-30,Customer_1977,Tablet,Electronics,1,15349.96,2052.15,Kolhapur
109133,2025-06-30,Customer_0299,Cabinet,Furniture,6,53756.27,5115.11,Nashik
109124,2025-06-30,Customer_0655,Table,Furniture,1,7666.2,724.48,Nagpur
109121,2025-06-30,Customer_0022,Table,Furniture,6,50068.14,7079.66,Nashik
101179,2025-06-30,Customer_0154,Office Chair,Furniture,6,43353.42,2657.45,Mumbai
106129,2025-06-30,Customer_0587,Jacket,Clothing,5,15895.9,1338.14,Kolhapur
109119,2025-06-30,Customer_1697,Smartphone,Electronics,6,148655.39,31835.05,Pune
109118,2025-06-30,Customer_1134,Office Chair,Furniture,1,7185.0,1176.43,Nagpur
106137,2025-06-30,Customer_2212,Cookware,Home,3,7243.37,1066.62,Nagpur
109115,2025-06-30,Customer_0230,Bookshelf,Furniture,2,12242.65,1068.46,Pune
109112,2025-06-30,Customer_1587,Monitor,Electronics,1,14115.97,1508.71,Kolhapur
106113,2025-06-30,Customer_0841,Shoes,Clothing,1,2255.02,187.79,Kolhapur
109376,2025-06-30,Customer_0809,Smartphone,Electronics,1,27418.69,2548.54,Pune
109457,2025-06-30,Customer_0040,Monitor,Electronics,2,30073.95,4611.16,Kolhapur
105856,2025-06-30,Customer_1453,Headphones,Electronics,1,2251.46,407.91,Pune
101371,2025-06-30,Customer_0640,Table,Furniture,6,52365.57,8298.06,Pune
101370,2025-06-30,Customer_1658,T-Shirt,Clothing,1,707.88,155.19,Nagpur
100045,2025-06-30,Customer_1024,Bookshelf,Furniture,8,41814.63,4369.75,Pune
105440,2025-06-30,Customer_2131,Cookware,Home,3,6343.05,1201.37,Nagpur
109881,2025-06-30,Customer_1154,Bookshelf,Furniture,5,34442.82,2977.9,Kolhapur
109880,2025-06-30,Customer_0694,Cookware,Home,2,4346.16,336.81,Kolhapur
100047,2025-06-30,Customer_0682,Laptop,Electronics,4,205656.05,27504.23,Nagpur
100044,2025-06-30,Customer_0575,Cabinet,Furniture,8,62272.46,8538.75,Nagpur
109870,2025-06-30,Customer_2121,Lamp,Home,8,9720.66,1937.44,Nashik
109869,2025-06-30,Customer_1986,Backpack,Clothing,1,1256.6,191.94,Nagpur
109861,2025-06-30,Customer_1743,Jacket,Clothing,8,24153.94,2899.67,Nashik
105455,2025-06-30,Customer_0280,Headphones,Electronics,5,12151.29,1844.88,Pune
105458,2025-06-30,Unknown Customer,Smartphone,Electronics,6,130545.38,15525.85,Kolhapur
105465,2025-06-30,Customer_1786,Table,Furniture,2,19849.13,2465.2,Pune
109859,2025-06-30,Customer_0914,Bedsheet,Home,7,13250.38,1594.55,Nashik
105469,2025-06-30,Customer_1696,Desk,Furniture,3,36422.17,3342.58,Pune
105453,2025-06-30,Customer_1414,Mixer,Home,5,28991.39,4408.74,Kolhapur
109858,2025-06-30,Customer_0536,Bookshelf,Furniture,2,11456.74,1131.52,Aurangabad
101372,2025-06-30,Customer_1188,Jacket,Clothing,8,21494.44,2640.5,Kolhapur
105430,2025-06-30,Customer_0604,T-Shirt,Clothing,3,1851.09,369.36,Mumbai
105401,2025-06-30,Customer_0505,Desk,Furniture,8,104300.31,18194.68,Kolhapur
109919,2025-06-30,Customer_1939,Laptop,Electronics,2,95112.71,14791.19,Aurangabad
105402,2025-06-30,Customer_0294,Backpack,Clothing,3,4654.6,286.41,Mumbai
100033,2025-06-30,Customer_1277,Cookware,Home,4,10011.82,1583.31,Nagpur
101383,2025-06-30,Customer_0884,Vacuum Cleaner,Home,2,11560.29,1943.63,Aurangabad
100035,2025-06-30,Customer_0087,Office Chair,Furniture,6,38630.58,3830.58,Kolhapur
109907,2025-06-30,Customer_1600,Bookshelf,Furniture,3,17895.7,1928.33,Mumbai
105431,2025-06-30,Customer_2254,Shoes,Clothing,8,20099.96,2444.61,Aurangabad
109906,2025-06-30,Customer_0888,Jeans,Clothing,7,10519.33,755.6,Nashik
109902,2025-06-30,Customer_0686,Bedsheet,Home,7,11581.44,1019.1,Pune
105417,2025-06-30,Customer_1146,Table,Furniture,3,23313.01,4970.3,Nashik
101377,2025-06-30,Customer_2390,Monitor,Electronics,4,51847.96,7403.07,Kolhapur
109901,2025-06-30,Customer_0682,Tablet,Electronics,5,58404.58,10800.29,Mumbai
100043,2025-06-30,Customer_1019,Lamp,Home,2,2424.51,486.63,Mumbai
105425,2025-06-30,Customer_0223,T-Shirt,Clothing,3,1985.32,286.34,Nagpur
105428,2025-06-30,Customer_0568,Bookshelf,Furniture,5,33971.61,5439.1,Pune
101380,2025-06-30,Customer_1479,Backpack,Clothing,1,1578.82,257.75,Nagpur
100029,2025-06-30,Customer_1487,Mixer,Home,2,6699.12,1037.01,Nashik
105472,2025-06-30,Customer_1729,Monitor,Electronics,6,83040.37,6958.11,Nashik
105474,2025-06-30,Customer_1157,Desk,Furniture,3,38576.34,5273.25,Mumbai
100077,2025-06-30,Customer_0443,Bookshelf,Furniture,3,18323.41,2525.42,Nagpur
101354,2025-06-30,Customer_0459,Smartphone,Electronics,5,116201.36,19762.84,Aurangabad
100078,2025-06-30,Customer_0818,Tablet,Electronics,5,72106.55,6361.67,Nagpur
109814,2025-06-30,Customer_0789,Desk,Furniture,1,11708.23,1592.39,Nashik
105522,2025-06-30,Customer_1147,Monitor,Electronics,6,79670.68,10743.13,Mumbai
101351,2025-06-30,Customer_1852,Tablet,Electronics,5,84918.0,13761.09,Kolhapur
109813,2025-06-30,Customer_0427,Bookshelf,Furniture,2,12362.48,2041.64,Nagpur
109825,2025-06-30,Customer_1850,Bedsheet,Home,4,8263.72,1007.11,Pune
101349,2025-06-30,Customer_1136,Jacket,Clothing,7,21047.98,3299.02,Pune
109810,2025-06-30,Customer_1920,Smartphone,Electronics,7,185752.12,33180.79,Nashik
105537,2025-06-30,Customer_0362,Jeans,Clothing,2,3205.83,236.06,Pune
105538,2025-06-30,Customer_1002,Backpack,Clothing,4,4838.15,692.7,Pune
101347,2025-06-30,Customer_0978,Desk,Furniture,6,64188.98,11535.14,Kolhapur
109809,2025-06-30,Customer_0133,Office Chair,Furniture,8,63201.32,5500.97,Pune
109808,2025-06-30,Customer_1081,Jeans,Clothing,1,1456.7,294.52,Kolhapur
105545,2025-06-30,Customer_1676,Cabinet,Furniture,4,33791.93,7406.92,Mumbai
101348,2025-06-30,Customer_0924,Tablet,Electronics,4,71344.53,13217.96,Nashik
109856,2025-06-30,Customer_1547,Jacket,Clothing,3,7878.09,588.81,Mumbai
109835,2025-06-30,Customer_0070,Laptop,Electronics,5,259360.72,28783.0,Kolhapur
100068,2025-06-30,Customer_0536,Laptop,Electronics,6,317956.41,57218.2,Aurangabad
101362,2025-06-30,Customer_0929,Jeans,Clothing,5,9020.64,753.25,Nagpur
105480,2025-06-30,Customer_1574,Cookware,Home,8,18975.61,3341.81,Nagpur
109854,2025-06-30,Customer_0427,Cabinet,Furniture,6,47986.2,8864.94,Nagpur
105483,2025-06-30,Customer_0437,Jacket,Clothing,7,19434.83,3394.8,Mumbai
105485,2025-06-30,Customer_1871,Cookware,Home,1,2095.77,437.84,Mumbai
109850,2025-06-30,Customer_1189,Office Chair,Furniture,8,68485.9,10885.37,Mumbai
105491,2025-06-30,Customer_2003,Bookshelf,Furniture,5,28468.45,1990.75,Mumbai
100070,2025-06-30,Customer_0459,Vacuum Cleaner,Home,1,7458.79,1366.97,Pune
105492,2025-06-30,Customer_1832,Headphones,Electronics,8,19855.86,2048.61,Nagpur
109849,2025-06-30,Customer_1900,T-Shirt,Clothing,7,5065.63,828.37,Nagpur
101358,2025-06-30,Customer_0258,Headphones,Electronics,4,9975.57,1825.08,Pune
105498,2025-06-30,Customer_1502,T-Shirt,Clothing,1,742.11,74.58,Mumbai
105500,2025-06-30,Customer_0821,Jeans,Clothing,8,12666.52,2180.8,Aurangabad
100067,2025-06-30,Customer_1735,T-Shirt,Clothing,2,1392.87,281.21,Nashik
105502,2025-06-30,Customer_1879,Jeans,Clothing,1,1622.62,326.25,Pune
105504,2025-06-30,Unknown Customer,Laptop,Electronics,6,364111.08,61111.31,Aurangabad
105494,2025-06-30,Customer_1495,Mixer,Home,7,25903.66,5230.19,Aurangabad
109937,2025-06-30,Unknown Customer,Lamp,Home,8,10543.81,2091.61,Mumbai
105393,2025-06-30,Customer_0240,Bedsheet,Home,6,11372.72,1466.03,Nashik
109941,2025-06-30,Customer_2069,Lamp,Home,2,2622.9,476.56,Pune
105572,2025-06-30,Customer_1575,Office Chair,Furniture,1,8348.61,644.62,Mumbai
105292,2025-06-30,Customer_2479,Shoes,Clothing,4,8598.74,1352.35,Pune
104076,2025-06-30,Customer_1142,Mixer,Home,2,6399.64,948.97,Pune
101410,2025-06-30,Customer_0118,Jeans,Clothing,5,6988.47,1046.08,Aurangabad
104429,2025-06-30,Customer_1372,Lamp,Home,4,4478.69,553.7,Kolhapur
105868,2025-06-30,Customer_1714,Jeans,Clothing,5,8597.85,1302.39,Nashik
105296,2025-06-30,Customer_0312,Jacket,Clothing,1,2912.63,582.06,Aurangabad
102204,2025-06-30,Customer_2023,Monitor,Electronics,6,83602.17,16140.44,Kolhapur
102047,2025-06-30,Customer_0087,Backpack,Clothing,2,3031.55,321.66,Pune
105033,2025-06-30,Customer_2451,Vacuum Cleaner,Home,5,33793.93,3933.76,Pune
102656,2025-06-30,Customer_2152,Bedsheet,Home,3,4694.06,427.39,Nagpur
101390,2025-06-30,Customer_0173,Lamp,Home,8,9876.57,1320.12,Nashik
105303,2025-06-30,Customer_2133,Vacuum Cleaner,Home,5,30988.38,2378.94,Kolhapur
107232,2025-06-30,Customer_1514,Laptop,Electronics,2,103817.86,8391.2,Mumbai
108293,2025-06-30,Customer_1184,Tablet,Electronics,5,86367.26,6177.5,Nashik
105309,2025-06-30,Customer_1597,Tablet,Electronics,3,49018.81,8504.98,Nagpur
105298,2025-06-30,Customer_0760,Tablet,Electronics,7,124558.48,20220.36,Nagpur
109939,2025-06-30,Customer_0388,Cabinet,Furniture,1,8137.22,1511.03,Aurangabad
105290,2025-06-30,Customer_2489,Table,Furniture,2,17585.49,2641.74,Mumbai
102855,2025-06-30,Customer_0773,T-Shirt,Clothing,3,1842.52,331.66,Aurangabad
105255,2025-06-30,Customer_0483,Backpack,Clothing,4,6091.55,847.07,Mumbai
105262,2025-06-30,Customer_0450,Backpack,Clothing,2,2918.4,463.24,Mumbai
105265,2025-06-30,Customer_0895,Tablet,Electronics,4,75487.9,15385.17,Nashik
100381,2025-06-30,Customer_1842,Mixer,Home,5,16101.3,1644.84,Mumbai
105269,2025-06-30,Customer_0334,Backpack,Clothing,1,1382.83,257.23,Mumbai
108015,2025-06-30,Customer_0660,Cookware,Home,6,13383.24,935.36,Kolhapur
105271,2025-06-30,Customer_0841,Bedsheet,Home,5,12530.12,2217.4,Aurangabad
100006,2025-06-30,Customer_1557,T-Shirt,Clothing,2,1276.18,176.03,Pune
105273,2025-06-30,Customer_0292,T-Shirt,Clothing,1,617.18,109.34,Nagpur
103025,2025-06-30,Customer_0621,Laptop,Electronics,3,157225.29,33806.19,Pune
105278,2025-06-30,Customer_1656,Bedsheet,Home,2,3307.66,282.52,Kolhapur
105281,2025-06-30,Customer_0639,Jacket,Clothing,5,15421.28,2841.46,Pune
105187,2025-06-30,Customer_0740,Bedsheet,Home,3,4984.99,577.54,Kolhapur
105282,2025-06-30,Customer_0306,Bookshelf,Furniture,4,22756.25,3761.87,Nagpur
100964,2025-06-30,Customer_1459,Desk,Furniture,4,48818.09,8096.18,Mumbai
103825,2025-06-30,Customer_0604,Table,Furniture,2,17165.41,3120.73,Aurangabad
108609,2025-06-30,Customer_0195,Bedsheet,Home,4,7892.59,1278.81,Kolhapur
105314,2025-06-30,Customer_0166,Cookware,Home,5,11495.59,923.55,Aurangabad
108576,2025-06-30,Customer_2459,Jeans,Clothing,2,3527.54,577.8,Nashik
105316,2025-06-30,Customer_1114,Bedsheet,Home,1,1807.8,273.19,Pune
105360,2025-06-30,Customer_1342,Table,Furniture,2,19214.3,3034.33,Kolhapur
100017,2025-06-30,Customer_1621,Jeans,Clothing,8,12281.78,1586.68,Aurangabad
109967,2025-06-30,Customer_2473,Monitor,Electronics,6,90610.35,8459.47,Mumbai
105365,2025-06-30,Customer_2457,Desk,Furniture,6,61637.84,11275.05,Nashik
109966,2025-06-30,Customer_2235,Mixer,Home,5,15920.52,1852.25,Kolhapur
100019,2025-06-30,Customer_2391,Backpack,Clothing,7,9810.85,875.32,Nagpur
109959,2025-06-30,Customer_2419,Laptop,Electronics,2,101189.16,19201.15,Nagpur
105358,2025-06-30,Customer_0328,Laptop,Electronics,5,281163.01,35564.2,Nagpur
105377,2025-06-30,Customer_0032,Backpack,Clothing,6,9403.56,1267.03,Mumbai
100021,2025-06-30,Customer_0627,Laptop,Electronics,2,111871.41,19927.35,Unknown
109955,2025-06-30,Customer_1179,Backpack,Clothing,5,7258.53,525.03,Nagpur
105388,2025-06-30,Customer_1920,Office Chair,Furniture,7,45639.19,4704.02,Nagpur
109952,2025-06-30,Customer_1070,Bookshelf,Furniture,6,32401.85,3238.72,Nagpur
109950,2025-06-30,Customer_2090,Table,Furniture,5,48180.71,9165.75,Nagpur
105390,2025-06-30,Customer_1819,Lamp,Home,4,4759.1,763.24,Pune
105392,2025-06-30,Customer_2044,Laptop,Electronics,8,481889.71,47025.21,Nagpur
101388,2025-06-30,Customer_0717,Lamp,Home,7,7774.67,1433.4,Kolhapur
105357,2025-06-30,Customer_0871,Bookshelf,Furniture,3,19288.21,2064.35,Nashik
105353,2025-06-30,Customer_0797,Monitor,Electronics,5,73539.03,14356.06,Nagpur
105351,2025-06-30,Customer_1225,Vacuum Cleaner,Home,2,12351.04,1341.04,Kolhapur
104359,2025-06-30,Customer_2455,Headphones,Electronics,5,14035.54,2721.55,Pune
101405,2025-06-30,Customer_1688,Jacket,Clothing,8,24738.37,2939.54,Nashik
109995,2025-06-30,Customer_1538,Mixer,Home,3,11487.38,861.86,Mumbai
109991,2025-06-30,Customer_1051,Office Chair,Furniture,8,53742.73,10642.86,Aurangabad
109990,2025-06-30,Customer_0225,Desk,Furniture,8,101848.47,21771.27,Mumbai
105323,2025-06-30,Customer_0131,Backpack,Clothing,5,7431.86,587.3,Pune
101403,2025-06-30,Customer_0393,Jacket,Clothing,6,15761.96,2736.89,Kolhapur
105328,2025-06-30,Customer_0032,Desk,Furniture,3,40385.01,4748.19,Nagpur
105332,2025-06-30,Customer_1350,T-Shirt,Clothing,5,3799.08,296.09,Mumbai
109988,2025-06-30,Customer_1364,Lamp,Home,4,4781.06,751.4,Pune
109984,2025-06-30,Customer_2388,Bookshelf,Furniture,6,36088.81,2929.23,Aurangabad
105338,2025-06-30,Customer_0932,Vacuum Cleaner,Home,1,7211.69,1051.58,Nagpur
105339,2025-06-30,Customer_0909,Smartphone,Electronics,2,46835.75,5442.8,Aurangabad
109974,2025-06-30,Customer_1303,Office Chair,Furniture,7,46212.45,9025.9,Mumbai
105341,2025-06-30,Customer_2264,Headphones,Electronics,6,13843.09,2179.16,Nashik
105345,2025-06-30,Customer_0628,Headphones,Electronics,6,13494.84,1121.15,Kolhapur
101399,2025-06-30,Customer_1480,Office Chair,Furniture,5,33212.09,2072.17,Nagpur
109789,2025-06-30,Customer_2253,Jeans,Clothing,1,1397.84,195.85,Nagpur
101339,2025-06-30,Customer_0568,Tablet,Electronics,8,143166.85,20017.04,Aurangabad
109771,2025-06-30,Customer_1640,Office Chair,Furniture,5,40460.4,5382.05,Kolhapur
105553,2025-06-30,Customer_0556,Bookshelf,Furniture,2,12816.32,1393.79,Nashik
105765,2025-06-30,Customer_1566,Desk,Furniture,8,103189.09,18698.47,Aurangabad
100166,2025-06-30,Customer_2050,Shoes,Clothing,5,11334.04,2313.79,Kolhapur
105770,2025-06-30,Customer_1205,Bookshelf,Furniture,3,19038.18,2541.38,Pune
109534,2025-06-30,Customer_2172,Headphones,Electronics,3,7599.59,617.97,Mumbai
109532,2025-06-30,Customer_1009,Jeans,Clothing,1,1516.78,297.96,Mumbai
105779,2025-06-30,Customer_1393,Lamp,Home,4,5142.61,1070.03,Pune
109531,2025-06-30,Customer_1321,Jeans,Clothing,3,4654.07,450.36,Aurangabad
100160,2025-06-30,Customer_1193,Bedsheet,Home,8,16494.89,3485.77,Pune
101277,2025-06-30,Customer_2112,Shoes,Clothing,1,2507.66,201.76,Aurangabad
109530,2025-06-30,Customer_1372,Cabinet,Furniture,6,48140.88,10151.68,Pune
105787,2025-06-30,Customer_1167,Cookware,Home,5,12395.66,1155.73,Aurangabad
109529,2025-06-30,Customer_0491,Cabinet,Furniture,7,55681.85,9371.99,Pune
105789,2025-06-30,Customer_1674,Shoes,Clothing,1,2705.67,424.64,Aurangabad
109527,2025-06-30,Customer_2350,Headphones,Electronics,4,9404.56,1738.0,Kolhapur
105791,2025-06-30,Customer_1804,Laptop,Electronics,5,264862.16,25214.04,Pune
100171,2025-06-30,Customer_2398,Lamp,Home,3,3695.92,274.52,Nagpur
105783,2025-06-30,Customer_1345,Tablet,Electronics,7,110971.22,18069.57,Pune
109518,2025-06-30,Customer_1438,Vacuum Cleaner,Home,1,5720.69,745.36,Kolhapur
105762,2025-06-30,Customer_0112,Mixer,Home,2,7588.43,1237.03,Aurangabad
105761,2025-06-30,Customer_2084,T-Shirt,Clothing,1,738.15,154.64,Mumbai
109580,2025-06-30,Customer_0548,Smartphone,Electronics,8,207114.67,32623.04,Mumbai
109578,2025-06-30,Customer_0826,Cookware,Home,7,17226.36,3051.3,Pune
109576,2025-06-30,Customer_1771,Cabinet,Furniture,3,26439.49,3619.29,Pune
105727,2025-06-30,Customer_0670,Smartphone,Electronics,5,222936.17,18652.13,Kolhapur
105729,2025-06-30,Customer_0961,Bookshelf,Furniture,7,42212.29,8538.55,Aurangabad
109573,2025-06-30,Customer_1776,Tablet,Electronics,6,115763.39,7997.5,Pune
101293,2025-06-30,Customer_0205,Office Chair,Furniture,3,21755.19,3886.71,Nashik
109550,2025-06-30,Customer_0323,Mixer,Home,4,14614.0,2278.98,Kolhapur
101292,2025-06-30,Customer_0995,Tablet,Electronics,1,17687.64,1263.61,Aurangabad
105739,2025-06-30,Customer_2449,Office Chair,Furniture,8,65794.51,7898.48,Nagpur
109557,2025-06-30,Customer_0974,Bookshelf,Furniture,3,20557.88,2547.11,Nagpur
109553,2025-06-30,Customer_1627,Office Chair,Furniture,8,64664.18,12909.36,Kolhapur
101291,2025-06-30,Customer_0580,Office Chair,Furniture,1,8000.2,723.8,Nagpur
105749,2025-06-30,Customer_2152,Bookshelf,Furniture,2,12765.44,1809.96,Aurangabad
105754,2025-06-30,Customer_1145,Office Chair,Furniture,3,21385.41,3603.63,Mumbai
101286,2025-06-30,Customer_0791,Desk,Furniture,1,10939.33,1946.72,Pune
109558,2025-06-30,Customer_0881,Table,Furniture,5,41220.54,3573.34,Nagpur
105797,2025-06-30,Customer_0850,Desk,Furniture,5,67470.81,7328.53,Nashik
109499,2025-06-30,Customer_0363,Bedsheet,Home,5,8900.88,1704.74,Nashik
109489,2025-06-30,Customer_1663,Monitor,Electronics,1,14749.72,1426.67,Aurangabad
109419,2025-06-30,Customer_2219,Desk,Furniture,1,12823.02,1157.1,Aurangabad
109417,2025-06-30,Customer_1181,Bedsheet,Home,5,8274.92,1139.47,Nashik
109413,2025-06-30,Customer_0033,Vacuum Cleaner,Home,8,58254.58,4654.18,Kolhapur
109410,2025-06-30,Customer_1232,Mixer,Home,4,14146.83,1741.5,Pune
105836,2025-06-30,Customer_2074,Shoes,Clothing,6,17101.75,2287.21,Mumbai
105838,2025-06-30,Customer_1008,Shoes,Clothing,6,17103.24,3245.81,Nashik
109405,2025-06-30,Customer_0892,Backpack,Clothing,8,11536.51,735.0,Nagpur
105830,2025-06-30,Customer_1967,Jeans,Clothing,1,1773.72,200.32,Nagpur
105839,2025-06-30,Customer_1686,Desk,Furniture,3,36333.11,5473.93,Nagpur
109397,2025-06-30,Customer_0680,Lamp,Home,7,8327.47,1400.55,Kolhapur
105846,2025-06-30,Customer_1927,Headphones,Electronics,5,11445.65,1608.91,Nagpur
105853,2025-06-30,Customer_2034,Cabinet,Furniture,3,25172.43,5517.92,Nagpur
109379,2025-06-30,Customer_1918,Backpack,Clothing,5,6666.92,770.47,Nagpur
109378,2025-06-30,Customer_0730,Backpack,Clothing,7,9406.49,1561.38,Mumbai
105854,2025-06-30,Customer_1140,T-Shirt,Clothing,6,3602.15,734.75,Nagpur
100202,2025-06-30,Customer_0697,Vacuum Cleaner,Home,3,20314.69,1463.12,Mumbai
109401,2025-06-30,Customer_0171,Cabinet,Furniture,5,42483.15,4739.04,Nagpur
109420,2025-06-30,Customer_1051,Bookshelf,Furniture,7,45394.51,5248.08,Aurangabad
109425,2025-06-30,Customer_2125,Tablet,Electronics,4,67593.45,7441.3,Aurangabad
109432,2025-06-30,Customer_0301,Vacuum Cleaner,Home,5,30769.66,3546.94,Mumbai
109488,2025-06-30,Customer_1538,Office Chair,Furniture,2,13402.48,1993.48,Nashik
109487,2025-06-30,Customer_0576,Monitor,Electronics,1,13614.8,2648.78,Mumbai
109478,2025-06-30,Customer_1969,Cabinet,Furniture,6,46831.72,9043.98,Nashik
109470,2025-06-30,Customer_2361,Laptop,Electronics,5,276449.72,58001.75,Nashik
109462,2025-06-30,Customer_2445,Office Chair,Furniture,2,16508.62,3324.45,Nashik
100316,2025-06-30,Customer_1848,Mixer,Home,4,15558.06,1785.65,Nashik
109455,2025-06-30,Customer_0477,Office Chair,Furniture,5,40149.2,8212.29,Nagpur
105805,2025-06-30,Customer_2107,Table,Furniture,5,41576.01,5869.49,Pune
105806,2025-06-30,Customer_2347,Cookware,Home,5,9818.1,1675.56,Mumbai
109447,2025-06-30,Customer_0936,Cabinet,Furniture,2,14660.71,1761.06,Pune
105808,2025-06-30,Customer_0905,Backpack,Clothing,6,9550.4,1760.15,Pune
105809,2025-06-30,Customer_0579,Laptop,Electronics,2,119473.29,19091.3,Nagpur
105811,2025-06-30,Customer_2064,Office Chair,Furniture,5,38611.2,8254.3,Nashik
100185,2025-06-30,Customer_1572,Vacuum Cleaner,Home,3,20492.23,4412.12,Mumbai
100186,2025-06-30,Customer_1700,Office Chair,Furniture,5,33851.8,5265.26,Nashik
105814,2025-06-30,Customer_0212,Shoes,Clothing,3,6651.16,973.84,Mumbai
109437,2025-06-30,Customer_1696,Mixer,Home,4,14564.88,1238.03,Kolhapur
105719,2025-06-30,Customer_0893,Backpack,Clothing,7,10991.73,1672.83,Nagpur
105858,2025-06-30,Customer_1848,Shoes,Clothing,5,11730.97,954.75,Mumbai
109586,2025-06-30,Customer_0834,Vacuum Cleaner,Home,2,11753.86,2012.97,Mumbai
105716,2025-06-30,Customer_0820,Office Chair,Furniture,7,50496.24,4990.6,Pune
105615,2025-06-30,Customer_0129,Jeans,Clothing,8,13408.09,1907.71,Nagpur
101317,2025-06-30,Customer_0291,Vacuum Cleaner,Home,2,12825.74,2202.08,Mumbai
100103,2025-06-30,Customer_1013,Bedsheet,Home,5,7973.35,1157.01,Aurangabad
109713,2025-06-30,Customer_0077,Monitor,Electronics,3,47993.95,5564.11,Nashik
101316,2025-06-30,Customer_0648,Monitor,Electronics,3,44598.53,8260.73,Pune
105620,2025-06-30,Customer_0416,Table,Furniture,5,40262.07,4645.46,Mumbai
109705,2025-06-30,Customer_2499,Lamp,Home,1,1249.72,113.69,Nashik
105614,2025-06-30,Customer_1410,Tablet,Electronics,5,91310.55,16988.63,Nashik
109695,2025-06-30,Customer_1968,Backpack,Clothing,8,10794.28,2329.11,Nagpur
105630,2025-06-30,Customer_0595,Jeans,Clothing,1,1388.44,296.04,Nashik
105631,2025-06-30,Customer_1501,Table,Furniture,5,40245.09,7215.58,Pune
105632,2025-06-30,Customer_0973,Cabinet,Furniture,3,24980.18,2248.33,Pune
105634,2025-06-30,Customer_1912,Shoes,Clothing,7,17078.4,2813.36,Mumbai
100106,2025-06-30,Customer_0567,Jacket,Clothing,2,5033.68,956.33,Mumbai
105635,2025-06-30,Customer_1200,Laptop,Electronics,6,330403.03,58275.35,Unknown
105636,2025-06-30,Customer_0795,Headphones,Electronics,5,12422.16,1316.51,Pune
109694,2025-06-30,Customer_0077,Vacuum Cleaner,Home,5,14228.5,1883.31,Kolhapur
109685,2025-06-30,Customer_1067,Headphones,Electronics,5,12998.11,2282.72,Nagpur
109722,2025-06-30,Customer_0980,Desk,Furniture,4,54783.89,9338.81,Nashik
101318,2025-06-30,Customer_1717,Vacuum Cleaner,Home,6,37689.04,3225.66,Mumbai
109764,2025-06-30,Customer_1481,Laptop,Electronics,7,379929.31,71942.83,Aurangabad
109760,2025-06-30,Customer_0326,Monitor,Electronics,6,93276.51,16555.06,Kolhapur
105560,2025-06-30,Customer_0570,Cabinet,Furniture,2,17026.68,1057.35,Kolhapur
101335,2025-06-30,Customer_0986,Tablet,Electronics,8,122513.71,16189.52,Pune
109755,2025-06-30,Customer_1493,Office Chair,Furniture,6,50774.65,9296.48,Aurangabad
101330,2025-06-30,Customer_1896,Cabinet,Furniture,8,58834.08,10528.97,Nashik
105577,2025-06-30,Customer_1135,Shoes,Clothing,2,4802.0,803.36,Nashik
109730,2025-06-30,Customer_1754,Desk,Furniture,5,57866.91,4654.59,Nashik
105579,2025-06-30,Customer_1559,Lamp,Home,1,1226.9,183.67,Kolhapur
105585,2025-06-30,Customer_2026,Cookware,Home,7,15732.07,2759.96,Mumbai
105586,2025-06-30,Customer_2121,Bedsheet,Home,5,9135.91,1697.28,Nashik
105587,2025-06-30,Customer_1888,Desk,Furniture,5,11217.56,1003.14,Nagpur
100101,2025-06-30,Customer_1813,Table,Furniture,6,56622.81,7329.7,Kolhapur
101329,2025-06-30,Customer_2138,Office Chair,Furniture,7,51348.76,7616.2,Nagpur
101326,2025-06-30,Customer_1907,Jeans,Clothing,2,3087.78,598.08,Nagpur
109733,2025-06-30,Customer_1240,Table,Furniture,5,43795.31,6147.23,Aurangabad
105580,2025-06-30,Customer_1245,Cookware,Home,6,14264.17,2585.38,Nashik
105640,2025-06-30,Customer_1672,Headphones,Electronics,1,2166.75,476.32,Mumbai
109680,2025-06-30,Customer_1592,T-Shirt,Clothing,4,2664.82,378.67,Nagpur
109679,2025-06-30,Customer_1654,Table,Furniture,8,75704.73,7125.78,Kolhapur
105683,2025-06-30,Customer_1642,Cabinet,Furniture,6,54999.82,8487.07,Pune
105686,2025-06-30,Customer_0802,Table,Furniture,2,17167.81,2727.71,Kolhapur
100129,2025-06-30,Customer_1518,Backpack,Clothing,7,8802.5,1905.94,Pune
105687,2025-06-30,Customer_0680,Lamp,Home,1,1196.25,256.89,Aurangabad
105688,2025-06-30,Customer_1560,Desk,Furniture,5,68099.3,14805.76,Pune
109628,2025-06-30,Customer_1964,Smartphone,Electronics,2,52723.31,9101.09,Kolhapur
100136,2025-06-30,Customer_1454,Table,Furniture,4,39124.34,2542.85,Nashik
109638,2025-06-30,Customer_0133,Cabinet,Furniture,5,45813.78,4888.06,Mumbai
105697,2025-06-30,Customer_1546,Mixer,Home,4,15851.14,2854.46,Kolhapur
109602,2025-06-30,Customer_1004,Cabinet,Furniture,6,44834.51,7066.41,Nagpur
109597,2025-06-30,Customer_1710,Smartphone,Electronics,2,54768.1,8246.36,Nagpur
100143,2025-06-30,Customer_1030,Lamp,Home,5,5968.24,1029.27,Mumbai
105708,2025-06-30,Customer_1371,Mixer,Home,8,29375.19,2055.95,Aurangabad
105711,2025-06-30,Customer_0437,Jeans,Clothing,3,4755.0,665.24,Nagpur
101296,2025-06-30,Customer_1746,Office Chair,Furniture,4,25928.25,3154.83,Nashik
105715,2025-06-30,Customer_1284,Tablet,Electronics,4,73476.47,5685.89,Nagpur
109604,2025-06-30,Customer_0407,Bookshelf,Furniture,7,37107.5,4664.79,Aurangabad
109640,2025-06-30,Customer_1530,Laptop,Electronics,7,395228.0,43279.12,Nagpur
105681,2025-06-30,Customer_1799,Mixer,Home,4,15373.3,945.92,Nagpur
109641,2025-06-30,Customer_1945,Jacket,Clothing,6,17674.6,3449.65,Nashik
101311,2025-06-30,Customer_1133,Table,Furniture,4,37530.1,7159.3,Pune
100118,2025-06-30,Customer_1140,Jacket,Clothing,7,20432.49,1302.56,Nagpur
109661,2025-06-30,Customer_0496,Smartphone,Electronics,7,167851.25,19138.49,Kolhapur
105654,2025-06-30,Customer_1419,Smartphone,Electronics,5,125193.42,24626.64,Pune
105655,2025-06-30,Customer_2061,Cabinet,Furniture,6,51615.69,9526.87,Nagpur
105657,2025-06-30,Customer_2477,Headphones,Electronics,1,2325.74,470.34,Aurangabad
109659,2025-06-30,Customer_1717,T-Shirt,Clothing,4,3175.79,277.06,Mumbai
109657,2025-06-30,Customer_2105,Mixer,Home,2,7196.57,1081.48,Nagpur
109655,2025-06-30,Customer_2150,Jeans,Clothing,4,5816.42,1193.87,Kolhapur
100124,2025-06-30,Customer_2482,Jacket,Clothing,3,7663.72,1077.91,Kolhapur
100125,2025-06-30,Customer_0443,Smartphone,Electronics,5,126683.06,13347.47,Kolhapur
105673,2025-06-30,Unknown Customer,Laptop,Electronics,8,500914.16,72882.16,Nagpur
101303,2025-06-30,Customer_0030,Mixer,Home,1,3312.75,268.82,Mumbai
109651,2025-06-30,Customer_1586,Jeans,Clothing,4,6591.31,1298.1,Kolhapur
100126,2025-06-30,Customer_1625,Headphones,Electronics,7,19854.23,3867.49,Aurangabad
109642,2025-06-30,Customer_2275,Cookware,Home,3,5949.27,787.7,Unknown
101302,2025-06-30,Customer_0647,Office Chair,Furniture,7,52241.59,7322.58,Pune
109591,2025-06-30,Customer_1672,Bedsheet,Home,2,3598.64,620.41,Pune
108856,2025-06-30,Customer_2026,Jeans,Clothing,8,13344.85,2858.76,Mumbai
100341,2025-06-30,Customer_1505,Table,Furniture,8,70399.29,15324.79,Kolhapur
108853,2025-06-30,Customer_0878,Bookshelf,Furniture,5,5330.85,965.11,Kolhapur
100587,2025-06-30,Customer_1384,Jacket,Clothing,5,12630.84,2295.3,Kolhapur
107956,2025-06-30,Customer_1066,Shoes,Clothing,3,7131.29,1394.79,Nashik
107954,2025-06-30,Customer_2167,Jacket,Clothing,2,5377.21,1063.22,Mumbai
100840,2025-06-30,Customer_0660,Smartphone,Electronics,5,125953.7,21492.85,Unknown
107952,2025-06-30,Customer_1476,Backpack,Clothing,2,2652.01,407.6,Mumbai
100839,2025-06-30,Customer_0596,Laptop,Electronics,7,429943.29,83940.45,Pune
107948,2025-06-30,Customer_1119,Laptop,Electronics,7,428426.54,90077.14,Nagpur
107107,2025-06-30,Customer_1695,Cookware,Home,3,7172.07,437.23,Pune
107111,2025-06-30,Customer_0871,Vacuum Cleaner,Home,5,32608.27,7065.47,Aurangabad
100838,2025-06-30,Customer_1731,Vacuum Cleaner,Home,5,34100.23,4373.51,Pune
107941,2025-06-30,Customer_1256,Jacket,Clothing,2,5478.54,962.98,Mumbai
107935,2025-06-30,Customer_1073,T-Shirt,Clothing,2,1338.49,273.15,Aurangabad
107931,2025-06-30,Customer_0681,Bedsheet,Home,7,10744.0,1733.41,Mumbai
107927,2025-06-30,Customer_2187,Shoes,Clothing,5,13533.38,1081.71,Nashik
100836,2025-06-30,Customer_2064,Jeans,Clothing,3,4177.63,734.31,Kolhapur
107965,2025-06-30,Customer_0037,Tablet,Electronics,6,118191.0,18883.13,Nagpur
100585,2025-06-30,Customer_1468,Laptop,Electronics,8,390768.43,27105.99,Pune
107096,2025-06-30,Customer_1404,Headphones,Electronics,2,4414.67,722.25,Nagpur
100841,2025-06-30,Customer_1209,Jeans,Clothing,1,1784.01,248.54,Mumbai
100845,2025-06-30,Customer_0054,Backpack,Clothing,1,1359.6,128.29,Aurangabad
107988,2025-06-30,Customer_1777,Smartphone,Electronics,6,140461.98,26199.57,Aurangabad
107077,2025-06-30,Customer_2346,Jacket,Clothing,6,15845.07,1864.54,Nashik
107079,2025-06-30,Customer_1680,Office Chair,Furniture,4,32778.38,2964.85,Mumbai
100843,2025-06-30,Customer_0974,Cabinet,Furniture,7,51297.11,6266.71,Kolhapur
107081,2025-06-30,Customer_2129,Bedsheet,Home,7,13441.62,993.18,Nagpur
107083,2025-06-30,Customer_0295,Backpack,Clothing,7,10867.61,1668.29,Mumbai
107925,2025-06-30,Customer_2357,T-Shirt,Clothing,4,2894.5,210.24,Kolhapur
100842,2025-06-30,Customer_0420,Headphones,Electronics,8,18879.5,3409.39,Kolhapur
107086,2025-06-30,Customer_0734,Monitor,Electronics,5,63123.17,4072.1,Nagpur
100582,2025-06-30,Customer_1697,Cabinet,Furniture,5,36295.47,4543.64,Nagpur
107971,2025-06-30,Customer_0247,Office Chair,Furniture,3,23914.66,4355.44,Kolhapur
107970,2025-06-30,Customer_2095,Cookware,Home,7,16819.08,1752.49,Mumbai
107969,2025-06-30,Customer_0216,Laptop,Electronics,5,292905.46,63403.11,Mumbai
107093,2025-06-30,Customer_2397,Office Chair,Furniture,5,41449.91,6985.64,Kolhapur
100583,2025-06-30,Customer_1651,Mixer,Home,2,7917.59,952.96,Kolhapur
107985,2025-06-30,Customer_0166,Lamp,Home,2,2253.62,469.34,Nashik
107992,2025-06-30,Customer_0071,Shoes,Clothing,7,18722.0,1497.97,Nagpur
107915,2025-06-30,Customer_1730,Office Chair,Furniture,8,64745.68,9846.18,Nashik
100596,2025-06-30,Customer_2128,Cabinet,Furniture,4,32857.58,4732.23,Aurangabad
100610,2025-06-30,Customer_1480,Monitor,Electronics,1,12957.62,2811.35,Nashik
107174,2025-06-30,Customer_1637,Desk,Furniture,6,73120.94,8931.11,Nashik
100611,2025-06-30,Customer_1497,Table,Furniture,7,65149.08,12180.66,Kolhapur
107181,2025-06-30,Customer_0228,Vacuum Cleaner,Home,3,21535.58,3783.29,Nashik
107183,2025-06-30,Customer_1837,Backpack,Clothing,5,6148.08,888.92,Mumbai
107185,2025-06-30,Customer_1110,Cabinet,Furniture,3,26571.25,4711.72,Aurangabad
107187,2025-06-30,Customer_1991,T-Shirt,Clothing,3,2352.55,263.58,Mumbai
107190,2025-06-30,Customer_1496,Jeans,Clothing,6,8215.97,1803.69,Aurangabad
107873,2025-06-30,Customer_1575,Jeans,Clothing,8,11897.03,963.24,Mumbai
107870,2025-06-30,Customer_0052,Office Chair,Furniture,7,52492.15,6903.25,Pune
100812,2025-06-30,Customer_2255,T-Shirt,Clothing,4,2744.33,345.61,Aurangabad
107867,2025-06-30,Customer_0136,Cookware,Home,3,6503.47,806.85,Nashik
107201,2025-06-30,Customer_0625,Laptop,Electronics,3,155632.45,14071.52,Nagpur
107209,2025-06-30,Customer_0433,Bedsheet,Home,5,9491.88,618.57,Nagpur
107214,2025-06-30,Customer_0508,Tablet,Electronics,5,83541.37,17207.87,Mumbai
100822,2025-06-30,Customer_0436,Backpack,Clothing,6,7163.29,1356.05,Unknown
107878,2025-06-30,Customer_1643,Laptop,Electronics,2,107164.04,11998.85,Nagpur
107882,2025-06-30,Customer_1813,Jeans,Clothing,7,9553.22,1803.63,Mumbai
107883,2025-06-30,Customer_0168,Smartphone,Electronics,3,75391.82,12788.99,Kolhapur
100599,2025-06-30,Customer_0423,Mixer,Home,2,6153.53,908.77,Nashik
107135,2025-06-30,Customer_1015,Bedsheet,Home,1,1594.94,127.52,Mumbai
107903,2025-06-30,Customer_0264,Tablet,Electronics,6,112092.2,21415.12,Pune
107901,2025-06-30,Customer_0299,Vacuum Cleaner,Home,1,6820.08,516.5,Kolhapur
107140,2025-06-30,Customer_2443,Tablet,Electronics,2,33107.1,2871.71,Nashik
100602,2025-06-30,Customer_0873,Table,Furniture,6,57404.81,9665.52,Aurangabad
107141,2025-06-30,Customer_2121,Tablet,Electronics,5,97008.68,11173.92,Nashik
107126,2025-06-30,Customer_1015,Desk,Furniture,2,21085.89,2132.15,Nagpur
107897,2025-06-30,Customer_2314,Cabinet,Furniture,3,26023.42,3216.23,Pune
107893,2025-06-30,Customer_1205,Bedsheet,Home,5,9253.42,1663.52,Pune
107153,2025-06-30,Customer_0420,Backpack,Clothing,5,7109.59,1092.9,Aurangabad
107891,2025-06-30,Customer_2499,Shoes,Clothing,8,20046.82,4111.33,Nagpur
107157,2025-06-30,Customer_0123,Lamp,Home,2,2179.27,368.36,Nagpur
107890,2025-06-30,Customer_2034,Mixer,Home,4,13878.48,1151.31,Kolhapur
107160,2025-06-30,Customer_0044,Backpack,Clothing,4,5997.69,750.01,Mumbai
107162,2025-06-30,Customer_0030,Lamp,Home,5,6103.81,689.58,Nashik
100831,2025-06-30,Customer_2065,Vacuum Cleaner,Home,6,38662.72,5866.85,Nagpur
107071,2025-06-30,Customer_0461,Backpack,Clothing,2,2726.23,297.58,Kolhapur
107070,2025-06-30,Customer_1393,Jacket,Clothing,4,9685.58,1671.78,Kolhapur
107993,2025-06-30,Customer_0357,T-Shirt,Clothing,3,1959.5,186.94,Pune
108083,2025-06-30,Customer_1760,Office Chair,Furniture,3,25433.32,2703.27,Kolhapur
108081,2025-06-30,Customer_2093,Jacket,Clothing,2,5786.5,422.35,Mumbai
106968,2025-06-30,Customer_1330,Office Chair,Furniture,3,20821.4,4279.8,Nashik
100879,2025-06-30,Customer_1036,Desk,Furniture,4,47096.86,5866.75,Mumbai
100539,2025-06-30,Customer_1359,Monitor,Electronics,7,95302.18,9994.73,Nagpur
106973,2025-06-30,Customer_1181,Vacuum Cleaner,Home,1,5800.1,1061.95,Nashik
108078,2025-06-30,Customer_1285,Headphones,Electronics,6,13972.43,1357.02,Pune
106982,2025-06-30,Customer_1696,Backpack,Clothing,1,1514.45,207.45,Mumbai
108076,2025-06-30,Customer_1723,T-Shirt,Clothing,4,2435.64,324.41,Aurangabad
108074,2025-06-30,Customer_1495,Mixer,Home,6,18338.68,2913.86,Nagpur
108070,2025-06-30,Customer_0734,Lamp,Home,5,6326.89,687.61,Aurangabad
108068,2025-06-30,Customer_0360,Vacuum Cleaner,Home,3,20908.41,3858.78,Nagpur
106993,2025-06-30,Customer_2386,Vacuum Cleaner,Home,6,39283.23,3757.1,Pune
108065,2025-06-30,Customer_0989,Mixer,Home,8,29036.31,5913.89,Nashik
106995,2025-06-30,Customer_1599,Mixer,Home,2,6781.75,1045.59,Nagpur
106959,2025-06-30,Customer_1488,Tablet,Electronics,8,144866.7,31189.7,Kolhapur
100536,2025-06-30,Customer_2189,Vacuum Cleaner,Home,7,48807.53,8944.76,Kolhapur
108086,2025-06-30,Customer_2342,Cookware,Home,2,4388.36,739.97,Nagpur
106954,2025-06-30,Customer_0416,T-Shirt,Clothing,8,5995.38,620.43,Kolhapur
100895,2025-06-30,Customer_2053,Jeans,Clothing,8,13377.14,1506.81,Kolhapur
100529,2025-06-30,Customer_2359,Jacket,Clothing,8,22617.09,4633.14,Mumbai
100894,2025-06-30,Customer_1608,Cookware,Home,6,14698.98,1591.8,Mumbai
106934,2025-06-30,Customer_1649,Smartphone,Electronics,8,221635.71,46474.9,Nashik
100890,2025-06-30,Customer_1150,Smartphone,Electronics,2,51292.74,6009.39,Mumbai
108109,2025-06-30,Customer_1912,Cabinet,Furniture,2,13953.97,2800.89,Nagpur
106938,2025-06-30,Customer_2258,Lamp,Home,6,7711.4,483.3,Nagpur
106998,2025-06-30,Customer_0512,Bedsheet,Home,1,1647.39,102.75,Nagpur
108105,2025-06-30,Customer_0053,Laptop,Electronics,3,149098.55,20473.88,Unknown
108102,2025-06-30,Customer_1264,Smartphone,Electronics,3,78637.9,9883.58,Unknown
108098,2025-06-30,Customer_1863,Bookshelf,Furniture,8,47979.23,5719.6,Nashik
106945,2025-06-30,Customer_1450,Smartphone,Electronics,5,121442.99,8030.92,Nagpur
108096,2025-06-30,Customer_0790,Cookware,Home,3,9627.65,427.51,Pune
100533,2025-06-30,Customer_0284,Table,Furniture,5,43499.5,2939.98,Nagpur
100886,2025-06-30,Customer_0691,Jacket,Clothing,7,16898.19,1346.21,Pune
100884,2025-06-30,Customer_1991,Smartphone,Electronics,6,158399.27,30827.2,Nagpur
108103,2025-06-30,Customer_1561,Table,Furniture,5,45053.76,9675.41,Mumbai
106999,2025-06-30,Customer_2039,Shoes,Clothing,3,6979.14,632.09,Aurangabad
107002,2025-06-30,Customer_1121,Bookshelf,Furniture,3,19117.63,2916.5,Mumbai
100544,2025-06-30,Customer_1406,Bookshelf,Furniture,5,36333.11,1684.07,Nagpur
108024,2025-06-30,Customer_0251,Desk,Furniture,4,49110.49,3624.54,Kolhapur
100860,2025-06-30,Customer_0102,Lamp,Home,5,5514.89,619.93,Kolhapur
108018,2025-06-30,Unknown Customer,Jeans,Clothing,1,1551.9,283.04,Mumbai
107049,2025-06-30,Customer_1951,Mixer,Home,2,7423.73,654.58,Kolhapur
100559,2025-06-30,Customer_1530,T-Shirt,Clothing,3,2285.9,203.44,Aurangabad
100565,2025-06-30,Customer_1573,Cookware,Home,4,7617.99,1292.67,Kolhapur
100853,2025-06-30,Customer_2153,T-Shirt,Clothing,6,4114.12,282.35,Mumbai
107036,2025-06-30,Customer_0421,Backpack,Clothing,4,5031.87,732.83,Nashik
100566,2025-06-30,Customer_1703,Bedsheet,Home,8,14124.45,1287.68,Aurangabad
108003,2025-06-30,Customer_0312,Jeans,Clothing,6,10189.36,1983.97,Mumbai
100851,2025-06-30,Customer_0635,Headphones,Electronics,8,17538.95,2710.13,Pune
100850,2025-06-30,Customer_2393,Jeans,Clothing,3,4643.17,338.01,Nashik
107999,2025-06-30,Customer_0646,Jeans,Clothing,6,8376.52,1507.8,Nashik
107997,2025-06-30,Customer_0250,Backpack,Clothing,5,6418.92,664.44,Kolhapur
107994,2025-06-30,Customer_0531,Monitor,Electronics,5,67476.95,12291.01,Nagpur
100848,2025-06-30,Customer_0766,Cookware,Home,2,4072.73,540.32,Mumbai
107058,2025-06-30,Customer_0027,Bedsheet,Home,5,9502.97,1605.79,Nagpur
107865,2025-06-30,Customer_0473,Lamp,Home,7,7157.44,442.11,Pune
108025,2025-06-30,Customer_0356,Jacket,Clothing,5,13406.98,1688.31,Kolhapur
108033,2025-06-30,Customer_2066,Smartphone,Electronics,5,134445.87,11360.43,Pune
107003,2025-06-30,Customer_1400,Bookshelf,Furniture,3,20625.75,4537.34,Aurangabad
108056,2025-06-30,Customer_0298,Laptop,Electronics,5,314239.73,49412.22,Nashik
107006,2025-06-30,Customer_0232,Office Chair,Furniture,6,51165.12,3261.29,Nashik
107007,2025-06-30,Customer_0933,Office Chair,Furniture,6,45511.85,4318.15,Nashik
107008,2025-06-30,Customer_0488,Office Chair,Furniture,4,30520.89,4109.07,Kolhapur
107009,2025-06-30,Customer_0069,Jacket,Clothing,7,20045.52,2969.82,Nashik
107012,2025-06-30,Unknown Customer,Cabinet,Furniture,5,39257.21,5310.17,Aurangabad
108031,2025-06-30,Customer_1869,Table,Furniture,6,53262.31,7115.66,Nagpur
108048,2025-06-30,Customer_1413,Shoes,Clothing,3,6676.69,606.85,Mumbai
107017,2025-06-30,Customer_0935,Tablet,Electronics,3,48052.36,4828.54,Pune
108045,2025-06-30,Customer_1045,Backpack,Clothing,4,4914.13,547.62,Aurangabad
100549,2025-06-30,Customer_1893,Bookshelf,Furniture,7,44286.4,3107.39,Mumbai
108043,2025-06-30,Customer_1217,Headphones,Electronics,2,4519.15,419.08,Nashik
108035,2025-06-30,Customer_0573,Laptop,Electronics,1,60418.09,11276.73,Nagpur
107027,2025-06-30,Customer_2268,Vacuum Cleaner,Home,3,20501.68,1868.06,Pune
107030,2025-06-30,Customer_1808,Office Chair,Furniture,5,40678.19,2815.1,Nagpur
107016,2025-06-30,Customer_0609,Bookshelf,Furniture,1,5668.5,894.82,Pune
100528,2025-06-30,Customer_0728,Table,Furniture,6,55390.98,11974.01,Nagpur
107861,2025-06-30,Customer_1897,Laptop,Electronics,2,93730.7,15132.61,Nagpur
107851,2025-06-30,Customer_0739,Office Chair,Furniture,6,38263.39,7617.17,Pune
107423,2025-06-30,Customer_1529,Tablet,Electronics,2,40562.75,6504.81,Aurangabad
107424,2025-06-30,Customer_2318,Vacuum Cleaner,Home,3,17426.23,2262.21,Pune
107636,2025-06-30,Customer_0212,Backpack,Clothing,6,9596.34,1571.0,Mumbai
107632,2025-06-30,Customer_0910,Office Chair,Furniture,8,56063.31,10476.98,Pune
107630,2025-06-30,Customer_1019,Jacket,Clothing,8,24086.54,4184.72,Pune
107434,2025-06-30,Customer_2062,Jacket,Clothing,7,20749.6,3412.47,Kolhapur
107437,2025-06-30,Customer_1873,Smartphone,Electronics,7,179529.53,18054.6,Aurangabad
107442,2025-06-30,Customer_2186,Headphones,Electronics,7,15667.62,2961.43,Mumbai
107627,2025-06-30,Customer_1055,Cookware,Home,2,3891.36,758.01,Mumbai
107625,2025-06-30,Customer_0491,Office Chair,Furniture,6,49378.49,8668.4,Pune
100685,2025-06-30,Customer_1550,Jeans,Clothing,3,4085.36,402.98,Nashik
107622,2025-06-30,Customer_0861,Jeans,Clothing,4,6514.89,824.35,Nashik
107449,2025-06-30,Customer_0552,Mixer,Home,5,18901.81,1768.99,Kolhapur
100743,2025-06-30,Customer_1584,Headphones,Electronics,1,2242.57,287.55,Pune
100742,2025-06-30,Customer_1060,Jacket,Clothing,3,8279.86,1059.01,Aurangabad
107641,2025-06-30,Customer_1005,Jacket,Clothing,3,8784.19,815.01,Kolhapur
107642,2025-06-30,Customer_0155,Backpack,Clothing,7,9713.17,2105.96,Mumbai
107652,2025-06-30,Customer_1216,Jacket,Clothing,1,2696.64,332.02,Kolhapur
107653,2025-06-30,Customer_1601,Cookware,Home,4,8694.16,1434.43,Nagpur
100771,2025-06-30,Customer_1759,Cabinet,Furniture,7,53387.7,3728.96,Nagpur
107684,2025-06-30,Customer_0513,Lamp,Home,4,4513.68,447.85,Kolhapur
100669,2025-06-30,Customer_0737,Shoes,Clothing,5,12802.76,1563.23,Pune
100768,2025-06-30,Customer_1284,Lamp,Home,3,3369.82,347.0,Aurangabad
107682,2025-06-30,Customer_0842,Vacuum Cleaner,Home,1,5821.09,392.82,Pune
107677,2025-06-30,Customer_1876,Monitor,Electronics,6,71544.98,10072.12,Aurangabad
107671,2025-06-30,Customer_1594,Tablet,Electronics,4,80111.83,16329.88,Nashik
100741,2025-06-30,Customer_2404,Cookware,Home,8,17374.63,3394.85,Kolhapur
107669,2025-06-30,Customer_1797,Bookshelf,Furniture,4,26569.59,5062.05,Kolhapur
107392,2025-06-30,Customer_2134,Bedsheet,Home,1,1531.44,286.78,Kolhapur
107394,2025-06-30,Customer_1090,Jeans,Clothing,5,7510.36,837.24,Pune
107667,2025-06-30,Customer_0656,Mixer,Home,2,6034.28,1250.21,Nashik
107404,2025-06-30,Customer_0661,Tablet,Electronics,5,97421.23,19163.46,Nagpur
107666,2025-06-30,Customer_0888,Vacuum Cleaner,Home,6,43491.89,6393.5,Nagpur
107662,2025-06-30,Customer_1829,Backpack,Clothing,6,8615.03,1591.22,Nashik
100759,2025-06-30,Customer_1204,Jeans,Clothing,3,4664.09,786.96,Pune
100763,2025-06-30,Customer_1928,Shoes,Clothing,2,5234.22,1052.58,Pune
107368,2025-06-30,Customer_0979,Desk,Furniture,6,76487.62,10083.29,Aurangabad
107619,2025-06-30,Customer_0156,Desk,Furniture,3,40661.1,6161.59,Nagpur
107612,2025-06-30,Customer_0874,T-Shirt,Clothing,3,2319.97,357.23,Kolhapur
107511,2025-06-30,Customer_0546,Vacuum Cleaner,Home,5,31789.65,4892.99,Pune
107548,2025-06-30,Customer_1910,Monitor,Electronics,8,109209.25,13117.36,Pune
107516,2025-06-30,Customer_0261,Bedsheet,Home,6,12162.99,1043.51,Mumbai
107547,2025-06-30,Customer_0471,Bedsheet,Home,2,3967.14,293.47,Pune
107518,2025-06-30,Customer_1870,Monitor,Electronics,4,50935.48,3084.4,Aurangabad
107544,2025-06-30,Customer_1054,Monitor,Electronics,7,105878.24,7733.77,Nashik
107521,2025-06-30,Customer_2054,Jacket,Clothing,6,18555.3,2116.47,Nagpur
107522,2025-06-30,Customer_1150,Tablet,Electronics,4,80473.25,12771.93,Pune
107523,2025-06-30,Customer_1277,Tablet,Electronics,7,127031.44,14240.01,Aurangabad
107525,2025-06-30,Customer_0790,Backpack,Clothing,6,8266.17,1700.21,Kolhapur
107526,2025-06-30,Customer_0977,Monitor,Electronics,6,83789.3,11888.63,Aurangabad
107529,2025-06-30,Customer_2309,Table,Furniture,2,19954.97,3102.85,Nashik
107531,2025-06-30,Customer_0035,Shoes,Clothing,8,21313.04,2346.37,Mumbai
107538,2025-06-30,Customer_0038,Tablet,Electronics,3,53066.7,9998.14,Nashik
107532,2025-06-30,Customer_1455,Tablet,Electronics,2,30965.52,5874.0,Mumbai
107508,2025-06-30,Customer_0008,Headphones,Electronics,7,17334.26,3580.44,Pune
107550,2025-06-30,Customer_0919,Headphones,Electronics,5,11412.78,1000.51,Pune
100707,2025-06-30,Customer_1940,Bookshelf,Furniture,2,12624.66,989.8,Pune
107562,2025-06-30,Customer_0992,Smartphone,Electronics,5,121090.77,9708.77,Nagpur
107610,2025-06-30,Customer_0589,Tablet,Electronics,5,97692.63,11874.28,Nagpur
107464,2025-06-30,Customer_0952,Headphones,Electronics,3,8190.33,1757.72,Unknown
107465,2025-06-30,Customer_2135,Cookware,Home,2,4340.07,806.36,Kolhapur
107466,2025-06-30,Customer_0290,Backpack,Clothing,4,6300.65,1066.9,Pune
107607,2025-06-30,Customer_2477,Jacket,Clothing,5,15844.47,1060.54,Aurangabad
107604,2025-06-30,Customer_1884,Jacket,Clothing,3,9118.87,671.2,Kolhapur
107470,2025-06-30,Customer_1536,Tablet,Electronics,8,131055.09,13023.28,Pune
107614,2025-06-30,Customer_1109,Tablet,Electronics,7,133590.33,19774.35,Aurangabad
100693,2025-06-30,Customer_1795,Laptop,Electronics,7,353591.14,21867.55,Aurangabad
107477,2025-06-30,Customer_0774,T-Shirt,Clothing,4,2936.92,355.86,Aurangabad
107577,2025-06-30,Customer_2193,Table,Furniture,6,49911.87,4472.1,Mumbai
107567,2025-06-30,Customer_0466,T-Shirt,Clothing,2,1319.21,182.42,Kolhapur
107493,2025-06-30,Customer_0067,Desk,Furniture,2,23899.12,4502.6,Kolhapur
100724,2025-06-30,Customer_1172,Laptop,Electronics,2,117279.35,21406.08,Kolhapur
107566,2025-06-30,Customer_0300,Desk,Furniture,2,21515.49,3135.4,Nashik
107564,2025-06-30,Customer_1355,Lamp,Home,1,1092.68,229.14,Mumbai
107587,2025-06-30,Customer_1977,Bedsheet,Home,8,14318.46,1579.64,Nashik
107360,2025-06-30,Customer_1848,Lamp,Home,8,10577.82,1954.72,Kolhapur
107358,2025-06-30,Customer_2257,Backpack,Clothing,2,3010.89,274.94,Mumbai
107356,2025-06-30,Customer_0434,Tablet,Electronics,6,95146.15,9676.39,Nagpur
107262,2025-06-30,Customer_1334,Jacket,Clothing,7,21058.26,1853.79,Aurangabad
107784,2025-06-30,Customer_0188,Backpack,Clothing,2,2868.38,619.97,Pune
107264,2025-06-30,Customer_0222,Vacuum Cleaner,Home,1,5795.31,920.24,Nashik
100642,2025-06-30,Customer_0949,T-Shirt,Clothing,1,622.5,106.69,Kolhapur
107265,2025-06-30,Customer_1621,T-Shirt,Clothing,3,2167.71,204.07,Aurangabad
107269,2025-06-30,Customer_0791,Shoes,Clothing,6,17159.73,2703.33,Nashik
107775,2025-06-30,Customer_1789,Cabinet,Furniture,1,7586.12,952.07,Mumbai
107270,2025-06-30,Customer_0252,Jeans,Clothing,1,1585.79,204.25,Nashik
107271,2025-06-30,Customer_1815,Office Chair,Furniture,7,53650.86,3996.98,Nashik
107273,2025-06-30,Customer_2353,Bookshelf,Furniture,2,10862.32,1629.49,Pune
107773,2025-06-30,Customer_1417,Smartphone,Electronics,2,43855.55,8082.57,Pune
107278,2025-06-30,Customer_2421,Desk,Furniture,8,99146.06,14737.34,Aurangabad
107771,2025-06-30,Customer_2364,Cabinet,Furniture,4,31747.58,4534.49,Aurangabad
100645,2025-06-30,Customer_0970,Tablet,Electronics,3,47940.24,9803.57,Nashik
107283,2025-06-30,Customer_2378,Shoes,Clothing,5,13353.43,962.27,Nagpur
100797,2025-06-30,Customer_0390,Shoes,Clothing,2,5261.33,502.14,Pune
107254,2025-06-30,Customer_1600,Lamp,Home,7,9433.05,1843.51,Nagpur
100639,2025-06-30,Customer_1542,Headphones,Electronics,1,2421.81,261.04,Aurangabad
100636,2025-06-30,Customer_1901,Backpack,Clothing,4,5463.0,772.28,Nashik
107850,2025-06-30,Customer_0315,Desk,Furniture,1,12197.09,1062.59,Nagpur
107840,2025-06-30,Customer_0692,Tablet,Electronics,7,116365.5,11730.75,Kolhapur
107223,2025-06-30,Customer_2296,Bedsheet,Home,1,1577.17,275.75,Kolhapur
107838,2025-06-30,Customer_1448,Mixer,Home,1,3926.47,808.99,Pune
107835,2025-06-30,Customer_1940,Vacuum Cleaner,Home,3,19834.9,2353.37,Pune
100622,2025-06-30,Customer_0520,Jeans,Clothing,6,9126.4,1972.79,Aurangabad
107833,2025-06-30,Customer_1342,Desk,Furniture,3,38545.44,8460.95,Nagpur
107285,2025-06-30,Customer_1440,Mixer,Home,3,10467.42,1992.34,Kolhapur
100625,2025-06-30,Customer_2093,Tablet,Electronics,8,141463.05,8894.24,Nashik
107231,2025-06-30,Customer_2261,Headphones,Electronics,6,13557.95,2776.44,Mumbai
107233,2025-06-30,Customer_1663,Office Chair,Furniture,3,24705.11,1492.17,Nashik
107238,2025-06-30,Customer_1161,Cabinet,Furniture,5,36050.85,4310.29,Nagpur
107239,2025-06-30,Customer_1771,Tablet,Electronics,8,148335.32,20345.76,Nagpur
107240,2025-06-30,Customer_0033,Bookshelf,Furniture,3,16372.77,1350.73,Kolhapur
107822,2025-06-30,Customer_0812,Vacuum Cleaner,Home,6,43375.3,3680.52,Kolhapur
107818,2025-06-30,Customer_1276,Bookshelf,Furniture,3,16825.99,2527.78,Aurangabad
107823,2025-06-30,Customer_2206,Monitor,Electronics,8,122847.95,12379.16,Mumbai
107287,2025-06-30,Customer_0184,Backpack,Clothing,4,5936.31,1225.57,Nashik
107288,2025-06-30,Customer_1501,Tablet,Electronics,8,126191.3,24965.24,Pune
107764,2025-06-30,Customer_0990,Desk,Furniture,6,73141.34,13218.55,Mumbai
107703,2025-06-30,Customer_0867,Tablet,Electronics,2,33003.79,5879.39,Mumbai
100781,2025-06-30,Customer_0154,Office Chair,Furniture,6,45277.03,7464.43,Nagpur
100780,2025-06-30,Customer_2416,Desk,Furniture,1,12106.72,1400.06,Kolhapur
107343,2025-06-30,Customer_2342,Monitor,Electronics,5,63179.78,11559.18,Pune
107346,2025-06-30,Customer_1905,Headphones,Electronics,8,21245.32,1429.25,Nagpur
107347,2025-06-30,Customer_1137,Mixer,Home,2,7710.98,1683.28,Aurangabad
107699,2025-06-30,Customer_0849,Cookware,Home,7,13335.72,2720.82,Aurangabad
107338,2025-06-30,Customer_0747,Shoes,Clothing,3,8277.88,558.86,Nagpur
100778,2025-06-30,Customer_1472,Bookshelf,Furniture,8,46601.62,9560.74,Mumbai
107349,2025-06-30,Customer_1749,Laptop,Electronics,6,334685.55,44693.43,Aurangabad
107695,2025-06-30,Customer_1190,Mixer,Home,3,10844.6,1716.08,Kolhapur
107350,2025-06-30,Customer_0116,Lamp,Home,7,7975.14,1317.56,Nagpur
107353,2025-06-30,Customer_0493,Office Chair,Furniture,6,43592.91,6466.23,Mumbai
107354,2025-06-30,Customer_2331,Shoes,Clothing,4,9378.25,2039.3,Aurangabad
107689,2025-06-30,Customer_2422,Laptop,Electronics,5,312176.52,26129.98,Pune
107355,2025-06-30,Customer_1441,Lamp,Home,3,3375.08,440.64,Pune
107697,2025-06-30,Customer_0958,Vacuum Cleaner,Home,6,39371.39,5614.69,Aurangabad
107852,2025-06-30,Customer_2376,Smartphone,Electronics,4,105145.83,7973.3,Pune
107337,2025-06-30,Customer_0051,Shoes,Clothing,3,8126.8,999.23,Nagpur
107708,2025-06-30,Customer_2363,Vacuum Cleaner,Home,4,25097.68,4927.56,Pune
107290,2025-06-30,Customer_1645,Desk,Furniture,2,22957.56,1548.12,Kolhapur
100648,2025-06-30,Customer_0637,Cabinet,Furniture,2,17454.76,2253.21,Pune
107291,2025-06-30,Customer_0824,Lamp,Home,6,6154.0,838.92,Nagpur
107757,2025-06-30,Customer_0654,T-Shirt,Clothing,5,3343.25,431.46,Pune
107295,2025-06-30,Customer_1685,Table,Furniture,7,69211.71,13764.6,Nashik
107299,2025-06-30,Customer_0614,Jacket,Clothing,6,15645.01,1106.03,Nagpur
107754,2025-06-30,Customer_2206,Bookshelf,Furniture,4,26332.17,5337.75,Pune
107329,2025-06-30,Customer_1422,Laptop,Electronics,1,50040.58,10777.33,Aurangabad
107303,2025-06-30,Customer_0171,Vacuum Cleaner,Home,8,47901.23,6684.18,Nagpur
100653,2025-06-30,Customer_1458,Office Chair,Furniture,4,27118.18,3656.65,Nagpur
107739,2025-06-30,Customer_1081,Tablet,Electronics,3,53670.93,10770.84,Nagpur
107734,2025-06-30,Customer_1430,Smartphone,Electronics,6,143738.25,22895.84,Nagpur
107728,2025-06-30,Customer_1310,Jacket,Clothing,8,24884.88,4469.64,Nashik
107314,2025-06-30,Customer_0266,Headphones,Electronics,2,4338.34,843.66,Nashik
107319,2025-06-30,Customer_1907,Jacket,Clothing,4,10700.41,2167.33,Aurangabad
107712,2025-06-30,Customer_2303,Bedsheet,Home,1,1843.26,352.78,Nashik
107752,2025-06-30,Customer_1446,Cabinet,Furniture,4,35553.09,3376.79,Pune
106926,2025-06-30,Customer_2492,Lamp,Home,7,9368.28,1162.96,Aurangabad
108114,2025-06-30,Customer_0202,Desk,Furniture,8,103057.05,8130.11,Aurangabad
108115,2025-06-30,Customer_0127,Cabinet,Furniture,5,36878.1,3371.58,Mumbai
100381,2025-06-30,Customer_1842,Mixer,Home,5,16101.3,1644.84,Unknown
108588,2025-06-30,Customer_0742,Cabinet,Furniture,6,51240.83,5120.41,Nashik
108587,2025-06-30,Customer_0265,Jacket,Clothing,7,19909.85,3980.18,Nagpur
106517,2025-06-30,Customer_0456,Shoes,Clothing,7,17079.93,1442.9,Mumbai
108586,2025-06-30,Customer_2193,Smartphone,Electronics,2,43604.92,6417.63,Nashik
100382,2025-06-30,Customer_1189,Office Chair,Furniture,1,6460.1,514.79,Nagpur
100383,2025-06-30,Customer_1342,Cookware,Home,3,7562.97,835.21,Kolhapur
101052,2025-06-30,Customer_2339,Office Chair,Furniture,1,7286.05,668.42,Aurangabad
108581,2025-06-30,Customer_2379,Monitor,Electronics,6,72777.76,15460.87,Pune
106527,2025-06-30,Customer_0887,Vacuum Cleaner,Home,5,34517.28,6184.12,Mumbai
106528,2025-06-30,Customer_0786,Table,Furniture,7,67305.26,8448.79,Kolhapur
106531,2025-06-30,Customer_0753,Table,Furniture,1,10207.57,927.49,Aurangabad
108578,2025-06-30,Customer_1959,Table,Furniture,1,8809.23,657.33,Aurangabad
106533,2025-06-30,Customer_1641,Jacket,Clothing,1,2639.05,280.01,Pune
106535,2025-06-30,Customer_1396,Mixer,Home,2,7802.93,1502.6,Aurangabad
108590,2025-06-30,Customer_0647,Jeans,Clothing,8,13208.5,1149.63,Pune
101055,2025-06-30,Customer_0249,Mixer,Home,8,26783.11,3351.81,Nashik
108601,2025-06-30,Customer_0552,Table,Furniture,2,20438.66,3337.7,Mumbai
100378,2025-06-30,Customer_2485,Cookware,Home,6,12918.39,2123.3,Mumbai
108640,2025-06-30,Customer_1945,Mixer,Home,7,25574.48,2009.21,Nagpur
100369,2025-06-30,Customer_0805,T-Shirt,Clothing,5,3325.93,213.25,Aurangabad
106474,2025-06-30,Customer_0160,Backpack,Clothing,8,10660.96,2167.26,Pune
100370,2025-06-30,Customer_2186,Jeans,Clothing,5,7618.51,1436.31,Pune
106476,2025-06-30,Customer_0249,Table,Furniture,7,58022.56,12289.65,Pune
106477,2025-06-30,Customer_1773,Bookshelf,Furniture,8,49073.93,8906.51,Aurangabad
106484,2025-06-30,Customer_2100,Backpack,Clothing,7,9747.34,1736.7,Aurangabad
106537,2025-06-30,Customer_0136,Bookshelf,Furniture,5,33896.6,6539.31,Nagpur
101066,2025-06-30,Customer_1475,Table,Furniture,5,41908.0,4429.69,Nagpur
100376,2025-06-30,Customer_0299,Lamp,Home,8,8230.25,1259.46,Aurangabad
108618,2025-06-30,Customer_1581,Bookshelf,Furniture,5,29823.07,2496.64,Mumbai
106495,2025-06-30,Customer_1491,Tablet,Electronics,7,112735.59,7163.48,Kolhapur
101063,2025-06-30,Customer_1444,Cabinet,Furniture,8,69168.06,8228.92,Nashik
108607,2025-06-30,Customer_1333,Vacuum Cleaner,Home,8,53218.23,11383.13,Aurangabad
108606,2025-06-30,Customer_0001,Office Chair,Furniture,7,50276.07,8782.61,Kolhapur
108603,2025-06-30,Customer_0798,Desk,Furniture,6,70072.08,6816.52,Aurangabad
106490,2025-06-30,Customer_2382,Tablet,Electronics,7,135140.53,29129.44,Mumbai
106466,2025-06-30,Customer_1508,Desk,Furniture,4,49783.62,8529.0,Aurangabad
108577,2025-06-30,Customer_1035,Headphones,Electronics,1,2552.31,442.08,Nagpur
108574,2025-06-30,Customer_1189,Desk,Furniture,8,92480.9,20258.08,Mumbai
106594,2025-06-30,Customer_1620,Table,Furniture,7,65864.97,8419.65,Aurangabad
108520,2025-06-30,Customer_0592,Table,Furniture,6,48740.96,4942.96,Nashik
106600,2025-06-30,Customer_0867,Monitor,Electronics,1,12396.28,2483.83,Nashik
106605,2025-06-30,Customer_0399,Vacuum Cleaner,Home,2,13100.42,1275.48,Pune
106608,2025-06-30,Customer_0680,Backpack,Clothing,4,6144.57,696.37,Pune
106613,2025-06-30,Customer_1372,Cookware,Home,1,2214.69,461.46,Nashik
106614,2025-06-30,Customer_2353,Backpack,Clothing,3,3651.57,285.25,Kolhapur
106615,2025-06-30,Customer_2498,Vacuum Cleaner,Home,2,13377.47,1560.49,Mumbai
101014,2025-06-30,Customer_1167,Cabinet,Furniture,5,40052.57,5378.78,Aurangabad
108519,2025-06-30,Customer_0630,Office Chair,Furniture,4,31171.89,2262.86,Nashik
100400,2025-06-30,Customer_1357,Mixer,Home,6,21665.91,3698.33,Aurangabad
106629,2025-06-30,Customer_2382,Lamp,Home,2,2274.69,193.5,Mumbai
108510,2025-06-30,Customer_1322,Backpack,Clothing,8,11343.99,795.8,Pune
108509,2025-06-30,Customer_0533,Cookware,Home,5,9857.36,2086.06,Nagpur
108506,2025-06-30,Customer_0890,T-Shirt,Clothing,3,2061.48,213.01,Nashik
108524,2025-06-30,Customer_1890,Cabinet,Furniture,5,45753.3,3552.96,Nagpur
108527,2025-06-30,Customer_0440,Table,Furniture,4,32760.11,4377.13,Kolhapur
100397,2025-06-30,Customer_1344,Cabinet,Furniture,3,21843.38,2755.64,Kolhapur
106590,2025-06-30,Customer_0679,Table,Furniture,5,48437.39,6311.91,Pune
108572,2025-06-30,Customer_0698,Desk,Furniture,7,80156.23,13011.91,Kolhapur
108570,2025-06-30,Customer_1814,Bookshelf,Furniture,8,49380.73,9734.85,Nashik
108564,2025-06-30,Customer_2170,Laptop,Electronics,6,334304.02,24703.0,Pune
101042,2025-06-30,Customer_2227,Cookware,Home,3,7370.48,993.95,Nashik
108562,2025-06-30,Customer_1295,Monitor,Electronics,8,128716.19,27876.59,Nagpur
106553,2025-06-30,Customer_0054,Shoes,Clothing,7,17462.62,2970.15,Kolhapur
100393,2025-06-30,Customer_1389,Tablet,Electronics,6,105144.01,18548.74,Kolhapur
106539,2025-06-30,Customer_2258,Cookware,Home,2,4488.35,691.52,Aurangabad
108552,2025-06-30,Customer_2240,Jacket,Clothing,3,8635.91,1778.79,Nashik
108544,2025-06-30,Customer_1602,Smartphone,Electronics,3,67337.09,10877.01,Kolhapur
106570,2025-06-30,Customer_1107,Jeans,Clothing,6,10667.51,679.56,Pune
108540,2025-06-30,Customer_0747,Tablet,Electronics,2,32877.23,4912.13,Aurangabad
106575,2025-06-30,Customer_0424,Tablet,Electronics,8,130769.08,12510.29,Aurangabad
108533,2025-06-30,Customer_0232,Tablet,Electronics,5,77756.58,12226.79,Nagpur
106585,2025-06-30,Customer_0135,Cabinet,Furniture,3,26037.66,4357.64,Pune
101027,2025-06-30,Customer_0385,Smartphone,Electronics,8,195978.38,13985.79,Kolhapur
106565,2025-06-30,Customer_0137,Mixer,Home,7,24163.87,4570.38,Nashik
108649,2025-06-30,Customer_0243,T-Shirt,Clothing,6,4340.91,724.39,Nagpur
106460,2025-06-30,Customer_1309,Jeans,Clothing,6,10385.79,2080.82,Kolhapur
100366,2025-06-30,Customer_0529,Cabinet,Furniture,3,21141.21,3700.63,Nagpur
106360,2025-06-30,Customer_2362,Smartphone,Electronics,5,114201.63,16381.84,Mumbai
100327,2025-06-30,Customer_1759,Desk,Furniture,5,52302.43,10511.58,Pune
106366,2025-06-30,Customer_1611,Bookshelf,Furniture,5,32357.67,3832.9,Nashik
101109,2025-06-30,Customer_1400,Jeans,Clothing,3,5189.97,583.12,Nagpur
108801,2025-06-30,Unknown Customer,T-Shirt,Clothing,1,770.63,153.83,Nagpur
101105,2025-06-30,Customer_2169,Laptop,Electronics,4,219286.97,28955.18,Nashik
106376,2025-06-30,Customer_1034,Cookware,Home,5,12298.03,1940.99,Aurangabad
108796,2025-06-30,Customer_0384,Headphones,Electronics,2,5656.1,348.69,Pune
106380,2025-06-30,Customer_0894,Cookware,Home,4,9457.38,874.57,Pune
100329,2025-06-30,Customer_0278,Monitor,Electronics,6,94987.05,16005.28,Kolhapur
108794,2025-06-30,Customer_2159,Mixer,Home,6,18822.78,1300.83,Nagpur
108793,2025-06-30,Customer_1425,Vacuum Cleaner,Home,8,49567.61,10219.91,Mumbai
101101,2025-06-30,Customer_0079,Jacket,Clothing,2,5593.65,953.13,Nashik
106390,2025-06-30,Customer_1780,Tablet,Electronics,8,155901.42,32560.48,Nashik
108790,2025-06-30,Customer_1233,Lamp,Home,2,2167.97,141.73,Kolhapur
108805,2025-06-30,Customer_1585,Tablet,Electronics,1,19170.03,1458.32,Pune
106359,2025-06-30,Customer_0379,Vacuum Cleaner,Home,8,59542.49,7550.99,Nashik
100326,2025-06-30,Customer_2111,Vacuum Cleaner,Home,1,6122.17,1188.03,Kolhapur
108809,2025-06-30,Customer_1926,Smartphone,Electronics,6,152862.22,13477.02,Kolhapur
108847,2025-06-30,Customer_2101,Cookware,Home,8,17765.29,1189.82,Aurangabad
100317,2025-06-30,Customer_1624,Tablet,Electronics,1,19456.77,2914.95,Kolhapur
101120,2025-06-30,Customer_0946,Cabinet,Furniture,4,29986.72,4395.76,Aurangabad
108844,2025-06-30,Customer_2484,Tablet,Electronics,4,81330.75,5415.68,Kolhapur
106329,2025-06-30,Customer_1437,Table,Furniture,8,76717.58,7103.71,Mumbai
108841,2025-06-30,Customer_0134,Headphones,Electronics,6,15192.25,935.36,Kolhapur
106339,2025-06-30,Customer_1920,Laptop,Electronics,8,427035.65,32846.58,Pune
108787,2025-06-30,Customer_1626,Mixer,Home,1,3656.87,381.75,Nagpur
108825,2025-06-30,Customer_0139,T-Shirt,Clothing,7,4829.95,947.29,Nashik
106344,2025-06-30,Customer_1139,Mixer,Home,1,3257.5,560.5,Kolhapur
108816,2025-06-30,Customer_0592,Shoes,Clothing,7,16804.98,3331.11,Nashik
108813,2025-06-30,Customer_0504,Bookshelf,Furniture,2,12259.02,2597.03,Nagpur
101114,2025-06-30,Customer_2146,Desk,Furniture,5,65592.97,4405.24,Mumbai
108811,2025-06-30,Customer_1300,Laptop,Electronics,2,96703.29,7667.7,Nashik
106353,2025-06-30,Customer_1581,Lamp,Home,4,4852.61,643.15,Aurangabad
108810,2025-06-30,Customer_1064,Lamp,Home,7,9635.24,1228.43,Pune
106343,2025-06-30,Customer_0437,Laptop,Electronics,8,439152.22,57028.75,Kolhapur
108780,2025-06-30,Customer_0119,T-Shirt,Clothing,6,4202.39,753.72,Kolhapur
108754,2025-06-30,Customer_1353,Cabinet,Furniture,2,15007.98,2810.41,Mumbai
108744,2025-06-30,Customer_1716,Monitor,Electronics,4,63510.2,10753.02,Kolhapur
108687,2025-06-30,Customer_1086,Lamp,Home,1,1293.03,139.5,Nashik
106434,2025-06-30,Customer_1759,Jeans,Clothing,3,4206.21,543.11,Mumbai
106436,2025-06-30,Customer_0529,Tablet,Electronics,3,59997.91,11133.44,Mumbai
108678,2025-06-30,Customer_1728,Bookshelf,Furniture,4,25175.95,1928.48,Pune
100359,2025-06-30,Customer_0714,Jacket,Clothing,3,7762.96,1395.31,Nashik
108669,2025-06-30,Customer_1236,Bookshelf,Furniture,2,13546.87,2367.28,Pune
106441,2025-06-30,Customer_0906,Tablet,Electronics,7,140040.89,28616.15,Pune
108689,2025-06-30,Customer_2456,Jacket,Clothing,3,9140.7,951.92,Nagpur
106442,2025-06-30,Customer_2287,Bedsheet,Home,7,11991.31,1400.2,Nagpur
106446,2025-06-30,Customer_0018,Backpack,Clothing,8,12573.66,2665.95,Pune
101077,2025-06-30,Customer_0929,Bedsheet,Home,2,4036.3,252.28,Aurangabad
106452,2025-06-30,Customer_0405,Vacuum Cleaner,Home,7,39930.32,6071.85,Aurangabad
100364,2025-06-30,Customer_0514,Vacuum Cleaner,Home,2,13621.75,2178.83,Nashik
106453,2025-06-30,Customer_0666,Office Chair,Furniture,6,51454.32,9862.36,Aurangabad
108653,2025-06-30,Customer_0947,Bedsheet,Home,2,3891.96,507.63,Aurangabad
101076,2025-06-30,Customer_1370,Mixer,Home,1,3976.62,756.64,Nashik
108668,2025-06-30,Customer_2031,Headphones,Electronics,7,15110.41,2632.47,Aurangabad
108501,2025-06-30,Customer_0642,Cookware,Home,5,10951.12,2335.28,Aurangabad
101080,2025-06-30,Customer_1610,Desk,Furniture,1,12859.6,2746.64,Nagpur
100353,2025-06-30,Customer_1023,Lamp,Home,5,6424.72,695.14,Pune
108740,2025-06-30,Customer_1324,T-Shirt,Clothing,2,1393.16,296.82,Nagpur
107536,2025-06-30,Customer_2062,Bedsheet,Home,8,15061.55,1316.82,Kolhapur
108737,2025-06-30,Customer_0430,Desk,Furniture,6,69105.61,11362.4,Aurangabad
108734,2025-06-30,Customer_1447,Desk,Furniture,7,95503.32,7650.06,Pune
108731,2025-06-30,Customer_1066,Shoes,Clothing,4,10408.34,1777.77,Pune
108723,2025-06-30,Customer_1239,Headphones,Electronics,4,9270.91,1092.66,Pune
100346,2025-06-30,Customer_1125,Headphones,Electronics,7,19776.81,2902.88,Aurangabad
108691,2025-06-30,Customer_2285,Smartphone,Electronics,8,226586.48,23260.37,Pune
108720,2025-06-30,Customer_2054,Bedsheet,Home,8,15366.6,2923.58,Mumbai
108709,2025-06-30,Customer_2002,Smartphone,Electronics,4,101659.35,6580.76,Kolhapur
100351,2025-06-30,Customer_1524,Table,Furniture,6,56677.42,4114.31,Nagpur
108706,2025-06-30,Customer_2153,Monitor,Electronics,5,61606.24,6633.17,Mumbai
108705,2025-06-30,Customer_1507,Lamp,Home,1,1178.22,98.42,Nagpur
106424,2025-06-30,Customer_1808,Office Chair,Furniture,3,23200.66,3358.43,Mumbai
108704,2025-06-30,Customer_1483,Jacket,Clothing,3,7600.84,1433.07,Mumbai
108703,2025-06-30,Customer_0037,Jacket,Clothing,2,4971.11,408.85,Kolhapur
108715,2025-06-30,Customer_1876,Shoes,Clothing,8,20501.48,1498.41,Nashik
106635,2025-06-30,Customer_1907,Desk,Furniture,1,11527.5,1088.95,Pune
108489,2025-06-30,Customer_1887,Laptop,Electronics,5,306413.7,29050.44,Mumbai
100409,2025-06-30,Customer_2238,Vacuum Cleaner,Home,6,38949.15,4961.3,Nashik
106825,2025-06-30,Customer_2036,Jeans,Clothing,4,6417.29,709.68,Aurangabad
100939,2025-06-30,Customer_0659,Backpack,Clothing,1,1225.2,168.17,Nagpur
106828,2025-06-30,Customer_0389,Desk,Furniture,6,79454.43,17258.62,Mumbai
108213,2025-06-30,Customer_1473,Desk,Furniture,5,51754.67,4795.57,Mumbai
108211,2025-06-30,Customer_1226,Mixer,Home,4,12930.52,2370.72,Aurangabad
106835,2025-06-30,Customer_0445,Vacuum Cleaner,Home,3,21107.37,2781.16,Aurangabad
100929,2025-06-30,Customer_0023,Lamp,Home,4,4093.97,337.37,Aurangabad
106841,2025-06-30,Customer_1783,Backpack,Clothing,3,4583.82,617.95,Nagpur
106842,2025-06-30,Customer_1677,Backpack,Clothing,8,12349.17,1416.46,Aurangabad
100496,2025-06-30,Customer_0324,Jacket,Clothing,7,19743.69,3731.07,Nashik
100497,2025-06-30,Customer_0926,Bedsheet,Home,4,6883.51,1120.32,Nashik
108196,2025-06-30,Customer_0717,Bookshelf,Furniture,8,42346.91,3900.94,Nagpur
100928,2025-06-30,Unknown Customer,Office Chair,Furniture,5,42905.3,5964.5,Kolhapur
108195,2025-06-30,Customer_0454,Bedsheet,Home,8,12462.34,1798.87,Kolhapur
108193,2025-06-30,Customer_0976,Backpack,Clothing,3,4102.73,765.16,Aurangabad
100490,2025-06-30,Customer_1980,Lamp,Home,1,1190.36,189.07,Aurangabad
106817,2025-06-30,Customer_1400,Mixer,Home,2,6113.2,759.08,Kolhapur
100486,2025-06-30,Customer_0574,Bookshelf,Furniture,3,19044.95,1263.7,Aurangabad
108224,2025-06-30,Customer_0370,Desk,Furniture,5,56156.37,5874.73,Aurangabad
108287,2025-06-30,Customer_2280,T-Shirt,Clothing,5,2995.93,489.48,Nagpur
100468,2025-06-30,Customer_0754,Bookshelf,Furniture,7,37736.63,7733.59,Kolhapur
108279,2025-06-30,Customer_0978,Cabinet,Furniture,5,40065.3,6260.67,Pune
106789,2025-06-30,Unknown Customer,Monitor,Electronics,6,81433.36,6453.78,Pune
108278,2025-06-30,Customer_2459,Desk,Furniture,5,57120.17,4020.16,Pune
100469,2025-06-30,Customer_1232,Cookware,Home,4,8842.89,748.11,Aurangabad
100470,2025-06-30,Customer_2304,Table,Furniture,1,10138.66,1837.08,Nagpur
106850,2025-06-30,Customer_0762,Desk,Furniture,1,11829.2,779.3,Nagpur
108268,2025-06-30,Customer_1035,Bedsheet,Home,2,4117.61,545.59,Kolhapur
108257,2025-06-30,Customer_2422,Headphones,Electronics,7,19323.59,2093.07,Pune
100484,2025-06-30,Customer_2046,Table,Furniture,4,36739.5,4342.46,Kolhapur
106803,2025-06-30,Customer_1307,Shoes,Clothing,5,10818.51,855.26,Kolhapur
108226,2025-06-30,Customer_1428,Tablet,Electronics,3,57828.8,9407.61,Mumbai
100945,2025-06-30,Customer_2456,Jeans,Clothing,1,1644.93,141.91,Kolhapur
106812,2025-06-30,Customer_0614,Bookshelf,Furniture,6,38530.71,5629.16,Kolhapur
108225,2025-06-30,Customer_2091,Desk,Furniture,3,35357.22,4140.56,Aurangabad
100474,2025-06-30,Customer_0299,Vacuum Cleaner,Home,1,6380.41,1181.14,Mumbai
106851,2025-06-30,Customer_0239,Table,Furniture,4,33412.7,3144.12,Mumbai
108189,2025-06-30,Customer_1853,Bedsheet,Home,7,12884.73,2221.02,Nagpur
108188,2025-06-30,Customer_0232,Vacuum Cleaner,Home,7,51085.91,10513.95,Nashik
106891,2025-06-30,Customer_0004,Backpack,Clothing,2,2772.98,259.39,Mumbai
100900,2025-06-30,Customer_1083,Cookware,Home,2,4404.05,675.92,Nashik
108149,2025-06-30,Customer_2373,Tablet,Electronics,2,41068.11,8743.89,Aurangabad
100510,2025-06-30,Customer_2400,Bedsheet,Home,3,5134.83,500.74,Aurangabad
100898,2025-06-30,Customer_2320,Cookware,Home,3,7036.42,998.09,Kolhapur
108145,2025-06-30,Customer_1623,Monitor,Electronics,7,107340.36,17777.57,Nagpur
100513,2025-06-30,Customer_1478,Table,Furniture,6,61268.2,5340.22,Pune
100509,2025-06-30,Customer_0935,Shoes,Clothing,8,21808.23,2695.97,Nashik
106905,2025-06-30,Customer_1098,Bookshelf,Furniture,8,52480.24,5001.27,Kolhapur
100515,2025-06-30,Customer_0358,T-Shirt,Clothing,3,2088.11,236.66,Mumbai
100521,2025-06-30,Customer_0598,Jacket,Clothing,8,21524.64,2965.43,Pune
108122,2025-06-30,Customer_1631,Mixer,Home,3,9710.86,1098.86,Nashik
108120,2025-06-30,Customer_0224,T-Shirt,Clothing,4,2537.76,455.21,Nashik
106921,2025-06-30,Customer_0371,Shoes,Clothing,8,22638.96,2264.38,Kolhapur
108119,2025-06-30,Customer_0402,Shoes,Clothing,8,17792.94,1274.58,Kolhapur
100526,2025-06-30,Customer_1372,Lamp,Home,8,8309.89,1674.27,Nagpur
108136,2025-06-30,Customer_1506,Monitor,Electronics,2,27798.83,4545.94,Kolhapur
106782,2025-06-30,Customer_1385,Jacket,Clothing,5,15475.03,1709.93,Kolhapur
108154,2025-06-30,Customer_2419,Backpack,Clothing,1,1520.25,130.12,Aurangabad
108156,2025-06-30,Customer_1450,Cookware,Home,1,2078.5,317.44,Kolhapur
106853,2025-06-30,Customer_0990,Shoes,Clothing,4,10791.05,2299.49,Pune
106854,2025-06-30,Customer_0161,Tablet,Electronics,5,93889.06,20394.36,Aurangabad
108179,2025-06-30,Customer_1269,T-Shirt,Clothing,4,3038.78,315.57,Pune
100920,2025-06-30,Customer_1579,Smartphone,Electronics,7,153731.42,17414.88,Mumbai
108176,2025-06-30,Customer_0935,Vacuum Cleaner,Home,1,6475.82,635.37,Mumbai
106862,2025-06-30,Customer_1640,Desk,Furniture,6,69345.0,5125.75,Mumbai
108171,2025-06-30,Customer_1204,Office Chair,Furniture,5,46146.43,3404.99,Mumbai
100508,2025-06-30,Customer_1337,Headphones,Electronics,7,19916.4,3403.85,Pune
106865,2025-06-30,Customer_0940,Laptop,Electronics,4,248471.06,47569.51,Aurangabad
106868,2025-06-30,Customer_1095,Table,Furniture,1,9314.0,731.06,Mumbai
100504,2025-06-30,Customer_1632,Smartphone,Electronics,3,73897.2,5625.09,Pune
106869,2025-06-30,Customer_0508,Desk,Furniture,4,52933.83,11585.86,Aurangabad
106871,2025-06-30,Customer_1995,Smartphone,Electronics,6,159525.02,33491.4,Kolhapur
108166,2025-06-30,Customer_1160,Bookshelf,Furniture,8,41100.41,6490.45,Mumbai
100505,2025-06-30,Customer_2322,Jeans,Clothing,4,6798.44,441.82,Nagpur
108159,2025-06-30,Customer_0524,Table,Furniture,7,55353.12,11219.75,Nashik
106866,2025-06-30,Customer_2226,Mixer,Home,1,3645.19,298.49,Unknown
101122,2025-06-30,Customer_1588,Lamp,Home,3,3511.41,740.44,Nagpur
106781,2025-06-30,Customer_1189,T-Shirt,Clothing,4,3191.22,687.08,Aurangabad
106774,2025-06-30,Customer_0485,Vacuum Cleaner,Home,7,44847.16,9041.65,Pune
100427,2025-06-30,Customer_0550,Vacuum Cleaner,Home,8,46547.73,6543.27,Kolhapur
100996,2025-06-30,Customer_1939,Laptop,Electronics,2,126400.69,16190.53,Kolhapur
108423,2025-06-30,Customer_0308,Mixer,Home,3,10136.32,2017.66,Mumbai
100994,2025-06-30,Customer_0962,Office Chair,Furniture,3,22619.06,2739.47,Aurangabad
108422,2025-06-30,Customer_2329,Tablet,Electronics,7,130458.72,22083.68,Nashik
108421,2025-06-30,Customer_0967,Smartphone,Electronics,2,52752.49,8390.55,Pune
106687,2025-06-30,Customer_2230,Tablet,Electronics,3,49523.82,8704.78,Mumbai
100428,2025-06-30,Customer_0462,Lamp,Home,4,5234.37,683.85,Nashik
106688,2025-06-30,Customer_2252,Bookshelf,Furniture,7,43358.58,6079.52,Kolhapur
108405,2025-06-30,Customer_1102,Office Chair,Furniture,4,28245.85,5361.71,Nagpur
108403,2025-06-30,Customer_2171,Jacket,Clothing,6,18514.17,3565.31,Aurangabad
108389,2025-06-30,Customer_1817,Smartphone,Electronics,7,158681.52,33550.93,Kolhapur
106694,2025-06-30,Customer_1508,Lamp,Home,7,9475.14,1381.13,Nagpur
106695,2025-06-30,Customer_1396,Jacket,Clothing,8,22500.39,1501.29,Kolhapur
108385,2025-06-30,Customer_0683,Bookshelf,Furniture,4,24574.47,2047.37,Kolhapur
108430,2025-06-30,Customer_0324,Smartphone,Electronics,4,103204.24,17040.2,Aurangabad
108442,2025-06-30,Customer_1323,Mixer,Home,1,3744.56,237.24,Kolhapur
108444,2025-06-30,Customer_1144,Bookshelf,Furniture,5,30182.87,3489.76,Mumbai
100998,2025-06-30,Customer_0346,Headphones,Electronics,3,7193.77,1390.73,Aurangabad
106640,2025-06-30,Customer_2200,Table,Furniture,2,19521.08,3355.36,Nagpur
100411,2025-06-30,Customer_0922,Backpack,Clothing,5,6236.38,570.44,Nashik
108482,2025-06-30,Customer_0333,Jacket,Clothing,7,20690.9,2789.37,Nagpur
108481,2025-06-30,Customer_0224,Jeans,Clothing,3,4413.1,713.69,Mumbai
108479,2025-06-30,Customer_1832,Bookshelf,Furniture,5,26890.52,5542.91,Nagpur
106648,2025-06-30,Customer_0677,T-Shirt,Clothing,1,755.75,88.62,Aurangabad
106654,2025-06-30,Customer_0374,Desk,Furniture,8,106752.23,16116.55,Aurangabad
108383,2025-06-30,Customer_0733,Headphones,Electronics,4,9417.36,1461.23,Nashik
106656,2025-06-30,Customer_1201,Bedsheet,Home,7,14288.78,2069.52,Mumbai
108469,2025-06-30,Customer_1330,Jeans,Clothing,3,4476.32,856.07,Mumbai
106662,2025-06-30,Customer_2200,Tablet,Electronics,3,61831.32,6716.24,Mumbai
106667,2025-06-30,Customer_0895,Backpack,Clothing,8,9894.87,1252.59,Pune
108452,2025-06-30,Customer_2298,Jacket,Clothing,5,24401.15,5266.66,Aurangabad
106668,2025-06-30,Customer_0519,Table,Furniture,4,39132.29,5094.78,Mumbai
108451,2025-06-30,Customer_2181,Bookshelf,Furniture,2,11216.18,1166.82,Mumbai
108446,2025-06-30,Customer_0063,Monitor,Electronics,3,36957.08,7049.79,Nagpur
108470,2025-06-30,Customer_0549,Cabinet,Furniture,3,22619.3,4933.71,Nashik
106704,2025-06-30,Customer_1212,Shoes,Clothing,5,11441.84,1925.27,Nashik
100444,2025-06-30,Customer_2389,Mixer,Home,4,15849.67,1612.02,Nagpur
108367,2025-06-30,Customer_0038,Cookware,Home,6,12000.18,1352.93,Nagpur
100973,2025-06-30,Customer_1064,Headphones,Electronics,6,15618.5,2320.1,Mumbai
100971,2025-06-30,Unknown Customer,Table,Furniture,2,18776.36,2126.44,Nagpur
108315,2025-06-30,Customer_0556,Jeans,Clothing,6,9648.6,936.58,Aurangabad
108313,2025-06-30,Customer_2498,Lamp,Home,3,3873.66,834.96,Kolhapur
108312,2025-06-30,Customer_1000,Smartphone,Electronics,6,145595.28,9421.59,Nagpur
108311,2025-06-30,Customer_0613,Tablet,Electronics,6,117463.53,16972.47,Nashik
108309,2025-06-30,Customer_0889,Backpack,Clothing,1,1405.9,271.11,Aurangabad
100974,2025-06-30,Customer_1931,Jeans,Clothing,5,6827.34,1170.49,Kolhapur
100461,2025-06-30,Customer_0960,Tablet,Electronics,8,128893.42,8529.48,Kolhapur
106758,2025-06-30,Customer_0469,T-Shirt,Clothing,4,2417.69,362.44,Kolhapur
108304,2025-06-30,Customer_1457,Cabinet,Furniture,3,27516.51,4601.23,Mumbai
108301,2025-06-30,Customer_1925,Mixer,Home,5,16147.96,1464.08,Nashik
106762,2025-06-30,Customer_2179,Desk,Furniture,4,42811.83,2880.55,Pune
108289,2025-06-30,Customer_1116,Headphones,Electronics,1,2471.62,510.27,Aurangabad
106770,2025-06-30,Customer_0020,Jacket,Clothing,5,15188.27,2546.26,Kolhapur
106771,2025-06-30,Customer_1037,Laptop,Electronics,5,274788.52,48072.27,Pune
108307,2025-06-30,Customer_1979,Table,Furniture,6,60384.38,5374.62,Nagpur
106777,2025-06-30,Customer_1392,Headphones,Electronics,6,15159.52,2997.46,Aurangabad
106740,2025-06-30,Customer_0309,Cookware,Home,4,8305.21,1708.98,Nagpur
108320,2025-06-30,Customer_1129,Bedsheet,Home,1,1684.84,229.64,Kolhapur
100450,2025-06-30,Customer_0283,T-Shirt,Clothing,1,702.05,107.86,Nagpur
106711,2025-06-30,Customer_0370,T-Shirt,Clothing,5,3380.37,442.17,Mumbai
100984,2025-06-30,Customer_1065,Tablet,Electronics,6,112213.12,12847.52,Nashik
106715,2025-06-30,Customer_0970,T-Shirt,Clothing,3,1947.87,394.65,Mumbai
108355,2025-06-30,Customer_1501,Jacket,Clothing,8,19464.56,3934.8,Kolhapur
108354,2025-06-30,Customer_1671,Cookware,Home,7,13759.87,1231.76,Aurangabad
100983,2025-06-30,Customer_1042,Office Chair,Furniture,4,32024.19,4155.71,Nagpur
106739,2025-06-30,Customer_0629,Bedsheet,Home,6,11145.65,1399.76,Unknown
106718,2025-06-30,Customer_1938,Bookshelf,Furniture,6,32762.33,2238.48,Pune
106722,2025-06-30,Customer_0678,Smartphone,Electronics,1,27589.32,2043.18,Kolhapur
106723,2025-06-30,Customer_0917,Smartphone,Electronics,2,55368.96,7607.16,Pune
108340,2025-06-30,Customer_2295,T-Shirt,Clothing,6,4557.02,436.86,Nashik
100457,2025-06-30,Customer_1130,Lamp,Home,3,4086.23,286.53,Mumbai
108330,2025-06-30,Customer_1739,Bedsheet,Home,2,3899.07,694.02,Kolhapur
108325,2025-06-30,Customer_1926,T-Shirt,Clothing,6,3633.13,494.17,Mumbai
108322,2025-06-30,Customer_1494,Monitor,Electronics,5,80035.9,17522.19,Nagpur
108342,2025-06-30,Customer_1706,Jeans,Clothing,8,13354.7,1187.48,Mumbai
106168,2025-06-30,Customer_1322,Headphones,Electronics,6,14239.1,2499.58,Pune
107062,2025-06-30,Customer_2207,Office Chair,Furniture,3,19565.32,1417.94,Mumbai
103824,2025-06-30,Customer_1674,Shoes,Clothing,3,8151.1,708.3,Nashik
103844,2025-06-30,Customer_1252,Bookshelf,Furniture,4,26991.72,5301.22,Pune
103853,2025-06-30,Customer_2327,Backpack,Clothing,7,10699.36,1373.68,Kolhapur
101844,2025-06-30,Customer_0341,Tablet,Electronics,7,133324.05,16417.61,Nashik
104927,2025-06-30,Customer_2229,Smartphone,Electronics,6,155010.89,22267.69,Kolhapur
103863,2025-06-30,Customer_2368,Desk,Furniture,1,10262.6,1281.07,Kolhapur
103873,2025-06-30,Customer_0799,Vacuum Cleaner,Home,3,21720.44,3319.04,Nashik
101836,2025-06-30,Customer_0214,Mixer,Home,4,14681.18,1153.78,Aurangabad
103882,2025-06-30,Customer_2423,T-Shirt,Clothing,7,5584.22,1058.13,Nashik
103883,2025-06-30,Customer_1505,Mixer,Home,1,3962.37,326.88,Kolhapur
103887,2025-06-30,Customer_2212,Monitor,Electronics,4,51880.51,7145.27,Nagpur
103889,2025-06-30,Customer_0740,Headphones,Electronics,7,17972.99,2353.13,Nashik
101831,2025-06-30,Customer_1140,Lamp,Home,3,3845.59,458.83,Nashik
103895,2025-06-30,Customer_2091,Lamp,Home,6,7216.6,1232.53,Nashik
103896,2025-06-30,Customer_1872,Tablet,Electronics,8,149624.02,28219.21,Nashik
103899,2025-06-30,Customer_2493,Bookshelf,Furniture,2,12725.76,1648.45,Aurangabad
103906,2025-06-30,Customer_2036,Desk,Furniture,6,74027.25,9172.28,Pune
101507,2025-06-30,Customer_2359,Bookshelf,Furniture,6,39347.06,5258.07,Pune
101825,2025-06-30,Customer_1373,Shoes,Clothing,2,4933.87,352.24,Pune
103912,2025-06-30,Customer_0660,Vacuum Cleaner,Home,3,18239.68,2773.82,Aurangabad
103914,2025-06-30,Customer_2222,Mixer,Home,7,26204.96,1751.91,Nashik
101823,2025-06-30,Customer_2458,Bookshelf,Furniture,2,11090.46,1963.71,Nashik
101845,2025-06-30,Customer_1054,Cabinet,Furniture,3,23081.78,3067.98,Nagpur
103916,2025-06-30,Customer_2353,Laptop,Electronics,2,97595.2,12412.67,Nashik
104931,2025-06-30,Customer_0835,Vacuum Cleaner,Home,4,29395.98,5820.82,Aurangabad
104933,2025-06-30,Customer_1229,Smartphone,Electronics,8,196945.28,23029.37,Nashik
101863,2025-06-30,Customer_2015,T-Shirt,Clothing,3,2229.17,214.67,Pune
103782,2025-06-30,Customer_1757,T-Shirt,Clothing,2,1255.49,126.26,Nashik
101862,2025-06-30,Customer_1631,Bookshelf,Furniture,4,20744.63,2598.42,Aurangabad
101857,2025-06-30,Customer_0051,Cabinet,Furniture,3,23470.4,3684.64,Pune
103789,2025-06-30,Customer_1086,Table,Furniture,7,63679.19,12840.06,Kolhapur
103790,2025-06-30,Customer_2383,Vacuum Cleaner,Home,4,24065.71,2911.56,Nagpur
103791,2025-06-30,Customer_2324,Lamp,Home,7,9099.66,1263.4,Nashik
103793,2025-06-30,Customer_0509,T-Shirt,Clothing,2,1345.12,271.98,Kolhapur
101855,2025-06-30,Customer_0116,Mixer,Home,6,23376.08,4648.09,Aurangabad
104949,2025-06-30,Customer_1588,Shoes,Clothing,8,18000.47,2385.52,Nagpur
104948,2025-06-30,Customer_0999,Monitor,Electronics,6,75528.1,5016.85,Kolhapur
103799,2025-06-30,Customer_2109,Cookware,Home,2,4535.48,406.04,Kolhapur
101853,2025-06-30,Customer_1509,Jacket,Clothing,8,20578.79,2968.75,Aurangabad
103809,2025-06-30,Customer_1742,Desk,Furniture,1,11912.86,2308.45,Mumbai
101498,2025-06-30,Customer_0500,Lamp,Home,6,8016.12,1629.01,Kolhapur
103813,2025-06-30,Customer_0938,Backpack,Clothing,6,7972.14,1161.55,Pune
103819,2025-06-30,Customer_2062,Laptop,Electronics,6,297404.7,19591.02,Nashik
101846,2025-06-30,Customer_1161,Lamp,Home,8,8669.88,1399.67,Nagpur
103840,2025-06-30,Customer_2224,Lamp,Home,1,1355.75,275.38,Pune
104935,2025-06-30,Customer_0175,Monitor,Electronics,8,107396.85,7513.04,Kolhapur
104934,2025-06-30,Customer_1770,Monitor,Electronics,1,14765.35,3169.08,Nagpur
103841,2025-06-30,Customer_1012,Monitor,Electronics,7,88885.9,10217.53,Pune
103779,2025-06-30,Customer_1043,Desk,Furniture,1,11945.07,2312.62,Nashik
101508,2025-06-30,Customer_2116,Smartphone,Electronics,4,112113.02,14078.66,Aurangabad
103919,2025-06-30,Customer_1805,Headphones,Electronics,4,10822.65,1700.5,Pune
103988,2025-06-30,Customer_1619,Lamp,Home,3,4123.13,556.49,Pune
103990,2025-06-30,Customer_1449,Table,Furniture,6,54186.62,9378.08,Kolhapur
101794,2025-06-30,Customer_1122,Smartphone,Electronics,3,85401.56,14055.09,Aurangabad
103993,2025-06-30,Customer_0664,Laptop,Electronics,6,288788.69,53051.11,Mumbai
103995,2025-06-30,Customer_0277,Office Chair,Furniture,3,21178.38,3488.14,Nashik
101792,2025-06-30,Customer_1876,Cabinet,Furniture,7,53608.36,5710.31,Nagpur
104003,2025-06-30,Customer_1359,Cookware,Home,5,9873.37,1606.1,Nashik
101789,2025-06-30,Customer_1885,Backpack,Clothing,8,10828.89,1535.62,Nagpur
104008,2025-06-30,Customer_1996,Headphones,Electronics,5,10939.96,2214.79,Nashik
101787,2025-06-30,Customer_0031,Lamp,Home,4,4852.64,874.93,Mumbai
104010,2025-06-30,Customer_0042,Backpack,Clothing,4,4995.27,835.78,Aurangabad
104011,2025-06-30,Customer_0148,Office Chair,Furniture,3,20720.2,2696.55,Aurangabad
104894,2025-06-30,Customer_0513,Backpack,Clothing,7,9832.33,714.45,Kolhapur
104014,2025-06-30,Customer_1528,Office Chair,Furniture,4,26400.16,4506.66,Aurangabad
104016,2025-06-30,Customer_1668,Lamp,Home,1,1070.65,226.15,Nashik
104022,2025-06-30,Customer_0652,Vacuum Cleaner,Home,1,6831.36,923.48,Kolhapur
104030,2025-06-30,Customer_0248,Lamp,Home,6,6775.53,1012.6,Nashik
104032,2025-06-30,Customer_1255,Bedsheet,Home,4,7126.28,493.35,Kolhapur
104043,2025-06-30,Customer_1154,Jeans,Clothing,3,4819.47,759.18,Nagpur
104891,2025-06-30,Customer_0228,Headphones,Electronics,3,7549.21,1440.33,Kolhapur
104044,2025-06-30,Customer_1494,Bookshelf,Furniture,1,5444.33,564.75,Kolhapur
103987,2025-06-30,Customer_0360,Lamp,Home,3,3132.96,273.91,Mumbai
103917,2025-06-30,Customer_1900,Monitor,Electronics,3,38147.33,4825.24,Pune
101796,2025-06-30,Customer_0431,Headphones,Electronics,2,4562.49,656.77,Kolhapur
101799,2025-06-30,Customer_1408,Tablet,Electronics,7,120860.24,25804.91,Aurangabad
103923,2025-06-30,Customer_1201,Backpack,Clothing,6,8599.64,1158.04,Mumbai
103927,2025-06-30,Customer_1943,Monitor,Electronics,3,44323.85,5977.64,Mumbai
104911,2025-06-30,Customer_2190,Mixer,Home,8,30746.88,3245.05,Nagpur
103928,2025-06-30,Customer_0874,Backpack,Clothing,2,2458.0,458.47,Aurangabad
104910,2025-06-30,Customer_1110,Lamp,Home,1,1267.52,83.02,Nagpur
101817,2025-06-30,Customer_0952,Bedsheet,Home,2,4041.6,381.54,Mumbai
103937,2025-06-30,Customer_0725,Cabinet,Furniture,5,37090.81,5453.23,Nashik
101809,2025-06-30,Customer_1600,Monitor,Electronics,2,76247.28,5659.78,Aurangabad
103946,2025-06-30,Customer_2079,Laptop,Electronics,8,390842.04,50509.61,Nagpur
101807,2025-06-30,Customer_1467,Jeans,Clothing,8,14476.88,2784.08,Mumbai
103951,2025-06-30,Customer_0339,Smartphone,Electronics,1,24001.51,4361.87,Aurangabad
104909,2025-06-30,Customer_1272,Jeans,Clothing,5,8494.95,1860.61,Nashik
104904,2025-06-30,Customer_1433,Office Chair,Furniture,8,62401.78,10519.71,Pune
103954,2025-06-30,Customer_0455,Laptop,Electronics,6,294117.66,64624.43,Nashik
101806,2025-06-30,Customer_0046,Cookware,Home,2,5050.22,851.99,Aurangabad
103959,2025-06-30,Customer_0115,Headphones,Electronics,6,15411.04,2689.26,Mumbai
103960,2025-06-30,Customer_1609,Laptop,Electronics,1,61419.19,11898.49,Nashik
103965,2025-06-30,Customer_0714,Smartphone,Electronics,6,146924.33,16625.43,Kolhapur
103972,2025-06-30,Customer_0794,Jeans,Clothing,4,5937.47,683.14,Kolhapur
103977,2025-06-30,Customer_1045,Table,Furniture,6,61115.34,9338.26,Mumbai
101802,2025-06-30,Customer_0280,Bedsheet,Home,8,14710.48,2987.53,Pune
103983,2025-06-30,Customer_2091,Monitor,Electronics,7,99842.4,7321.29,Nashik
104888,2025-06-30,Customer_2227,Lamp,Home,3,4038.33,483.26,Nagpur
101866,2025-06-30,Customer_1993,Desk,Furniture,4,47747.3,7428.33,Mumbai
101869,2025-06-30,Customer_0681,Vacuum Cleaner,Home,2,11884.34,724.1,Pune
103526,2025-06-30,Customer_1412,Cabinet,Furniture,3,20543.14,3011.53,Pune
101939,2025-06-30,Customer_1137,Cabinet,Furniture,6,53170.27,3842.95,Mumbai
105007,2025-06-30,Customer_0774,Laptop,Electronics,7,393403.0,29352.75,Mumbai
103535,2025-06-30,Customer_0975,Smartphone,Electronics,7,178295.43,17811.07,Kolhapur
103541,2025-06-30,Customer_0969,Jacket,Clothing,1,3208.21,208.68,Nagpur
101936,2025-06-30,Customer_2483,Lamp,Home,6,7939.08,768.5,Kolhapur
105002,2025-06-30,Customer_1541,Table,Furniture,8,72211.02,10377.08,Kolhapur
101484,2025-06-30,Customer_2256,Headphones,Electronics,5,12412.34,2464.0,Mumbai
101935,2025-06-30,Customer_0573,Backpack,Clothing,8,11112.0,1403.7,Kolhapur
103548,2025-06-30,Customer_0471,Cabinet,Furniture,4,31362.01,4225.96,Kolhapur
103551,2025-06-30,Customer_1858,Bedsheet,Home,2,3801.77,573.5,Nagpur
103555,2025-06-30,Customer_0354,Jacket,Clothing,3,8803.21,935.19,Nagpur
104999,2025-06-30,Customer_0872,Cabinet,Furniture,8,63683.34,12305.89,Aurangabad
104722,2025-06-30,Customer_1292,Cabinet,Furniture,5,38469.08,7170.09,Mumbai
103560,2025-06-30,Customer_0964,Monitor,Electronics,5,77992.23,12252.04,Nagpur
103565,2025-06-30,Customer_0345,Backpack,Clothing,2,2640.99,526.26,Nashik
104996,2025-06-30,Customer_0411,Jeans,Clothing,1,1677.47,187.84,Kolhapur
101926,2025-06-30,Customer_0408,Lamp,Home,3,3944.77,287.11,Nashik
101924,2025-06-30,Customer_1122,Monitor,Electronics,8,112458.73,19244.69,Aurangabad
104995,2025-06-30,Customer_0364,Table,Furniture,8,79641.28,15006.08,Unknown
103583,2025-06-30,Customer_0674,Headphones,Electronics,7,18900.16,3589.34,Nashik
103522,2025-06-30,Customer_1509,Cookware,Home,1,1993.54,374.98,Mumbai
103586,2025-06-30,Customer_0911,Table,Furniture,4,40600.88,2590.7,Nashik
103517,2025-06-30,Customer_0792,Office Chair,Furniture,2,15205.08,1349.84,Kolhapur
105012,2025-06-30,Customer_0236,Jeans,Clothing,5,10273.34,1723.72,Nagpur
105026,2025-06-30,Customer_1754,Backpack,Clothing,3,4236.76,905.3,Nagpur
103462,2025-06-30,Customer_1368,Smartphone,Electronics,7,163102.66,24854.22,Nagpur
103463,2025-06-30,Customer_2442,Lamp,Home,5,6780.3,444.77,Pune
103464,2025-06-30,Customer_1605,Mixer,Home,4,15130.77,2657.51,Nashik
103465,2025-06-30,Customer_0313,Jeans,Clothing,1,1822.7,380.79,Nashik
101473,2025-06-30,Customer_0077,Vacuum Cleaner,Home,3,18400.21,3782.56,Aurangabad
103474,2025-06-30,Customer_1756,Table,Furniture,7,71692.8,8650.01,Nagpur
101958,2025-06-30,Customer_1130,Vacuum Cleaner,Home,5,29803.27,2173.72,Nagpur
101956,2025-06-30,Customer_1021,T-Shirt,Clothing,6,6584.93,846.88,Aurangabad
101954,2025-06-30,Customer_1062,Bedsheet,Home,3,5139.98,867.76,Pune
103493,2025-06-30,Customer_0368,Backpack,Clothing,8,10698.36,1012.93,Kolhapur
105022,2025-06-30,Customer_0695,Backpack,Clothing,6,8293.44,1350.6,Kolhapur
101953,2025-06-30,Customer_1414,Shoes,Clothing,3,7074.84,786.74,Aurangabad
101474,2025-06-30,Customer_0873,Cabinet,Furniture,8,71111.69,10618.19,Aurangabad
103498,2025-06-30,Customer_1761,Bookshelf,Furniture,3,20096.16,1992.93,Nagpur
101949,2025-06-30,Customer_1551,Tablet,Electronics,4,70554.53,6401.18,Pune
103500,2025-06-30,Customer_1873,Table,Furniture,5,16859.68,2114.9,Nagpur
101947,2025-06-30,Customer_1487,Headphones,Electronics,2,5545.43,662.36,Nashik
103511,2025-06-30,Customer_0493,Backpack,Clothing,6,8163.15,1775.89,Nashik
103514,2025-06-30,Customer_1960,Laptop,Electronics,3,177644.96,35679.39,Mumbai
101476,2025-06-30,Customer_1493,Monitor,Electronics,4,48161.42,9176.26,Nagpur
105011,2025-06-30,Customer_1101,T-Shirt,Clothing,6,4476.9,324.06,Aurangabad
101867,2025-06-30,Customer_0761,Tablet,Electronics,4,71405.18,12262.42,Mumbai
103591,2025-06-30,Customer_0032,Jacket,Clothing,4,10359.64,1431.32,Mumbai
103597,2025-06-30,Customer_1859,Headphones,Electronics,5,11005.84,1901.63,Pune
103707,2025-06-30,Customer_2003,Lamp,Home,2,2678.44,233.33,Mumbai
103716,2025-06-30,Customer_2315,Office Chair,Furniture,1,7691.47,725.92,Nagpur
103723,2025-06-30,Customer_0132,Table,Furniture,1,7686.73,967.79,Pune
101882,2025-06-30,Customer_1820,T-Shirt,Clothing,6,4012.53,778.26,Mumbai
104972,2025-06-30,Customer_1631,Jacket,Clothing,6,18267.07,2133.35,Nagpur
103728,2025-06-30,Customer_2306,Cabinet,Furniture,2,14651.38,1047.63,Aurangabad
103730,2025-06-30,Customer_0174,Headphones,Electronics,3,8098.68,1062.93,Nashik
104970,2025-06-30,Customer_2299,Laptop,Electronics,1,50779.95,10388.22,Pune
103734,2025-06-30,Customer_2470,Tablet,Electronics,7,108341.18,14620.16,Kolhapur
103735,2025-06-30,Customer_1565,T-Shirt,Clothing,7,5466.37,644.24,Pune
103737,2025-06-30,Customer_1017,Bedsheet,Home,5,10172.22,1842.66,Mumbai
101879,2025-06-30,Customer_2174,Office Chair,Furniture,2,13530.18,1549.75,Nashik
103741,2025-06-30,Customer_1914,Office Chair,Furniture,4,34106.33,4413.24,Pune
103750,2025-06-30,Customer_0253,Mixer,Home,3,10851.32,1066.84,Pune
101876,2025-06-30,Customer_1480,Jacket,Clothing,4,11926.19,1372.83,Aurangabad
103753,2025-06-30,Customer_1227,Vacuum Cleaner,Home,2,11765.9,1242.27,Kolhapur
103754,2025-06-30,Customer_0647,Mixer,Home,2,6824.93,795.66,Kolhapur
104962,2025-06-30,Customer_0820,Jacket,Clothing,3,8671.86,1583.38,Nagpur
103756,2025-06-30,Customer_1898,Vacuum Cleaner,Home,3,19890.0,3275.23,Aurangabad
103764,2025-06-30,Customer_1160,Monitor,Electronics,7,96565.73,8097.46,Kolhapur
103768,2025-06-30,Customer_0419,Cabinet,Furniture,6,48465.86,9517.57,Nagpur
103700,2025-06-30,Customer_2418,Headphones,Electronics,8,21317.01,2786.91,Aurangabad
103592,2025-06-30,Customer_2099,Backpack,Clothing,2,2969.26,646.78,Kolhapur
103678,2025-06-30,Customer_0613,Backpack,Clothing,2,2453.44,394.81,Nashik
101901,2025-06-30,Customer_1867,Jeans,Clothing,8,13379.37,1820.12,Mumbai
101922,2025-06-30,Customer_0492,Lamp,Home,1,1154.83,84.22,Pune
103603,2025-06-30,Customer_2168,Table,Furniture,7,69639.36,9007.06,Pune
104989,2025-06-30,Customer_2346,Shoes,Clothing,2,4687.22,1007.82,Aurangabad
103604,2025-06-30,Customer_2479,Vacuum Cleaner,Home,1,7004.41,529.62,Aurangabad
101920,2025-06-30,Customer_2442,Bedsheet,Home,5,8864.26,1303.06,Mumbai
101914,2025-06-30,Customer_1484,Desk,Furniture,1,10508.92,2260.72,Aurangabad
104986,2025-06-30,Customer_2324,Jacket,Clothing,8,25308.5,4414.47,Nashik
103618,2025-06-30,Customer_1969,Headphones,Electronics,6,13523.26,1586.33,Pune
103620,2025-06-30,Customer_1581,Jacket,Clothing,7,17759.89,2455.18,Kolhapur
103621,2025-06-30,Customer_0910,Cookware,Home,8,19173.08,2895.81,Nagpur
103625,2025-06-30,Customer_0548,Desk,Furniture,2,20901.9,4129.72,Mumbai
104983,2025-06-30,Customer_2157,Mixer,Home,6,23451.17,3093.06,Nagpur
103629,2025-06-30,Customer_2265,Cookware,Home,4,9539.8,1726.13,Nagpur
103636,2025-06-30,Customer_0218,Office Chair,Furniture,7,47845.03,4698.01,Kolhapur
103637,2025-06-30,Customer_1921,Table,Furniture,2,16523.39,2036.08,Mumbai
103639,2025-06-30,Customer_0120,Cabinet,Furniture,3,25987.01,4549.88,Nashik
104979,2025-06-30,Customer_0258,Desk,Furniture,6,69353.95,7679.78,Nashik
103644,2025-06-30,Customer_1312,Jeans,Clothing,4,7334.86,1480.97,Kolhapur
101909,2025-06-30,Customer_2163,Bedsheet,Home,2,3363.04,501.39,Aurangabad
103649,2025-06-30,Customer_0012,Vacuum Cleaner,Home,8,48984.03,10475.36,Mumbai
103657,2025-06-30,Customer_1431,Vacuum Cleaner,Home,8,46213.9,6148.38,Aurangabad
103670,2025-06-30,Customer_1912,Tablet,Electronics,7,138998.85,23307.53,Aurangabad
105027,2025-06-30,Customer_2332,Cookware,Home,6,11574.95,1959.5,Pune
104045,2025-06-30,Customer_1068,Desk,Furniture,4,50021.0,6749.24,Mumbai
104072,2025-06-30,Customer_0104,Cookware,Home,3,5843.0,514.99,Aurangabad
101631,2025-06-30,Customer_0402,Bookshelf,Furniture,8,41455.01,8096.17,Mumbai
101630,2025-06-30,Customer_0432,Table,Furniture,4,40040.32,4702.79,Nashik
101629,2025-06-30,Customer_1166,Bookshelf,Furniture,5,29856.35,6464.59,Aurangabad
104495,2025-06-30,Customer_0700,Headphones,Electronics,2,5304.05,951.12,Nagpur
104781,2025-06-30,Customer_2346,Cabinet,Furniture,7,58374.96,10732.91,Nashik
104503,2025-06-30,Customer_1610,Vacuum Cleaner,Home,4,22376.66,4433.04,Kolhapur
101536,2025-06-30,Customer_2277,Shoes,Clothing,3,7094.14,615.91,Aurangabad
104507,2025-06-30,Customer_1769,Lamp,Home,5,6463.65,931.42,Mumbai
104511,2025-06-30,Customer_2247,Laptop,Electronics,1,53919.29,3446.22,Kolhapur
101620,2025-06-30,Customer_0809,Lamp,Home,7,8711.83,1679.9,Nashik
104519,2025-06-30,Customer_1967,Monitor,Electronics,7,109052.46,9615.23,Nashik
101619,2025-06-30,Customer_0841,Table,Furniture,8,81120.19,11100.31,Kolhapur
104525,2025-06-30,Customer_0775,Jeans,Clothing,1,1634.55,325.87,Aurangabad
104534,2025-06-30,Customer_0577,Smartphone,Electronics,7,189623.11,21338.28,Pune
104538,2025-06-30,Customer_0035,Shoes,Clothing,1,2378.43,522.56,Nashik
104774,2025-06-30,Customer_1137,Jeans,Clothing,1,1539.68,301.45,Nagpur
101613,2025-06-30,Customer_0122,Bedsheet,Home,6,11347.82,2391.82,Nagpur
104542,2025-06-30,Customer_0130,Shoes,Clothing,2,5495.18,927.19,Pune
104548,2025-06-30,Customer_0367,Mixer,Home,6,23567.73,1628.82,Mumbai
104769,2025-06-30,Customer_0563,Tablet,Electronics,5,79352.36,17226.03,Mumbai
101606,2025-06-30,Customer_0644,Smartphone,Electronics,6,171787.42,10854.26,Aurangabad
104485,2025-06-30,Customer_1403,Mixer,Home,3,10413.89,726.7,Mumbai
104553,2025-06-30,Customer_0439,Shoes,Clothing,1,2795.58,599.18,Kolhapur
104481,2025-06-30,Customer_1942,Cabinet,Furniture,2,17176.38,3517.66,Pune
101634,2025-06-30,Customer_2410,Headphones,Electronics,5,16232.57,2854.87,Kolhapur
104396,2025-06-30,Customer_2144,Cabinet,Furniture,7,51935.14,3722.38,Pune
104397,2025-06-30,Customer_0122,Smartphone,Electronics,4,106922.87,11531.93,Mumbai
101652,2025-06-30,Customer_0102,T-Shirt,Clothing,3,1864.72,280.65,Kolhapur
104413,2025-06-30,Customer_0286,Cookware,Home,7,15807.08,1597.23,Nashik
101646,2025-06-30,Customer_1971,Laptop,Electronics,7,384000.82,76644.45,Kolhapur
104426,2025-06-30,Customer_1209,Headphones,Electronics,4,10035.48,2101.62,Mumbai
104428,2025-06-30,Customer_0430,Mixer,Home,1,3872.14,596.6,Kolhapur
101644,2025-06-30,Customer_0884,Headphones,Electronics,5,11373.98,1123.4,Mumbai
104430,2025-06-30,Customer_0176,Shoes,Clothing,5,13176.0,2668.53,Nashik
104435,2025-06-30,Customer_0476,Jacket,Clothing,8,25316.17,2103.02,Kolhapur
104447,2025-06-30,Customer_1164,Desk,Furniture,7,72386.13,8129.01,Nagpur
101639,2025-06-30,Customer_0487,Cabinet,Furniture,6,51013.52,7403.99,Kolhapur
104452,2025-06-30,Customer_0278,Office Chair,Furniture,5,36780.55,3818.1,Aurangabad
101532,2025-06-30,Customer_0581,Backpack,Clothing,7,11187.96,1776.75,Nashik
104453,2025-06-30,Customer_0143,Desk,Furniture,2,24643.24,2038.91,Aurangabad
104457,2025-06-30,Customer_1521,Desk,Furniture,5,68068.4,5345.33,Mumbai
104791,2025-06-30,Customer_0205,Headphones,Electronics,7,15133.72,3209.42,Nashik
104789,2025-06-30,Customer_2417,Jeans,Clothing,6,9808.99,1115.64,Unknown
104465,2025-06-30,Customer_1252,Laptop,Electronics,4,222961.64,30771.04,Nagpur
104467,2025-06-30,Customer_2238,Mixer,Home,3,11709.21,712.32,Nagpur
104788,2025-06-30,Customer_1601,Jeans,Clothing,2,2942.84,198.99,Aurangabad
101633,2025-06-30,Customer_0880,Cookware,Home,8,15635.58,3434.61,Nagpur
104394,2025-06-30,Customer_1076,Headphones,Electronics,5,10938.74,1134.68,Nashik
104557,2025-06-30,Customer_2191,Tablet,Electronics,7,143986.45,21490.93,Mumbai
104766,2025-06-30,Customer_1744,Mixer,Home,8,32170.79,3468.37,Aurangabad
104645,2025-06-30,Customer_0762,Cookware,Home,8,16003.23,976.81,Kolhapur
104653,2025-06-30,Customer_0723,Vacuum Cleaner,Home,4,27963.39,5019.87,Pune
104666,2025-06-30,Customer_2015,Bedsheet,Home,2,3526.55,243.59,Pune
101550,2025-06-30,Customer_1856,Headphones,Electronics,1,2214.42,362.84,Nashik
104672,2025-06-30,Customer_0392,Table,Furniture,1,7847.73,1224.08,Nashik
101572,2025-06-30,Customer_2475,Desk,Furniture,2,25291.08,3421.38,Nashik
101569,2025-06-30,Customer_1610,Cookware,Home,3,5974.98,420.48,Pune
101567,2025-06-30,Customer_1456,Vacuum Cleaner,Home,5,32684.17,2692.75,Nashik
104685,2025-06-30,Customer_2021,Table,Furniture,3,24883.38,2286.25,Mumbai
104688,2025-06-30,Customer_1720,Smartphone,Electronics,7,185927.96,34320.06,Nagpur
104736,2025-06-30,Customer_0680,Backpack,Clothing,5,1280.26,100.67,Nashik
104689,2025-06-30,Customer_1859,Lamp,Home,3,3669.04,456.4,Mumbai
101565,2025-06-30,Customer_0185,Monitor,Electronics,2,27314.95,3144.77,Kolhapur
104695,2025-06-30,Customer_0680,Cabinet,Furniture,1,7446.65,1160.16,Mumbai
104734,2025-06-30,Customer_0856,Vacuum Cleaner,Home,4,23964.4,2852.78,Mumbai
101559,2025-06-30,Customer_1509,Mixer,Home,7,26672.53,3380.18,Kolhapur
104732,2025-06-30,Customer_2224,Office Chair,Furniture,5,35273.05,6145.72,Nagpur
104701,2025-06-30,Customer_1358,Smartphone,Electronics,6,158221.43,19437.38,Nashik
104731,2025-06-30,Customer_2211,Bookshelf,Furniture,6,33798.07,6821.46,Pune
101556,2025-06-30,Customer_1471,Lamp,Home,3,3986.59,488.84,Aurangabad
104716,2025-06-30,Customer_1829,Desk,Furniture,7,89781.99,8799.58,Pune
104638,2025-06-30,Customer_2178,Lamp,Home,8,8264.21,818.04,Aurangabad
104559,2025-06-30,Customer_0016,Table,Furniture,8,73825.33,9622.6,Kolhapur
101583,2025-06-30,Customer_2333,Desk,Furniture,5,56497.77,6295.77,Nagpur
104628,2025-06-30,Customer_1840,Smartphone,Electronics,2,54695.77,10674.91,Nagpur
104765,2025-06-30,Customer_0819,Table,Furniture,3,27193.68,4276.97,Nashik
104561,2025-06-30,Customer_1131,Cookware,Home,5,6110.36,560.06,Pune
101602,2025-06-30,Customer_2282,Jacket,Clothing,1,2838.72,267.52,Nashik
104563,2025-06-30,Customer_0330,Shoes,Clothing,8,20651.43,2521.72,Aurangabad
104573,2025-06-30,Customer_2020,Laptop,Electronics,2,108338.83,11361.36,Mumbai
104581,2025-06-30,Customer_1013,T-Shirt,Clothing,3,2182.99,398.06,Pune
104583,2025-06-30,Customer_2035,Mixer,Home,4,12850.39,2776.5,Mumbai
104587,2025-06-30,Customer_0860,T-Shirt,Clothing,1,798.23,60.86,Nashik
104761,2025-06-30,Customer_1151,Headphones,Electronics,7,19156.83,3072.59,Nagpur
104760,2025-06-30,Customer_1890,Monitor,Electronics,3,43760.82,6362.85,Nagpur
101540,2025-06-30,Customer_2298,Tablet,Electronics,6,95122.12,15030.71,Nagpur
104589,2025-06-30,Customer_2273,Mixer,Home,8,26538.6,4333.37,Nagpur
104592,2025-06-30,Customer_1494,Shoes,Clothing,6,16620.08,1953.55,Pune
104597,2025-06-30,Customer_0459,Smartphone,Electronics,8,179117.75,11839.87,Nagpur
104598,2025-06-30,Customer_2264,Tablet,Electronics,1,19185.24,2011.43,Aurangabad
104604,2025-06-30,Customer_1442,Monitor,Electronics,6,85072.77,11096.47,Nagpur
104753,2025-06-30,Customer_1763,T-Shirt,Clothing,6,4525.78,667.02,Mumbai
104606,2025-06-30,Customer_0874,Jeans,Clothing,3,5074.33,341.74,Nagpur
104609,2025-06-30,Customer_1934,Lamp,Home,7,7270.14,1595.06,Pune
101591,2025-06-30,Customer_1409,Jeans,Clothing,8,12960.82,966.87,Nagpur
104621,2025-06-30,Customer_1494,Tablet,Electronics,8,130027.14,21012.28,Aurangabad
104635,2025-06-30,Customer_1467,Cookware,Home,1,2063.73,173.14,Pune
101779,2025-06-30,Customer_0816,Mixer,Home,3,11633.15,2001.25,Pune
104389,2025-06-30,Customer_2124,Backpack,Clothing,3,4039.74,681.7,Aurangabad
104807,2025-06-30,Customer_1681,Desk,Furniture,7,72168.18,4569.9,Nagpur
104143,2025-06-30,Customer_1267,Bedsheet,Home,5,7786.62,1579.14,Kolhapur
104148,2025-06-30,Customer_1290,Cookware,Home,6,13541.62,2327.41,Aurangabad
104152,2025-06-30,Customer_0913,Jeans,Clothing,7,11891.85,1462.53,Nashik
104158,2025-06-30,Customer_1429,Backpack,Clothing,7,10223.96,2115.45,Nashik
104861,2025-06-30,Customer_0545,Table,Furniture,6,54312.07,7654.68,Aurangabad
104860,2025-06-30,Customer_0541,Bedsheet,Home,1,1760.71,359.01,Nashik
104162,2025-06-30,Customer_1059,Cabinet,Furniture,4,35716.56,2424.41,Nashik
104164,2025-06-30,Customer_2154,Lamp,Home,1,1323.52,81.66,Aurangabad
104170,2025-06-30,Customer_1235,Tablet,Electronics,6,119082.06,20869.35,Kolhapur
104856,2025-06-30,Customer_2444,Jeans,Clothing,7,12190.06,1088.28,Unknown
104855,2025-06-30,Customer_0665,Jeans,Clothing,5,8821.93,686.2,Aurangabad
101736,2025-06-30,Customer_1074,Jeans,Clothing,4,6809.02,706.51,Aurangabad
104854,2025-06-30,Customer_0732,Mixer,Home,2,6408.32,922.16,Pune
104186,2025-06-30,Customer_0852,Bookshelf,Furniture,7,39704.1,4351.58,Aurangabad
101729,2025-06-30,Customer_0173,Office Chair,Furniture,8,62018.99,5373.78,Nagpur
101728,2025-06-30,Customer_1715,Backpack,Clothing,5,6444.49,528.68,Nashik
104202,2025-06-30,Customer_0504,Bedsheet,Home,2,3991.29,340.14,Aurangabad
101721,2025-06-30,Customer_2395,Smartphone,Electronics,5,124521.86,14552.85,Nagpur
104206,2025-06-30,Customer_0230,Jacket,Clothing,4,10992.09,1290.76,Pune
101720,2025-06-30,Customer_0564,Cookware,Home,4,8257.87,561.56,Pune
101718,2025-06-30,Customer_2348,Monitor,Electronics,4,61139.59,4961.71,Mumbai
104130,2025-06-30,Customer_0676,Cookware,Home,2,4928.5,468.05,Nagpur
104209,2025-06-30,Customer_2213,Office Chair,Furniture,3,20435.59,2786.0,Nashik
101753,2025-06-30,Customer_2341,Shoes,Clothing,7,18749.25,3426.7,Mumbai
101517,2025-06-30,Customer_1859,Laptop,Electronics,7,435397.59,82368.23,Aurangabad
104884,2025-06-30,Customer_1911,Jacket,Clothing,1,3121.39,670.35,Nagpur
101771,2025-06-30,Customer_2048,Bookshelf,Furniture,1,5329.27,1022.13,Aurangabad
104882,2025-06-30,Customer_0634,Cabinet,Furniture,2,16195.69,2785.55,Mumbai
104084,2025-06-30,Customer_0144,Tablet,Electronics,3,53809.15,6682.79,Mumbai
104086,2025-06-30,Customer_0721,Cabinet,Furniture,7,49851.18,3697.12,Aurangabad
104093,2025-06-30,Customer_1749,Desk,Furniture,7,96416.66,20582.16,Pune
104097,2025-06-30,Customer_0159,Desk,Furniture,7,76108.23,12112.34,Pune
101513,2025-06-30,Customer_2288,Office Chair,Furniture,1,7687.19,744.07,Aurangabad
104877,2025-06-30,Customer_2030,Bedsheet,Home,8,14761.2,986.26,Nagpur
104098,2025-06-30,Customer_0639,Tablet,Electronics,2,40507.51,5435.99,Nagpur
104101,2025-06-30,Customer_1649,Backpack,Clothing,5,6871.18,431.34,Nagpur
104103,2025-06-30,Customer_0626,Desk,Furniture,4,47620.28,10130.68,Mumbai
104107,2025-06-30,Customer_1383,Tablet,Electronics,3,46437.64,6627.69,Mumbai
104109,2025-06-30,Customer_0470,Cookware,Home,2,4586.38,952.94,Kolhapur
104111,2025-06-30,Customer_1989,Smartphone,Electronics,1,27251.19,4433.17,Aurangabad
104113,2025-06-30,Customer_0294,Jeans,Clothing,1,1635.44,220.07,Mumbai
101515,2025-06-30,Customer_1757,Office Chair,Furniture,7,55354.05,9982.81,Kolhapur
104115,2025-06-30,Customer_2339,Shoes,Clothing,4,9047.79,1435.47,Aurangabad
104118,2025-06-30,Customer_0714,Backpack,Clothing,2,2684.2,484.15,Aurangabad
104120,2025-06-30,Customer_2320,T-Shirt,Clothing,2,1360.98,223.33,Aurangabad
101756,2025-06-30,Customer_1746,Tablet,Electronics,6,101406.65,8668.78,Nagpur
104126,2025-06-30,Customer_0394,Laptop,Electronics,8,468555.7,102923.67,Mumbai
104381,2025-06-30,Customer_1074,Shoes,Clothing,7,15566.88,1238.46,Nashik
104848,2025-06-30,Customer_1664,Smartphone,Electronics,8,185318.83,30046.98,Nagpur
101716,2025-06-30,Customer_2408,Tablet,Electronics,6,117671.27,16926.54,Mumbai
101681,2025-06-30,Customer_1855,Jacket,Clothing,5,14011.09,1943.2,Nashik
104319,2025-06-30,Customer_1625,Table,Furniture,1,10109.93,1921.84,Nagpur
104322,2025-06-30,Customer_2279,Smartphone,Electronics,1,27400.21,1685.55,Kolhapur
104328,2025-06-30,Customer_0418,Shoes,Clothing,7,17659.93,1294.67,Kolhapur
104332,2025-06-30,Unknown Customer,Monitor,Electronics,5,105235.78,8321.96,Aurangabad
104818,2025-06-30,Customer_2377,Tablet,Electronics,4,82781.63,14885.32,Kolhapur
104333,2025-06-30,Customer_0664,Monitor,Electronics,8,108944.95,7033.81,Nagpur
104816,2025-06-30,Customer_0766,Bedsheet,Home,4,7671.66,888.13,Pune
104343,2025-06-30,Customer_1208,Jeans,Clothing,4,6913.61,493.63,Nagpur
104344,2025-06-30,Customer_1259,Headphones,Electronics,8,22532.72,1535.74,Nagpur
101674,2025-06-30,Customer_0172,Vacuum Cleaner,Home,8,58137.72,5294.28,Pune
104349,2025-06-30,Customer_0681,Jeans,Clothing,2,3206.0,378.63,Aurangabad
104353,2025-06-30,Customer_1420,Backpack,Clothing,4,6301.9,1050.41,Kolhapur
104354,2025-06-30,Customer_0701,Jacket,Clothing,6,16656.78,3076.05,Mumbai
104365,2025-06-30,Customer_0151,Backpack,Clothing,4,5821.73,922.9,Nashik
104366,2025-06-30,Customer_0911,Table,Furniture,1,9137.07,914.44,Mumbai
104812,2025-06-30,Customer_1290,Bedsheet,Home,1,1937.45,161.4,Aurangabad
101659,2025-06-30,Customer_2163,Table,Furniture,1,8825.86,631.72,Nashik
104373,2025-06-30,Customer_0501,Headphones,Electronics,3,6943.88,852.13,Nagpur
104810,2025-06-30,Customer_0841,Tablet,Electronics,8,146817.78,8948.45,Kolhapur
104380,2025-06-30,Customer_2408,Table,Furniture,3,25914.71,5205.12,Kolhapur
104315,2025-06-30,Customer_2394,Tablet,Electronics,5,91194.74,5941.47,Kolhapur
104217,2025-06-30,Customer_2072,Cookware,Home,6,11436.77,2106.28,Pune
104310,2025-06-30,Customer_1045,Lamp,Home,8,9298.44,2020.61,Kolhapur
101687,2025-06-30,Customer_0035,Shoes,Clothing,3,8160.86,1514.92,Pune
104220,2025-06-30,Customer_1014,Backpack,Clothing,3,4497.29,663.08,Nagpur
101715,2025-06-30,Customer_1392,Bedsheet,Home,2,3517.87,414.0,Aurangabad
101713,2025-06-30,Customer_1646,Headphones,Electronics,7,19988.66,4114.32,Pune
104227,2025-06-30,Customer_2451,Jacket,Clothing,3,8396.44,759.95,Nashik
104842,2025-06-30,Customer_2254,Cabinet,Furniture,7,52878.01,6338.7,Mumbai
101711,2025-06-30,Customer_1235,Tablet,Electronics,1,15409.28,2216.45,Kolhapur
104244,2025-06-30,Customer_2224,Tablet,Electronics,6,109132.92,8825.61,Pune
101710,2025-06-30,Customer_0267,Tablet,Electronics,6,99957.95,11920.11,Mumbai
104252,2025-06-30,Customer_2107,Headphones,Electronics,5,12184.21,1315.88,Pune
104838,2025-06-30,Customer_1689,Monitor,Electronics,3,41915.13,8659.0,Aurangabad
101525,2025-06-30,Customer_1571,Shoes,Clothing,4,10648.52,1348.95,Aurangabad
104834,2025-06-30,Customer_2162,Office Chair,Furniture,6,48232.05,3482.37,Kolhapur
101699,2025-06-30,Customer_2123,Lamp,Home,2,2693.68,318.15,Nagpur
104271,2025-06-30,Customer_1829,Laptop,Electronics,8,478890.74,86300.5,Mumbai
104272,2025-06-30,Customer_2357,Vacuum Cleaner,Home,5,36812.05,4554.42,Aurangabad
101698,2025-06-30,Customer_1324,Tablet,Electronics,1,18765.59,2542.92,Nagpur
101697,2025-06-30,Customer_2295,Monitor,Electronics,5,62707.76,4594.49,Nagpur
104276,2025-06-30,Customer_0661,Headphones,Electronics,4,8833.65,575.02,Kolhapur
104277,2025-06-30,Unknown Customer,Jeans,Clothing,7,11726.83,1848.62,Pune
104827,2025-06-30,Customer_1559,Bedsheet,Home,1,1917.47,212.16,Kolhapur
101692,2025-06-30,Customer_1623,Office Chair,Furniture,4,27186.7,3580.93,Pune
104308,2025-06-30,Unknown Customer,T-Shirt,Clothing,8,6060.64,596.4,Kolhapur
103461,2025-06-30,Customer_2252,Shoes,Clothing,2,5219.9,606.11,Mumbai
103556,2025-06-30,Customer_2209,T-Shirt,Clothing,6,3747.34,318.75,Nagpur
101965,2025-06-30,Customer_1001,Tablet,Electronics,6,96644.08,14719.43,Aurangabad
102737,2025-06-30,Customer_1232,T-Shirt,Clothing,7,4637.39,1012.48,Mumbai
102744,2025-06-30,Customer_2038,Smartphone,Electronics,1,21371.27,3305.43,Mumbai
102753,2025-06-30,Customer_1958,Backpack,Clothing,2,3174.51,301.06,Nagpur
102754,2025-06-30,Customer_2109,Desk,Furniture,4,44497.08,3388.11,Mumbai
102763,2025-06-30,Customer_2365,Lamp,Home,4,5056.58,1033.32,Nagpur
105152,2025-06-30,Customer_2389,Jacket,Clothing,4,11980.76,2048.09,Nagpur
102766,2025-06-30,Customer_1397,Jeans,Clothing,5,8195.62,662.45,Nagpur
102772,2025-06-30,Customer_0581,Table,Furniture,4,39260.74,8103.9,Aurangabad
102773,2025-06-30,Customer_1450,Office Chair,Furniture,4,32309.35,6190.07,Kolhapur
102733,2025-06-30,Customer_0783,Jacket,Clothing,7,17758.43,2926.32,Mumbai
102774,2025-06-30,Customer_2184,Cabinet,Furniture,1,7319.58,747.85,Nashik
105148,2025-06-30,Customer_0155,Vacuum Cleaner,Home,4,23425.97,4798.14,Mumbai
102783,2025-06-30,Customer_1019,Bedsheet,Home,4,7136.84,871.75,Nashik
102787,2025-06-30,Customer_2148,Monitor,Electronics,5,65170.1,4274.98,Pune
102790,2025-06-30,Customer_0463,Tablet,Electronics,5,78706.01,6427.18,Aurangabad
102791,2025-06-30,Customer_1996,Bedsheet,Home,3,4842.2,778.95,Nashik
102794,2025-06-30,Customer_1130,Laptop,Electronics,5,259306.23,25529.13,Nashik
102147,2025-06-30,Customer_2260,Desk,Furniture,8,105618.93,8707.82,Nagpur
105143,2025-06-30,Customer_0272,Lamp,Home,1,1240.83,80.36,Nagpur
102803,2025-06-30,Customer_0106,Tablet,Electronics,7,135979.09,29739.75,Mumbai
102151,2025-06-30,Customer_0990,Jacket,Clothing,7,21711.99,2704.52,Pune
102163,2025-06-30,Customer_0794,Desk,Furniture,5,64652.2,7725.19,Kolhapur
105160,2025-06-30,Customer_1965,Bookshelf,Furniture,5,28019.37,2702.46,Nagpur
102720,2025-06-30,Customer_0617,Bookshelf,Furniture,7,38379.05,4601.41,Nashik
101437,2025-06-30,Customer_2384,Bedsheet,Home,5,8536.0,1752.53,Kolhapur
102658,2025-06-30,Customer_1267,Headphones,Electronics,4,9258.04,1040.15,Mumbai
102659,2025-06-30,Customer_2493,Desk,Furniture,5,60668.17,5693.81,Aurangabad
102668,2025-06-30,Customer_1000,Smartphone,Electronics,4,96100.11,10145.1,Kolhapur
102669,2025-06-30,Customer_2200,Bedsheet,Home,2,4044.69,728.65,Pune
102177,2025-06-30,Customer_1097,Office Chair,Furniture,3,19199.0,1673.52,Nashik
105173,2025-06-30,Customer_1467,Table,Furniture,8,65973.56,9246.82,Kolhapur
102689,2025-06-30,Customer_1292,Jacket,Clothing,6,14999.64,1142.67,Nagpur
102690,2025-06-30,Customer_1709,Shoes,Clothing,7,15464.11,2345.91,Pune
102692,2025-06-30,Customer_0080,Table,Furniture,5,51451.6,6663.35,Aurangabad
102173,2025-06-30,Customer_0649,Shoes,Clothing,1,2578.8,438.86,Kolhapur
102695,2025-06-30,Customer_1123,Desk,Furniture,8,94812.53,14693.77,Pune
102171,2025-06-30,Customer_1224,Cookware,Home,3,6061.05,556.99,Pune
105170,2025-06-30,Customer_0551,Jeans,Clothing,1,1532.4,209.62,Mumbai
105168,2025-06-30,Customer_1784,Bedsheet,Home,7,10736.95,1815.32,Pune
105167,2025-06-30,Customer_1883,Bedsheet,Home,8,13120.5,1468.58,Pune
102704,2025-06-30,Customer_2281,Backpack,Clothing,5,6204.39,378.31,Kolhapur
102706,2025-06-30,Customer_0880,Jacket,Clothing,8,23710.17,2592.54,Mumbai
102713,2025-06-30,Customer_2316,T-Shirt,Clothing,2,1605.85,296.19,Pune
102719,2025-06-30,Customer_0078,T-Shirt,Clothing,7,5166.83,598.9,Pune
101438,2025-06-30,Customer_1949,Shoes,Clothing,6,13186.28,2070.58,Aurangabad
102808,2025-06-30,Customer_1644,Cabinet,Furniture,6,44905.43,5963.81,Nashik
102810,2025-06-30,Customer_0415,Bookshelf,Furniture,5,32123.86,1967.75,Aurangabad
102141,2025-06-30,Customer_0465,Vacuum Cleaner,Home,6,37317.29,7893.88,Mumbai
102816,2025-06-30,Customer_1631,Backpack,Clothing,3,3974.78,304.0,Kolhapur
102109,2025-06-30,Customer_1175,Mixer,Home,6,19919.61,4230.77,Nagpur
102915,2025-06-30,Customer_0590,Tablet,Electronics,5,85682.94,7590.91,Pune
105122,2025-06-30,Customer_0602,Desk,Furniture,8,92534.04,10887.9,Kolhapur
102107,2025-06-30,Customer_1057,Smartphone,Electronics,8,203226.44,35535.94,Nagpur
102924,2025-06-30,Customer_0209,Lamp,Home,7,7427.12,545.39,Mumbai
105120,2025-06-30,Customer_1590,Mixer,Home,7,24615.66,4415.52,Aurangabad
102104,2025-06-30,Customer_2044,Bookshelf,Furniture,2,10873.82,1997.83,Pune
102928,2025-06-30,Customer_0618,Table,Furniture,4,32407.57,7017.96,Nagpur
102102,2025-06-30,Customer_2486,Cookware,Home,4,8089.75,1616.98,Pune
102101,2025-06-30,Customer_1765,Jacket,Clothing,6,16610.97,1739.35,Pune
102934,2025-06-30,Customer_1946,Backpack,Clothing,8,12422.59,1930.43,Nashik
102100,2025-06-30,Customer_1833,Desk,Furniture,6,72628.63,14539.71,Mumbai
102946,2025-06-30,Customer_0693,Mixer,Home,7,25470.14,4791.21,Nashik
102947,2025-06-30,Customer_2132,Jeans,Clothing,5,7885.05,1504.44,Pune
102949,2025-06-30,Customer_1839,Bookshelf,Furniture,5,31421.56,5493.61,Nagpur
102950,2025-06-30,Customer_1877,T-Shirt,Clothing,5,3560.95,245.91,Aurangabad
102953,2025-06-30,Customer_1591,Table,Furniture,7,53896.79,9750.42,Pune
102954,2025-06-30,Customer_1503,Shoes,Clothing,6,13944.04,1528.32,Kolhapur
102966,2025-06-30,Customer_2029,Table,Furniture,4,37342.82,3660.32,Kolhapur
102967,2025-06-30,Customer_2425,Table,Furniture,5,45044.15,9377.93,Pune
102973,2025-06-30,Customer_1028,Jeans,Clothing,7,9833.35,2038.87,Nashik
102909,2025-06-30,Customer_2341,Laptop,Electronics,8,418116.42,38994.43,Aurangabad
102186,2025-06-30,Customer_2404,Monitor,Electronics,5,70125.65,8680.34,Nagpur
102904,2025-06-30,Customer_0267,T-Shirt,Clothing,2,1378.89,144.17,Nagpur
102896,2025-06-30,Customer_1811,Shoes,Clothing,3,7219.87,561.13,Kolhapur
102821,2025-06-30,Customer_2245,Mixer,Home,4,15030.96,1493.06,Mumbai
102823,2025-06-30,Customer_1804,Desk,Furniture,4,46523.34,4357.71,Aurangabad
105136,2025-06-30,Customer_0813,Bookshelf,Furniture,1,5102.06,536.66,Nagpur
102831,2025-06-30,Customer_2193,Office Chair,Furniture,8,67846.3,5557.59,Nashik
102835,2025-06-30,Customer_0091,Mixer,Home,3,9495.07,1780.91,Kolhapur
102836,2025-06-30,Customer_1424,Vacuum Cleaner,Home,1,6416.11,721.96,Nagpur
102136,2025-06-30,Customer_2462,Table,Furniture,3,28688.67,2033.11,Nagpur
102851,2025-06-30,Customer_0084,Mixer,Home,5,19721.67,3543.87,Kolhapur
102853,2025-06-30,Customer_0020,Office Chair,Furniture,1,7472.88,671.44,Nashik
102854,2025-06-30,Customer_2327,Lamp,Home,1,1342.1,133.9,Kolhapur
103455,2025-06-30,Customer_0811,Cabinet,Furniture,2,13974.93,1794.19,Nagpur
105132,2025-06-30,Customer_2116,Vacuum Cleaner,Home,4,25479.89,3760.33,Nashik
102132,2025-06-30,Customer_0059,Bookshelf,Furniture,6,35274.79,3232.14,Mumbai
102863,2025-06-30,Customer_2272,Bedsheet,Home,2,3513.46,555.57,Pune
102870,2025-06-30,Customer_0098,Mixer,Home,8,25297.51,5259.57,Nagpur
102871,2025-06-30,Customer_2498,Headphones,Electronics,8,21573.91,2955.99,Nagpur
102128,2025-06-30,Customer_1401,Laptop,Electronics,7,391217.47,69211.5,Nashik
102127,2025-06-30,Customer_1063,Bedsheet,Home,4,7389.37,819.26,Mumbai
102881,2025-06-30,Customer_0936,Jeans,Clothing,7,11784.73,1527.27,Nashik
102883,2025-06-30,Customer_1732,Cabinet,Furniture,5,42355.16,2899.29,Aurangabad
102890,2025-06-30,Customer_1167,Bookshelf,Furniture,7,45682.36,9768.21,Kolhapur
102118,2025-06-30,Customer_0818,Tablet,Electronics,7,128395.91,10040.82,Nagpur
102976,2025-06-30,Customer_0328,T-Shirt,Clothing,7,6584.93,309.96,Aurangabad
102651,2025-06-30,Customer_0934,Shoes,Clothing,5,13599.61,1142.7,Pune
102648,2025-06-30,Customer_1193,Backpack,Clothing,6,9363.64,1994.93,Nashik
101420,2025-06-30,Customer_0406,Cabinet,Furniture,2,13879.21,1659.39,Kolhapur
102259,2025-06-30,Customer_0035,Jacket,Clothing,2,5779.63,869.08,Nagpur
105234,2025-06-30,Customer_1707,Cabinet,Furniture,1,8262.95,1397.08,Nagpur
102406,2025-06-30,Customer_1380,Bookshelf,Furniture,2,11331.27,2444.88,Nashik
102257,2025-06-30,Customer_0781,Lamp,Home,5,5424.52,953.97,Pune
102418,2025-06-30,Customer_0949,Backpack,Clothing,2,2658.8,425.16,Aurangabad
102420,2025-06-30,Customer_2212,Office Chair,Furniture,1,8182.03,1049.49,Kolhapur
102427,2025-06-30,Customer_2101,Jacket,Clothing,8,23573.81,1624.29,Aurangabad
102431,2025-06-30,Customer_0621,Bookshelf,Furniture,8,50762.19,4033.51,Nagpur
102401,2025-06-30,Customer_0064,Desk,Furniture,8,84287.85,7385.74,Mumbai
105227,2025-06-30,Customer_1097,Bedsheet,Home,4,8128.05,498.03,Mumbai
102244,2025-06-30,Customer_0040,T-Shirt,Clothing,3,2144.34,388.2,Kolhapur
102450,2025-06-30,Customer_0370,Laptop,Electronics,7,418751.68,53001.92,Aurangabad
102243,2025-06-30,Customer_0086,Bedsheet,Home,6,9880.59,702.68,Mumbai
102239,2025-06-30,Customer_0013,Backpack,Clothing,5,7504.08,1203.89,Pune
102457,2025-06-30,Customer_0100,Bookshelf,Furniture,5,34440.36,2791.44,Mumbai
102458,2025-06-30,Customer_0507,Office Chair,Furniture,5,32429.53,5548.59,Nagpur
102461,2025-06-30,Customer_0796,Office Chair,Furniture,7,52673.33,10861.79,Kolhapur
105216,2025-06-30,Customer_0130,Bookshelf,Furniture,1,6873.93,816.2,Nashik
102237,2025-06-30,Customer_1099,Mixer,Home,4,12076.59,1880.54,Nagpur
102447,2025-06-30,Customer_0187,Cookware,Home,6,13951.77,2099.61,Nashik
102261,2025-06-30,Customer_1181,Bookshelf,Furniture,8,42560.96,8332.33,Pune
102390,2025-06-30,Customer_2162,Vacuum Cleaner,Home,2,13271.85,1266.86,Pune
105240,2025-06-30,Customer_1187,Jeans,Clothing,3,5144.64,754.08,Mumbai
102293,2025-06-30,Customer_0986,Smartphone,Electronics,3,65216.84,4433.94,Mumbai
105249,2025-06-30,Customer_0416,Jeans,Clothing,2,3613.48,734.5,Nagpur
102307,2025-06-30,Customer_2395,Backpack,Clothing,6,8045.17,1229.84,Kolhapur
102315,2025-06-30,Customer_2012,Desk,Furniture,5,61336.87,11855.75,Nagpur
102317,2025-06-30,Customer_0395,Office Chair,Furniture,1,7132.59,592.83,Mumbai
102324,2025-06-30,Customer_2464,Cookware,Home,1,2495.42,334.93,Kolhapur
102334,2025-06-30,Customer_0531,Monitor,Electronics,8,100185.75,16206.69,Nashik
105248,2025-06-30,Customer_1701,Cabinet,Furniture,2,15847.25,3248.73,Pune
102341,2025-06-30,Customer_1406,Jacket,Clothing,4,10369.22,1138.8,Nagpur
102275,2025-06-30,Customer_1284,Smartphone,Electronics,8,194852.03,13080.23,Kolhapur
102356,2025-06-30,Customer_1139,Mixer,Home,5,16156.33,1264.82,Kolhapur
102358,2025-06-30,Customer_1568,Bedsheet,Home,1,1927.85,182.18,Nagpur
102360,2025-06-30,Customer_1250,Table,Furniture,1,9837.56,1911.04,Pune
101418,2025-06-30,Customer_0120,Desk,Furniture,6,66888.65,6259.33,Pune
102366,2025-06-30,Customer_2224,T-Shirt,Clothing,4,2388.6,151.78,Nashik
105243,2025-06-30,Customer_2241,Bedsheet,Home,4,7005.56,1360.18,Mumbai
102273,2025-06-30,Customer_0351,Bookshelf,Furniture,5,33550.85,5851.84,Nashik
102370,2025-06-30,Customer_1818,Jacket,Clothing,3,7461.1,1098.95,Nagpur
102272,2025-06-30,Customer_0556,Desk,Furniture,5,52961.49,5302.35,Nagpur
102376,2025-06-30,Customer_0158,Smartphone,Electronics,2,48947.85,7961.43,Mumbai
102388,2025-06-30,Customer_2387,Jeans,Clothing,7,10171.6,873.41,Pune
101427,2025-06-30,Customer_1181,Table,Furniture,6,57516.18,4226.48,Kolhapur
102236,2025-06-30,Customer_1658,Headphones,Electronics,4,9518.72,1081.67,Nagpur
102471,2025-06-30,Customer_2298,Office Chair,Furniture,2,14855.41,1545.06,Mumbai
102474,2025-06-30,Customer_1033,Office Chair,Furniture,8,58051.1,8956.33,Nagpur
102575,2025-06-30,Customer_0659,Tablet,Electronics,1,19095.39,3021.79,Nashik
102583,2025-06-30,Customer_0498,Lamp,Home,1,1066.96,194.22,Nagpur
102587,2025-06-30,Customer_1830,Shoes,Clothing,1,2587.66,366.0,Nashik
102589,2025-06-30,Customer_1019,Monitor,Electronics,7,101969.72,13343.68,Mumbai
102591,2025-06-30,Customer_1126,Table,Furniture,7,55469.76,6242.36,Nashik
102594,2025-06-30,Customer_1565,Smartphone,Electronics,2,54271.61,7472.08,Kolhapur
102595,2025-06-30,Customer_1731,Headphones,Electronics,5,11883.04,869.56,Nagpur
102197,2025-06-30,Customer_1726,Mixer,Home,5,15887.21,2547.99,Pune
102601,2025-06-30,Customer_1668,Jacket,Clothing,1,2660.32,581.88,Mumbai
102603,2025-06-30,Customer_0398,Vacuum Cleaner,Home,6,43160.55,8993.04,Mumbai
101433,2025-06-30,Customer_2141,Tablet,Electronics,8,128827.65,19239.32,Aurangabad
102606,2025-06-30,Customer_1949,Backpack,Clothing,7,8945.69,1925.22,Kolhapur
102607,2025-06-30,Customer_1310,Headphones,Electronics,6,15755.37,2907.94,Nashik
102608,2025-06-30,Customer_2044,Cookware,Home,8,19058.02,2775.07,Mumbai
102609,2025-06-30,Customer_1651,Table,Furniture,5,49016.1,7613.63,Pune
102622,2025-06-30,Customer_1901,T-Shirt,Clothing,6,4184.64,913.84,Aurangabad
102193,2025-06-30,Customer_2465,Tablet,Electronics,5,101931.43,14761.11,Mumbai
102624,2025-06-30,Customer_0774,Bedsheet,Home,7,11813.09,2154.92,Aurangabad
102626,2025-06-30,Customer_0094,Monitor,Electronics,7,85692.88,5298.32,Nashik
102637,2025-06-30,Customer_2487,Lamp,Home,2,2482.43,418.9,Aurangabad
102643,2025-06-30,Customer_1352,Bookshelf,Furniture,2,10705.16,1648.37,Aurangabad
102574,2025-06-30,Customer_1419,Tablet,Electronics,2,31384.97,5469.13,Aurangabad
102649,2025-06-30,Customer_1947,Cabinet,Furniture,5,38111.19,2930.45,Aurangabad
105197,2025-06-30,Customer_2057,Monitor,Electronics,6,94673.28,20765.81,Pune
102571,2025-06-30,Customer_0618,Cookware,Home,7,15329.67,1179.23,Nashik
102483,2025-06-30,Customer_1636,Cookware,Home,7,14209.56,2611.56,Pune
102488,2025-06-30,Customer_0863,Shoes,Clothing,8,22315.54,4365.32,Nashik
102491,2025-06-30,Customer_0817,Headphones,Electronics,4,9023.64,643.66,Aurangabad
102492,2025-06-30,Customer_1356,Monitor,Electronics,8,108647.36,16547.81,Pune
105209,2025-06-30,Customer_0078,Lamp,Home,6,6807.95,983.1,Aurangabad
105208,2025-06-30,Customer_0223,Smartphone,Electronics,4,101224.36,7674.77,Mumbai
102493,2025-06-30,Customer_2435,Monitor,Electronics,8,123925.21,26752.83,Mumbai
102498,2025-06-30,Customer_1077,Bookshelf,Furniture,3,19387.86,2850.46,Kolhapur
102228,2025-06-30,Customer_0869,Headphones,Electronics,7,17057.44,3171.2,Mumbai
102511,2025-06-30,Customer_2293,Shoes,Clothing,4,8871.64,1333.5,Mumbai
105202,2025-06-30,Customer_0399,Monitor,Electronics,5,113167.25,19351.17,Pune
102224,2025-06-30,Customer_0604,Bookshelf,Furniture,2,10795.93,1343.41,Nagpur
102518,2025-06-30,Customer_2009,Vacuum Cleaner,Home,8,46525.89,9921.7,Mumbai
102218,2025-06-30,Customer_0886,Smartphone,Electronics,1,28739.2,3715.75,Nagpur
102533,2025-06-30,Customer_1011,Shoes,Clothing,2,5719.18,1072.68,Nashik
105200,2025-06-30,Customer_1775,Headphones,Electronics,4,9718.52,1525.69,Nagpur
102212,2025-06-30,Customer_0492,Desk,Furniture,8,88445.72,6455.66,Mumbai
102542,2025-06-30,Customer_1058,T-Shirt,Clothing,4,2673.16,354.5,Mumbai
102208,2025-06-30,Customer_0361,Cookware,Home,3,5659.44,701.32,Mumbai
102546,2025-06-30,Customer_0033,T-Shirt,Clothing,6,4414.53,592.26,Mumbai
102202,2025-06-30,Customer_0390,Laptop,Electronics,5,413105.76,60809.72,Nagpur
102573,2025-06-30,Customer_1632,Cookware,Home,3,6698.98,845.05,Aurangabad
102977,2025-06-30,Customer_1305,Mixer,Home,2,7858.25,1123.3,Kolhapur
101552,2025-06-30,Customer_0380,Laptop,Electronics,7,330929.46,44704.76,Nagpur
102988,2025-06-30,Customer_1382,Cookware,Home,5,11790.08,1048.94,Mumbai
105060,2025-06-30,Customer_1125,Shoes,Clothing,7,19240.61,3047.97,Pune
103279,2025-06-30,Customer_2166,Backpack,Clothing,7,9673.27,1216.36,Kolhapur
102026,2025-06-30,Customer_0006,Desk,Furniture,2,23642.81,3864.83,Aurangabad
103280,2025-06-30,Customer_1864,Table,Furniture,1,9148.52,905.27,Aurangabad
102027,2025-06-30,Customer_1330,Backpack,Clothing,6,9541.07,1785.4,Pune
103282,2025-06-30,Customer_2414,T-Shirt,Clothing,7,4439.45,407.29,Aurangabad
103288,2025-06-30,Customer_0312,Tablet,Electronics,1,17060.78,1388.22,Nashik
102028,2025-06-30,Customer_1208,Jeans,Clothing,7,9654.44,1092.59,Nashik
103290,2025-06-30,Customer_2188,Tablet,Electronics,4,63572.97,8134.12,Aurangabad
105058,2025-06-30,Customer_1321,Vacuum Cleaner,Home,7,52286.27,8250.43,Nashik
103297,2025-06-30,Customer_0313,Backpack,Clothing,2,2532.45,200.73,Mumbai
103187,2025-06-30,Customer_0939,Lamp,Home,3,3191.28,301.25,Nagpur
102030,2025-06-30,Customer_0065,Jeans,Clothing,5,8480.45,1629.97,Kolhapur
105081,2025-06-30,Customer_0078,Cookware,Home,5,9673.2,1803.87,Nashik
102009,2025-06-30,Customer_0535,Mixer,Home,2,8025.23,926.26,Aurangabad
103302,2025-06-30,Customer_2234,Table,Furniture,4,36137.55,4918.47,Nashik
103309,2025-06-30,Customer_0816,Lamp,Home,6,7395.82,1594.0,Pune
103311,2025-06-30,Customer_1388,T-Shirt,Clothing,6,3824.27,272.61,Nagpur
102033,2025-06-30,Customer_0638,Cabinet,Furniture,7,60479.26,7133.44,Nagpur
103315,2025-06-30,Customer_1279,Headphones,Electronics,4,9831.38,1038.05,Kolhapur
103174,2025-06-30,Customer_1528,Bedsheet,Home,4,7083.28,774.75,Mumbai
105085,2025-06-30,Customer_1920,Backpack,Clothing,1,1406.09,189.68,Mumbai
103317,2025-06-30,Customer_1555,Jeans,Clothing,5,7193.7,461.5,Mumbai
103172,2025-06-30,Customer_1789,Jeans,Clothing,8,11201.82,960.16,Kolhapur
103320,2025-06-30,Customer_0108,Shoes,Clothing,1,2404.95,486.27,Nashik
103170,2025-06-30,Customer_1813,Tablet,Electronics,8,161251.46,34699.39,Mumbai
103323,2025-06-30,Customer_0749,Jacket,Clothing,2,6177.36,876.97,Kolhapur
103327,2025-06-30,Customer_0381,Headphones,Electronics,7,17450.01,1158.14,Aurangabad
103163,2025-06-30,Customer_0901,Monitor,Electronics,6,80375.41,9610.81,Mumbai
101995,2025-06-30,Customer_0542,Desk,Furniture,5,21475.57,2900.63,Nagpur
103182,2025-06-30,Customer_1961,Jacket,Clothing,5,16049.89,2654.87,Mumbai
103196,2025-06-30,Customer_0639,Office Chair,Furniture,8,55724.21,6273.14,Mumbai
103273,2025-06-30,Customer_1995,Shoes,Clothing,2,4556.4,832.33,Nashik
103272,2025-06-30,Customer_0031,Lamp,Home,3,3226.04,262.33,Mumbai
102987,2025-06-30,Customer_0068,Desk,Furniture,2,24471.88,3963.68,Nagpur
103247,2025-06-30,Customer_2431,Cabinet,Furniture,6,53979.63,6730.29,Nagpur
103244,2025-06-30,Customer_1993,Headphones,Electronics,4,10174.83,2012.76,Nagpur
103248,2025-06-30,Customer_0338,Laptop,Electronics,2,106491.31,11548.01,Aurangabad
101464,2025-06-30,Customer_2060,Bookshelf,Furniture,8,47881.79,7204.92,Aurangabad
102019,2025-06-30,Customer_1642,Vacuum Cleaner,Home,7,42773.1,6201.14,Kolhapur
105066,2025-06-30,Customer_1213,Monitor,Electronics,8,123171.26,12727.67,Pune
103250,2025-06-30,Customer_1931,Office Chair,Furniture,1,7218.42,1357.0,Mumbai
101463,2025-06-30,Unknown Customer,Lamp,Home,2,2388.67,353.52,Pune
103251,2025-06-30,Customer_1503,Smartphone,Electronics,5,137534.58,14945.77,Aurangabad
103233,2025-06-30,Customer_2416,Jacket,Clothing,3,7553.83,520.89,Kolhapur
103229,2025-06-30,Customer_0272,Jeans,Clothing,1,1701.88,204.47,Mumbai
103258,2025-06-30,Customer_1163,Tablet,Electronics,4,78723.84,7449.71,Pune
103223,2025-06-30,Customer_1353,Smartphone,Electronics,7,181127.4,13583.83,Aurangabad
103221,2025-06-30,Customer_1796,Monitor,Electronics,2,27403.35,5435.9,Nagpur
102015,2025-06-30,Customer_1978,Tablet,Electronics,2,31130.57,3535.16,Nagpur
102022,2025-06-30,Customer_1214,Jacket,Clothing,4,12867.05,1450.46,Aurangabad
102025,2025-06-30,Customer_1108,Bookshelf,Furniture,3,20186.62,3019.93,Pune
103271,2025-06-30,Customer_0545,Lamp,Home,8,10949.75,1834.56,Nashik
103201,2025-06-30,Customer_1618,Vacuum Cleaner,Home,8,57544.49,7463.35,Kolhapur
103204,2025-06-30,Customer_0848,Cookware,Home,1,2019.9,408.28,Pune
105074,2025-06-30,Customer_2392,Backpack,Clothing,1,1283.37,120.72,Nagpur
102023,2025-06-30,Customer_0701,Backpack,Clothing,2,2700.56,429.08,Mumbai
103338,2025-06-30,Customer_2369,Vacuum Cleaner,Home,7,49394.78,3928.3,Nashik
102012,2025-06-30,Customer_0828,Jacket,Clothing,8,24113.46,1790.09,Kolhapur
103214,2025-06-30,Customer_1776,Shoes,Clothing,7,18328.34,2803.86,Pune
102013,2025-06-30,Customer_0786,Office Chair,Furniture,3,24938.43,4740.72,Nagpur
105072,2025-06-30,Customer_2215,Headphones,Electronics,1,2856.47,464.81,Kolhapur
105063,2025-06-30,Customer_0293,T-Shirt,Clothing,6,4312.26,890.18,Nagpur
103215,2025-06-30,Customer_0166,Jacket,Clothing,8,22600.92,4406.06,Nagpur
103218,2025-06-30,Customer_2087,T-Shirt,Clothing,1,647.61,73.45,Mumbai
103212,2025-06-30,Customer_0211,Cookware,Home,7,17597.01,1569.74,Mumbai
103341,2025-06-30,Customer_2362,Bookshelf,Furniture,3,16997.3,1250.1,Mumbai
103168,2025-06-30,Customer_1783,Smartphone,Electronics,5,106908.7,17006.32,Kolhapur
103342,2025-06-30,Customer_0165,Smartphone,Electronics,3,74202.12,13333.94,Mumbai
103431,2025-06-30,Customer_1036,Laptop,Electronics,7,438489.74,34930.13,Kolhapur
105033,2025-06-30,Unknown Customer,Vacuum Cleaner,Home,5,33793.93,3933.76,Pune
103429,2025-06-30,Customer_1455,Table,Furniture,8,73143.65,12540.2,Pune
103425,2025-06-30,Customer_0612,Smartphone,Electronics,7,183921.99,11430.94,Nashik
103041,2025-06-30,Customer_1371,Desk,Furniture,5,68258.42,6345.49,Mumbai
103045,2025-06-30,Customer_0820,Mixer,Home,4,12620.35,1897.8,Kolhapur
105032,2025-06-30,Customer_2405,Monitor,Electronics,4,61568.41,12063.58,Aurangabad
103051,2025-06-30,Customer_1018,Bedsheet,Home,5,10040.68,709.26,Pune
103056,2025-06-30,Customer_0144,Mixer,Home,5,18633.21,3389.66,Pune
103422,2025-06-30,Customer_1007,Laptop,Electronics,5,273812.69,36852.57,Nagpur
103418,2025-06-30,Customer_1177,Cabinet,Furniture,8,66749.03,13426.83,Nagpur
105056,2025-06-30,Customer_1322,Laptop,Electronics,7,370131.33,30931.21,Nashik
103417,2025-06-30,Customer_0653,Jacket,Clothing,5,15186.25,1662.61,Pune
103408,2025-06-30,Customer_0367,Desk,Furniture,4,54984.14,4145.81,Kolhapur
103054,2025-06-30,Customer_1508,Office Chair,Furniture,1,6627.61,1168.31,Mumbai
103401,2025-06-30,Customer_0942,Smartphone,Electronics,1,24726.64,4401.3,Aurangabad
103017,2025-06-30,Customer_1868,T-Shirt,Clothing,5,3398.92,672.92,Nashik
103008,2025-06-30,Customer_1341,Desk,Furniture,1,13795.84,2106.28,Nashik
102078,2025-06-30,Customer_1175,Shoes,Clothing,1,2280.06,363.58,Pune
105108,2025-06-30,Customer_0830,Lamp,Home,6,7041.51,799.72,Kolhapur
103447,2025-06-30,Customer_2278,Headphones,Electronics,4,9574.26,1944.31,Aurangabad
103436,2025-06-30,Customer_1209,Smartphone,Electronics,7,193696.84,18775.2,Aurangabad
105106,2025-06-30,Customer_1909,Mixer,Home,5,19179.38,4113.63,Nagpur
105030,2025-06-30,Customer_2350,Mixer,Home,5,18797.2,1823.56,Nagpur
103013,2025-06-30,Customer_0837,Headphones,Electronics,5,11353.72,2450.47,Mumbai
105031,2025-06-30,Customer_2402,Jacket,Clothing,8,21284.48,1399.02,Mumbai
103435,2025-06-30,Customer_0993,Tablet,Electronics,5,101389.83,6671.49,Mumbai
101970,2025-06-30,Customer_1189,Cabinet,Furniture,2,18100.12,3219.38,Nashik
102996,2025-06-30,Customer_2454,Vacuum Cleaner,Home,2,11775.43,1186.51,Mumbai
102999,2025-06-30,Customer_1337,Cookware,Home,4,7591.84,1274.15,Aurangabad
103000,2025-06-30,Customer_1150,Bookshelf,Furniture,8,48537.62,6361.49,Kolhapur
101456,2025-06-30,Customer_1754,Shoes,Clothing,2,5017.15,654.36,Nashik
102990,2025-06-30,Customer_1993,Jeans,Clothing,4,7066.33,1034.59,Kolhapur
101457,2025-06-30,Customer_0232,Shoes,Clothing,6,15055.93,2523.89,Aurangabad
105039,2025-06-30,Customer_0428,Cabinet,Furniture,2,16724.65,2069.46,Nashik
103110,2025-06-30,Customer_2391,Desk,Furniture,6,63248.34,7305.0,Nagpur
101988,2025-06-30,Customer_0638,Laptop,Electronics,3,187782.49,18888.5,Nashik
103060,2025-06-30,Customer_2307,Jacket,Clothing,1,2530.8,202.26,Nagpur
103357,2025-06-30,Customer_1968,Lamp,Home,3,3145.08,328.05,Mumbai
103111,2025-06-30,Customer_0416,Table,Furniture,2,15497.48,1392.08,Mumbai
103115,2025-06-30,Customer_2283,Headphones,Electronics,7,14987.56,2670.55,Aurangabad
103356,2025-06-30,Customer_1129,Table,Furniture,4,38484.81,3620.14,Nagpur
103373,2025-06-30,Customer_0840,Table,Furniture,1,8608.86,903.62,Nagpur
103354,2025-06-30,Customer_1939,Table,Furniture,1,7906.32,877.73,Kolhapur
103125,2025-06-30,Customer_0875,Jeans,Clothing,8,14255.6,1778.0,Mumbai
103353,2025-06-30,Customer_1161,Headphones,Electronics,3,7852.85,1292.65,Nashik
105052,2025-06-30,Customer_0016,Cabinet,Furniture,4,33918.36,7237.11,Kolhapur
103141,2025-06-30,Customer_1112,Headphones,Electronics,5,13953.46,2101.71,Nashik
103351,2025-06-30,Customer_0650,Tablet,Electronics,8,129469.33,25814.53,Pune
102039,2025-06-30,Customer_1864,Tablet,Electronics,4,73501.46,14719.17,Aurangabad
103124,2025-06-30,Customer_1243,Backpack,Clothing,1,1424.16,303.49,Mumbai
103389,2025-06-30,Customer_0129,Cookware,Home,3,6776.3,682.24,Pune
103245,2025-06-30,Customer_1661,Vacuum Cleaner,Home,4,28582.85,3004.82,Nagpur
103398,2025-06-30,Customer_1066,Lamp,Home,6,7605.22,1664.51,Kolhapur
103061,2025-06-30,Customer_0267,Smartphone,Electronics,4,112446.35,9270.39,Nagpur
103077,2025-06-30,Customer_2213,Cabinet,Furniture,6,52860.9,6248.79,Aurangabad
103062,2025-06-30,Customer_2038,Mixer,Home,1,3539.53,548.26,Nagpur
102049,2025-06-30,Customer_0919,Cookware,Home,1,2241.71,192.69,Pune
102053,2025-06-30,Customer_0485,T-Shirt,Clothing,6,3842.4,704.84,Nashik
102054,2025-06-30,Customer_0730,Laptop,Electronics,3,141250.77,23634.3,Nagpur
103086,2025-06-30,Customer_2029,Office Chair,Furniture,2,13417.36,2641.26,Mumbai
103400,2025-06-30,Customer_0373,Vacuum Cleaner,Home,8,59222.42,11432.63,Kolhapur
103089,2025-06-30,Customer_0496,Laptop,Electronics,5,236407.77,31679.96,Mumbai
103391,2025-06-30,Customer_1549,Smartphone,Electronics,8,209161.34,16609.24,Pune
102056,2025-06-30,Customer_1427,Backpack,Clothing,5,7761.05,1526.47,Pune
101162,2025-07-01,Customer_0007,Bookshelf,Furniture,4,24144.6,4656.04,Pune
101188,2025-07-01,Customer_1117,Shoes,Clothing,2,5380.91,417.9,Mumbai
107864,2025-07-01,Customer_1281,Headphones,Electronics,2,5668.69,827.52,Nashik
105183,2025-07-01,Customer_0380,Bedsheet,Home,5,7827.6,1425.77,Nashik
109753,2025-07-01,Customer_0156,Jeans,Clothing,1,1797.86,219.52,Mumbai
105735,2025-07-01,Customer_0498,Table,Furniture,1,9130.18,1335.93,Aurangabad
106731,2025-07-01,Customer_0221,Bedsheet,Home,8,14844.51,1578.73,Nashik
105731,2025-07-01,Customer_0596,Cabinet,Furniture,3,21335.68,1725.03,Nashik
104449,2025-07-01,Customer_0462,Monitor,Electronics,1,13606.58,884.75,Nashik
106699,2025-07-01,Customer_2291,Jacket,Clothing,2,5783.53,911.02,Mumbai
108007,2025-07-01,Customer_0857,Lamp,Home,3,3863.39,380.96,Kolhapur
106691,2025-07-01,Customer_1336,Lamp,Home,4,5363.19,597.62,Nagpur
106364,2025-07-01,Customer_1592,Office Chair,Furniture,2,14220.26,1698.56,Mumbai
104814,2025-07-01,Customer_0241,Office Chair,Furniture,8,55129.54,4698.98,Nashik
109629,2025-07-01,Customer_2408,Cabinet,Furniture,6,48900.16,7633.11,Kolhapur
104886,2025-07-01,Customer_2311,Office Chair,Furniture,5,40012.01,2853.13,Pune
108662,2025-07-01,Customer_1333,Bookshelf,Furniture,6,39720.31,7018.23,Kolhapur
107362,2025-07-01,Customer_1528,Cabinet,Furniture,4,36370.75,4463.58,Nagpur
105385,2025-07-01,Customer_0011,Jacket,Clothing,5,12774.85,2211.58,Aurangabad
109094,2025-07-01,Customer_1490,Table,Furniture,3,27760.95,5998.52,Kolhapur
108634,2025-07-01,Customer_1938,T-Shirt,Clothing,4,2825.4,266.56,Pune
104287,2025-07-01,Customer_1778,Mixer,Home,4,14267.03,2535.42,Kolhapur
100631,2025-07-01,Customer_1112,Table,Furniture,6,46359.07,8927.13,Pune
101274,2025-07-01,Customer_0299,T-Shirt,Clothing,1,793.2,149.65,Pune
107331,2025-07-01,Customer_2000,Desk,Furniture,2,22894.8,4527.1,Kolhapur
107517,2025-07-01,Customer_0528,Bedsheet,Home,2,3388.24,669.71,Mumbai
102844,2025-07-01,Customer_0743,Desk,Furniture,3,38140.92,7940.57,Pune
107253,2025-07-01,Customer_2276,Vacuum Cleaner,Home,1,7202.1,570.83,Kolhapur
102824,2025-07-01,Customer_1216,Desk,Furniture,1,12076.57,2504.97,Mumbai
103806,2025-07-01,Customer_1290,Office Chair,Furniture,5,41126.59,6062.25,Nagpur
102497,2025-07-02,Customer_0422,Office Chair,Furniture,3,22516.19,2571.1,Aurangabad
104840,2025-07-02,Customer_2121,Monitor,Electronics,1,13002.28,1263.76,Aurangabad
104212,2025-07-02,Customer_1695,T-Shirt,Clothing,8,5044.86,962.54,Nashik
108878,2025-07-02,Customer_2302,Monitor,Electronics,6,89837.83,12150.96,Nagpur
100825,2025-07-02,Customer_0781,Cookware,Home,8,16626.65,1228.88,Aurangabad
103509,2025-07-02,Customer_2302,Smartphone,Electronics,1,22926.24,4483.31,Nagpur
102760,2025-07-02,Unknown Customer,Tablet,Electronics,1,18988.01,3075.73,Mumbai
103160,2025-07-02,Customer_1136,Laptop,Electronics,6,284019.64,62365.31,Nashik
102762,2025-07-02,Customer_2344,Lamp,Home,1,1300.3,129.76,Nagpur
103265,2025-07-02,Customer_1363,Office Chair,Furniture,5,34426.16,4576.66,Aurangabad
106455,2025-07-02,Customer_1329,Desk,Furniture,1,11206.3,964.76,Kolhapur
100553,2025-07-02,Customer_2200,T-Shirt,Clothing,2,1460.84,175.05,Mumbai
106483,2025-07-02,Customer_0597,Vacuum Cleaner,Home,6,37205.68,6180.79,Kolhapur
107042,2025-07-02,Customer_0839,Lamp,Home,5,5840.08,569.37,Mumbai
104867,2025-07-02,Customer_0624,Shoes,Clothing,7,19368.87,3934.39,Mumbai
101482,2025-07-02,Customer_1729,Vacuum Cleaner,Home,7,43775.2,4958.24,Aurangabad
103647,2025-07-02,Customer_2339,Jeans,Clothing,1,1426.28,115.76,Nashik
106924,2025-07-02,Customer_1619,Cabinet,Furniture,1,8917.08,592.44,Mumbai
102604,2025-07-02,Unknown Customer,Office Chair,Furniture,6,39472.9,3084.74,Pune
101885,2025-07-02,Customer_0524,Desk,Furniture,1,11248.58,1345.15,Nagpur
100223,2025-07-03,Customer_1238,Office Chair,Furniture,8,58910.38,8212.79,Aurangabad
105040,2025-07-03,Customer_0934,Backpack,Clothing,6,7350.34,782.91,Nashik
107543,2025-07-03,Customer_1675,Backpack,Clothing,7,11135.46,2054.43,Nagpur
109104,2025-07-03,Customer_1875,Tablet,Electronics,4,63254.03,6248.25,Pune
103952,2025-07-03,Customer_1286,Desk,Furniture,8,95578.74,8809.81,Kolhapur
102034,2025-07-03,Customer_0608,Table,Furniture,6,57792.82,4429.94,Nagpur
101102,2025-07-03,Customer_2083,Cookware,Home,7,14636.48,2506.91,Aurangabad
102656,2025-07-03,Customer_2152,Bedsheet,Home,3,4694.06,427.39,Nagpur
104920,2025-07-03,Customer_1499,Backpack,Clothing,7,8598.63,1111.1,Mumbai
106724,2025-07-03,Customer_2296,Headphones,Electronics,5,13764.3,1526.2,Pune
103495,2025-07-03,Customer_2316,Desk,Furniture,5,75399.69,4712.75,Pune
109402,2025-07-03,Customer_0767,Cabinet,Furniture,7,61784.53,8994.13,Nashik
100809,2025-07-03,Customer_0048,Cookware,Home,1,2115.17,278.83,Aurangabad
107774,2025-07-03,Customer_0912,Smartphone,Electronics,5,127371.32,21278.05,Aurangabad
105371,2025-07-03,Customer_1238,Desk,Furniture,1,11476.06,2052.5,Pune
103622,2025-07-03,Customer_1693,Bedsheet,Home,5,10061.66,1628.45,Mumbai
105260,2025-07-03,Customer_2397,Tablet,Electronics,3,51654.82,4371.74,Kolhapur
100830,2025-07-03,Customer_0526,Cabinet,Furniture,3,27332.67,4217.85,Pune
105233,2025-07-03,Customer_0646,Shoes,Clothing,7,19708.87,1424.52,Nashik
103562,2025-07-03,Customer_2479,Headphones,Electronics,1,2205.43,164.99,Aurangabad
106966,2025-07-03,Customer_2221,Mixer,Home,2,7266.29,1022.36,Pune
105268,2025-07-03,Customer_1012,Laptop,Electronics,7,394388.16,30533.95,Kolhapur
105107,2025-07-04,Customer_1824,Jacket,Clothing,2,5063.48,785.49,Nagpur
107655,2025-07-04,Customer_2213,Lamp,Home,2,2141.69,279.32,Pune
108218,2025-07-04,Customer_1547,Table,Furniture,2,20038.31,2884.3,Pune
102031,2025-07-04,Customer_2476,Tablet,Electronics,5,96246.32,21009.93,Kolhapur
101509,2025-07-04,Customer_1309,Cabinet,Furniture,7,56418.89,7692.19,Nagpur
106736,2025-07-04,Customer_2427,Bookshelf,Furniture,5,27355.25,2739.93,Nashik
106822,2025-07-04,Customer_0248,Laptop,Electronics,4,204988.26,25442.66,Kolhapur
107425,2025-07-04,Customer_2428,Jeans,Clothing,5,8371.43,1440.27,Mumbai
106126,2025-07-04,Customer_1086,Laptop,Electronics,7,428202.3,75851.4,Nashik
107488,2025-07-04,Customer_1808,Cabinet,Furniture,2,16351.96,1079.19,Pune
104475,2025-07-04,Customer_0142,Mixer,Home,4,16016.0,1780.2,Aurangabad
106650,2025-07-04,Customer_1295,Bedsheet,Home,1,1939.39,126.83,Kolhapur
109353,2025-07-04,Customer_1565,Laptop,Electronics,6,288365.12,33400.03,Nagpur
108516,2025-07-04,Customer_1119,Vacuum Cleaner,Home,8,58906.83,8274.06,Nagpur
108167,2025-07-04,Customer_2351,Vacuum Cleaner,Home,4,22270.29,4876.77,Aurangabad
100466,2025-07-04,Customer_0193,Table,Furniture,8,70279.24,14281.87,Nashik
109785,2025-07-05,Customer_0022,Smartphone,Electronics,1,25646.06,2124.32,Pune
103822,2025-07-05,Customer_0803,Vacuum Cleaner,Home,3,19644.54,1248.61,Pune
100589,2025-07-05,Customer_1883,Laptop,Electronics,2,106022.23,14954.22,Pune
108375,2025-07-05,Customer_1159,Shoes,Clothing,1,2623.6,347.33,Nagpur
100396,2025-07-05,Customer_2128,Bookshelf,Furniture,8,48874.0,3675.77,Nagpur
107227,2025-07-05,Customer_0650,Shoes,Clothing,6,15763.87,2911.56,Pune
105370,2025-07-05,Customer_0643,Tablet,Electronics,5,99019.14,6149.22,Kolhapur
108942,2025-07-05,Customer_1773,Lamp,Home,2,2748.74,365.58,Aurangabad
108351,2025-07-05,Customer_1252,Desk,Furniture,6,70004.34,13401.73,Mumbai
107260,2025-07-05,Customer_2134,Bedsheet,Home,5,7981.8,889.95,Nashik
102707,2025-07-05,Customer_1888,Shoes,Clothing,4,11130.58,2060.0,Nashik
107440,2025-07-05,Customer_0390,Office Chair,Furniture,1,8020.4,1671.4,Pune
101929,2025-07-05,Customer_0741,Smartphone,Electronics,2,51683.14,4365.26,Kolhapur
107940,2025-07-05,Customer_1131,Mixer,Home,5,19997.1,4200.3,Nashik
103712,2025-07-05,Customer_1893,Smartphone,Electronics,1,28517.6,5240.02,Aurangabad
109263,2025-07-05,Customer_1482,Shoes,Clothing,2,4727.88,525.22,Kolhapur
109477,2025-07-05,Customer_0911,Desk,Furniture,1,13236.83,1547.03,Nagpur
108569,2025-07-05,Customer_0993,Shoes,Clothing,6,15609.36,3266.6,Mumbai
102735,2025-07-05,Customer_0030,Tablet,Electronics,1,18893.19,4025.15,Nagpur
104474,2025-07-05,Customer_0886,Laptop,Electronics,8,443364.58,50110.35,Kolhapur
102671,2025-07-05,Customer_0809,Mixer,Home,8,28229.31,5762.7,Pune
108264,2025-07-05,Customer_1042,Bookshelf,Furniture,5,28583.72,4769.6,Pune
105820,2025-07-06,Customer_0509,Tablet,Electronics,4,82065.86,17358.98,Nagpur
109113,2025-07-06,Customer_2291,T-Shirt,Clothing,8,5200.88,794.72,Nagpur
106257,2025-07-06,Customer_0204,Monitor,Electronics,4,57628.78,3556.75,Nagpur
105091,2025-07-06,Customer_2130,Cabinet,Furniture,6,49641.72,5795.97,Nagpur
105113,2025-07-06,Customer_2255,Cabinet,Furniture,5,43019.45,5243.35,Kolhapur
103986,2025-07-06,Customer_1870,Headphones,Electronics,6,15017.85,1389.23,Nashik
109483,2025-07-06,Customer_1603,Office Chair,Furniture,5,37401.71,4447.21,Nashik
106050,2025-07-06,Customer_1595,Cabinet,Furniture,4,29847.16,2034.25,Pune
100204,2025-07-06,Customer_1041,Desk,Furniture,8,91382.23,15833.95,Nagpur
104454,2025-07-06,Customer_0549,Shoes,Clothing,8,18556.35,2735.2,Pune
100892,2025-07-06,Customer_2417,Monitor,Electronics,7,85765.89,18769.75,Mumbai
104805,2025-07-06,Customer_0865,Bedsheet,Home,8,16331.54,1916.76,Pune
101382,2025-07-06,Customer_1440,Headphones,Electronics,6,16281.97,1497.96,Nashik
107040,2025-07-06,Customer_1173,Mixer,Home,5,17095.26,3220.32,Nashik
106564,2025-07-06,Customer_1400,Mixer,Home,1,3360.15,347.98,Mumbai
108652,2025-07-06,Customer_1503,Laptop,Electronics,6,358893.33,38019.95,Aurangabad
101530,2025-07-06,Customer_1067,Monitor,Electronics,3,43122.9,7560.76,Mumbai
104833,2025-07-06,Customer_1111,Tablet,Electronics,7,112722.43,17166.09,Aurangabad
100154,2025-07-06,Customer_2286,Smartphone,Electronics,2,50188.64,5161.6,Nagpur
100236,2025-07-06,Customer_2213,Jeans,Clothing,3,4953.63,1034.67,Nashik
105578,2025-07-06,Customer_1672,Vacuum Cleaner,Home,6,35787.2,3523.31,Aurangabad
103826,2025-07-06,Customer_0836,Smartphone,Electronics,1,28406.74,3392.6,Kolhapur
106779,2025-07-06,Customer_1556,Vacuum Cleaner,Home,4,22768.03,2016.82,Kolhapur
107853,2025-07-06,Customer_0300,Jeans,Clothing,4,6715.02,1060.06,Mumbai
105691,2025-07-06,Customer_1873,T-Shirt,Clothing,2,1487.72,318.44,Nagpur
106884,2025-07-06,Customer_2433,Desk,Furniture,2,24275.6,2149.04,Kolhapur
109540,2025-07-07,Customer_2371,Tablet,Electronics,2,31947.82,4209.8,Nagpur
106191,2025-07-07,Customer_0608,Laptop,Electronics,6,298791.73,50501.33,Nagpur
107902,2025-07-07,Customer_0733,Headphones,Electronics,1,2853.88,567.76,Nashik
109562,2025-07-07,Customer_1696,Tablet,Electronics,3,54717.2,6413.42,Pune
101649,2025-07-07,Customer_0611,Bedsheet,Home,8,12958.91,2408.01,Aurangabad
106681,2025-07-07,Customer_0980,Tablet,Electronics,5,59489.4,9499.94,Aurangabad
108263,2025-07-07,Customer_0627,Smartphone,Electronics,5,120798.74,24911.92,Mumbai
104074,2025-07-07,Customer_2365,Bedsheet,Home,3,4607.12,772.9,Nagpur
102722,2025-07-07,Customer_2363,Cabinet,Furniture,6,52754.0,10366.05,Mumbai
100344,2025-07-07,Customer_1256,Headphones,Electronics,5,14011.44,1153.92,Nagpur
102828,2025-07-07,Customer_1517,Jacket,Clothing,7,19687.89,3745.37,Nashik
107601,2025-07-07,Customer_0825,Tablet,Electronics,5,97917.47,8634.62,Pune
107276,2025-07-07,Customer_1078,T-Shirt,Clothing,2,1435.15,128.24,Mumbai
108125,2025-07-07,Customer_0017,Cabinet,Furniture,3,21287.73,2868.95,Aurangabad
100089,2025-07-07,Customer_0786,Lamp,Home,3,3219.25,508.21,Nagpur
109582,2025-07-07,Customer_2149,Smartphone,Electronics,1,23046.91,3275.22,Aurangabad
103811,2025-07-07,Customer_1379,Desk,Furniture,7,76872.31,16718.19,Aurangabad
100032,2025-07-07,Customer_1086,Table,Furniture,3,23024.24,2123.38,Kolhapur
102743,2025-07-07,Customer_0744,Desk,Furniture,3,37600.21,4686.61,Nashik
109617,2025-07-07,Customer_1692,Lamp,Home,5,2089.68,157.0,Kolhapur
104460,2025-07-07,Customer_0619,Monitor,Electronics,8,120731.92,16601.61,Aurangabad
103619,2025-07-07,Customer_0412,Table,Furniture,3,24512.77,2270.42,Nashik
103358,2025-07-07,Customer_0961,Cookware,Home,1,2034.27,198.4,Aurangabad
103585,2025-07-07,Customer_1594,Cookware,Home,6,13033.74,2585.22,Mumbai
101679,2025-07-07,Customer_1620,Headphones,Electronics,2,4326.81,775.71,Aurangabad
105253,2025-07-07,Customer_1975,Headphones,Electronics,7,17825.91,3903.11,Kolhapur
105898,2025-07-07,Customer_1648,Tablet,Electronics,6,100784.22,20238.71,Mumbai
105080,2025-07-07,Customer_2348,Lamp,Home,1,1057.15,153.59,Nashik
106025,2025-07-07,Customer_2473,Jeans,Clothing,1,1410.82,286.75,Nagpur
101287,2025-07-07,Customer_0259,Table,Furniture,7,66774.58,6637.61,Kolhapur
100456,2025-07-08,Customer_0941,Vacuum Cleaner,Home,7,51395.61,5376.98,Mumbai
107904,2025-07-08,Customer_0319,Lamp,Home,8,10716.23,1087.87,Aurangabad
109141,2025-07-08,Customer_1753,T-Shirt,Clothing,6,3700.43,525.99,Kolhapur
107914,2025-07-08,Customer_0160,Laptop,Electronics,8,388273.42,57272.44,Kolhapur
106599,2025-07-08,Customer_2410,Headphones,Electronics,5,11681.13,727.61,Kolhapur
104228,2025-07-08,Customer_0708,Tablet,Electronics,2,36569.26,4578.1,Mumbai
106522,2025-07-08,Customer_1718,Lamp,Home,5,6353.76,896.86,Kolhapur
104100,2025-07-08,Customer_1781,Office Chair,Furniture,8,57764.31,8804.74,Aurangabad
108583,2025-07-08,Customer_1495,Table,Furniture,7,72103.16,12827.46,Mumbai
105685,2025-07-08,Customer_1489,Office Chair,Furniture,6,50172.57,9763.29,Nagpur
102654,2025-07-08,Customer_1410,Bedsheet,Home,3,5346.54,1015.44,Aurangabad
103025,2025-07-08,Customer_0621,Laptop,Electronics,3,157225.29,33806.19,Pune
101210,2025-07-08,Customer_2352,Desk,Furniture,2,23137.4,4613.68,Nagpur
108824,2025-07-08,Customer_1775,Desk,Furniture,2,21804.76,2403.83,Nashik
106033,2025-07-08,Customer_0280,Vacuum Cleaner,Home,5,33446.35,3836.25,Mumbai
107313,2025-07-08,Customer_0585,T-Shirt,Clothing,1,628.72,114.84,Aurangabad
106696,2025-07-08,Customer_1507,Backpack,Clothing,6,7314.93,447.58,Pune
106416,2025-07-08,Customer_1610,Cookware,Home,6,13809.51,2199.23,Aurangabad
103543,2025-07-08,Customer_2047,Smartphone,Electronics,8,208760.62,24424.93,Aurangabad
104883,2025-07-08,Customer_0019,Mixer,Home,1,3844.51,717.57,Pune
103238,2025-07-08,Customer_1902,Desk,Furniture,4,51565.07,9121.18,Mumbai
107845,2025-07-08,Customer_2231,Desk,Furniture,2,22893.17,1686.9,Mumbai
100005,2025-07-08,Customer_0637,Lamp,Home,5,6413.14,405.66,Mumbai
101363,2025-07-09,Customer_0608,Jacket,Clothing,1,6584.93,676.16,Nashik
100034,2025-07-09,Customer_0496,Shoes,Clothing,8,18570.03,1313.25,Mumbai
105203,2025-07-09,Customer_1734,Vacuum Cleaner,Home,6,43638.88,3643.82,Nashik
109999,2025-07-09,Customer_1438,Headphones,Electronics,4,8819.3,1219.04,Pune
109228,2025-07-09,Customer_0394,Office Chair,Furniture,1,8355.39,1074.03,Nagpur
102585,2025-07-09,Customer_1383,Jacket,Clothing,7,21941.55,3357.37,Aurangabad
109904,2025-07-09,Customer_1825,Monitor,Electronics,1,14985.9,1010.46,Pune
103106,2025-07-09,Customer_1190,Jeans,Clothing,1,1638.77,225.15,Kolhapur
100398,2025-07-09,Customer_1226,Jeans,Clothing,7,10212.84,2045.12,Kolhapur
103042,2025-07-09,Customer_0489,Jacket,Clothing,7,20510.41,1373.04,Aurangabad
100173,2025-07-09,Customer_0659,Jacket,Clothing,2,6418.33,961.36,Nashik
108911,2025-07-09,Customer_0604,Shoes,Clothing,4,9962.06,1608.91,Nashik
105121,2025-07-09,Customer_1863,Laptop,Electronics,1,48747.3,4653.29,Kolhapur
105024,2025-07-09,Customer_0220,Tablet,Electronics,5,91852.31,16979.28,Mumbai
100650,2025-07-09,Customer_0851,Monitor,Electronics,6,95112.34,13108.34,Nagpur
108804,2025-07-09,Customer_2020,Laptop,Electronics,2,105412.83,20560.41,Nagpur
106354,2025-07-09,Customer_1870,Monitor,Electronics,8,125090.44,21442.73,Mumbai
109801,2025-07-09,Customer_1862,Lamp,Home,6,6895.44,979.86,Nashik
103241,2025-07-09,Customer_0272,Desk,Furniture,8,89011.45,9183.61,Nashik
102444,2025-07-09,Customer_2304,Table,Furniture,1,8449.27,1684.3,Nashik
106101,2025-07-09,Customer_1956,Backpack,Clothing,5,7870.85,1641.83,Nagpur
105461,2025-07-09,Customer_0423,Office Chair,Furniture,1,6547.36,1399.81,Nagpur
108300,2025-07-09,Customer_0898,Tablet,Electronics,3,61777.61,9066.98,Nagpur
100079,2025-07-09,Customer_0914,Jacket,Clothing,4,12250.78,1796.97,Unknown
106501,2025-07-10,Customer_0011,Bookshelf,Furniture,1,6710.43,451.22,Nagpur
103593,2025-07-10,Customer_2454,Laptop,Electronics,8,432278.89,61776.8,Nagpur
106392,2025-07-10,Customer_0736,Monitor,Electronics,4,55973.25,6910.04,Nashik
102494,2025-07-10,Customer_1413,Headphones,Electronics,4,9818.48,684.07,Aurangabad
101647,2025-07-10,Customer_1384,Backpack,Clothing,8,11912.53,1820.16,Nagpur
109342,2025-07-10,Customer_1111,Mixer,Home,8,24221.06,2214.94,Kolhapur
106542,2025-07-10,Customer_1382,Office Chair,Furniture,1,7940.61,1687.5,Mumbai
105092,2025-07-10,Customer_0652,T-Shirt,Clothing,7,4210.17,614.56,Mumbai
108700,2025-07-10,Customer_0354,Jacket,Clothing,7,19405.71,2996.58,Kolhapur
106421,2025-07-10,Customer_1036,Cabinet,Furniture,3,23952.78,1678.52,Aurangabad
107552,2025-07-10,Customer_1051,Vacuum Cleaner,Home,8,52138.09,5614.02,Kolhapur
104870,2025-07-10,Customer_2382,Smartphone,Electronics,6,156665.31,32167.49,Nashik
105596,2025-07-10,Customer_1915,Cabinet,Furniture,1,8683.22,837.99,Nagpur
103662,2025-07-10,Customer_0861,Headphones,Electronics,3,8517.13,1587.74,Aurangabad
107895,2025-07-10,Customer_0670,Laptop,Electronics,8,455967.57,89155.97,Nagpur
106870,2025-07-10,Customer_1504,Cabinet,Furniture,5,38396.18,5090.84,Nagpur
109160,2025-07-10,Customer_0017,Office Chair,Furniture,7,46207.34,6871.16,Mumbai
104180,2025-07-10,Customer_1477,Office Chair,Furniture,5,35981.82,6777.37,Kolhapur
100651,2025-07-10,Customer_0492,Shoes,Clothing,5,12359.82,2294.13,Pune
102464,2025-07-10,Customer_1543,Headphones,Electronics,8,20288.72,2687.9,Nashik
103075,2025-07-10,Customer_2209,Shoes,Clothing,8,18413.85,3860.02,Aurangabad
105384,2025-07-10,Customer_2106,Shoes,Clothing,2,5686.24,758.43,Aurangabad
103081,2025-07-10,Customer_0929,Backpack,Clothing,3,4004.96,359.42,Aurangabad
109979,2025-07-10,Customer_1735,Backpack,Clothing,8,10791.6,1214.93,Kolhapur
107078,2025-07-11,Customer_2047,Office Chair,Furniture,4,29758.49,4459.93,Kolhapur
104213,2025-07-11,Customer_2029,Mixer,Home,8,26898.63,2878.38,Nashik
105333,2025-07-11,Customer_0518,T-Shirt,Clothing,6,4050.15,744.94,Kolhapur
103268,2025-07-11,Customer_1601,Headphones,Electronics,3,8475.43,1222.83,Mumbai
106820,2025-07-11,Customer_0489,Laptop,Electronics,7,369653.41,29566.59,Pune
100904,2025-07-11,Customer_1497,Table,Furniture,7,53909.92,9552.45,Kolhapur
102809,2025-07-11,Customer_1368,Table,Furniture,2,16869.51,1642.63,Nashik
106471,2025-07-11,Customer_1358,Office Chair,Furniture,5,32887.59,4299.5,Nagpur
104998,2025-07-11,Customer_0889,Bedsheet,Home,4,6851.98,1340.95,Mumbai
102080,2025-07-11,Customer_1736,Office Chair,Furniture,7,57780.12,6490.71,Aurangabad
100787,2025-07-11,Customer_2096,Table,Furniture,2,17557.91,3612.76,Aurangabad
100541,2025-07-11,Customer_1603,Table,Furniture,6,48681.7,7047.82,Nagpur
108420,2025-07-11,Customer_2423,Bookshelf,Furniture,7,39994.61,7044.65,Kolhapur
103516,2025-07-11,Customer_0479,Mixer,Home,1,3813.64,357.35,Nagpur
109117,2025-07-11,Customer_0987,Backpack,Clothing,5,6602.83,861.94,Aurangabad
103249,2025-07-11,Customer_2018,Smartphone,Electronics,7,172934.85,17342.17,Pune
105342,2025-07-11,Customer_2427,Shoes,Clothing,6,16801.82,1833.64,Kolhapur
107054,2025-07-11,Customer_2467,Desk,Furniture,4,49490.48,8408.53,Nashik
106612,2025-07-11,Customer_0635,Table,Furniture,5,49581.82,9843.08,Nashik
105025,2025-07-11,Customer_1780,Lamp,Home,1,1306.0,131.95,Nagpur
102927,2025-07-11,Customer_1120,Table,Furniture,3,28295.39,4041.25,Aurangabad
105215,2025-07-11,Customer_0528,Desk,Furniture,3,35156.07,2216.95,Mumbai
100701,2025-07-11,Customer_0415,Cookware,Home,1,2292.87,289.42,Unknown
106776,2025-07-11,Customer_1638,Laptop,Electronics,3,182838.18,26047.11,Aurangabad
102755,2025-07-11,Customer_0389,Desk,Furniture,2,24760.11,4179.0,Aurangabad
101707,2025-07-11,Customer_1367,Bookshelf,Furniture,1,6412.02,1361.9,Kolhapur
102515,2025-07-11,Customer_0138,Monitor,Electronics,5,66459.28,14379.04,Aurangabad
104059,2025-07-12,Customer_1857,Smartphone,Electronics,1,25029.47,4227.2,Nashik
107476,2025-07-12,Customer_2387,Desk,Furniture,6,70580.7,12168.08,Nashik
109274,2025-07-12,Customer_1903,Shoes,Clothing,4,10429.47,2132.15,Aurangabad
109931,2025-07-12,Customer_0767,Cookware,Home,5,10505.85,1012.95,Nashik
103383,2025-07-12,Customer_0001,Cabinet,Furniture,5,45590.84,6189.63,Nagpur
107887,2025-07-12,Customer_1321,T-Shirt,Clothing,8,5514.37,475.14,Nashik
109385,2025-07-12,Customer_0678,Backpack,Clothing,5,8039.28,672.26,Nagpur
104235,2025-07-12,Customer_0076,Jacket,Clothing,8,24186.53,2918.4,Nashik
108051,2025-07-12,Customer_2200,Backpack,Clothing,3,4067.94,829.35,Nashik
105519,2025-07-12,Customer_0162,Bookshelf,Furniture,1,5214.7,1018.71,Pune
109978,2025-07-12,Customer_1377,Cabinet,Furniture,5,44295.03,7848.82,Kolhapur
105885,2025-07-12,Customer_0778,Jeans,Clothing,1,1833.19,185.18,Pune
106248,2025-07-12,Customer_2195,Tablet,Electronics,8,137262.56,27443.28,Aurangabad
104900,2025-07-12,Customer_0670,Lamp,Home,2,2466.58,413.3,Nashik
102055,2025-07-12,Customer_1742,Backpack,Clothing,3,4161.3,480.55,Mumbai
101701,2025-07-12,Customer_1296,Shoes,Clothing,8,19735.68,2271.74,Pune
106713,2025-07-12,Customer_2342,Bookshelf,Furniture,8,45976.62,3225.35,Nashik
109762,2025-07-12,Customer_1976,Monitor,Electronics,6,76247.28,9730.16,Mumbai
105694,2025-07-13,Customer_0849,Vacuum Cleaner,Home,7,41682.38,5129.36,Nagpur
101231,2025-07-13,Customer_2477,Desk,Furniture,7,95491.7,9010.37,Pune
105890,2025-07-13,Customer_2448,Monitor,Electronics,3,38998.55,3125.99,Kolhapur
103209,2025-07-13,Customer_1002,Bookshelf,Furniture,7,41000.6,7923.57,Mumbai
103558,2025-07-13,Customer_0298,Monitor,Electronics,3,40859.65,3559.82,Kolhapur
107226,2025-07-13,Customer_0364,Office Chair,Furniture,8,64335.53,4993.42,Nashik
109551,2025-07-13,Customer_1661,Headphones,Electronics,7,18622.83,1286.47,Nashik
104659,2025-07-13,Customer_2048,Vacuum Cleaner,Home,8,52237.98,11350.41,Aurangabad
109239,2025-07-13,Customer_1696,Backpack,Clothing,5,6372.52,571.42,Nashik
100292,2025-07-13,Customer_1317,Tablet,Electronics,4,79798.32,12012.69,Kolhapur
105466,2025-07-13,Customer_1738,Headphones,Electronics,7,17131.69,1434.07,Kolhapur
100612,2025-07-13,Customer_0069,Table,Furniture,2,15762.24,1408.41,Kolhapur
109467,2025-07-13,Customer_1438,Tablet,Electronics,4,70263.4,13396.23,Mumbai
109745,2025-07-13,Customer_2425,Monitor,Electronics,6,94378.05,19351.28,Unknown
104096,2025-07-14,Customer_0495,Table,Furniture,8,79126.23,16048.78,Kolhapur
108433,2025-07-14,Customer_0865,Shoes,Clothing,2,4426.9,309.08,Pune
105816,2025-07-14,Customer_1651,Jeans,Clothing,5,9140.46,1961.76,Kolhapur
108958,2025-07-14,Customer_1713,Bedsheet,Home,8,13107.45,1421.3,Nashik
106465,2025-07-14,Customer_0277,Monitor,Electronics,7,105003.64,10890.17,Nashik
105286,2025-07-14,Customer_0401,Smartphone,Electronics,3,73237.84,9601.6,Kolhapur
109285,2025-07-14,Customer_1097,Jacket,Clothing,5,15766.11,2421.52,Pune
100303,2025-07-14,Customer_1400,Jeans,Clothing,4,6281.53,640.91,Nagpur
107427,2025-07-14,Customer_2064,Jeans,Clothing,5,9083.7,630.97,Pune
103858,2025-07-14,Customer_1035,Monitor,Electronics,7,98788.01,14418.44,Mumbai
106171,2025-07-14,Customer_1883,Tablet,Electronics,6,101087.03,17938.75,Nashik
100834,2025-07-14,Customer_2244,Vacuum Cleaner,Home,5,30185.68,4247.35,Nashik
104768,2025-07-14,Customer_1061,Mixer,Home,1,3915.66,701.37,Nashik
101593,2025-07-14,Customer_0538,Backpack,Clothing,8,12762.51,1297.48,Nashik
100832,2025-07-14,Customer_1121,Vacuum Cleaner,Home,4,29337.62,5648.68,Nagpur
104593,2025-07-14,Customer_1793,Laptop,Electronics,4,208442.52,29750.53,Nashik
103362,2025-07-14,Customer_2324,Mixer,Home,2,5978.68,819.49,Pune
105624,2025-07-14,Customer_0963,Cookware,Home,1,2435.42,361.21,Kolhapur
101973,2025-07-14,Customer_0236,Vacuum Cleaner,Home,8,57907.68,6781.12,Nashik
101294,2025-07-14,Customer_2421,Tablet,Electronics,3,52160.38,5886.15,Pune
101087,2025-07-15,Customer_2360,Shoes,Clothing,6,16840.13,3548.53,Pune
109716,2025-07-15,Customer_2463,Laptop,Electronics,2,103238.61,12892.66,Mumbai
100532,2025-07-15,Customer_1891,Cabinet,Furniture,1,8758.95,1910.52,Aurangabad
103427,2025-07-15,Customer_0172,Jeans,Clothing,7,12088.38,2349.71,Kolhapur
102888,2025-07-15,Customer_0473,Office Chair,Furniture,2,14090.04,970.5,Mumbai
103149,2025-07-15,Customer_2328,Bedsheet,Home,5,8775.01,1570.89,Nagpur
108983,2025-07-15,Customer_1926,Cookware,Home,8,18150.13,3894.63,Mumbai
107578,2025-07-15,Customer_1511,Vacuum Cleaner,Home,3,17922.65,1831.16,Pune
107575,2025-07-15,Customer_1693,Jacket,Clothing,3,8166.51,1055.97,Aurangabad
103380,2025-07-15,Customer_1135,Office Chair,Furniture,8,68367.89,10461.76,Kolhapur
100417,2025-07-15,Customer_0563,Backpack,Clothing,5,7712.34,502.22,Pune
109599,2025-07-15,Customer_2324,Cabinet,Furniture,6,54582.24,10751.3,Mumbai
102860,2025-07-15,Customer_2418,Headphones,Electronics,3,7214.96,1442.5,Kolhapur
102500,2025-07-15,Customer_0858,Backpack,Clothing,8,10320.56,2024.63,Mumbai
106545,2025-07-15,Customer_1898,Cabinet,Furniture,4,33874.96,2415.47,Nagpur
105071,2025-07-15,Customer_0249,Desk,Furniture,7,90595.37,17502.83,Mumbai
106119,2025-07-15,Customer_0991,Desk,Furniture,4,46510.26,6137.7,Pune
108592,2025-07-15,Customer_0298,Lamp,Home,7,9092.98,1914.26,Kolhapur
102276,2025-07-15,Customer_1752,Shoes,Clothing,6,16279.99,2744.71,Nagpur
103020,2025-07-15,Customer_1511,Backpack,Clothing,8,12265.01,2018.45,Mumbai
101693,2025-07-15,Customer_0699,Backpack,Clothing,8,11539.45,1296.81,Kolhapur
107670,2025-07-15,Customer_0012,Headphones,Electronics,8,17368.42,1728.69,Nashik
107335,2025-07-16,Customer_0088,Bookshelf,Furniture,8,53778.07,5870.46,Aurangabad
102961,2025-07-16,Customer_0289,Laptop,Electronics,6,314400.85,69077.53,Mumbai
107572,2025-07-16,Customer_1498,Bedsheet,Home,4,8130.4,1110.41,Mumbai
105486,2025-07-16,Customer_1922,Table,Furniture,8,73695.85,6531.95,Nagpur
106649,2025-07-16,Customer_0312,Bookshelf,Furniture,3,19627.27,2272.97,Mumbai
108814,2025-07-16,Customer_0707,Jeans,Clothing,5,7865.92,1020.48,Nashik
106224,2025-07-16,Customer_0215,Mixer,Home,5,16094.7,1685.62,Nashik
105900,2025-07-16,Customer_2347,Bookshelf,Furniture,8,41378.42,5114.48,Aurangabad
105352,2025-07-16,Customer_0901,Smartphone,Electronics,6,145990.59,9298.77,Aurangabad
104847,2025-07-16,Customer_2457,Tablet,Electronics,2,36843.92,2520.64,Nagpur
104065,2025-07-16,Customer_0428,Table,Furniture,4,31111.38,2842.23,Aurangabad
109658,2025-07-16,Customer_1182,Backpack,Clothing,1,1354.03,218.1,Pune
104869,2025-07-16,Customer_1163,Bedsheet,Home,7,12786.05,1553.62,Kolhapur
108895,2025-07-16,Customer_1451,Bookshelf,Furniture,8,47008.75,3214.35,Mumbai
106449,2025-07-16,Customer_0697,Jeans,Clothing,7,12199.33,1214.48,Kolhapur
108944,2025-07-16,Customer_0641,Laptop,Electronics,4,188506.17,27895.4,Aurangabad
106140,2025-07-16,Customer_2361,Shoes,Clothing,3,6387.67,1390.64,Pune
104281,2025-07-16,Customer_0245,Cabinet,Furniture,1,8592.57,792.62,Nagpur
100712,2025-07-16,Customer_0620,Backpack,Clothing,1,1594.12,325.58,Aurangabad
107120,2025-07-16,Customer_0695,Table,Furniture,8,73052.43,11336.98,Kolhapur
102779,2025-07-17,Customer_0002,Jeans,Clothing,5,6980.77,453.98,Pune
107524,2025-07-17,Customer_1425,Smartphone,Electronics,2,46155.68,7377.95,Unknown
108628,2025-07-17,Customer_0778,Headphones,Electronics,2,5178.67,729.65,Pune
101533,2025-07-17,Customer_0524,Headphones,Electronics,1,2861.06,326.28,Unknown
108261,2025-07-17,Customer_1309,Vacuum Cleaner,Home,5,31553.37,3777.23,Nagpur
105826,2025-07-17,Customer_0567,Bookshelf,Furniture,6,35651.51,4175.4,Kolhapur
103708,2025-07-17,Customer_2230,Vacuum Cleaner,Home,1,6447.77,1388.9,Pune
106806,2025-07-17,Customer_0374,Backpack,Clothing,8,9554.19,1636.64,Aurangabad
106726,2025-07-17,Customer_1689,Monitor,Electronics,7,106378.89,10291.43,Nashik
101192,2025-07-17,Customer_1388,Office Chair,Furniture,5,42273.99,6250.35,Kolhapur
101072,2025-07-17,Unknown Customer,Backpack,Clothing,4,5481.26,686.59,Nashik
101442,2025-07-17,Customer_0110,Laptop,Electronics,8,410673.94,81800.07,Mumbai
109415,2025-07-17,Customer_0914,Smartphone,Electronics,3,67795.85,12776.83,Aurangabad
104190,2025-07-17,Customer_1563,Jeans,Clothing,5,7163.56,888.96,Kolhapur
102797,2025-07-17,Customer_1089,Cookware,Home,7,15354.35,992.16,Pune
108448,2025-07-17,Customer_0582,Backpack,Clothing,7,8464.29,1566.08,Nagpur
100181,2025-07-17,Customer_2263,Bookshelf,Furniture,1,6334.84,633.38,Nagpur
108635,2025-07-18,Customer_1746,Cookware,Home,1,1932.17,280.39,Aurangabad
106435,2025-07-18,Customer_0860,Office Chair,Furniture,1,7096.95,1228.12,Nagpur
109731,2025-07-18,Customer_0261,Jacket,Clothing,7,21460.07,4521.2,Mumbai
107004,2025-07-18,Customer_2135,Mixer,Home,1,3888.0,706.05,Nashik
106889,2025-07-18,Customer_0384,Bedsheet,Home,8,12839.57,2187.22,Nashik
107789,2025-07-18,Customer_0677,Tablet,Electronics,3,54081.44,5280.38,Nagpur
105831,2025-07-18,Customer_1263,Lamp,Home,2,2226.74,398.43,Kolhapur
102111,2025-07-18,Customer_1693,Jacket,Clothing,2,6264.94,651.19,Kolhapur
108772,2025-07-18,Customer_0761,Desk,Furniture,6,72087.38,5013.39,Pune
104075,2025-07-18,Customer_0772,Lamp,Home,7,8207.7,1163.33,Mumbai
104647,2025-07-18,Customer_1825,Jeans,Clothing,1,1449.73,234.73,Aurangabad
101455,2025-07-18,Customer_2392,Bookshelf,Furniture,6,34173.58,3525.6,Pune
100246,2025-07-18,Customer_1859,Shoes,Clothing,5,13026.81,1322.38,Kolhapur
101769,2025-07-18,Customer_0859,Table,Furniture,5,70672.49,14428.08,Nagpur
105717,2025-07-18,Customer_1502,Cabinet,Furniture,8,64335.34,12541.39,Nashik
101543,2025-07-18,Customer_2308,Cabinet,Furniture,5,44688.0,7818.84,Aurangabad
108904,2025-07-18,Customer_2019,Smartphone,Electronics,8,170086.83,19815.29,Kolhapur
107411,2025-07-18,Customer_1062,Monitor,Electronics,6,84365.9,6575.4,Nagpur
109893,2025-07-18,Customer_2254,Smartphone,Electronics,4,112457.45,7640.53,Nagpur
106079,2025-07-19,Customer_0668,T-Shirt,Clothing,1,738.57,160.05,Aurangabad
101443,2025-07-19,Customer_0626,Vacuum Cleaner,Home,6,40227.81,6366.23,Nashik
107779,2025-07-19,Customer_0607,Monitor,Electronics,2,28062.6,1861.54,Unknown
105217,2025-07-19,Customer_0755,Cabinet,Furniture,3,26005.76,2915.33,Aurangabad
106543,2025-07-19,Customer_0654,Tablet,Electronics,2,41001.09,6105.7,Mumbai
105103,2025-07-19,Customer_2059,Mixer,Home,8,26425.19,2538.48,Kolhapur
109184,2025-07-19,Customer_2257,Jacket,Clothing,8,23792.39,2794.94,Kolhapur
107631,2025-07-19,Customer_0018,Headphones,Electronics,3,6833.59,1336.02,Kolhapur
107951,2025-07-19,Customer_2164,Bookshelf,Furniture,4,21257.87,2663.22,Nagpur
109791,2025-07-19,Customer_2011,Office Chair,Furniture,7,56599.22,8616.0,Mumbai
102287,2025-07-19,Customer_0001,Office Chair,Furniture,2,16816.02,1651.97,Mumbai
102535,2025-07-19,Customer_0576,Jeans,Clothing,5,8621.44,927.09,Kolhapur
101128,2025-07-19,Customer_2343,Lamp,Home,7,8496.58,1277.99,Kolhapur
108523,2025-07-19,Customer_0721,Laptop,Electronics,8,378652.27,46652.71,Kolhapur
102545,2025-07-19,Customer_2411,Jacket,Clothing,7,18243.82,3981.75,Pune
106187,2025-07-19,Customer_1661,Bookshelf,Furniture,3,18369.16,1259.29,Nagpur
106974,2025-07-19,Customer_0365,Headphones,Electronics,3,8429.32,611.65,Pune
106991,2025-07-19,Customer_2030,Tablet,Electronics,5,79853.49,16849.79,Mumbai
107351,2025-07-19,Customer_2436,Cookware,Home,6,12130.09,931.46,Nashik
104712,2025-07-20,Customer_1266,Tablet,Electronics,8,124267.1,24114.29,Kolhapur
109023,2025-07-20,Customer_2090,Bedsheet,Home,4,7647.57,1382.2,Aurangabad
108871,2025-07-20,Customer_1345,Laptop,Electronics,8,463348.89,67703.76,Mumbai
109404,2025-07-20,Customer_1753,Table,Furniture,1,9038.55,1650.74,Mumbai
101324,2025-07-20,Customer_1105,Cookware,Home,6,13413.61,1771.85,Mumbai
103068,2025-07-20,Customer_1174,Cookware,Home,1,2125.64,413.8,Nashik
109555,2025-07-20,Customer_1451,Tablet,Electronics,1,16668.51,1277.5,Aurangabad
105862,2025-07-20,Customer_0069,Jacket,Clothing,2,4789.57,472.73,Aurangabad
109708,2025-07-20,Customer_1018,Lamp,Home,5,6781.01,520.27,Nashik
105174,2025-07-20,Customer_1853,Laptop,Electronics,8,420226.65,77113.69,Kolhapur
100234,2025-07-20,Customer_2402,Office Chair,Furniture,4,30511.37,6450.73,Mumbai
105061,2025-07-20,Customer_2146,Laptop,Electronics,7,407752.61,43673.94,Nagpur
101406,2025-07-20,Customer_0634,Office Chair,Furniture,4,30819.86,4333.39,Kolhapur
105768,2025-07-20,Customer_0381,Mixer,Home,5,15593.81,2744.29,Pune
100111,2025-07-20,Customer_1717,Jacket,Clothing,7,20895.79,2739.79,Kolhapur
103587,2025-07-20,Customer_2067,T-Shirt,Clothing,4,2423.31,517.13,Pune
105475,2025-07-20,Customer_0387,Bedsheet,Home,3,5325.06,1044.93,Nagpur
109517,2025-07-20,Customer_1591,T-Shirt,Clothing,2,1452.14,314.22,Mumbai
103176,2025-07-20,Customer_1447,Desk,Furniture,6,74741.39,6562.88,Nagpur
103729,2025-07-20,Customer_1291,Backpack,Clothing,1,1490.58,182.61,Mumbai
103122,2025-07-20,Customer_1601,Bookshelf,Furniture,3,19466.37,1369.39,Pune
100703,2025-07-20,Customer_0973,Jacket,Clothing,5,14646.9,1854.22,Pune
107546,2025-07-20,Customer_2306,Mixer,Home,5,17503.55,2164.44,Kolhapur
104574,2025-07-20,Customer_1899,Monitor,Electronics,3,37474.5,6348.27,Mumbai
104496,2025-07-21,Customer_1046,Lamp,Home,7,7778.74,1556.62,Nagpur
104305,2025-07-21,Customer_1821,Shoes,Clothing,1,2731.93,522.62,Aurangabad
108875,2025-07-21,Customer_1022,Office Chair,Furniture,8,59030.3,10856.02,Kolhapur
104299,2025-07-21,Customer_0730,Jacket,Clothing,8,21776.7,1397.39,Aurangabad
104161,2025-07-21,Customer_0497,T-Shirt,Clothing,5,3393.3,376.84,Nagpur
103316,2025-07-21,Customer_0437,Lamp,Home,1,1342.57,265.63,Pune
105536,2025-07-21,Customer_1876,Shoes,Clothing,5,12191.6,1042.55,Pune
100072,2025-07-21,Customer_0172,Table,Furniture,3,24842.36,3118.46,Nashik
100907,2025-07-21,Customer_1802,Monitor,Electronics,3,47293.43,6396.31,Mumbai
100634,2025-07-21,Customer_2266,Jacket,Clothing,2,4827.75,445.03,Nagpur
105176,2025-07-21,Customer_1204,Mixer,Home,5,18966.66,1851.62,Pune
101898,2025-07-21,Customer_1310,Table,Furniture,7,60418.12,6094.29,Nashik
108699,2025-07-21,Customer_0635,Jeans,Clothing,5,7475.65,563.66,Nashik
109543,2025-07-21,Customer_2089,Headphones,Electronics,4,10172.11,1281.53,Nagpur
108594,2025-07-21,Customer_0520,Vacuum Cleaner,Home,4,25913.37,2234.43,Aurangabad
105505,2025-07-21,Customer_0153,Laptop,Electronics,6,364576.6,29956.38,Aurangabad
109356,2025-07-21,Customer_0327,Smartphone,Electronics,8,228389.2,20325.85,Nagpur
103388,2025-07-21,Customer_0251,Bookshelf,Furniture,8,45300.08,3982.13,Aurangabad
103926,2025-07-21,Customer_0474,Jacket,Clothing,8,25401.41,5265.35,Nagpur
101308,2025-07-21,Customer_1234,Vacuum Cleaner,Home,2,12022.25,1153.92,Nashik
100750,2025-07-21,Customer_0031,Vacuum Cleaner,Home,2,11581.38,2339.56,Kolhapur
101820,2025-07-21,Customer_1141,Cookware,Home,2,4895.05,774.72,Aurangabad
102223,2025-07-21,Customer_1139,Cookware,Home,2,4476.09,681.63,Nagpur
109250,2025-07-22,Customer_0931,Jacket,Clothing,5,14757.14,2389.56,Mumbai
105340,2025-07-22,Customer_1649,Lamp,Home,4,4573.76,513.49,Kolhapur
104056,2025-07-22,Customer_1400,Backpack,Clothing,2,3168.23,247.71,Mumbai
106895,2025-07-22,Customer_2347,Lamp,Home,4,5472.04,575.09,Aurangabad
103515,2025-07-22,Customer_2460,Laptop,Electronics,7,438608.84,49092.74,Nagpur
104417,2025-07-22,Customer_0030,Cabinet,Furniture,1,7581.84,497.48,Aurangabad
104881,2025-07-22,Customer_2471,Headphones,Electronics,4,8636.72,1764.87,Kolhapur
102530,2025-07-22,Customer_0362,Monitor,Electronics,8,101154.24,20199.05,Pune
107591,2025-07-22,Customer_2238,Table,Furniture,5,48057.8,10166.03,Nagpur
102634,2025-07-22,Customer_0653,Monitor,Electronics,6,94342.36,9796.37,Mumbai
102867,2025-07-22,Customer_2238,Backpack,Clothing,7,10440.05,1647.53,Aurangabad
107875,2025-07-22,Customer_1789,Office Chair,Furniture,2,15619.7,3322.61,Nagpur
106238,2025-07-22,Customer_1786,Laptop,Electronics,8,505907.53,78092.12,Pune
103143,2025-07-22,Customer_0786,Bookshelf,Furniture,5,30642.7,4031.99,Nashik
109458,2025-07-22,Customer_0175,Jeans,Clothing,2,2888.16,330.63,Pune
106061,2025-07-22,Customer_1914,Backpack,Clothing,7,8709.48,847.62,Nashik
100976,2025-07-22,Customer_1496,Table,Furniture,6,59151.35,9111.15,Nagpur
108761,2025-07-22,Customer_0888,Bookshelf,Furniture,7,46208.96,6318.93,Nagpur
102153,2025-07-22,Customer_1373,Backpack,Clothing,6,8105.33,1616.68,Mumbai
100665,2025-07-22,Customer_0250,Vacuum Cleaner,Home,8,51178.39,9538.54,Pune
108215,2025-07-23,Customer_1928,Headphones,Electronics,6,16017.03,1934.79,Kolhapur
104664,2025-07-23,Customer_0604,Smartphone,Electronics,3,64128.75,7852.33,Nagpur
104242,2025-07-23,Customer_1307,Bedsheet,Home,8,12268.03,2678.79,Mumbai
100473,2025-07-23,Customer_0212,T-Shirt,Clothing,4,2958.17,281.49,Nashik
109484,2025-07-23,Customer_2366,Laptop,Electronics,4,214120.21,39619.0,Nashik
109056,2025-07-23,Customer_1974,Mixer,Home,3,9409.14,620.19,Nagpur
109601,2025-07-23,Customer_2344,Headphones,Electronics,7,15269.08,2995.66,Nashik
109172,2025-07-23,Customer_0014,Cookware,Home,2,3780.96,749.93,Kolhapur
107272,2025-07-23,Customer_0563,Mixer,Home,6,23709.12,3795.89,Pune
108020,2025-07-23,Customer_0774,Vacuum Cleaner,Home,8,52080.98,8065.51,Nagpur
101994,2025-07-23,Customer_0773,Mixer,Home,3,10375.03,1562.84,Kolhapur
108458,2025-07-23,Customer_1155,Bookshelf,Furniture,2,11910.68,1301.84,Aurangabad
104786,2025-07-23,Customer_0014,T-Shirt,Clothing,1,637.25,91.58,Kolhapur
104316,2025-07-23,Customer_1295,Headphones,Electronics,5,76247.28,891.49,Pune
109389,2025-07-23,Customer_1661,Jacket,Clothing,8,24760.55,3046.99,Kolhapur
103676,2025-07-23,Customer_1768,Backpack,Clothing,4,5374.91,583.99,Nagpur
109683,2025-07-23,Customer_1217,Cookware,Home,2,4397.71,569.49,Pune
109513,2025-07-23,Customer_0829,Bookshelf,Furniture,6,37603.78,7971.37,Aurangabad
103557,2025-07-23,Customer_2333,Headphones,Electronics,7,18231.8,3640.16,Mumbai
103396,2025-07-23,Customer_2435,Shoes,Clothing,3,6453.17,871.16,Kolhapur
108066,2025-07-23,Customer_0434,Mixer,Home,4,12604.33,2020.15,Nagpur
106873,2025-07-23,Customer_0466,Monitor,Electronics,6,75660.61,13674.56,Nagpur
107640,2025-07-23,Customer_0497,Mixer,Home,3,11200.18,1451.49,Kolhapur
108267,2025-07-23,Customer_0125,Office Chair,Furniture,6,41845.22,6354.83,Nagpur
101849,2025-07-23,Customer_2013,Monitor,Electronics,6,80577.9,7541.21,Nagpur
107574,2025-07-23,Customer_1281,Tablet,Electronics,2,40069.87,4780.9,Aurangabad
104751,2025-07-23,Customer_1817,Bedsheet,Home,3,5583.52,1061.98,Pune
108863,2025-07-23,Customer_1352,Headphones,Electronics,3,7006.14,884.03,Mumbai
105902,2025-07-23,Unknown Customer,Desk,Furniture,6,81537.18,17336.79,Mumbai
109299,2025-07-24,Customer_2101,Bookshelf,Furniture,4,24306.51,5277.75,Aurangabad
103664,2025-07-24,Customer_1241,T-Shirt,Clothing,2,1221.77,163.78,Mumbai
104476,2025-07-24,Customer_0384,Cookware,Home,3,7083.49,1027.94,Pune
107032,2025-07-24,Customer_2214,Monitor,Electronics,3,44353.17,3076.19,Kolhapur
108941,2025-07-24,Customer_1799,Headphones,Electronics,1,2680.25,358.82,Pune
100817,2025-07-24,Customer_2083,Laptop,Electronics,5,311891.58,25496.9,Kolhapur
102847,2025-07-24,Customer_0750,Cookware,Home,6,12082.48,1357.49,Pune
109847,2025-07-24,Customer_1815,Monitor,Electronics,5,114821.55,15449.91,Kolhapur
105135,2025-07-24,Customer_0420,Shoes,Clothing,1,2252.05,421.88,Mumbai
108528,2025-07-24,Customer_1368,Cookware,Home,8,16360.73,2163.62,Nagpur
103862,2025-07-24,Customer_0644,Mixer,Home,7,25019.23,5040.65,Kolhapur
107710,2025-07-24,Customer_1637,Bedsheet,Home,8,13427.82,2820.89,Nashik
101791,2025-07-24,Customer_1701,Shoes,Clothing,3,6677.68,585.27,Mumbai
109656,2025-07-24,Customer_2411,Bookshelf,Furniture,7,47432.34,3239.8,Nagpur
108515,2025-07-24,Customer_1616,Tablet,Electronics,5,80190.58,9167.46,Nagpur
100758,2025-07-24,Customer_1469,Cabinet,Furniture,8,66845.62,8429.98,Kolhapur
109464,2025-07-24,Customer_1651,Mixer,Home,4,12142.02,2536.21,Pune
104601,2025-07-24,Customer_1988,Mixer,Home,4,13799.72,2449.61,Nashik
108335,2025-07-24,Customer_1955,Table,Furniture,6,48256.96,10419.64,Aurangabad
104147,2025-07-25,Customer_0136,Headphones,Electronics,6,13009.39,2731.48,Pune
108854,2025-07-25,Customer_1740,Shoes,Clothing,2,5286.13,832.99,Mumbai
101665,2025-07-25,Customer_1057,Table,Furniture,6,59160.39,7016.45,Nagpur
104037,2025-07-25,Customer_0563,Jeans,Clothing,7,12091.85,2165.38,Aurangabad
105550,2025-07-25,Customer_0351,Table,Furniture,7,70073.74,14103.16,Nagpur
107643,2025-07-25,Customer_1343,Desk,Furniture,2,21806.07,3528.9,Kolhapur
103126,2025-07-25,Customer_0878,Bedsheet,Home,8,13499.34,1316.25,Pune
106787,2025-07-25,Customer_1823,Jeans,Clothing,2,3069.63,430.08,Aurangabad
109286,2025-07-25,Customer_1853,Cabinet,Furniture,5,52023.7,9390.07,Unknown
106583,2025-07-25,Customer_0197,Office Chair,Furniture,6,44831.47,3740.53,Mumbai
104578,2025-07-25,Customer_1064,Tablet,Electronics,7,142326.67,22839.16,Pune
108736,2025-07-25,Customer_2026,Desk,Furniture,5,66590.27,10215.07,Kolhapur
106447,2025-07-25,Customer_2263,Jacket,Clothing,6,15636.53,2825.09,Pune
105825,2025-07-25,Customer_1175,Lamp,Home,5,6403.84,529.43,Aurangabad
105109,2025-07-25,Customer_1854,Monitor,Electronics,1,14275.66,2643.59,Aurangabad
100059,2025-07-25,Customer_1878,T-Shirt,Clothing,1,651.77,124.91,Kolhapur
104254,2025-07-25,Customer_0179,Smartphone,Electronics,1,26845.7,4491.72,Nashik
100573,2025-07-25,Customer_1843,Bookshelf,Furniture,1,5224.18,1145.81,Nashik
108781,2025-07-25,Customer_0024,Monitor,Electronics,1,13976.97,1124.77,Nashik
109888,2025-07-25,Customer_1649,Desk,Furniture,1,13072.45,862.3,Nashik
104648,2025-07-25,Customer_1959,Cookware,Home,3,7087.99,1477.27,Pune
108969,2025-07-25,Customer_1305,Shoes,Clothing,8,22324.19,1787.6,Kolhapur
107453,2025-07-25,Customer_1197,Lamp,Home,3,3893.3,449.7,Aurangabad
101778,2025-07-25,Customer_0132,Office Chair,Furniture,3,21886.72,2202.75,Aurangabad
102001,2025-07-26,Customer_1713,Jacket,Clothing,6,18937.71,3485.49,Mumbai
106753,2025-07-26,Customer_2219,Lamp,Home,5,6836.53,434.94,Aurangabad
104780,2025-07-26,Customer_1755,Bookshelf,Furniture,6,32546.93,5217.65,Nashik
100880,2025-07-26,Customer_2249,Smartphone,Electronics,1,22277.25,3142.95,Nagpur
104963,2025-07-26,Customer_2448,Backpack,Clothing,8,12006.17,1991.72,Nashik
103092,2025-07-26,Customer_1536,Jacket,Clothing,7,19170.18,4161.98,Mumbai
107384,2025-07-26,Customer_1237,Bookshelf,Furniture,4,21559.81,1651.2,Aurangabad
107444,2025-07-26,Customer_1032,Smartphone,Electronics,3,79928.75,8528.1,Nagpur
100133,2025-07-26,Customer_1321,Bedsheet,Home,5,8391.7,1695.46,Mumbai
109985,2025-07-26,Customer_1515,Desk,Furniture,3,40344.35,7260.93,Aurangabad
104841,2025-07-26,Customer_1648,Tablet,Electronics,3,50722.16,6624.81,Mumbai
101902,2025-07-26,Customer_2454,Jeans,Clothing,1,1770.21,239.72,Nashik
105937,2025-07-26,Customer_1731,Shoes,Clothing,5,12369.08,1857.74,Nagpur
108293,2025-07-26,Customer_1184,Tablet,Electronics,5,86367.26,6177.5,Nashik
104709,2025-07-26,Customer_2452,Tablet,Electronics,6,94223.41,20556.15,Nagpur
104486,2025-07-26,Customer_0338,Cabinet,Furniture,5,40264.58,4863.68,Mumbai
108047,2025-07-26,Customer_0220,Cabinet,Furniture,5,44075.27,4426.39,Nagpur
104629,2025-07-26,Customer_0960,T-Shirt,Clothing,3,1947.93,218.37,Kolhapur
104754,2025-07-26,Customer_1168,Office Chair,Furniture,8,62726.57,8949.09,Aurangabad
103842,2025-07-27,Customer_0136,Jacket,Clothing,4,11581.34,872.19,Nagpur
106832,2025-07-27,Customer_1477,Smartphone,Electronics,7,195034.78,21971.95,Aurangabad
105965,2025-07-27,Customer_2031,Shoes,Clothing,3,6424.54,603.28,Mumbai
105189,2025-07-27,Customer_1036,Desk,Furniture,5,20951.29,4340.78,Nashik
101861,2025-07-27,Customer_2346,Mixer,Home,2,6662.08,1156.43,Nashik
105751,2025-07-27,Customer_1264,Table,Furniture,6,50645.07,8963.21,Pune
102211,2025-07-27,Customer_1106,Jacket,Clothing,7,21981.92,4376.48,Aurangabad
107243,2025-07-27,Customer_1258,Jeans,Clothing,7,10187.06,791.04,Nashik
106875,2025-07-27,Customer_1461,Lamp,Home,6,7204.46,1332.32,Nashik
105391,2025-07-27,Customer_1445,Monitor,Electronics,5,77323.48,7483.3,Mumbai
109600,2025-07-27,Customer_0753,Monitor,Electronics,3,35837.94,7229.1,Nagpur
101757,2025-07-27,Customer_1506,Bedsheet,Home,7,12355.77,1535.87,Nagpur
105459,2025-07-27,Customer_1956,Headphones,Electronics,4,11154.74,2017.2,Nashik
104846,2025-07-27,Customer_1717,T-Shirt,Clothing,2,1521.54,221.07,Kolhapur
100082,2025-07-27,Customer_0732,Laptop,Electronics,5,264193.96,21580.08,Kolhapur
107932,2025-07-27,Customer_0925,Cookware,Home,6,11668.55,1930.99,Mumbai
103545,2025-07-27,Customer_0420,Tablet,Electronics,3,57086.95,4466.14,Aurangabad
100274,2025-07-27,Customer_1558,Cookware,Home,3,6668.42,1120.43,Kolhapur
108418,2025-07-27,Customer_2265,Headphones,Electronics,1,2719.41,355.81,Aurangabad
105101,2025-07-27,Customer_1722,Vacuum Cleaner,Home,1,7038.45,1496.01,Mumbai
100295,2025-07-27,Customer_1794,Office Chair,Furniture,4,33507.19,4371.67,Nagpur
102313,2025-07-27,Customer_0713,Backpack,Clothing,1,1454.45,272.31,Nashik
105266,2025-07-27,Customer_0135,Cabinet,Furniture,2,17363.01,3211.23,Pune
108546,2025-07-27,Customer_1780,Office Chair,Furniture,4,30357.88,6626.6,Kolhapur
105609,2025-07-27,Customer_0455,Cookware,Home,6,14510.97,1100.26,Aurangabad
109069,2025-07-27,Customer_1110,T-Shirt,Clothing,5,3629.27,730.24,Aurangabad
108181,2025-07-27,Customer_0797,Lamp,Home,5,5984.29,519.31,Pune
106398,2025-07-28,Customer_2221,Jeans,Clothing,7,11347.14,2444.44,Nagpur
105710,2025-07-28,Customer_2459,Backpack,Clothing,8,10277.22,1704.13,Pune
102300,2025-07-28,Customer_1135,Table,Furniture,8,74456.18,11896.62,Pune
106618,2025-07-28,Customer_1867,Jeans,Clothing,4,6579.47,1444.69,Pune
104905,2025-07-28,Customer_2358,Table,Furniture,2,19654.53,3262.65,Aurangabad
104719,2025-07-28,Customer_1032,Jeans,Clothing,7,12260.49,1087.18,Nagpur
104567,2025-07-28,Customer_1114,Desk,Furniture,6,62287.84,10248.49,Mumbai
108027,2025-07-28,Customer_0358,Office Chair,Furniture,4,32079.6,2022.34,Mumbai
101315,2025-07-28,Customer_0178,Backpack,Clothing,8,9679.66,920.41,Pune
109975,2025-07-28,Customer_0114,Tablet,Electronics,1,18791.6,1214.13,Nashik
105566,2025-07-28,Customer_0955,Shoes,Clothing,1,2277.08,243.31,Aurangabad
106456,2025-07-28,Customer_1246,Table,Furniture,8,71612.95,9607.61,Mumbai
103686,2025-07-28,Customer_0782,Smartphone,Electronics,5,136479.19,17748.84,Nagpur
104938,2025-07-28,Customer_1597,Smartphone,Electronics,3,84938.01,7809.67,Nagpur
106882,2025-07-28,Customer_2488,Cabinet,Furniture,8,64483.96,13055.85,Nagpur
104442,2025-07-28,Customer_0806,Tablet,Electronics,5,100529.93,20960.61,Pune
102696,2025-07-28,Unknown Customer,Smartphone,Electronics,3,69765.26,11395.92,Aurangabad
109205,2025-07-28,Customer_1751,Vacuum Cleaner,Home,6,42721.32,7404.19,Nashik
109863,2025-07-28,Customer_0471,Vacuum Cleaner,Home,6,43338.42,8693.75,Nagpur
105387,2025-07-28,Customer_0560,Jacket,Clothing,4,12474.28,1072.75,Aurangabad
107594,2025-07-28,Customer_2388,Shoes,Clothing,1,2388.14,437.09,Pune
103749,2025-07-29,Customer_2077,Cabinet,Furniture,8,69261.98,5830.88,Nashik
108831,2025-07-29,Customer_0437,Office Chair,Furniture,5,40990.29,3374.68,Aurangabad
101137,2025-07-29,Customer_1025,Table,Furniture,2,16730.28,1940.34,Nashik
108190,2025-07-29,Customer_2289,Monitor,Electronics,5,46460.59,9913.23,Kolhapur
104887,2025-07-29,Customer_0069,Bookshelf,Furniture,2,12654.42,2149.67,Mumbai
103924,2025-07-29,Customer_1693,Cabinet,Furniture,8,62460.9,12639.23,Kolhapur
103093,2025-07-29,Customer_2431,Shoes,Clothing,8,21703.5,4417.8,Pune
105156,2025-07-29,Customer_1097,T-Shirt,Clothing,8,5825.08,456.36,Aurangabad
104259,2025-07-29,Customer_0426,Lamp,Home,1,1145.59,216.24,Kolhapur
101488,2025-07-29,Customer_2138,Monitor,Electronics,2,31593.6,3577.19,Unknown
109787,2025-07-29,Customer_0244,Jeans,Clothing,1,1708.59,113.23,Nagpur
106118,2025-07-29,Customer_1178,Tablet,Electronics,3,46610.32,4544.48,Mumbai
106015,2025-07-29,Customer_2354,Vacuum Cleaner,Home,5,28274.08,2550.28,Pune
107236,2025-07-29,Customer_0968,Smartphone,Electronics,1,26246.37,3108.91,Kolhapur
103219,2025-07-29,Customer_1653,T-Shirt,Clothing,8,5551.7,356.88,Nashik
109938,2025-07-29,Customer_1366,Monitor,Electronics,4,57171.44,9341.66,Nagpur
102975,2025-07-29,Customer_0258,Office Chair,Furniture,1,8500.97,518.39,Nagpur
109097,2025-07-29,Customer_1415,Smartphone,Electronics,1,27217.23,2769.8,Kolhapur
101704,2025-07-29,Customer_1274,Desk,Furniture,6,66959.77,11689.5,Pune
108398,2025-07-29,Customer_0144,Shoes,Clothing,1,2470.67,166.6,Nagpur
105064,2025-07-30,Customer_1332,Lamp,Home,5,6716.89,1446.53,Pune
109840,2025-07-30,Customer_0942,Headphones,Electronics,6,13383.49,1854.7,Mumbai
107585,2025-07-30,Customer_1062,Cookware,Home,6,12768.63,1335.26,Nashik
105922,2025-07-30,Customer_2366,Shoes,Clothing,2,4257.6,533.75,Kolhapur
107711,2025-07-30,Customer_1642,Bedsheet,Home,7,13179.53,2837.24,Nashik
107707,2025-07-30,Customer_1216,Bedsheet,Home,1,1683.67,214.15,Nashik
108142,2025-07-30,Customer_2191,Monitor,Electronics,8,116061.89,14580.15,Pune
102558,2025-07-30,Customer_0821,Mixer,Home,3,9359.79,1570.04,Mumbai
106807,2025-07-30,Customer_1823,Laptop,Electronics,2,113970.0,18599.58,Pune
109526,2025-07-30,Customer_1446,T-Shirt,Clothing,5,3825.35,303.29,Pune
101890,2025-07-30,Customer_0505,Bookshelf,Furniture,8,53612.19,9223.92,Aurangabad
104863,2025-07-30,Customer_2183,Lamp,Home,2,2167.52,313.28,Nagpur
103732,2025-07-30,Customer_0917,Vacuum Cleaner,Home,8,55877.52,11418.86,Aurangabad
109519,2025-07-30,Customer_2268,Backpack,Clothing,3,4801.48,579.69,Pune
102747,2025-07-30,Customer_1670,Mixer,Home,3,9529.45,1567.82,Pune
102705,2025-07-30,Customer_0279,T-Shirt,Clothing,3,2104.95,462.52,Aurangabad
106361,2025-07-30,Customer_1804,Tablet,Electronics,7,131624.59,14535.12,Pune
108711,2025-07-30,Customer_0999,Table,Furniture,4,30705.04,5152.99,Mumbai
103028,2025-07-30,Customer_2150,Bedsheet,Home,1,1621.71,124.89,Nagpur
108295,2025-07-30,Customer_1985,Tablet,Electronics,2,38189.66,8187.87,Nashik
104721,2025-07-30,Customer_0019,Cookware,Home,1,2150.09,315.69,Kolhapur
109143,2025-07-31,Customer_1836,Table,Furniture,5,44188.79,6002.0,Mumbai
105859,2025-07-31,Customer_1038,Cabinet,Furniture,2,17304.73,1640.26,Nagpur
107009,2025-07-31,Customer_0069,Jacket,Clothing,7,20045.52,2969.82,Nashik
100704,2025-07-31,Customer_0630,Tablet,Electronics,8,130161.28,22160.93,Pune
106742,2025-07-31,Customer_0381,Vacuum Cleaner,Home,2,12181.78,2231.94,Aurangabad
104955,2025-07-31,Customer_0213,Mixer,Home,6,23332.91,4907.12,Nagpur
108525,2025-07-31,Customer_0752,Shoes,Clothing,2,4402.58,793.29,Aurangabad
100917,2025-07-31,Customer_0899,Bedsheet,Home,3,6075.7,494.78,Nagpur
104404,2025-07-31,Customer_1904,Headphones,Electronics,1,2159.11,333.09,Aurangabad
105903,2025-07-31,Customer_0202,Cabinet,Furniture,8,71337.13,10713.9,Aurangabad
105506,2025-07-31,Customer_1626,Laptop,Electronics,2,94514.85,19800.85,Aurangabad
105873,2025-07-31,Customer_1544,Jacket,Clothing,2,4927.54,881.72,Nagpur
106930,2025-07-31,Customer_0964,Shoes,Clothing,1,2735.63,210.48,Kolhapur
100985,2025-07-31,Customer_1410,Backpack,Clothing,5,6582.43,1003.93,Pune
107609,2025-08-01,Customer_0791,Smartphone,Electronics,8,176440.72,11941.84,Aurangabad
102646,2025-08-01,Customer_2435,Backpack,Clothing,5,7865.34,716.85,Pune
103719,2025-08-01,Customer_1368,Office Chair,Furniture,1,7253.66,1043.45,Mumbai
102611,2025-08-01,Customer_1292,Jacket,Clothing,5,14140.74,2711.52,Nagpur
100081,2025-08-01,Customer_2197,Jacket,Clothing,7,22142.77,4684.73,Nashik
103343,2025-08-01,Customer_1617,Office Chair,Furniture,2,36333.11,1308.59,Mumbai
105127,2025-08-01,Customer_1452,Desk,Furniture,6,36333.11,13430.8,Aurangabad
109821,2025-08-01,Customer_1824,Laptop,Electronics,3,178961.8,21645.79,Pune
108365,2025-08-01,Customer_0453,Mixer,Home,8,31018.6,3782.06,Mumbai
107207,2025-08-01,Customer_1356,Mixer,Home,5,19498.27,3443.43,Nashik
102485,2025-08-01,Customer_1523,Backpack,Clothing,6,8220.45,1637.27,Kolhapur
109444,2025-08-01,Customer_1350,Vacuum Cleaner,Home,8,54091.8,4075.06,Nagpur
107482,2025-08-01,Customer_1647,Table,Furniture,4,38858.07,2372.0,Nashik
108852,2025-08-01,Customer_1991,Bookshelf,Furniture,7,39326.79,3874.79,Nagpur
105210,2025-08-01,Customer_1181,Jeans,Clothing,3,5443.15,667.31,Aurangabad
100664,2025-08-01,Customer_1209,Office Chair,Furniture,4,30154.09,5493.4,Nagpur
102939,2025-08-01,Customer_1937,Smartphone,Electronics,7,193351.05,27063.65,Nagpur
103032,2025-08-01,Customer_0173,Table,Furniture,1,8203.02,887.8,Mumbai
102834,2025-08-01,Customer_2037,Vacuum Cleaner,Home,8,46397.81,9294.61,Kolhapur
109173,2025-08-01,Customer_1886,Cookware,Home,7,14921.05,1525.21,Kolhapur
101907,2025-08-01,Customer_0089,Lamp,Home,3,3601.05,432.11,Kolhapur
104154,2025-08-01,Customer_1433,Smartphone,Electronics,6,159892.36,30924.7,Pune
102487,2025-08-01,Customer_2128,Cabinet,Furniture,6,54621.62,6153.77,Kolhapur
106250,2025-08-02,Customer_2422,Headphones,Electronics,1,2486.28,448.02,Nagpur
102200,2025-08-02,Customer_0537,Tablet,Electronics,5,89887.68,18774.64,Nagpur
108545,2025-08-02,Customer_1724,Table,Furniture,5,44057.22,2774.49,Pune
105330,2025-08-02,Customer_2148,Monitor,Electronics,8,99393.87,18631.92,Mumbai
104280,2025-08-02,Customer_1712,Headphones,Electronics,3,6666.43,1299.13,Kolhapur
103549,2025-08-02,Customer_1673,Cabinet,Furniture,6,50949.47,5574.64,Pune
102534,2025-08-02,Customer_0219,Desk,Furniture,5,56432.03,11038.69,Nagpur
104547,2025-08-02,Customer_2326,Desk,Furniture,3,38660.82,8073.95,Aurangabad
101786,2025-08-02,Customer_2059,Backpack,Clothing,4,6017.18,1197.42,Aurangabad
107602,2025-08-02,Customer_0540,Mixer,Home,4,15333.21,1598.49,Nashik
103468,2025-08-02,Customer_2403,Lamp,Home,1,1295.53,263.39,Mumbai
104903,2025-08-02,Customer_0805,Bedsheet,Home,8,15802.41,2831.7,Aurangabad
105516,2025-08-02,Customer_1734,Cookware,Home,7,16091.77,3285.83,Nashik
107428,2025-08-02,Customer_0029,T-Shirt,Clothing,5,4007.95,790.54,Pune
100122,2025-08-02,Customer_1940,Desk,Furniture,3,36759.38,2520.67,Aurangabad
108461,2025-08-02,Customer_2348,Bedsheet,Home,8,15072.28,2005.46,Aurangabad
106282,2025-08-02,Customer_1193,Monitor,Electronics,2,25517.65,1769.93,Mumbai
103854,2025-08-02,Customer_2453,Vacuum Cleaner,Home,3,17238.38,2230.58,Pune
103217,2025-08-02,Customer_0598,Office Chair,Furniture,2,13449.54,2089.39,Aurangabad
108684,2025-08-02,Customer_2032,Office Chair,Furniture,6,49091.12,10371.58,Pune
108735,2025-08-02,Customer_0579,Shoes,Clothing,1,2197.44,414.32,Nagpur
106473,2025-08-02,Customer_0003,Laptop,Electronics,7,425391.86,47792.14,Kolhapur
104169,2025-08-02,Customer_0472,Office Chair,Furniture,3,19398.51,3200.38,Nagpur
103684,2025-08-02,Customer_0526,Smartphone,Electronics,6,151330.34,9782.93,Aurangabad
104478,2025-08-02,Customer_2031,Mixer,Home,7,27916.45,4228.48,Mumbai
107688,2025-08-02,Customer_1014,Headphones,Electronics,4,11169.22,1703.63,Nagpur
106657,2025-08-02,Customer_0558,Bedsheet,Home,7,11779.47,1366.82,Nagpur
107799,2025-08-02,Customer_1124,Smartphone,Electronics,5,119607.39,14817.45,Nagpur
102936,2025-08-02,Customer_1701,Desk,Furniture,3,39092.14,7912.91,Pune
101155,2025-08-02,Customer_1751,Shoes,Clothing,2,5378.6,1066.17,Kolhapur
105312,2025-08-02,Customer_1125,Laptop,Electronics,5,274241.6,36116.13,Pune
105564,2025-08-02,Customer_1073,Monitor,Electronics,3,44295.51,5773.74,Nashik
107116,2025-08-02,Customer_2390,Bedsheet,Home,5,10276.72,1500.38,Aurangabad
108762,2025-08-02,Customer_1959,Vacuum Cleaner,Home,4,26673.63,5329.41,Nashik
100863,2025-08-02,Customer_0269,Smartphone,Electronics,1,25173.69,5129.95,Mumbai
102941,2025-08-02,Customer_1833,Shoes,Clothing,3,6500.92,916.85,Pune
103117,2025-08-03,Customer_2078,Shoes,Clothing,7,15756.44,1769.31,Mumbai
101217,2025-08-03,Customer_1297,Cookware,Home,4,8707.69,1483.65,Nashik
106139,2025-08-03,Customer_1269,Headphones,Electronics,3,7233.46,1560.04,Kolhapur
107412,2025-08-03,Customer_0208,Laptop,Electronics,7,402508.95,63401.07,Mumbai
109569,2025-08-03,Customer_1657,Backpack,Clothing,3,4082.3,755.69,Nagpur
107990,2025-08-03,Customer_1743,Vacuum Cleaner,Home,7,49388.61,6390.06,Aurangabad
104291,2025-08-03,Customer_2165,Vacuum Cleaner,Home,2,14949.71,1938.18,Nagpur
101441,2025-08-03,Customer_0408,Desk,Furniture,1,10306.35,1333.95,Aurangabad
103294,2025-08-03,Customer_1058,Laptop,Electronics,3,162719.68,20383.84,Mumbai
100009,2025-08-03,Customer_2365,Backpack,Clothing,6,8375.93,663.03,Mumbai
102296,2025-08-03,Customer_0440,Shoes,Clothing,7,16675.18,2116.73,Nagpur
104289,2025-08-03,Customer_0824,Cabinet,Furniture,3,26675.78,2918.82,Mumbai
101312,2025-08-03,Customer_1944,Office Chair,Furniture,3,22906.63,2309.0,Nagpur
106509,2025-08-03,Customer_2434,Cookware,Home,5,11805.47,2532.65,Aurangabad
108296,2025-08-03,Customer_1050,Laptop,Electronics,4,216940.32,34968.54,Nashik
100594,2025-08-03,Customer_0374,Jeans,Clothing,7,10695.65,1585.21,Aurangabad
104730,2025-08-03,Customer_0383,Jeans,Clothing,3,4566.89,363.61,Kolhapur
108462,2025-08-03,Customer_1993,Tablet,Electronics,7,130543.74,12837.25,Aurangabad
103626,2025-08-03,Customer_2485,Smartphone,Electronics,4,108334.36,10750.75,Mumbai
105543,2025-08-03,Customer_1990,Laptop,Electronics,7,415404.98,65362.01,Nagpur
106893,2025-08-03,Customer_0423,Cookware,Home,3,7323.53,1038.6,Nashik
108426,2025-08-03,Customer_1625,Backpack,Clothing,4,5768.05,693.08,Mumbai
109670,2025-08-03,Customer_0216,Headphones,Electronics,2,5381.78,1046.42,Nashik
101333,2025-08-03,Customer_0165,Tablet,Electronics,1,19164.43,3603.08,Nagpur
100524,2025-08-03,Customer_1876,Vacuum Cleaner,Home,4,27427.94,4545.26,Pune
107370,2025-08-03,Customer_0163,Vacuum Cleaner,Home,4,29774.64,4278.31,Nashik
108062,2025-08-03,Customer_0587,Table,Furniture,8,81487.75,9010.33,Aurangabad
101467,2025-08-03,Customer_1218,Jacket,Clothing,1,2435.97,526.59,Kolhapur
104950,2025-08-03,Customer_1017,Table,Furniture,3,24952.13,2531.07,Nashik
100392,2025-08-03,Customer_0487,Vacuum Cleaner,Home,5,31080.63,3760.24,Mumbai
108534,2025-08-04,Customer_2054,Mixer,Home,5,16840.79,3024.45,Pune
107022,2025-08-04,Customer_1421,Bedsheet,Home,5,10115.39,1887.59,Mumbai
106246,2025-08-04,Customer_0157,Monitor,Electronics,4,63142.6,9364.1,Nashik
102732,2025-08-04,Customer_0493,Smartphone,Electronics,5,109201.44,6841.07,Nagpur
104985,2025-08-04,Customer_1005,T-Shirt,Clothing,4,2748.26,332.49,Kolhapur
109360,2025-08-04,Customer_2100,Headphones,Electronics,2,5574.79,935.82,Aurangabad
108037,2025-08-04,Customer_0788,Office Chair,Furniture,3,19950.55,1889.19,Aurangabad
107422,2025-08-04,Customer_1309,Headphones,Electronics,7,17670.21,2664.77,Kolhapur
107749,2025-08-04,Customer_1109,Cookware,Home,5,11367.41,2021.47,Nagpur
108099,2025-08-04,Customer_0681,Vacuum Cleaner,Home,5,35462.79,3946.24,Kolhapur
107156,2025-08-04,Customer_0184,Vacuum Cleaner,Home,2,14319.93,2136.53,Aurangabad
107984,2025-08-04,Customer_1780,Table,Furniture,8,77076.3,5791.88,Pune
101576,2025-08-04,Customer_0359,Shoes,Clothing,5,11264.6,921.41,Mumbai
107576,2025-08-04,Customer_1350,Monitor,Electronics,5,78868.78,13471.6,Nashik
102024,2025-08-04,Customer_1196,Monitor,Electronics,4,59669.82,7322.96,Pune
103898,2025-08-04,Customer_2220,Office Chair,Furniture,2,16396.81,2105.88,Aurangabad
103033,2025-08-04,Customer_2051,Desk,Furniture,3,32769.4,6025.69,Nashik
108345,2025-08-04,Customer_1046,Vacuum Cleaner,Home,5,31501.27,2263.21,Kolhapur
106907,2025-08-04,Customer_2377,Mixer,Home,2,6495.32,1024.65,Pune
103179,2025-08-04,Customer_1473,Tablet,Electronics,6,93580.49,8259.24,Nagpur
104230,2025-08-04,Customer_0745,Cabinet,Furniture,8,62225.89,3996.94,Mumbai
100888,2025-08-04,Customer_1966,Jeans,Clothing,6,10595.75,1222.78,Nagpur
101436,2025-08-04,Customer_0503,Jeans,Clothing,7,10086.21,654.27,Mumbai
104001,2025-08-04,Customer_0969,Laptop,Electronics,6,366516.22,46318.74,Nagpur
100117,2025-08-04,Customer_0867,Shoes,Clothing,6,14193.2,3040.56,Nagpur
108090,2025-08-05,Customer_0546,Tablet,Electronics,5,93794.95,12938.38,Mumbai
103852,2025-08-05,Customer_2058,Smartphone,Electronics,8,223463.04,34634.09,Kolhapur
106953,2025-08-05,Customer_0668,Cabinet,Furniture,4,35043.58,5836.05,Kolhapur
100732,2025-08-05,Customer_1708,Lamp,Home,5,5864.09,642.07,Kolhapur
100623,2025-08-05,Customer_1373,T-Shirt,Clothing,1,778.45,87.73,Nagpur
101803,2025-08-05,Customer_1929,Table,Furniture,3,26799.1,5660.47,Nashik
100563,2025-08-05,Customer_0767,Lamp,Home,3,3514.28,481.28,Nashik
109743,2025-08-05,Customer_0538,Lamp,Home,2,2474.08,159.3,Pune
104803,2025-08-05,Customer_1016,T-Shirt,Clothing,4,3090.08,429.3,Nagpur
108962,2025-08-05,Customer_2205,Tablet,Electronics,3,47325.69,7593.41,Kolhapur
103715,2025-08-05,Customer_0468,Table,Furniture,3,25476.97,5221.58,Aurangabad
107944,2025-08-05,Customer_1959,Jacket,Clothing,6,15893.96,2058.45,Aurangabad
105420,2025-08-05,Customer_2095,Backpack,Clothing,8,10317.92,1051.89,Nashik
104181,2025-08-05,Customer_1341,Jeans,Clothing,5,8070.76,1368.09,Nagpur
100087,2025-08-05,Customer_0511,Headphones,Electronics,6,14803.43,1292.68,Aurangabad
105810,2025-08-05,Customer_0345,Vacuum Cleaner,Home,6,42968.32,7797.29,Kolhapur
102846,2025-08-05,Customer_1670,Vacuum Cleaner,Home,7,46451.51,5061.8,Nagpur
100556,2025-08-05,Customer_1426,Vacuum Cleaner,Home,2,12301.65,1234.6,Nashik
106481,2025-08-05,Customer_1345,Table,Furniture,2,17693.93,1549.32,Aurangabad
106011,2025-08-05,Customer_0503,Shoes,Clothing,1,2213.29,457.22,Nagpur
105880,2025-08-06,Customer_0711,Office Chair,Furniture,2,15863.69,3211.06,Pune
107396,2025-08-06,Customer_1067,Vacuum Cleaner,Home,8,55885.27,5551.89,Kolhapur
107913,2025-08-06,Customer_2313,Jeans,Clothing,5,7583.3,822.69,Nagpur
100856,2025-08-06,Customer_1357,Desk,Furniture,6,63869.17,4864.56,Nashik
104302,2025-08-06,Customer_0567,Backpack,Clothing,2,2766.83,356.02,Nashik
103713,2025-08-06,Customer_0196,Bookshelf,Furniture,2,11076.07,735.66,Nashik
107018,2025-08-06,Customer_2058,Table,Furniture,2,15527.49,1112.04,Pune
107770,2025-08-06,Customer_0434,Bedsheet,Home,7,11978.05,2057.8,Nashik
108053,2025-08-06,Customer_2386,Tablet,Electronics,6,108160.31,21936.91,Pune
103865,2025-08-06,Customer_0943,Laptop,Electronics,5,162957.08,35369.28,Mumbai
107228,2025-08-06,Customer_0914,Vacuum Cleaner,Home,4,27761.74,5893.86,Nagpur
108599,2025-08-06,Customer_2342,Backpack,Clothing,2,2708.77,579.37,Mumbai
108968,2025-08-06,Customer_0064,Vacuum Cleaner,Home,8,57253.24,4024.23,Kolhapur
101134,2025-08-06,Customer_0371,Table,Furniture,8,77357.55,6361.39,Aurangabad
101557,2025-08-06,Customer_2006,Headphones,Electronics,4,11166.08,1099.15,Nagpur
100069,2025-08-06,Customer_2260,Jeans,Clothing,8,11251.78,1532.14,Aurangabad
105241,2025-08-06,Customer_1220,Bedsheet,Home,3,6100.84,833.07,Pune
100217,2025-08-06,Customer_1974,Jeans,Clothing,5,8762.97,579.57,Nashik
104757,2025-08-06,Customer_0551,Cabinet,Furniture,3,21550.46,2613.77,Mumbai
109332,2025-08-06,Customer_0052,Table,Furniture,4,38439.76,2573.09,Nashik
106028,2025-08-06,Customer_1809,Vacuum Cleaner,Home,7,40558.03,3876.61,Pune
102058,2025-08-06,Customer_0601,Laptop,Electronics,3,158457.7,20045.81,Nashik
103098,2025-08-07,Customer_0340,Backpack,Clothing,2,3075.05,196.64,Mumbai
109155,2025-08-07,Customer_0446,T-Shirt,Clothing,6,4424.12,416.02,Nashik
109946,2025-08-07,Customer_1422,Lamp,Home,6,6691.89,1157.84,Mumbai
103520,2025-08-07,Customer_1857,Headphones,Electronics,1,2569.72,203.83,Nagpur
102686,2025-08-07,Customer_1334,Desk,Furniture,3,41087.58,8902.78,Kolhapur
101356,2025-08-07,Customer_2218,Headphones,Electronics,7,15064.2,3152.1,Mumbai
107309,2025-08-07,Customer_1812,Shoes,Clothing,1,2693.84,199.16,Kolhapur
104314,2025-08-07,Customer_0845,Shoes,Clothing,6,15876.99,3029.57,Nagpur
107709,2025-08-07,Customer_1518,Tablet,Electronics,5,97327.01,15011.34,Nagpur
105140,2025-08-07,Customer_1747,Jacket,Clothing,6,16793.07,2642.53,Kolhapur
102476,2025-08-07,Customer_0857,Mixer,Home,5,18942.29,4006.04,Kolhapur
105057,2025-08-07,Customer_1138,Shoes,Clothing,7,17530.27,2330.06,Nashik
107510,2025-08-07,Customer_1368,Bookshelf,Furniture,6,33668.17,6978.45,Aurangabad
106765,2025-08-07,Customer_1965,Backpack,Clothing,7,10331.03,1181.28,Aurangabad
104331,2025-08-07,Customer_1770,Vacuum Cleaner,Home,5,33688.36,4694.99,Nagpur
106821,2025-08-07,Customer_1043,Shoes,Clothing,5,12143.12,805.65,Nagpur
105868,2025-08-07,Customer_1714,Jeans,Clothing,5,8597.85,1302.39,Nashik
107182,2025-08-08,Customer_0230,Laptop,Electronics,4,222056.15,39280.54,Nashik
104729,2025-08-08,Customer_1534,Vacuum Cleaner,Home,3,17142.77,2215.28,Aurangabad
104670,2025-08-08,Customer_2370,Office Chair,Furniture,7,47061.14,6450.67,Pune
106134,2025-08-08,Customer_2418,Office Chair,Furniture,4,32119.12,4760.85,Mumbai
100208,2025-08-08,Customer_0437,Table,Furniture,8,66986.07,10492.75,Mumbai
105094,2025-08-08,Customer_1147,Backpack,Clothing,7,11186.65,915.43,Mumbai
102570,2025-08-08,Customer_0381,Bookshelf,Furniture,7,36178.77,5675.9,Nashik
107326,2025-08-08,Customer_1860,Shoes,Clothing,2,5227.39,562.02,Nagpur
106255,2025-08-08,Customer_1441,Table,Furniture,4,37193.14,4731.73,Nagpur
108782,2025-08-08,Customer_1467,Bedsheet,Home,4,7351.0,1019.89,Mumbai
100331,2025-08-08,Customer_0067,Lamp,Home,5,5719.16,596.86,Nashik
102201,2025-08-08,Customer_1382,Monitor,Electronics,1,15637.86,2904.39,Aurangabad
105366,2025-08-08,Customer_0339,Jeans,Clothing,4,6209.94,1183.49,Nashik
108476,2025-08-08,Customer_2386,Cookware,Home,4,8389.66,918.24,Nagpur
105460,2025-08-08,Customer_2072,Lamp,Home,6,6818.21,1432.57,Pune
102840,2025-08-08,Customer_1354,Lamp,Home,5,5230.16,936.21,Mumbai
100697,2025-08-08,Customer_1070,T-Shirt,Clothing,6,3820.84,588.53,Pune
102079,2025-08-08,Customer_2475,Office Chair,Furniture,1,6663.52,682.54,Mumbai
100705,2025-08-08,Customer_0359,T-Shirt,Clothing,7,4995.66,986.08,Nashik
101912,2025-08-08,Customer_2365,Shoes,Clothing,3,8511.46,973.07,Mumbai
107620,2025-08-08,Customer_0696,Jacket,Clothing,6,15779.96,3464.3,Kolhapur
109792,2025-08-08,Customer_1565,Desk,Furniture,5,65998.09,6262.56,Aurangabad
108318,2025-08-08,Customer_1248,Headphones,Electronics,8,21168.09,4616.18,Nagpur
100966,2025-08-08,Customer_1976,Monitor,Electronics,1,14299.63,1010.7,Nashik
102838,2025-08-08,Customer_0113,Backpack,Clothing,5,7339.97,1086.82,Aurangabad
109216,2025-08-08,Customer_0765,Shoes,Clothing,7,18874.18,3506.64,Kolhapur
106496,2025-08-08,Customer_2036,Shoes,Clothing,4,9156.5,706.84,Nashik
109316,2025-08-08,Customer_1856,Office Chair,Furniture,7,51978.43,7214.7,Mumbai
106462,2025-08-08,Customer_0906,Table,Furniture,1,9059.63,824.93,Pune
107991,2025-08-09,Customer_0867,Monitor,Electronics,7,89225.22,14649.01,Nashik
104063,2025-08-09,Customer_1298,Mixer,Home,5,17234.17,2394.02,Nashik
107305,2025-08-09,Customer_1570,Office Chair,Furniture,2,16562.69,1063.3,Nagpur
104684,2025-08-09,Customer_2477,T-Shirt,Clothing,4,3118.63,634.17,Mumbai
107501,2025-08-09,Customer_1740,Shoes,Clothing,2,4826.26,741.41,Aurangabad
104088,2025-08-09,Customer_0524,Cookware,Home,6,14616.89,1013.01,Aurangabad
105649,2025-08-09,Customer_1811,Bedsheet,Home,1,1739.74,371.6,Aurangabad
105487,2025-08-09,Customer_0575,Laptop,Electronics,5,288504.85,63044.64,Nashik
108937,2025-08-09,Customer_2078,T-Shirt,Clothing,2,1451.58,113.9,Pune
104681,2025-08-09,Customer_2275,Bedsheet,Home,4,6218.29,1319.24,Pune
102509,2025-08-09,Customer_2286,Lamp,Home,2,2579.66,365.23,Nagpur
108868,2025-08-09,Customer_0523,Tablet,Electronics,2,36168.91,3042.42,Kolhapur
109114,2025-08-09,Customer_0397,Cabinet,Furniture,8,67964.52,4438.6,Kolhapur
103631,2025-08-09,Customer_0741,Tablet,Electronics,3,54019.97,9333.24,Nashik
100595,2025-08-09,Customer_1954,Laptop,Electronics,4,210729.85,16885.44,Pune
102130,2025-08-09,Customer_1790,Vacuum Cleaner,Home,5,19254.69,1561.44,Nashik
102729,2025-08-09,Customer_0202,Cookware,Home,7,13432.68,2938.36,Nagpur
105161,2025-08-09,Customer_2304,Monitor,Electronics,5,76412.51,12387.78,Mumbai
104965,2025-08-10,Customer_0177,Monitor,Electronics,7,98999.67,9693.36,Mumbai
106601,2025-08-10,Customer_0185,Cookware,Home,5,12110.66,1298.67,Aurangabad
104916,2025-08-10,Customer_1441,T-Shirt,Clothing,5,3199.41,533.35,Nagpur
106065,2025-08-10,Customer_0469,Jeans,Clothing,6,8222.18,997.86,Aurangabad
107062,2025-08-10,Customer_2207,Office Chair,Furniture,3,19565.32,1417.94,Mumbai
100775,2025-08-10,Customer_0421,Jacket,Clothing,3,9341.41,1700.58,Nagpur
101777,2025-08-10,Customer_1248,Headphones,Electronics,8,21660.61,3468.63,Pune
101234,2025-08-10,Customer_0328,T-Shirt,Clothing,8,5394.99,723.94,Mumbai
103147,2025-08-10,Customer_1012,Office Chair,Furniture,5,33930.32,3725.52,Mumbai
101300,2025-08-10,Customer_1516,Table,Furniture,3,30534.46,1922.57,Kolhapur
104750,2025-08-10,Customer_0056,Cabinet,Furniture,1,8320.9,1008.68,Kolhapur
104770,2025-08-10,Customer_1131,Tablet,Electronics,6,115483.16,22644.35,Nashik
105096,2025-08-10,Customer_0789,Office Chair,Furniture,8,60459.73,4508.52,Aurangabad
100480,2025-08-10,Customer_1924,Bedsheet,Home,2,3286.28,436.59,Nashik
103929,2025-08-10,Customer_1362,Laptop,Electronics,5,239976.93,17032.64,Pune
103828,2025-08-10,Customer_2181,Lamp,Home,7,9174.09,1515.55,Pune
101690,2025-08-10,Customer_0906,Monitor,Electronics,5,74153.74,5424.89,Mumbai
100144,2025-08-10,Customer_0490,Smartphone,Electronics,6,130560.46,11881.82,Aurangabad
106530,2025-08-10,Customer_2317,Desk,Furniture,7,82023.36,12759.06,Nagpur
108745,2025-08-10,Customer_0466,Tablet,Electronics,3,49324.14,3272.99,Nashik
102618,2025-08-10,Customer_2455,Jeans,Clothing,7,12644.82,2189.35,Nashik
100574,2025-08-11,Customer_0481,T-Shirt,Clothing,8,5245.2,439.98,Mumbai
102572,2025-08-11,Customer_0143,Shoes,Clothing,8,18667.53,3779.25,Nashik
104959,2025-08-11,Customer_2403,Laptop,Electronics,4,251562.76,34060.52,Pune
100590,2025-08-11,Customer_1870,Smartphone,Electronics,8,203769.81,22442.97,Pune
107108,2025-08-11,Customer_1665,Vacuum Cleaner,Home,6,34637.97,5059.69,Kolhapur
109794,2025-08-11,Customer_0252,Mixer,Home,7,23793.15,2187.01,Nagpur
101275,2025-08-11,Customer_2039,Shoes,Clothing,1,2260.49,282.68,Mumbai
100354,2025-08-11,Customer_2121,Smartphone,Electronics,8,197803.46,30839.32,Nagpur
101847,2025-08-11,Customer_0560,Mixer,Home,6,20144.16,3955.88,Aurangabad
106450,2025-08-11,Customer_1212,Monitor,Electronics,3,44719.96,8493.96,Pune
105369,2025-08-11,Customer_1813,Cookware,Home,2,5022.92,877.87,Mumbai
105036,2025-08-11,Customer_1788,Desk,Furniture,7,89809.41,17296.5,Nashik
109903,2025-08-11,Customer_1428,Jacket,Clothing,2,6306.54,422.79,Aurangabad
108817,2025-08-11,Customer_0256,Desk,Furniture,4,41221.65,5373.75,Aurangabad
105014,2025-08-11,Customer_0016,Office Chair,Furniture,1,8203.02,1229.55,Aurangabad
100963,2025-08-11,Customer_1088,Desk,Furniture,4,47287.73,2925.37,Mumbai
103347,2025-08-11,Customer_1684,Headphones,Electronics,6,14281.01,1583.78,Nagpur
102702,2025-08-11,Customer_2416,Cookware,Home,3,7259.04,1149.15,Nashik
103011,2025-08-11,Customer_0799,Headphones,Electronics,1,2740.64,285.35,Kolhapur
101677,2025-08-11,Customer_2397,Lamp,Home,4,5356.38,785.62,Kolhapur
101469,2025-08-11,Customer_2321,Jacket,Clothing,2,5504.67,494.31,Kolhapur
109639,2025-08-11,Customer_0744,Lamp,Home,5,6626.54,1455.26,Nashik
101314,2025-08-12,Customer_1781,Jacket,Clothing,4,10546.29,1889.23,Nashik
102633,2025-08-12,Customer_2049,Desk,Furniture,8,91521.65,14653.23,Aurangabad
101616,2025-08-12,Customer_2354,Mixer,Home,3,9901.96,1309.18,Pune
100725,2025-08-12,Customer_1569,Shoes,Clothing,5,10968.06,1559.88,Aurangabad
103832,2025-08-12,Customer_0194,Jacket,Clothing,5,16076.92,995.51,Pune
106133,2025-08-12,Customer_0113,Vacuum Cleaner,Home,7,52286.09,5307.09,Aurangabad
109864,2025-08-12,Customer_1519,Office Chair,Furniture,8,57187.35,4270.64,Pune
100211,2025-08-12,Customer_1173,Monitor,Electronics,8,102766.96,10393.37,Mumbai
100550,2025-08-12,Customer_1771,Cookware,Home,3,6394.57,1369.79,Nagpur
104764,2025-08-12,Customer_2345,T-Shirt,Clothing,1,784.61,161.12,Nashik
102679,2025-08-12,Customer_2031,Headphones,Electronics,8,21964.89,2583.48,Mumbai
101669,2025-08-12,Customer_1670,Tablet,Electronics,1,20686.57,2874.61,Aurangabad
109025,2025-08-12,Customer_2075,Bedsheet,Home,3,5982.84,824.29,Nagpur
101686,2025-08-12,Customer_1446,Tablet,Electronics,5,37189.93,3147.6,Nagpur
107857,2025-08-12,Customer_0144,Bedsheet,Home,3,5839.35,1206.61,Pune
106568,2025-08-12,Customer_1910,T-Shirt,Clothing,3,1813.61,152.22,Kolhapur
104660,2025-08-12,Customer_0651,Jacket,Clothing,5,12143.59,1862.4,Nagpur
102116,2025-08-12,Customer_1919,Headphones,Electronics,8,22596.09,2312.01,Aurangabad
101215,2025-08-12,Customer_0601,Cabinet,Furniture,1,9021.89,1853.84,Aurangabad
105639,2025-08-12,Customer_1982,Cabinet,Furniture,8,36333.11,13561.4,Pune
106536,2025-08-12,Customer_0229,Smartphone,Electronics,1,26140.49,3485.74,Mumbai
100683,2025-08-12,Customer_1790,Jeans,Clothing,3,4920.0,719.02,Aurangabad
109086,2025-08-12,Customer_0023,Monitor,Electronics,1,14734.45,2388.99,Nagpur
108643,2025-08-12,Customer_1450,Bedsheet,Home,3,4836.96,608.32,Pune
106856,2025-08-12,Customer_1114,Jeans,Clothing,3,4660.77,630.73,Nagpur
107980,2025-08-13,Customer_1872,Backpack,Clothing,5,7726.39,1531.77,Nashik
108874,2025-08-13,Customer_0743,Desk,Furniture,3,33502.03,4368.47,Mumbai
105745,2025-08-13,Customer_0787,Cabinet,Furniture,8,58794.08,5324.1,Nagpur
107827,2025-08-13,Customer_2302,Vacuum Cleaner,Home,5,35061.06,7697.75,Mumbai
106299,2025-08-13,Customer_1941,Headphones,Electronics,3,7290.69,1124.31,Nagpur
109209,2025-08-13,Customer_0555,Tablet,Electronics,3,50002.99,3284.06,Aurangabad
103308,2025-08-13,Customer_2284,Smartphone,Electronics,8,170085.09,25443.75,Nagpur
105529,2025-08-13,Customer_0711,Headphones,Electronics,1,2535.28,368.28,Kolhapur
100212,2025-08-13,Customer_1027,Jeans,Clothing,4,6360.55,755.41,Aurangabad
106346,2025-08-13,Customer_1369,T-Shirt,Clothing,6,4537.27,755.68,Kolhapur
100174,2025-08-13,Customer_1641,Bedsheet,Home,5,9506.08,1065.32,Kolhapur
109272,2025-08-13,Customer_1612,Laptop,Electronics,3,145240.35,27798.54,Nashik
109890,2025-08-13,Customer_2315,T-Shirt,Clothing,3,2198.8,159.64,Mumbai
108989,2025-08-13,Customer_0190,Jeans,Clothing,6,8315.85,1279.27,Pune
101067,2025-08-13,Customer_0142,Bedsheet,Home,1,1676.29,330.0,Nashik
103534,2025-08-13,Customer_0002,Laptop,Electronics,3,179007.74,19238.5,Nagpur
108502,2025-08-13,Customer_2414,Table,Furniture,5,44011.75,5151.0,Nagpur
104412,2025-08-13,Customer_1227,T-Shirt,Clothing,3,1838.26,400.11,Mumbai
101824,2025-08-13,Customer_0719,Cookware,Home,6,12960.21,1395.24,Aurangabad
100986,2025-08-13,Customer_2481,Mixer,Home,6,20988.22,3205.44,Mumbai
101938,2025-08-13,Customer_0882,Desk,Furniture,5,54644.32,11061.02,Mumbai
103851,2025-08-13,Customer_0987,Laptop,Electronics,6,366518.21,42942.5,Aurangabad
103095,2025-08-13,Customer_1572,Headphones,Electronics,8,19471.18,3399.18,Kolhapur
100789,2025-08-14,Customer_1078,Cabinet,Furniture,4,29437.31,6242.5,Kolhapur
108373,2025-08-14,Customer_1305,Cabinet,Furniture,2,17612.54,3090.91,Kolhapur
100938,2025-08-14,Customer_2083,Office Chair,Furniture,4,33352.17,3151.86,Nagpur
107336,2025-08-14,Customer_0028,Bedsheet,Home,6,10688.28,2120.56,Kolhapur
101601,2025-08-14,Customer_1993,Office Chair,Furniture,4,32982.75,3427.95,Nashik
102599,2025-08-14,Customer_0761,Table,Furniture,5,44636.78,9595.93,Nashik
102344,2025-08-14,Customer_0233,Laptop,Electronics,5,224582.56,28225.29,Pune
108876,2025-08-14,Customer_2358,Shoes,Clothing,1,6584.93,206.45,Nashik
107379,2025-08-14,Customer_2092,Tablet,Electronics,8,161441.95,23609.48,Nagpur
101555,2025-08-14,Customer_1223,Jeans,Clothing,2,3472.57,496.87,Nagpur
108733,2025-08-14,Customer_2049,Bedsheet,Home,1,1890.62,374.92,Nagpur
107855,2025-08-14,Customer_0326,Monitor,Electronics,3,46877.08,4651.32,Mumbai
103861,2025-08-14,Customer_0619,Desk,Furniture,2,25610.97,1639.21,Pune
107788,2025-08-14,Customer_0031,Jeans,Clothing,3,6584.93,312.13,Aurangabad
101301,2025-08-14,Customer_2384,Table,Furniture,4,35327.99,2241.93,Pune
107212,2025-08-14,Customer_1408,Backpack,Clothing,4,5970.01,988.18,Pune
105559,2025-08-14,Customer_2259,Lamp,Home,8,9078.51,1172.46,Kolhapur
103034,2025-08-14,Customer_0079,Shoes,Clothing,7,18616.03,3008.21,Kolhapur
101541,2025-08-14,Customer_0607,Bedsheet,Home,2,3161.75,571.28,Pune
102232,2025-08-14,Customer_2434,Table,Furniture,3,25447.68,5128.2,Nashik
105100,2025-08-14,Customer_2307,Lamp,Home,6,6586.15,821.15,Unknown
105041,2025-08-14,Customer_0748,Laptop,Electronics,2,111442.98,11601.4,Aurangabad
101594,2025-08-14,Customer_1935,Bedsheet,Home,6,9239.8,1361.0,Mumbai
105771,2025-08-14,Customer_2099,Bedsheet,Home,3,4809.07,530.77,Aurangabad
108630,2025-08-14,Customer_1301,Smartphone,Electronics,2,50767.83,6923.61,Nagpur
107198,2025-08-14,Customer_1362,T-Shirt,Clothing,4,2786.01,327.31,Pune
106180,2025-08-14,Customer_0452,Lamp,Home,8,10423.31,1907.99,Nashik
108800,2025-08-14,Customer_1925,Table,Furniture,2,16299.82,2194.77,Aurangabad
101493,2025-08-15,Customer_2009,Lamp,Home,1,1347.35,82.61,Kolhapur
102955,2025-08-15,Customer_0543,Bedsheet,Home,6,10890.43,1029.67,Nashik
101385,2025-08-15,Customer_2406,Bedsheet,Home,3,5786.86,926.09,Kolhapur
108605,2025-08-15,Customer_0641,Monitor,Electronics,7,98824.0,17973.9,Kolhapur
103780,2025-08-15,Customer_0090,Tablet,Electronics,6,122125.56,26656.72,Mumbai
100286,2025-08-15,Customer_2313,Bedsheet,Home,8,13693.47,1284.36,Aurangabad
108659,2025-08-15,Customer_1427,Bookshelf,Furniture,7,38049.98,8239.7,Aurangabad
105186,2025-08-15,Customer_1048,Bookshelf,Furniture,5,26493.91,3588.7,Kolhapur
105067,2025-08-15,Customer_2168,Desk,Furniture,4,46955.07,4608.3,Nagpur
100542,2025-08-15,Customer_1978,Bookshelf,Furniture,1,5621.98,903.03,Pune
107748,2025-08-15,Customer_1123,T-Shirt,Clothing,1,792.64,125.02,Nashik
103745,2025-08-15,Customer_0343,Cookware,Home,2,4267.81,502.45,Nagpur
109383,2025-08-15,Customer_0549,Desk,Furniture,5,60479.8,10364.56,Mumbai
101502,2025-08-15,Customer_0329,Mixer,Home,5,19715.27,1626.97,Nagpur
108483,2025-08-15,Customer_1686,Vacuum Cleaner,Home,5,28168.14,5829.72,Aurangabad
103083,2025-08-15,Customer_2143,Backpack,Clothing,7,9963.22,1912.84,Aurangabad
103024,2025-08-15,Customer_0541,Monitor,Electronics,1,12854.2,779.69,Nagpur
108558,2025-08-15,Customer_1690,Shoes,Clothing,5,11248.47,1741.75,Nashik
103145,2025-08-15,Customer_1209,Cabinet,Furniture,3,23951.76,2571.43,Mumbai
100902,2025-08-15,Customer_0191,Bedsheet,Home,8,14717.52,2893.18,Pune
106566,2025-08-15,Customer_0825,Bedsheet,Home,1,1776.4,347.24,Pune
102507,2025-08-15,Customer_0681,Monitor,Electronics,4,52266.44,5894.11,Aurangabad
105329,2025-08-15,Customer_2005,T-Shirt,Clothing,6,3649.4,569.65,Kolhapur
105219,2025-08-15,Customer_0310,Laptop,Electronics,1,52401.9,3327.32,Pune
101579,2025-08-15,Customer_2207,Desk,Furniture,7,77117.9,16093.34,Mumbai
106864,2025-08-16,Customer_2375,Desk,Furniture,6,68981.91,6737.57,Mumbai
109215,2025-08-16,Customer_1467,Cookware,Home,3,5797.65,870.08,Aurangabad
100925,2025-08-16,Customer_2171,Lamp,Home,1,1280.95,219.94,Nagpur
102138,2025-08-16,Customer_0067,Headphones,Electronics,6,14841.92,3150.24,Nashik
103810,2025-08-16,Customer_1657,Bookshelf,Furniture,5,31602.65,5357.51,Nagpur
102556,2025-08-16,Customer_0371,Bookshelf,Furniture,1,5332.93,534.71,Nashik
105251,2025-08-16,Customer_1942,Tablet,Electronics,4,81684.66,9622.45,Mumbai
100700,2025-08-16,Customer_0676,Mixer,Home,5,24133.2,1533.46,Kolhapur
107297,2025-08-16,Customer_1458,Mixer,Home,7,27034.49,4785.43,Nashik
101782,2025-08-16,Customer_1683,Smartphone,Electronics,6,136216.51,12714.64,Nagpur
102852,2025-08-16,Customer_1529,Monitor,Electronics,1,14698.99,2252.41,Pune
104150,2025-08-16,Customer_0764,Lamp,Home,7,7223.5,743.59,Nagpur
109159,2025-08-16,Customer_0910,Desk,Furniture,4,48627.27,3453.88,Aurangabad
105625,2025-08-16,Customer_2024,T-Shirt,Clothing,7,4233.76,914.0,Pune
101923,2025-08-16,Customer_2088,Laptop,Electronics,8,425122.43,66332.88,Mumbai
103845,2025-08-16,Customer_1624,Laptop,Electronics,2,112634.48,16135.5,Nagpur
102758,2025-08-16,Customer_0540,Vacuum Cleaner,Home,5,30446.7,5053.81,Nashik
109307,2025-08-16,Customer_1828,Tablet,Electronics,6,106487.87,19763.12,Kolhapur
101099,2025-08-16,Customer_1112,Headphones,Electronics,4,10703.46,1271.01,Pune
106680,2025-08-16,Customer_1793,Jacket,Clothing,8,19830.05,2512.36,Pune
107139,2025-08-16,Customer_2004,Laptop,Electronics,3,170588.47,30826.76,Nagpur
109798,2025-08-16,Customer_1929,Monitor,Electronics,5,72736.39,12089.33,Kolhapur
108612,2025-08-16,Customer_2062,Vacuum Cleaner,Home,8,52986.44,5977.47,Nashik
107237,2025-08-17,Customer_0258,Vacuum Cleaner,Home,3,16922.51,3262.86,Kolhapur
106090,2025-08-17,Customer_1654,T-Shirt,Clothing,8,6224.28,729.88,Nagpur
102667,2025-08-17,Customer_2141,Office Chair,Furniture,3,19463.47,2402.91,Nashik
109248,2025-08-17,Customer_1009,Jeans,Clothing,1,1543.89,117.75,Aurangabad
100782,2025-08-17,Customer_2433,Backpack,Clothing,1,1365.71,238.0,Pune
108144,2025-08-17,Customer_0274,Desk,Furniture,2,21332.99,1930.78,Mumbai
108695,2025-08-17,Customer_1947,Bookshelf,Furniture,3,16323.27,3242.04,Aurangabad
106908,2025-08-17,Customer_1239,Monitor,Electronics,1,12071.5,2596.74,Kolhapur
100961,2025-08-17,Customer_1449,Table,Furniture,6,55768.97,10959.03,Mumbai
105150,2025-08-17,Customer_0718,Desk,Furniture,4,40905.27,4178.77,Nashik
101260,2025-08-17,Customer_0035,Bookshelf,Furniture,1,5292.46,744.97,Pune
109220,2025-08-17,Customer_1682,Headphones,Electronics,3,6575.97,1298.88,Mumbai
108755,2025-08-17,Customer_0709,Cabinet,Furniture,4,31060.84,5170.26,Mumbai
100941,2025-08-17,Customer_1078,Mixer,Home,2,6881.95,1041.49,Mumbai
109033,2025-08-17,Customer_1022,Cabinet,Furniture,5,41221.45,2682.76,Aurangabad
101037,2025-08-17,Customer_0516,Cabinet,Furniture,2,18127.83,2618.45,Nagpur
101966,2025-08-17,Customer_0691,Monitor,Electronics,8,117291.81,10689.87,Aurangabad
100667,2025-08-17,Unknown Customer,Cabinet,Furniture,1,7175.2,932.24,Aurangabad
106693,2025-08-17,Customer_0291,Cabinet,Furniture,8,65826.25,9720.32,Nashik
100438,2025-08-17,Customer_1959,Desk,Furniture,3,36404.93,2471.46,Mumbai
105078,2025-08-17,Unknown Customer,Backpack,Clothing,1,1338.04,178.18,Nashik
107211,2025-08-17,Customer_0631,Bedsheet,Home,2,3775.61,677.59,Nashik
102269,2025-08-17,Customer_1731,Jeans,Clothing,7,12145.81,1023.33,Nagpur
102716,2025-08-18,Customer_1849,Lamp,Home,8,9747.83,1529.08,Aurangabad
109411,2025-08-18,Customer_1383,Shoes,Clothing,8,22487.29,4412.01,Nagpur
102478,2025-08-18,Customer_1979,Bookshelf,Furniture,8,54624.18,3607.68,Kolhapur
107916,2025-08-18,Customer_1912,T-Shirt,Clothing,8,6148.17,494.38,Pune
104926,2025-08-18,Customer_1613,Cabinet,Furniture,7,51866.64,5021.44,Mumbai
105484,2025-08-18,Customer_0781,Monitor,Electronics,8,124643.88,12907.5,Pune
108812,2025-08-18,Customer_1793,Table,Furniture,1,9226.51,1998.93,Kolhapur
104461,2025-08-18,Customer_0839,Lamp,Home,7,8495.18,590.65,Mumbai
109093,2025-08-18,Customer_0454,Monitor,Electronics,3,39574.53,7503.26,Nashik
106020,2025-08-18,Customer_0984,Table,Furniture,8,81443.29,6292.17,Nashik
106554,2025-08-18,Customer_1087,Mixer,Home,7,25617.13,4000.9,Nagpur
100311,2025-08-18,Customer_1565,Bedsheet,Home,5,8937.88,1454.77,Kolhapur
109757,2025-08-18,Customer_1522,Backpack,Clothing,8,12180.6,1574.67,Nagpur
100604,2025-08-18,Customer_2415,Smartphone,Electronics,2,47494.25,7936.57,Aurangabad
102286,2025-08-18,Customer_0027,Bookshelf,Furniture,5,25800.54,3140.3,Nagpur
108378,2025-08-18,Customer_0135,Headphones,Electronics,6,14589.21,2555.89,Aurangabad
105945,2025-08-18,Customer_0641,Headphones,Electronics,7,18757.29,2608.72,Nagpur
109898,2025-08-18,Customer_2238,Vacuum Cleaner,Home,3,18820.14,3029.44,Nagpur
100910,2025-08-19,Customer_1353,Smartphone,Electronics,7,159999.27,11250.91,Aurangabad
103632,2025-08-19,Customer_1067,Bedsheet,Home,6,9683.5,1587.77,Aurangabad
100172,2025-08-19,Customer_1426,Mixer,Home,8,27420.26,2412.05,Nagpur
108227,2025-08-19,Customer_1125,T-Shirt,Clothing,5,4526.24,865.45,Nashik
108180,2025-08-19,Customer_2254,Cabinet,Furniture,8,62111.08,7833.46,Mumbai
102339,2025-08-19,Customer_1749,Cookware,Home,7,14042.4,1747.44,Kolhapur
107471,2025-08-19,Customer_2367,Backpack,Clothing,5,7951.06,649.11,Kolhapur
102460,2025-08-19,Customer_0083,Monitor,Electronics,7,103246.83,21954.67,Pune
107841,2025-08-19,Customer_0694,Vacuum Cleaner,Home,8,45680.27,5580.03,Nashik
101081,2025-08-19,Customer_1187,Smartphone,Electronics,7,184373.74,27893.87,Nagpur
107702,2025-08-19,Customer_2307,Office Chair,Furniture,6,46391.23,6146.84,Pune
108997,2025-08-19,Customer_1952,Headphones,Electronics,7,17697.22,3039.07,Kolhapur
102685,2025-08-19,Customer_0787,Bookshelf,Furniture,3,15535.23,1472.14,Nagpur
108457,2025-08-19,Customer_0915,Jacket,Clothing,8,24992.74,4651.96,Nashik
104967,2025-08-19,Customer_2419,Jacket,Clothing,5,13138.13,2474.06,Mumbai
107478,2025-08-19,Customer_1438,Headphones,Electronics,2,4871.37,563.55,Nashik
108580,2025-08-19,Customer_1679,Bedsheet,Home,4,7557.24,1095.87,Nagpur
100107,2025-08-19,Customer_0877,Table,Furniture,3,29862.51,6160.47,Pune
101959,2025-08-19,Customer_1252,Bookshelf,Furniture,2,13349.76,2635.25,Nagpur
100140,2025-08-19,Customer_1657,Headphones,Electronics,4,8617.88,1420.1,Aurangabad
105824,2025-08-19,Customer_2032,Monitor,Electronics,8,99002.14,7657.91,Nashik
109626,2025-08-19,Customer_1329,Bookshelf,Furniture,5,27660.3,5188.52,Pune
109496,2025-08-19,Customer_0583,Cookware,Home,1,2115.33,428.36,Pune
100145,2025-08-19,Customer_1984,Desk,Furniture,4,43889.73,7816.94,Nashik
108645,2025-08-20,Customer_1333,Laptop,Electronics,6,350055.08,24358.91,Kolhapur
107973,2025-08-20,Customer_1893,Bookshelf,Furniture,1,6726.71,509.54,Kolhapur
102938,2025-08-20,Customer_1823,Office Chair,Furniture,3,25848.99,2032.95,Pune
107414,2025-08-20,Customer_1382,Tablet,Electronics,4,72455.32,15830.21,Mumbai
102064,2025-08-20,Customer_2251,Table,Furniture,7,59769.91,8692.52,Nagpur
104806,2025-08-20,Customer_2245,Bedsheet,Home,2,3211.83,360.07,Mumbai
101384,2025-08-20,Customer_1183,Bedsheet,Home,8,14658.7,2731.62,Mumbai
104656,2025-08-20,Customer_2442,Mixer,Home,6,21393.43,1707.23,Nagpur
109002,2025-08-20,Customer_1142,Table,Furniture,3,30723.86,4819.73,Kolhapur
107205,2025-08-20,Customer_0608,Cabinet,Furniture,8,71769.73,5345.25,Nashik
109017,2025-08-20,Customer_0560,Table,Furniture,8,66343.08,6031.21,Aurangabad
103194,2025-08-20,Customer_0704,Office Chair,Furniture,6,49991.75,9373.75,Nashik
106492,2025-08-20,Customer_1453,Bookshelf,Furniture,8,45518.23,5060.43,Kolhapur
105201,2025-08-20,Customer_0061,Cookware,Home,2,4319.28,904.68,Nagpur
102268,2025-08-20,Customer_0132,Headphones,Electronics,4,8761.1,927.5,Nagpur
105949,2025-08-20,Customer_1273,Headphones,Electronics,7,16024.06,2912.47,Pune
102527,2025-08-20,Customer_2071,Headphones,Electronics,4,9319.09,923.72,Nagpur
102554,2025-08-20,Customer_0672,Vacuum Cleaner,Home,1,6448.88,1056.07,Kolhapur
106285,2025-08-20,Customer_1693,Lamp,Home,5,6713.46,813.06,Nagpur
107733,2025-08-20,Customer_2055,Vacuum Cleaner,Home,4,24030.85,4834.7,Nagpur
102506,2025-08-20,Customer_2139,Lamp,Home,5,6555.23,561.07,Nashik
105218,2025-08-21,Customer_1548,Office Chair,Furniture,6,44662.73,5455.74,Mumbai
104646,2025-08-21,Customer_1707,T-Shirt,Clothing,8,5947.5,1248.94,Nagpur
102508,2025-08-21,Customer_2296,Jeans,Clothing,7,11705.23,2120.04,Nagpur
100921,2025-08-21,Customer_2142,Laptop,Electronics,4,211655.37,19956.56,Kolhapur
103878,2025-08-21,Customer_1598,Tablet,Electronics,7,130897.65,21966.47,Nagpur
103254,2025-08-21,Customer_0788,Laptop,Electronics,1,50366.54,8490.1,Mumbai
100178,2025-08-21,Customer_1811,Backpack,Clothing,8,12242.47,1785.6,Pune
103829,2025-08-21,Customer_0692,Vacuum Cleaner,Home,6,35405.1,3837.94,Nashik
101685,2025-08-21,Customer_0318,Bedsheet,Home,5,3350.81,517.68,Kolhapur
100336,2025-08-21,Customer_0818,Jeans,Clothing,1,1617.94,314.73,Pune
100193,2025-08-21,Customer_0409,T-Shirt,Clothing,8,5415.83,685.23,Kolhapur
108366,2025-08-21,Customer_0421,Vacuum Cleaner,Home,8,57859.64,6620.46,Nagpur
105533,2025-08-21,Customer_1614,Smartphone,Electronics,7,155983.74,10400.37,Mumbai
100270,2025-08-21,Customer_0187,Vacuum Cleaner,Home,5,33287.77,5802.13,Mumbai
100569,2025-08-21,Customer_0689,Cabinet,Furniture,5,41657.11,4420.0,Nagpur
104351,2025-08-21,Customer_1935,Office Chair,Furniture,2,14278.43,1834.83,Mumbai
100673,2025-08-21,Customer_1454,Smartphone,Electronics,7,183552.58,36050.86,Mumbai
108957,2025-08-21,Customer_1953,Vacuum Cleaner,Home,1,5634.64,1192.94,Mumbai
101826,2025-08-21,Customer_2063,Bedsheet,Home,4,7845.16,776.11,Kolhapur
107533,2025-08-21,Customer_0762,Vacuum Cleaner,Home,5,28881.82,5068.5,Pune
103616,2025-08-22,Customer_0538,Office Chair,Furniture,4,33584.52,3651.0,Aurangabad
102691,2025-08-22,Customer_1449,Mixer,Home,7,26565.16,3152.4,Aurangabad
104575,2025-08-22,Customer_1257,Tablet,Electronics,4,67944.21,13964.31,Mumbai
104957,2025-08-22,Customer_0181,Mixer,Home,6,23887.2,1751.07,Mumbai
104683,2025-08-22,Customer_1433,T-Shirt,Clothing,3,2056.15,272.67,Kolhapur
107193,2025-08-22,Customer_1243,Vacuum Cleaner,Home,6,38825.12,6102.87,Nashik
103410,2025-08-22,Customer_0675,Headphones,Electronics,8,17433.63,3489.2,Aurangabad
108774,2025-08-22,Customer_1132,Office Chair,Furniture,7,48428.36,8375.98,Mumbai
102043,2025-08-22,Customer_0039,Jeans,Clothing,1,1538.11,248.37,Pune
108835,2025-08-22,Customer_1748,Mixer,Home,2,7484.05,1316.21,Kolhapur
107029,2025-08-22,Customer_2093,Jeans,Clothing,3,5392.67,332.18,Nagpur
100187,2025-08-22,Customer_1223,T-Shirt,Clothing,5,3420.39,449.68,Kolhapur
108208,2025-08-22,Customer_0278,Cabinet,Furniture,4,27236.27,5891.01,Kolhapur
109895,2025-08-22,Customer_1496,Monitor,Electronics,1,12432.54,983.3,Kolhapur
103720,2025-08-23,Customer_0642,Cabinet,Furniture,7,62968.91,13584.95,Nagpur
104944,2025-08-23,Customer_1956,Mixer,Home,8,27370.57,5692.14,Nashik
102638,2025-08-23,Customer_0245,Tablet,Electronics,8,137572.69,15163.36,Nashik
101327,2025-08-23,Customer_0901,Cookware,Home,6,15050.16,1959.3,Nashik
108919,2025-08-23,Customer_1832,Vacuum Cleaner,Home,2,11275.17,1346.79,Nashik
100819,2025-08-23,Customer_2295,Table,Furniture,6,46873.19,5253.57,Kolhapur
108981,2025-08-23,Customer_0014,Jacket,Clothing,3,8745.96,1856.72,Aurangabad
108328,2025-08-23,Customer_0879,Vacuum Cleaner,Home,5,32937.32,7107.92,Pune
107934,2025-08-23,Customer_0797,Tablet,Electronics,7,116017.89,21983.13,Mumbai
104843,2025-08-23,Customer_0124,Jacket,Clothing,6,17408.01,3168.33,Aurangabad
106100,2025-08-23,Customer_1864,Table,Furniture,1,9069.11,745.76,Kolhapur
103934,2025-08-23,Customer_0160,Lamp,Home,7,8943.02,1694.06,Aurangabad
108891,2025-08-23,Customer_0838,Backpack,Clothing,3,4169.07,522.5,Nashik
104569,2025-08-23,Customer_0453,Vacuum Cleaner,Home,3,22409.33,2356.31,Mumbai
104994,2025-08-24,Customer_0202,Headphones,Electronics,8,21735.94,2406.91,Mumbai
100930,2025-08-24,Customer_2129,Monitor,Electronics,2,26505.48,4044.04,Pune
100774,2025-08-24,Customer_1020,Office Chair,Furniture,1,7417.98,1003.3,Mumbai
107024,2025-08-24,Customer_0611,Desk,Furniture,8,36333.11,6522.54,Nashik
108877,2025-08-24,Customer_1019,Cabinet,Furniture,2,14807.04,1397.15,Nagpur
100027,2025-08-24,Customer_0627,Backpack,Clothing,4,4912.77,1020.46,Nashik
107918,2025-08-24,Customer_1251,Jacket,Clothing,4,11791.37,2020.17,Nagpur
101511,2025-08-24,Customer_0346,Jacket,Clothing,4,11289.94,1249.51,Nagpur
109796,2025-08-24,Customer_0501,Office Chair,Furniture,5,32160.32,1978.62,Kolhapur
103505,2025-08-24,Customer_1399,Smartphone,Electronics,7,152838.18,13858.13,Pune
101023,2025-08-24,Customer_0599,Headphones,Electronics,2,4746.19,858.07,Pune
108204,2025-08-24,Customer_0952,Bedsheet,Home,4,7967.22,1213.79,Kolhapur
107152,2025-08-24,Customer_1892,Desk,Furniture,8,87101.82,14041.28,Nashik
101780,2025-08-24,Customer_0955,Lamp,Home,4,4868.75,766.98,Nashik
106369,2025-08-24,Customer_1027,Cabinet,Furniture,4,34016.22,4873.26,Aurangabad
101738,2025-08-24,Customer_0415,Smartphone,Electronics,5,118511.66,15501.16,Pune
109572,2025-08-24,Customer_1942,Backpack,Clothing,6,8735.27,1362.72,Kolhapur
106454,2025-08-24,Customer_1002,Jacket,Clothing,3,8238.32,1201.64,Aurangabad
102632,2025-08-24,Customer_2471,Bedsheet,Home,4,8159.52,1259.18,Nagpur
106024,2025-08-24,Customer_0030,T-Shirt,Clothing,4,3156.03,510.26,Pune
103746,2025-08-24,Customer_2082,Monitor,Electronics,5,76853.54,10170.97,Pune
106607,2025-08-24,Customer_2096,Shoes,Clothing,7,19251.91,2330.59,Kolhapur
106112,2025-08-24,Customer_1799,Bedsheet,Home,8,13981.29,3069.14,Kolhapur
106281,2025-08-24,Customer_0244,Cabinet,Furniture,4,34171.93,5841.47,Pune
108885,2025-08-24,Customer_1793,Table,Furniture,5,45578.72,4624.38,Aurangabad
105098,2025-08-25,Customer_0378,Office Chair,Furniture,6,48087.57,8742.03,Kolhapur
101050,2025-08-25,Customer_0180,Monitor,Electronics,2,29352.18,3277.59,Mumbai
101627,2025-08-25,Unknown Customer,Tablet,Electronics,5,90604.08,5540.91,Aurangabad
108631,2025-08-25,Customer_0116,Cabinet,Furniture,8,67219.25,12661.85,Mumbai
100083,2025-08-25,Customer_2444,T-Shirt,Clothing,2,1407.73,109.83,Nagpur
106548,2025-08-25,Customer_0255,Cookware,Home,3,7257.1,795.76,Nagpur
104062,2025-08-25,Customer_1016,Headphones,Electronics,4,9824.56,1421.32,Mumbai
107530,2025-08-25,Customer_0934,T-Shirt,Clothing,7,5034.52,794.1,Kolhapur
100454,2025-08-25,Customer_2167,Cabinet,Furniture,7,54007.67,4457.74,Mumbai
101360,2025-08-25,Customer_2431,Jacket,Clothing,8,20671.04,4520.09,Aurangabad
107308,2025-08-25,Customer_0336,Backpack,Clothing,6,8770.26,833.23,Nagpur
100146,2025-08-25,Unknown Customer,T-Shirt,Clothing,4,2538.88,385.3,Mumbai
107782,2025-08-25,Customer_1727,Office Chair,Furniture,2,15359.25,3371.0,Aurangabad
101934,2025-08-25,Customer_0190,Smartphone,Electronics,5,129078.44,16249.06,Kolhapur
107307,2025-08-25,Customer_1518,Desk,Furniture,1,10496.57,1756.1,Nashik
109190,2025-08-25,Customer_0100,Lamp,Home,4,4679.8,975.37,Kolhapur
103762,2025-08-25,Customer_1451,Bookshelf,Furniture,7,44790.61,3131.55,Pune
105194,2025-08-25,Customer_0058,Office Chair,Furniture,5,36050.92,2293.19,Kolhapur
105752,2025-08-25,Customer_1270,Monitor,Electronics,2,30351.29,6498.37,Nashik
104748,2025-08-25,Customer_0372,Jeans,Clothing,1,1511.83,129.64,Mumbai
105344,2025-08-25,Customer_2321,Tablet,Electronics,7,135139.41,28235.21,Aurangabad
101321,2025-08-25,Customer_2397,Office Chair,Furniture,8,60133.09,6772.62,Nagpur
105272,2025-08-25,Customer_1153,Backpack,Clothing,2,2800.98,333.38,Pune
105546,2025-08-25,Customer_0101,Vacuum Cleaner,Home,6,38618.1,6788.62,Pune
104520,2025-08-25,Customer_0208,Cookware,Home,1,2044.84,147.68,Pune
104379,2025-08-25,Customer_1272,Vacuum Cleaner,Home,2,11663.01,1092.52,Mumbai
106076,2025-08-25,Customer_1484,Laptop,Electronics,7,349212.77,58781.77,Nagpur
105349,2025-08-25,Customer_1635,Mixer,Home,2,7331.99,947.54,Nashik
102349,2025-08-25,Customer_0903,Table,Furniture,6,53179.49,9219.87,Nagpur
106352,2025-08-25,Customer_1576,Backpack,Clothing,3,4091.06,490.07,Aurangabad
109366,2025-08-25,Customer_0298,Vacuum Cleaner,Home,2,12560.64,1453.79,Kolhapur
107052,2025-08-26,Customer_2012,Cookware,Home,3,7160.86,520.97,Nashik
102404,2025-08-26,Customer_0543,Smartphone,Electronics,2,57230.6,4011.03,Kolhapur
108134,2025-08-26,Customer_0974,Bedsheet,Home,2,3782.09,484.72,Kolhapur
105028,2025-08-26,Customer_0164,Cookware,Home,1,2505.09,270.78,Mumbai
106243,2025-08-26,Customer_0448,Monitor,Electronics,1,13636.66,1607.07,Pune
100472,2025-08-26,Customer_0324,Jeans,Clothing,6,8736.98,819.19,Nagpur
102629,2025-08-26,Customer_1512,Desk,Furniture,8,88984.85,18028.04,Aurangabad
105258,2025-08-26,Customer_1592,Jeans,Clothing,3,4646.52,824.43,Aurangabad
104439,2025-08-26,Customer_2086,Cabinet,Furniture,5,44035.72,5518.16,Nagpur
107102,2025-08-26,Customer_0649,Vacuum Cleaner,Home,8,57229.85,7008.55,Nashik
107795,2025-08-26,Customer_1402,Cookware,Home,3,6880.59,773.15,Kolhapur
109312,2025-08-26,Customer_0937,Headphones,Electronics,8,18941.71,1450.34,Aurangabad
105162,2025-08-26,Customer_0106,Bedsheet,Home,5,9176.77,882.37,Aurangabad
100308,2025-08-26,Customer_1820,Lamp,Home,4,4185.47,795.12,Kolhapur
109057,2025-08-26,Customer_1986,Bookshelf,Furniture,8,48496.25,7011.07,Kolhapur
109469,2025-08-26,Customer_0541,Cookware,Home,7,15841.3,3479.97,Nashik
105996,2025-08-26,Customer_1644,Vacuum Cleaner,Home,6,34666.15,2091.51,Nashik
100897,2025-08-26,Customer_2106,Cabinet,Furniture,3,22869.92,2875.02,Mumbai
104549,2025-08-27,Customer_0048,Headphones,Electronics,6,13675.67,1864.06,Nagpur
105406,2025-08-27,Customer_1858,Laptop,Electronics,4,210480.21,40994.21,Nashik
109778,2025-08-27,Customer_1629,Office Chair,Furniture,4,32132.12,5675.04,Nagpur
109538,2025-08-27,Customer_1646,Bedsheet,Home,8,14020.33,2502.39,Kolhapur
102165,2025-08-27,Customer_2374,Smartphone,Electronics,1,24397.54,5294.76,Pune
101259,2025-08-27,Customer_2130,Cookware,Home,4,9183.53,1765.78,Nashik
105658,2025-08-27,Customer_1882,Bookshelf,Furniture,7,45430.05,9460.69,Aurangabad
104947,2025-08-27,Customer_1600,Mixer,Home,5,18139.24,2002.4,Aurangabad
101397,2025-08-27,Customer_2383,Headphones,Electronics,3,7296.03,1483.03,Pune
107812,2025-08-27,Customer_0811,Vacuum Cleaner,Home,6,44666.42,6357.73,Nagpur
104958,2025-08-27,Customer_0033,Tablet,Electronics,5,93878.32,20235.98,Kolhapur
109337,2025-08-27,Customer_2474,Mixer,Home,7,23400.51,1746.0,Pune
105436,2025-08-27,Customer_0996,Vacuum Cleaner,Home,3,19959.58,2675.98,Mumbai
100864,2025-08-27,Customer_0843,Table,Furniture,2,16187.72,3053.93,Kolhapur
100726,2025-08-27,Customer_0154,Vacuum Cleaner,Home,8,47812.69,4255.09,Mumbai
106804,2025-08-27,Customer_0482,Desk,Furniture,6,65372.37,12685.54,Nagpur
102369,2025-08-27,Customer_2329,Laptop,Electronics,5,315160.72,34340.22,Aurangabad
104665,2025-08-27,Customer_1904,Laptop,Electronics,2,115099.23,11590.21,Nashik
104767,2025-08-27,Customer_0843,Desk,Furniture,2,22737.24,2029.16,Mumbai
100447,2025-08-27,Customer_1263,Monitor,Electronics,8,122812.53,22484.53,Aurangabad
100899,2025-08-27,Customer_0166,Table,Furniture,6,61185.76,4081.14,Mumbai
104600,2025-08-27,Customer_1030,Cabinet,Furniture,7,49427.96,10337.4,Nagpur
104137,2025-08-27,Customer_0745,Monitor,Electronics,6,96433.42,16566.91,Mumbai
103524,2025-08-27,Customer_1601,Vacuum Cleaner,Home,5,29447.39,3910.31,Mumbai
101512,2025-08-27,Customer_1546,Jeans,Clothing,7,10387.41,685.98,Kolhapur
105583,2025-08-27,Customer_1097,Lamp,Home,4,5505.89,1052.17,Kolhapur
103305,2025-08-27,Customer_0123,Table,Furniture,6,57550.98,9372.09,Nashik
107416,2025-08-27,Customer_0438,Desk,Furniture,5,59468.48,5302.96,Nagpur
109522,2025-08-27,Customer_1450,Cabinet,Furniture,7,54029.47,3425.9,Nagpur
100706,2025-08-28,Customer_0106,Cookware,Home,2,3895.07,723.34,Mumbai
109034,2025-08-28,Customer_0738,Table,Furniture,1,9359.42,1986.29,Nagpur
107148,2025-08-28,Customer_1369,Tablet,Electronics,8,132451.7,21983.07,Nagpur
105355,2025-08-28,Customer_2044,Jacket,Clothing,8,25671.13,2623.38,Mumbai
107296,2025-08-28,Customer_0908,Mixer,Home,3,10573.48,2178.24,Mumbai
105926,2025-08-28,Customer_2308,Headphones,Electronics,8,22642.93,1695.85,Aurangabad
109185,2025-08-28,Customer_0789,Headphones,Electronics,4,9159.05,1890.54,Nashik
103938,2025-08-28,Customer_1663,Table,Furniture,5,48233.94,7563.11,Mumbai
103283,2025-08-28,Customer_1899,Tablet,Electronics,7,124959.0,17326.58,Kolhapur
102777,2025-08-28,Customer_0201,Cookware,Home,5,12258.84,1988.28,Nagpur
104239,2025-08-28,Customer_2036,Jeans,Clothing,8,12666.27,935.3,Nashik
108820,2025-08-28,Customer_0401,Cabinet,Furniture,6,47777.34,8117.64,Aurangabad
109059,2025-08-28,Customer_1298,Shoes,Clothing,3,6584.93,1584.1,Nagpur
108855,2025-08-28,Unknown Customer,Mixer,Home,5,15089.41,2747.07,Mumbai
109819,2025-08-28,Customer_0949,Headphones,Electronics,5,14251.69,936.53,Pune
100231,2025-08-28,Customer_1131,T-Shirt,Clothing,7,4477.89,747.81,Mumbai
105934,2025-08-28,Customer_2198,Desk,Furniture,3,30750.99,4004.21,Pune
100821,2025-08-28,Customer_1455,Office Chair,Furniture,6,45455.29,3773.4,Unknown
101943,2025-08-28,Customer_2309,Jeans,Clothing,6,9095.49,582.65,Aurangabad
105575,2025-08-29,Customer_2352,Cookware,Home,5,9566.78,1730.6,Nagpur
108609,2025-08-29,Customer_0195,Bedsheet,Home,4,7892.59,1278.81,Kolhapur
109637,2025-08-29,Customer_0328,Cabinet,Furniture,4,28335.67,4428.74,Mumbai
104622,2025-08-29,Customer_1004,Lamp,Home,7,7874.97,1469.82,Mumbai
103679,2025-08-29,Customer_1166,Office Chair,Furniture,2,15018.34,2166.7,Pune
101558,2025-08-29,Customer_2307,Bedsheet,Home,5,8406.58,575.85,Kolhapur
108339,2025-08-29,Customer_0106,Monitor,Electronics,7,103716.09,22291.39,Aurangabad
106602,2025-08-29,Customer_1088,Shoes,Clothing,5,11694.48,2185.21,Nashik
109723,2025-08-29,Customer_0634,Vacuum Cleaner,Home,5,28623.78,2837.46,Pune
105412,2025-08-29,Customer_2336,Bedsheet,Home,6,12233.95,1059.79,Pune
104027,2025-08-29,Customer_1711,Shoes,Clothing,6,13766.9,2234.57,Nagpur
106350,2025-08-29,Customer_0865,Tablet,Electronics,1,18153.98,3098.96,Aurangabad
102255,2025-08-29,Customer_2232,Mixer,Home,5,17548.36,3706.36,Nagpur
104178,2025-08-29,Customer_2386,Cookware,Home,6,12373.56,2343.23,Nashik
108729,2025-08-29,Customer_0452,Jeans,Clothing,2,2900.07,530.19,Nashik
102187,2025-08-29,Customer_1632,Backpack,Clothing,6,7441.47,942.64,Pune
100141,2025-08-29,Customer_1939,Bookshelf,Furniture,6,35381.55,7494.75,Kolhapur
106732,2025-08-29,Customer_0047,Tablet,Electronics,2,35275.83,4873.54,Aurangabad
104157,2025-08-29,Unknown Customer,Backpack,Clothing,5,5975.49,825.71,Kolhapur
101570,2025-08-29,Customer_1286,Tablet,Electronics,5,97091.62,12465.66,Kolhapur
101821,2025-08-30,Customer_0896,T-Shirt,Clothing,2,1269.04,134.07,Nagpur
109677,2025-08-30,Customer_0669,Jacket,Clothing,1,3207.89,624.58,Kolhapur
107431,2025-08-30,Customer_0024,Lamp,Home,3,3169.91,234.5,Pune
102227,2025-08-30,Unknown Customer,Lamp,Home,5,6792.57,726.72,Kolhapur
100717,2025-08-30,Customer_0493,Monitor,Electronics,3,38473.63,4043.96,Nagpur
108178,2025-08-30,Customer_1587,Bedsheet,Home,1,1922.7,372.94,Mumbai
105427,2025-08-30,Customer_1806,Bookshelf,Furniture,1,5737.6,981.61,Kolhapur
100522,2025-08-30,Customer_1725,Table,Furniture,5,42486.06,3513.39,Nashik
103518,2025-08-30,Customer_0272,T-Shirt,Clothing,1,667.95,139.61,Nagpur
104490,2025-08-30,Customer_0921,Jacket,Clothing,2,6418.69,1198.52,Mumbai
101695,2025-08-30,Customer_1064,Office Chair,Furniture,3,21309.36,4137.96,Kolhapur
107149,2025-08-30,Customer_0349,Mixer,Home,8,28008.99,4633.59,Aurangabad
104085,2025-08-30,Customer_1417,Smartphone,Electronics,7,190517.08,34707.77,Nashik
100051,2025-08-30,Customer_1216,Cookware,Home,4,9246.3,741.6,Mumbai
104499,2025-08-30,Customer_1061,Jacket,Clothing,8,24082.1,3556.57,Pune
108903,2025-08-30,Customer_0780,Cookware,Home,2,4887.83,782.36,Nashik
108807,2025-08-30,Customer_2181,Table,Furniture,4,33354.39,2950.51,Mumbai
107169,2025-08-30,Customer_0138,Smartphone,Electronics,3,76263.83,12374.45,Nagpur
102486,2025-08-30,Customer_2144,Desk,Furniture,5,59081.2,12801.7,Aurangabad
105335,2025-08-30,Customer_0528,Bedsheet,Home,5,9636.5,602.09,Kolhapur
103989,2025-08-30,Customer_0734,Desk,Furniture,7,93257.11,18259.78,Pune
103904,2025-08-30,Customer_1992,Jacket,Clothing,6,18302.78,3401.72,Pune
108907,2025-08-30,Customer_1175,Office Chair,Furniture,1,8431.5,1722.02,Nashik
105755,2025-08-30,Customer_1800,T-Shirt,Clothing,5,3461.55,450.09,Nagpur
100641,2025-08-30,Customer_0584,Bedsheet,Home,1,1993.19,277.45,Aurangabad
102525,2025-08-30,Customer_0267,Bedsheet,Home,1,1868.82,281.42,Mumbai
108728,2025-08-31,Customer_2052,Laptop,Electronics,4,189252.57,15821.05,Kolhapur
100155,2025-08-31,Customer_1846,Cabinet,Furniture,7,55243.17,7475.82,Nagpur
105823,2025-08-31,Customer_2205,Table,Furniture,8,74549.9,5565.02,Unknown
108140,2025-08-31,Customer_0126,Smartphone,Electronics,8,210994.13,34786.27,Nagpur
101899,2025-08-31,Customer_0437,Cabinet,Furniture,4,32064.24,6881.8,Nagpur
105909,2025-08-31,Customer_0066,Smartphone,Electronics,7,168956.17,31297.03,Nagpur
101115,2025-08-31,Customer_1301,Cookware,Home,3,6196.95,649.57,Pune
101928,2025-08-31,Customer_0262,Tablet,Electronics,8,158448.42,18653.52,Kolhapur
100958,2025-08-31,Customer_1294,Cookware,Home,4,7494.06,1126.89,Nagpur
108046,2025-08-31,Customer_1021,Table,Furniture,8,74769.34,15186.89,Pune
103310,2025-08-31,Customer_0016,Tablet,Electronics,4,69007.93,8492.21,Kolhapur
101875,2025-08-31,Customer_1379,Backpack,Clothing,7,8976.77,551.27,Nashik
108127,2025-08-31,Customer_1695,Bedsheet,Home,8,15969.83,1613.41,Nashik
105576,2025-08-31,Customer_1181,Jeans,Clothing,8,11510.82,2373.85,Pune
102701,2025-08-31,Customer_0304,Tablet,Electronics,3,48840.26,4840.67,Nashik
107817,2025-08-31,Customer_0500,Desk,Furniture,3,41077.1,7596.23,Pune
108455,2025-09-01,Customer_2311,Tablet,Electronics,3,54848.39,10167.51,Nashik
106038,2025-09-01,Customer_1616,Bookshelf,Furniture,5,30354.37,3667.32,Nashik
106008,2025-09-01,Customer_1006,Vacuum Cleaner,Home,8,59335.67,12517.44,Nashik
102367,2025-09-01,Customer_0159,Backpack,Clothing,7,8354.55,648.79,Kolhapur
106385,2025-09-01,Customer_2156,Cookware,Home,2,4567.5,287.28,Aurangabad
109867,2025-09-01,Customer_0030,Mixer,Home,6,19937.64,3325.6,Aurangabad
106388,2025-09-01,Customer_1788,Lamp,Home,2,2685.96,286.86,Kolhapur
100039,2025-09-01,Customer_2339,Cookware,Home,3,6633.89,1361.89,Kolhapur
101400,2025-09-01,Customer_1195,T-Shirt,Clothing,5,3909.52,387.8,Kolhapur
104391,2025-09-01,Customer_2207,Tablet,Electronics,8,125202.54,11364.22,Kolhapur
108683,2025-09-01,Customer_0949,Mixer,Home,8,25890.88,4946.49,Aurangabad
108132,2025-09-01,Customer_2378,Backpack,Clothing,5,6146.34,643.84,Nashik
103837,2025-09-01,Customer_0995,Bedsheet,Home,4,7002.7,479.09,Aurangabad
107184,2025-09-01,Customer_2458,Shoes,Clothing,8,18747.66,4042.35,Nagpur
105238,2025-09-01,Customer_0956,Bedsheet,Home,6,9423.83,1387.51,Nashik
101176,2025-09-01,Customer_0130,Headphones,Electronics,6,14829.63,2192.75,Nashik
107330,2025-09-01,Customer_1551,Backpack,Clothing,2,2814.53,572.39,Kolhapur
109102,2025-09-01,Customer_2011,Smartphone,Electronics,6,159312.25,34334.72,Aurangabad
105701,2025-09-02,Customer_0687,Cabinet,Furniture,2,15773.2,2909.81,Nagpur
108561,2025-09-02,Customer_0202,Monitor,Electronics,6,94966.81,10817.04,Kolhapur
102801,2025-09-02,Customer_1613,Backpack,Clothing,7,9540.98,1711.91,Aurangabad
104735,2025-09-02,Customer_1452,Cabinet,Furniture,7,57547.4,6682.43,Pune
104407,2025-09-02,Customer_0043,Cabinet,Furniture,2,14448.94,2397.66,Mumbai
103974,2025-09-02,Customer_1878,Tablet,Electronics,8,155266.63,20562.9,Nagpur
106626,2025-09-02,Customer_0018,Smartphone,Electronics,5,122019.14,23615.01,Pune
104603,2025-09-02,Customer_1175,Laptop,Electronics,3,155237.29,14290.78,Kolhapur
102089,2025-09-02,Customer_0667,Smartphone,Electronics,5,137622.27,13734.55,Kolhapur
109844,2025-09-02,Customer_1440,Office Chair,Furniture,1,8201.18,1172.15,Pune
102014,2025-09-02,Customer_1500,Backpack,Clothing,6,7224.18,538.73,Nagpur
106315,2025-09-02,Customer_0475,Desk,Furniture,6,71491.23,5717.96,Nagpur
103416,2025-09-02,Customer_2065,Shoes,Clothing,2,5177.06,691.71,Aurangabad
104204,2025-09-02,Customer_2498,Cookware,Home,8,17375.84,1989.92,Kolhapur
105850,2025-09-02,Customer_1656,Jeans,Clothing,6,9467.71,988.01,Nashik
105413,2025-09-02,Customer_0169,Jeans,Clothing,3,4501.02,379.57,Pune
107161,2025-09-03,Customer_1895,Backpack,Clothing,6,7297.99,1459.54,Mumbai
103491,2025-09-03,Customer_1046,Office Chair,Furniture,8,68377.0,5735.59,Kolhapur
104565,2025-09-03,Customer_0446,Laptop,Electronics,7,382254.89,83348.28,Kolhapur
106437,2025-09-03,Customer_2167,T-Shirt,Clothing,3,2119.3,161.9,Mumbai
105155,2025-09-03,Customer_2345,Office Chair,Furniture,6,44186.87,7581.24,Nashik
105750,2025-09-03,Customer_1007,Office Chair,Furniture,7,36333.11,9576.98,Mumbai
100485,2025-09-03,Customer_2010,Jacket,Clothing,8,24123.94,2440.82,Nagpur
102477,2025-09-03,Customer_1283,Vacuum Cleaner,Home,8,45766.87,3885.35,Aurangabad
109900,2025-09-03,Customer_0252,Tablet,Electronics,2,32347.59,4185.84,Kolhapur
106095,2025-09-03,Customer_2048,Bedsheet,Home,6,10809.94,1504.17,Nashik
105589,2025-09-03,Customer_1674,Jeans,Clothing,3,5071.58,568.95,Kolhapur
101391,2025-09-03,Customer_0920,Shoes,Clothing,8,19186.46,2234.85,Pune
109879,2025-09-03,Customer_1200,Laptop,Electronics,2,98359.4,9871.69,Aurangabad
105099,2025-09-03,Customer_1208,Tablet,Electronics,3,58386.52,9700.98,Mumbai
109382,2025-09-03,Customer_0559,Laptop,Electronics,1,60038.62,8382.21,Nagpur
108232,2025-09-03,Customer_0782,Table,Furniture,8,78133.07,16316.3,Nashik
106547,2025-09-03,Customer_2012,Backpack,Clothing,6,7921.98,538.5,Aurangabad
101325,2025-09-03,Customer_2330,Jeans,Clothing,1,1497.05,161.21,Pune
104582,2025-09-03,Customer_1274,Tablet,Electronics,1,19503.98,3573.48,Kolhapur
109926,2025-09-03,Customer_1319,Lamp,Home,4,4849.09,493.2,Nagpur
107215,2025-09-03,Customer_1978,Table,Furniture,3,23097.53,2740.52,Nagpur
104876,2025-09-03,Customer_0883,Cabinet,Furniture,5,35630.88,7584.94,Nashik
101930,2025-09-03,Customer_1288,Office Chair,Furniture,8,52191.04,4934.67,Pune
108763,2025-09-03,Customer_1148,Jacket,Clothing,1,2639.41,454.27,Nashik
108521,2025-09-03,Customer_1556,Backpack,Clothing,8,12035.78,1037.89,Nagpur
105305,2025-09-03,Customer_1513,Office Chair,Furniture,1,6551.61,1147.62,Pune
107061,2025-09-03,Customer_0664,Bedsheet,Home,3,6204.85,405.69,Kolhapur
106007,2025-09-03,Customer_0394,Vacuum Cleaner,Home,8,46517.3,2823.59,Nashik
102995,2025-09-03,Customer_1273,Jeans,Clothing,6,8275.26,762.45,Aurangabad
107403,2025-09-03,Customer_0218,Lamp,Home,7,8311.81,891.84,Aurangabad
105035,2025-09-04,Customer_1156,Jacket,Clothing,1,2990.28,616.05,Kolhapur
104580,2025-09-04,Customer_1274,Smartphone,Electronics,6,159454.99,11001.36,Mumbai
102531,2025-09-04,Customer_0761,Smartphone,Electronics,2,53640.96,8877.79,Nashik
106097,2025-09-04,Customer_2403,Backpack,Clothing,1,1341.95,120.53,Nashik
109712,2025-09-04,Customer_2182,Bookshelf,Furniture,3,17876.41,1084.81,Pune
105871,2025-09-04,Customer_2365,Jacket,Clothing,1,3055.82,585.32,Kolhapur
106404,2025-09-04,Customer_0704,Vacuum Cleaner,Home,1,6891.91,462.21,Nashik
100500,2025-09-04,Customer_2048,Smartphone,Electronics,2,46570.72,9165.93,Nagpur
105104,2025-09-04,Customer_0934,Smartphone,Electronics,3,75130.74,11793.59,Nagpur
108382,2025-09-04,Customer_1323,Bedsheet,Home,7,11874.34,1446.2,Nashik
101253,2025-09-04,Customer_1556,Vacuum Cleaner,Home,4,24814.16,3351.14,Aurangabad
100374,2025-09-04,Unknown Customer,Vacuum Cleaner,Home,1,7367.26,1018.71,Aurangabad
105252,2025-09-04,Customer_0681,Mixer,Home,8,28156.63,5199.27,Pune
100220,2025-09-04,Customer_1863,Headphones,Electronics,2,5251.12,325.79,Nashik
100802,2025-09-04,Customer_0241,Office Chair,Furniture,3,24708.32,3162.67,Mumbai
108350,2025-09-04,Customer_2147,Cookware,Home,7,17496.42,3276.89,Aurangabad
103976,2025-09-04,Customer_0299,Bookshelf,Furniture,1,6301.96,1240.0,Nagpur
105373,2025-09-04,Customer_1664,Cabinet,Furniture,3,23489.32,1475.57,Nagpur
105521,2025-09-04,Customer_1310,Shoes,Clothing,1,2167.39,365.05,Pune
104019,2025-09-04,Unknown Customer,Vacuum Cleaner,Home,2,14683.98,2109.76,Mumbai
108150,2025-09-04,Customer_1336,Headphones,Electronics,7,17040.25,3259.79,Nagpur
100957,2025-09-04,Customer_1057,Tablet,Electronics,2,33565.08,6439.63,Pune
106949,2025-09-04,Customer_2358,Jacket,Clothing,2,4791.97,368.09,Pune
107415,2025-09-04,Customer_0727,Headphones,Electronics,2,5013.84,393.77,Pune
106591,2025-09-04,Customer_1165,T-Shirt,Clothing,7,5318.76,1149.93,Pune
106749,2025-09-04,Customer_0109,Backpack,Clothing,1,1367.94,227.38,Kolhapur
104229,2025-09-04,Customer_1043,Table,Furniture,7,60921.72,11548.36,Mumbai
101497,2025-09-04,Customer_1037,Laptop,Electronics,4,187352.38,40764.03,Kolhapur
103072,2025-09-04,Customer_1424,Lamp,Home,8,8428.46,567.65,Nashik
108459,2025-09-05,Customer_0126,Cabinet,Furniture,2,16033.73,2250.04,Aurangabad
104398,2025-09-05,Customer_0336,Shoes,Clothing,2,4928.56,396.39,Kolhapur
104364,2025-09-05,Customer_0817,Backpack,Clothing,8,9977.73,887.75,Nashik
103911,2025-09-05,Customer_0240,Jacket,Clothing,1,2873.86,559.76,Pune
106707,2025-09-05,Customer_1230,Office Chair,Furniture,3,24927.08,5359.34,Pune
103671,2025-09-05,Customer_2482,Office Chair,Furniture,2,14120.61,927.73,Aurangabad
107953,2025-09-05,Customer_1295,Laptop,Electronics,8,413799.92,67023.25,Pune
104018,2025-09-05,Customer_1883,Table,Furniture,8,74471.5,4801.99,Nashik
107289,2025-09-05,Customer_0315,Office Chair,Furniture,7,57114.95,6310.42,Pune
102866,2025-09-05,Customer_2130,Tablet,Electronics,2,33829.89,3973.87,Pune
102332,2025-09-05,Customer_2022,T-Shirt,Clothing,4,2490.82,346.93,Pune
104294,2025-09-05,Customer_0026,Backpack,Clothing,3,4153.67,464.51,Aurangabad
107175,2025-09-05,Customer_0121,T-Shirt,Clothing,4,3089.44,187.53,Nagpur
104108,2025-09-05,Customer_0993,T-Shirt,Clothing,7,4454.13,807.33,Aurangabad
105547,2025-09-05,Customer_1645,Cookware,Home,8,17574.09,2268.98,Mumbai
108947,2025-09-05,Customer_1199,Tablet,Electronics,5,91535.19,16565.1,Nashik
103065,2025-09-05,Customer_0100,Cookware,Home,5,10655.71,960.89,Aurangabad
103040,2025-09-05,Customer_2093,Jacket,Clothing,6,15947.78,2341.0,Nagpur
106088,2025-09-06,Customer_2275,Lamp,Home,4,5005.55,500.17,Kolhapur
105383,2025-09-06,Customer_1395,Cookware,Home,3,6136.65,590.43,Nagpur
109095,2025-09-06,Customer_0804,Vacuum Cleaner,Home,4,25825.39,4750.66,Nagpur
109899,2025-09-06,Customer_0210,Cookware,Home,3,7152.6,878.51,Mumbai
102354,2025-09-06,Customer_0582,Office Chair,Furniture,6,49239.7,4251.59,Pune
103469,2025-09-06,Customer_0646,Cookware,Home,3,7173.63,654.54,Mumbai
107461,2025-09-06,Customer_2095,Monitor,Electronics,3,44510.41,9688.9,Kolhapur
107959,2025-09-06,Customer_0689,Vacuum Cleaner,Home,7,42687.81,5807.28,Nashik
100798,2025-09-06,Customer_1347,Smartphone,Electronics,3,64532.98,8097.59,Nashik
107982,2025-09-06,Customer_0118,Cabinet,Furniture,4,32223.17,2883.01,Nashik
106338,2025-09-06,Customer_1661,Mixer,Home,4,13858.28,839.0,Pune
108049,2025-09-06,Customer_1480,Smartphone,Electronics,4,114129.6,16881.58,Kolhapur
104119,2025-09-06,Customer_1754,Headphones,Electronics,2,4812.76,663.01,Aurangabad
100823,2025-09-06,Customer_1677,Table,Furniture,3,24377.17,3827.09,Pune
100538,2025-09-06,Customer_1455,Laptop,Electronics,4,251267.01,41745.0,Mumbai
101258,2025-09-06,Customer_2393,T-Shirt,Clothing,5,3745.03,606.69,Nagpur
101655,2025-09-06,Customer_0493,Table,Furniture,5,8967.85,1868.79,Aurangabad
109365,2025-09-06,Customer_1045,T-Shirt,Clothing,4,2455.29,505.31,Mumbai
107738,2025-09-06,Customer_0503,Shoes,Clothing,1,2862.18,554.09,Kolhapur
106218,2025-09-06,Customer_0089,Shoes,Clothing,5,11144.4,1276.5,Aurangabad
101395,2025-09-07,Customer_2381,Mixer,Home,6,20846.94,3040.73,Nagpur
103471,2025-09-07,Customer_0315,Jacket,Clothing,7,16714.13,1538.29,Pune
100767,2025-09-07,Customer_0739,Cookware,Home,5,12776.95,1559.33,Pune
105276,2025-09-07,Customer_0103,Headphones,Electronics,2,4793.62,779.62,Pune
105128,2025-09-07,Customer_1812,Mixer,Home,8,25845.36,5202.88,Mumbai
104713,2025-09-07,Customer_0269,Jacket,Clothing,3,7567.45,1298.4,Pune
103510,2025-09-07,Customer_0780,Mixer,Home,3,10474.61,2007.0,Kolhapur
100491,2025-09-07,Customer_2180,Mixer,Home,1,3454.14,701.38,Kolhapur
107261,2025-09-07,Customer_0211,Vacuum Cleaner,Home,4,28745.5,3477.43,Nashik
108818,2025-09-07,Customer_0301,Lamp,Home,3,3611.87,567.52,Pune
102857,2025-09-07,Customer_2352,Cabinet,Furniture,6,41207.3,3376.15,Mumbai
100483,2025-09-07,Customer_0804,Lamp,Home,3,3163.41,656.76,Nashik
106701,2025-09-07,Customer_1857,Jeans,Clothing,1,1439.6,98.62,Aurangabad
103450,2025-09-07,Customer_0839,Headphones,Electronics,4,10537.21,1919.26,Mumbai
101458,2025-09-07,Customer_1279,Desk,Furniture,5,46374.68,4647.17,Kolhapur
103287,2025-09-07,Customer_0979,Smartphone,Electronics,8,203440.7,41130.58,Nagpur
101496,2025-09-08,Customer_0087,Lamp,Home,5,6277.02,1051.76,Aurangabad
107398,2025-09-08,Customer_2149,Laptop,Electronics,2,105470.32,23197.67,Pune
101858,2025-09-08,Customer_2401,Tablet,Electronics,7,128183.51,21049.5,Pune
108028,2025-09-08,Customer_0649,Vacuum Cleaner,Home,1,6430.76,1313.23,Aurangabad
102003,2025-09-08,Customer_1169,Headphones,Electronics,4,11272.95,1961.3,Nagpur
103129,2025-09-08,Customer_1012,Monitor,Electronics,3,39780.51,3786.69,Aurangabad
108867,2025-09-08,Customer_0912,Shoes,Clothing,3,7047.57,430.96,Kolhapur
101605,2025-09-08,Customer_0685,Monitor,Electronics,2,25144.62,4676.2,Aurangabad
107241,2025-09-08,Customer_0761,Bookshelf,Furniture,2,10643.69,2108.31,Nashik
103097,2025-09-08,Customer_0356,Mixer,Home,8,24191.74,3124.98,Nagpur
108368,2025-09-08,Customer_0645,Jeans,Clothing,8,13219.93,1569.77,Kolhapur
102768,2025-09-08,Customer_0105,Headphones,Electronics,7,15451.05,1228.05,Kolhapur
100776,2025-09-08,Customer_0188,Jeans,Clothing,2,3212.55,537.52,Nashik
104196,2025-09-08,Customer_1380,Jeans,Clothing,8,14199.59,1500.49,Aurangabad
109969,2025-09-08,Customer_1927,Vacuum Cleaner,Home,5,34001.23,5883.08,Nashik
104627,2025-09-08,Customer_1315,Cookware,Home,6,12488.63,1140.53,Aurangabad
106721,2025-09-08,Customer_0527,Cookware,Home,5,10011.93,1151.6,Pune
104981,2025-09-08,Customer_0944,Laptop,Electronics,8,466860.03,38226.87,Aurangabad
107568,2025-09-08,Customer_1554,Smartphone,Electronics,1,22934.63,1573.41,Pune
101712,2025-09-08,Customer_0229,Mixer,Home,2,7010.62,1009.81,Kolhapur
105523,2025-09-08,Customer_1642,Table,Furniture,2,18981.33,3907.95,Aurangabad
105532,2025-09-08,Customer_1709,Jeans,Clothing,8,11173.54,1707.67,Nagpur
102767,2025-09-08,Customer_2127,Mixer,Home,6,23944.11,4545.2,Nashik
106661,2025-09-08,Customer_0328,Bookshelf,Furniture,8,46892.72,4706.58,Aurangabad
106144,2025-09-08,Customer_0170,Headphones,Electronics,2,4586.52,968.89,Mumbai
100718,2025-09-08,Customer_0790,Desk,Furniture,4,47187.84,4123.1,Mumbai
103778,2025-09-09,Customer_0002,Table,Furniture,7,69031.72,10279.69,Nashik
100088,2025-09-09,Customer_1673,Backpack,Clothing,5,6511.14,921.05,Nashik
102504,2025-09-09,Customer_1340,Bedsheet,Home,8,15378.23,1157.76,Nashik
103950,2025-09-09,Customer_1098,Jeans,Clothing,6,10387.26,2017.42,Aurangabad
105256,2025-09-09,Customer_0805,Headphones,Electronics,7,19374.16,2855.46,Kolhapur
107598,2025-09-09,Customer_0579,Mixer,Home,4,12669.12,2573.31,Aurangabad
100628,2025-09-09,Customer_1002,Laptop,Electronics,1,47920.12,4327.08,Pune
104464,2025-09-09,Customer_0409,Desk,Furniture,7,88222.22,10395.94,Pune
107803,2025-09-09,Customer_0836,Lamp,Home,8,8768.14,563.45,Nashik
100666,2025-09-09,Customer_1718,Shoes,Clothing,3,7766.28,606.52,Mumbai
103090,2025-09-09,Customer_1039,Office Chair,Furniture,2,14160.64,2356.51,Nagpur
100788,2025-09-09,Customer_0436,Headphones,Electronics,5,5739.75,441.82,Nagpur
108910,2025-09-09,Customer_1768,Jeans,Clothing,5,8756.53,674.32,Kolhapur
107674,2025-09-09,Customer_1403,Table,Furniture,4,32901.9,2979.26,Nagpur
100258,2025-09-09,Customer_2352,T-Shirt,Clothing,5,3670.07,493.17,Mumbai
100709,2025-09-10,Customer_0758,T-Shirt,Clothing,7,5554.13,459.09,Nashik
109549,2025-09-10,Customer_1084,Cookware,Home,3,5845.94,819.48,Mumbai
108219,2025-09-10,Customer_2376,Cookware,Home,7,14815.68,2944.21,Nagpur
100603,2025-09-10,Customer_0890,Table,Furniture,8,61727.62,7770.25,Pune
106574,2025-09-10,Customer_1504,Bedsheet,Home,2,3596.87,350.66,Mumbai
108600,2025-09-10,Customer_1190,Jacket,Clothing,3,9065.89,1007.76,Nagpur
100026,2025-09-10,Customer_2080,Backpack,Clothing,3,3960.41,291.99,Pune
100347,2025-09-10,Customer_1489,Laptop,Electronics,7,388171.22,32055.25,Kolhapur
109408,2025-09-10,Customer_1529,Tablet,Electronics,8,145821.23,26627.85,Pune
106261,2025-09-10,Customer_2312,Bedsheet,Home,5,9661.91,1102.22,Pune
106036,2025-09-10,Customer_1547,Bookshelf,Furniture,3,20600.38,3295.4,Pune
102437,2025-09-10,Customer_1607,Shoes,Clothing,8,22559.34,3531.2,Kolhapur
104830,2025-09-10,Customer_2300,Bookshelf,Furniture,4,25319.1,3469.95,Kolhapur
109381,2025-09-10,Customer_0309,Desk,Furniture,6,65536.69,12401.07,Kolhapur
109490,2025-09-10,Customer_1994,Monitor,Electronics,2,28103.57,5784.42,Nashik
100878,2025-09-10,Customer_2100,Jeans,Clothing,7,9992.6,1745.32,Mumbai
109773,2025-09-10,Customer_2184,Tablet,Electronics,5,83776.67,6365.12,Nashik
107146,2025-09-10,Customer_1409,Bookshelf,Furniture,1,6021.6,1233.88,Aurangabad
105604,2025-09-10,Customer_2014,Jeans,Clothing,4,5997.77,992.95,Kolhapur
108974,2025-09-10,Customer_1496,Mixer,Home,3,9979.44,1918.45,Aurangabad
102394,2025-09-10,Customer_1680,Smartphone,Electronics,8,219074.88,23326.45,Nashik
106085,2025-09-11,Customer_1415,Smartphone,Electronics,1,28398.87,6181.75,Nagpur
105126,2025-09-11,Customer_2125,Vacuum Cleaner,Home,7,48485.19,7153.4,Aurangabad
102426,2025-09-11,Customer_1340,Smartphone,Electronics,2,50905.7,6295.67,Mumbai
107922,2025-09-11,Customer_2057,Cookware,Home,6,13965.72,2372.68,Nagpur
102951,2025-09-11,Customer_0536,Headphones,Electronics,1,2252.41,237.96,Kolhapur
102795,2025-09-11,Customer_1461,Shoes,Clothing,5,11970.36,2470.04,Pune
101123,2025-09-11,Customer_0792,Cookware,Home,3,7038.59,521.56,Mumbai
100479,2025-09-11,Customer_1474,Jacket,Clothing,5,12390.58,1284.97,Kolhapur
101086,2025-09-11,Customer_0993,Cabinet,Furniture,4,34802.3,5334.6,Pune
105600,2025-09-11,Customer_0158,T-Shirt,Clothing,6,3947.62,341.94,Aurangabad
100285,2025-09-11,Customer_0309,Desk,Furniture,3,32629.36,5219.63,Mumbai
100265,2025-09-11,Customer_0216,Backpack,Clothing,2,3152.69,216.98,Mumbai
107626,2025-09-11,Customer_0006,Smartphone,Electronics,7,193631.08,23614.61,Nagpur
107217,2025-09-11,Customer_0423,Smartphone,Electronics,5,107181.29,7562.38,Nagpur
107035,2025-09-11,Customer_1598,Office Chair,Furniture,4,31472.84,4515.16,Kolhapur
107275,2025-09-11,Customer_1297,Smartphone,Electronics,4,103915.51,17016.93,Kolhapur
104165,2025-09-11,Customer_0196,Desk,Furniture,4,53207.86,7034.23,Kolhapur
104114,2025-09-11,Customer_0235,Cookware,Home,7,16031.28,1726.14,Kolhapur
109885,2025-09-12,Customer_2420,Cabinet,Furniture,1,7214.95,986.35,Pune
107294,2025-09-12,Customer_1020,Table,Furniture,5,46804.04,4212.21,Pune
108281,2025-09-12,Customer_2460,Table,Furniture,5,41048.42,4748.83,Nagpur
100130,2025-09-12,Customer_2008,T-Shirt,Clothing,7,4398.02,606.9,Pune
100779,2025-09-12,Customer_0936,Table,Furniture,1,9648.85,1416.98,Mumbai
101255,2025-09-12,Customer_1839,Mixer,Home,5,15639.55,1022.05,Nagpur
103999,2025-09-12,Customer_2411,Jacket,Clothing,2,5783.26,1094.02,Nashik
107917,2025-09-12,Customer_2274,Desk,Furniture,4,47072.81,7414.27,Pune
107383,2025-09-12,Customer_0835,Tablet,Electronics,5,89064.16,17981.13,Pune
105119,2025-09-12,Customer_0109,Mixer,Home,3,9705.37,1216.94,Aurangabad
103169,2025-09-12,Customer_0952,Bedsheet,Home,4,7109.08,1071.67,Pune
103159,2025-09-12,Customer_2321,Cookware,Home,1,1883.42,331.37,Pune
100225,2025-09-12,Customer_0399,Shoes,Clothing,2,4881.34,1043.76,Mumbai
108850,2025-09-12,Customer_2469,Tablet,Electronics,6,108430.54,15546.27,Mumbai
108637,2025-09-12,Customer_2291,Office Chair,Furniture,7,55179.19,7634.32,Nashik
108253,2025-09-12,Customer_2355,Cookware,Home,3,6328.21,1349.99,Nashik
108493,2025-09-12,Customer_0181,Desk,Furniture,1,13346.76,2121.48,Kolhapur
102586,2025-09-12,Customer_0733,T-Shirt,Clothing,5,3344.42,325.13,Nashik
108191,2025-09-12,Customer_0242,Office Chair,Furniture,4,29908.98,4481.92,Mumbai
105542,2025-09-13,Customer_1459,Table,Furniture,7,70029.17,15099.72,Aurangabad
106422,2025-09-13,Customer_0915,Cabinet,Furniture,8,72572.0,13239.96,Mumbai
104703,2025-09-13,Customer_1659,T-Shirt,Clothing,4,2511.74,429.04,Kolhapur
109832,2025-09-13,Customer_1976,Vacuum Cleaner,Home,8,48144.5,3863.4,Mumbai
104815,2025-09-13,Unknown Customer,Mixer,Home,7,25438.04,5192.77,Pune
105845,2025-09-13,Customer_1646,Table,Furniture,5,38663.43,2901.97,Nagpur
102635,2025-09-13,Customer_0133,Mixer,Home,1,3505.37,748.01,Aurangabad
102496,2025-09-13,Customer_1044,Jacket,Clothing,7,19293.6,2112.32,Kolhapur
104952,2025-09-13,Customer_2190,Table,Furniture,2,19237.96,1264.2,Nashik
100711,2025-09-13,Customer_1079,Shoes,Clothing,8,22740.89,2565.08,Mumbai
108532,2025-09-13,Customer_0221,Cookware,Home,2,4550.22,725.34,Nashik
101299,2025-09-13,Customer_0495,Bookshelf,Furniture,2,11230.25,1031.24,Nashik
105112,2025-09-13,Customer_0687,Jacket,Clothing,7,21131.08,2583.27,Nagpur
104066,2025-09-13,Customer_2031,Laptop,Electronics,2,112704.14,20938.0,Kolhapur
108646,2025-09-13,Customer_1404,Cookware,Home,4,9249.88,911.65,Nagpur
104479,2025-09-13,Customer_1040,Office Chair,Furniture,1,8485.02,519.41,Nashik
108247,2025-09-13,Customer_0982,Laptop,Electronics,7,327490.41,70374.98,Nashik
100349,2025-09-13,Customer_0276,Mixer,Home,3,9200.86,1485.17,Mumbai
107324,2025-09-13,Customer_2261,Backpack,Clothing,3,3796.97,435.66,Aurangabad
103744,2025-09-13,Customer_0964,T-Shirt,Clothing,2,1398.33,161.7,Nashik
102466,2025-09-13,Customer_2185,Shoes,Clothing,5,11591.53,2089.81,Kolhapur
108435,2025-09-13,Customer_1191,Cabinet,Furniture,7,56434.59,8072.23,Aurangabad
106072,2025-09-14,Customer_1735,Desk,Furniture,2,26368.5,2728.74,Kolhapur
100874,2025-09-14,Customer_2236,Desk,Furniture,7,85674.38,11607.25,Nashik
103589,2025-09-14,Customer_1583,Vacuum Cleaner,Home,5,31415.75,2483.6,Kolhapur
101228,2025-09-14,Customer_1868,Smartphone,Electronics,7,167045.09,14811.68,Aurangabad
104048,2025-09-14,Customer_1913,Jacket,Clothing,6,18872.12,1219.87,Aurangabad
101982,2025-09-14,Customer_0024,Bookshelf,Furniture,7,42416.19,3480.83,Nashik
100494,2025-09-14,Customer_0395,Cookware,Home,2,4043.71,505.36,Kolhapur
109612,2025-09-14,Customer_0877,Shoes,Clothing,3,8103.71,1610.87,Nagpur
108626,2025-09-14,Customer_0582,Lamp,Home,8,9156.36,1159.43,Nagpur
101746,2025-09-14,Customer_0858,Jeans,Clothing,8,14305.71,928.8,Aurangabad
100127,2025-09-14,Customer_0418,Office Chair,Furniture,4,32001.36,2319.43,Aurangabad
107109,2025-09-14,Customer_2146,Mixer,Home,1,3234.94,241.9,Nashik
108890,2025-09-14,Customer_0953,Laptop,Electronics,6,339785.4,35224.54,Nashik
107926,2025-09-14,Customer_2484,Bedsheet,Home,4,7689.76,1333.17,Kolhapur
103213,2025-09-14,Customer_1533,Office Chair,Furniture,5,35937.31,6485.22,Pune
101214,2025-09-14,Customer_0371,Shoes,Clothing,5,2734.89,581.83,Mumbai
109443,2025-09-14,Customer_0986,Jeans,Clothing,5,7362.04,556.6,Pune
108862,2025-09-15,Customer_0588,Mixer,Home,5,16098.62,1852.41,Nashik
107737,2025-09-15,Customer_2187,T-Shirt,Clothing,8,5513.21,652.62,Mumbai
103335,2025-09-15,Customer_2018,Backpack,Clothing,4,5700.53,567.24,Kolhapur
104456,2025-09-15,Customer_0409,Vacuum Cleaner,Home,5,32417.04,5949.12,Kolhapur
108872,2025-09-15,Customer_1066,T-Shirt,Clothing,3,2181.77,339.21,Nagpur
107268,2025-09-15,Customer_1684,Mixer,Home,6,21957.57,1505.4,Pune
108870,2025-09-15,Customer_0850,Laptop,Electronics,4,235329.11,31466.29,Pune
103313,2025-09-15,Customer_2429,Monitor,Electronics,2,28914.8,4916.78,Mumbai
105568,2025-09-15,Customer_0055,Smartphone,Electronics,6,135542.41,9918.38,Pune
102245,2025-09-15,Customer_2001,Shoes,Clothing,1,2207.93,428.64,Mumbai
103797,2025-09-15,Customer_0931,Tablet,Electronics,1,20048.07,3702.33,Kolhapur
108424,2025-09-15,Customer_1729,Shoes,Clothing,8,17973.85,3620.32,Nashik
100018,2025-09-15,Customer_0572,Cookware,Home,5,11406.47,820.22,Mumbai
104811,2025-09-15,Customer_0693,Cookware,Home,5,10061.15,643.55,Aurangabad
100501,2025-09-15,Customer_2164,Backpack,Clothing,2,2671.03,576.11,Pune
108742,2025-09-15,Customer_1450,Laptop,Electronics,8,480435.42,56095.71,Mumbai
102353,2025-09-15,Customer_1250,Desk,Furniture,4,45227.46,9841.04,Aurangabad
102644,2025-09-15,Customer_1003,Tablet,Electronics,8,131082.08,24435.25,Nashik
107208,2025-09-15,Customer_2332,Backpack,Clothing,5,6168.76,1190.85,Aurangabad
101664,2025-09-15,Customer_0405,Headphones,Electronics,7,14886.24,1798.83,Nashik
107560,2025-09-15,Customer_0681,Monitor,Electronics,2,29874.88,4528.62,Nagpur
102298,2025-09-15,Customer_0046,Mixer,Home,7,26085.22,5257.46,Kolhapur
106410,2025-09-15,Customer_1919,Jacket,Clothing,8,19094.11,3719.62,Mumbai
102592,2025-09-15,Customer_2145,Vacuum Cleaner,Home,4,22687.12,1627.52,Kolhapur
100179,2025-09-16,Customer_1180,Bookshelf,Furniture,3,16802.37,1173.77,Nagpur
108623,2025-09-16,Customer_0141,Monitor,Electronics,8,115613.14,8086.48,Kolhapur
106108,2025-09-16,Customer_1558,Monitor,Electronics,5,66213.06,8880.43,Kolhapur
107716,2025-09-16,Customer_2431,Vacuum Cleaner,Home,3,18557.61,3037.84,Kolhapur
101000,2025-09-16,Customer_0538,Shoes,Clothing,3,6616.77,1292.78,Kolhapur
102292,2025-09-16,Customer_1771,Vacuum Cleaner,Home,2,13201.94,1371.0,Mumbai
100770,2025-09-16,Customer_2006,Cabinet,Furniture,3,25278.8,2215.72,Pune
100746,2025-09-16,Customer_0542,Laptop,Electronics,8,463766.08,74956.25,Aurangabad
107768,2025-09-16,Customer_1313,Cookware,Home,6,13367.47,2218.82,Nashik
103326,2025-09-16,Customer_0412,Backpack,Clothing,5,6561.01,1227.54,Nagpur
105468,2025-09-16,Customer_1460,Bedsheet,Home,8,12518.37,2220.92,Kolhapur
108859,2025-09-16,Customer_2496,Jeans,Clothing,1,1707.0,295.71,Nashik
107257,2025-09-16,Customer_0215,Cookware,Home,3,9627.65,785.35,Mumbai
107928,2025-09-16,Customer_1018,Jeans,Clothing,8,13390.33,1436.99,Kolhapur
102982,2025-09-16,Customer_1891,Shoes,Clothing,8,22845.91,1433.53,Nashik
100679,2025-09-16,Customer_0727,Desk,Furniture,6,78224.25,13505.94,Nashik
107381,2025-09-17,Customer_0228,Shoes,Clothing,6,15909.29,2008.46,Nashik
103598,2025-09-17,Customer_0440,Jacket,Clothing,4,10208.52,2073.9,Mumbai
104899,2025-09-17,Customer_1016,T-Shirt,Clothing,5,3733.43,302.37,Nashik
100066,2025-09-17,Customer_2071,Jeans,Clothing,5,7429.8,733.19,Nagpur
107868,2025-09-17,Customer_2129,Laptop,Electronics,4,247569.9,29081.36,Pune
106052,2025-09-17,Customer_2348,Bedsheet,Home,1,2054.23,358.76,Pune
105720,2025-09-17,Customer_2153,Laptop,Electronics,4,224368.61,22864.41,Aurangabad
105908,2025-09-17,Customer_1357,Jeans,Clothing,1,1426.7,188.66,Aurangabad
105972,2025-09-17,Customer_0366,Backpack,Clothing,3,4660.37,892.87,Mumbai
103009,2025-09-17,Customer_1118,Vacuum Cleaner,Home,3,16822.27,2588.62,Nashik
101545,2025-09-17,Customer_1009,Table,Furniture,2,17962.39,3511.38,Nagpur
106413,2025-09-17,Customer_1104,Bookshelf,Furniture,8,43810.63,9600.24,Aurangabad
102721,2025-09-17,Customer_2181,Cabinet,Furniture,6,44718.01,3314.95,Nagpur
102814,2025-09-17,Customer_0066,Desk,Furniture,6,70830.35,8177.54,Pune
104477,2025-09-17,Customer_2320,Cabinet,Furniture,7,57823.01,7109.74,Pune
102775,2025-09-17,Customer_1534,Cabinet,Furniture,3,21901.4,3995.04,Mumbai
103205,2025-09-17,Customer_2476,Jacket,Clothing,2,5411.14,823.56,Nagpur
109295,2025-09-17,Customer_0584,Lamp,Home,5,1305.08,175.4,Pune
106669,2025-09-17,Customer_1279,Shoes,Clothing,1,2448.94,365.1,Aurangabad
102994,2025-09-17,Customer_2010,Cookware,Home,7,15626.1,946.34,Pune
103525,2025-09-17,Customer_1652,Tablet,Electronics,3,58013.8,6094.7,Nagpur
103406,2025-09-17,Customer_1361,Headphones,Electronics,5,76247.28,1052.49,Kolhapur
106029,2025-09-17,Customer_0803,Backpack,Clothing,1,1432.4,146.67,Aurangabad
102449,2025-09-17,Customer_0530,Office Chair,Furniture,6,43488.67,3900.79,Kolhapur
103663,2025-09-17,Customer_2365,Laptop,Electronics,3,172900.04,34070.56,Mumbai
102562,2025-09-18,Customer_0871,Tablet,Electronics,7,121343.78,19476.8,Nagpur
101600,2025-09-18,Customer_1764,Laptop,Electronics,6,357035.92,40426.35,Pune
106405,2025-09-18,Customer_1092,Smartphone,Electronics,1,22432.26,1600.73,Nagpur
101562,2025-09-18,Customer_1792,Headphones,Electronics,8,20321.19,3222.49,Pune
108512,2025-09-18,Customer_1052,Vacuum Cleaner,Home,2,13931.61,2507.61,Pune
108291,2025-09-18,Customer_0866,T-Shirt,Clothing,3,2075.5,393.77,Nagpur
107359,2025-09-18,Customer_1074,Tablet,Electronics,8,138293.75,8665.29,Kolhapur
108505,2025-09-18,Customer_0637,Monitor,Electronics,8,101750.64,14444.08,Aurangabad
101004,2025-09-18,Customer_2145,Vacuum Cleaner,Home,7,44901.14,2909.74,Aurangabad
101297,2025-09-18,Customer_2360,Lamp,Home,2,2153.93,368.88,Kolhapur
107921,2025-09-18,Customer_2147,Cabinet,Furniture,5,42697.39,9348.88,Kolhapur
101106,2025-09-18,Customer_0644,Shoes,Clothing,7,15921.75,1739.05,Pune
102561,2025-09-18,Customer_0653,T-Shirt,Clothing,8,5418.05,458.56,Nashik
104543,2025-09-18,Customer_0898,Vacuum Cleaner,Home,3,17956.61,2160.52,Pune
105840,2025-09-18,Customer_1066,Laptop,Electronics,1,55585.75,3481.32,Nagpur
102676,2025-09-18,Customer_2107,Bookshelf,Furniture,8,54602.63,5554.69,Nashik
101967,2025-09-18,Customer_1504,Desk,Furniture,2,23213.17,4908.43,Mumbai
108865,2025-09-19,Customer_1620,Bedsheet,Home,4,6514.41,1106.32,Nashik
103222,2025-09-19,Customer_2245,Vacuum Cleaner,Home,1,6879.61,421.69,Aurangabad
109182,2025-09-19,Customer_2176,Laptop,Electronics,1,55221.24,9010.12,Mumbai
108946,2025-09-19,Customer_1259,Smartphone,Electronics,6,152642.08,15022.32,Nagpur
102956,2025-09-19,Customer_2003,Backpack,Clothing,4,6245.91,460.07,Nashik
103216,2025-09-19,Customer_0793,Headphones,Electronics,6,13807.27,1805.93,Nashik
107067,2025-09-19,Customer_0151,Vacuum Cleaner,Home,3,22100.7,3357.88,Nagpur
101560,2025-09-19,Customer_0381,Table,Furniture,7,57880.3,5619.39,Pune
103413,2025-09-19,Customer_0339,Cabinet,Furniture,2,15067.85,3037.2,Aurangabad
100815,2025-09-19,Customer_2038,Lamp,Home,2,2549.06,225.33,Aurangabad
101744,2025-09-19,Unknown Customer,Office Chair,Furniture,4,29214.87,5325.27,Nashik
108751,2025-09-19,Customer_1166,Mixer,Home,3,9465.29,1725.79,Nagpur
105403,2025-09-19,Customer_2100,Vacuum Cleaner,Home,5,37047.59,4246.62,Nashik
107127,2025-09-19,Customer_1134,Lamp,Home,1,1364.44,149.62,Pune
104201,2025-09-19,Customer_1039,Smartphone,Electronics,4,106019.73,6750.01,Nagpur
107731,2025-09-19,Customer_1037,Table,Furniture,8,81770.79,9162.62,Nashik
102362,2025-09-19,Customer_1778,Office Chair,Furniture,6,47622.71,3709.24,Nagpur
100418,2025-09-19,Customer_2176,Desk,Furniture,1,13584.65,2754.04,Mumbai
105581,2025-09-19,Customer_1353,Jeans,Clothing,5,8409.65,1108.9,Aurangabad
107507,2025-09-19,Customer_0272,Tablet,Electronics,6,117768.87,11467.31,Pune
104383,2025-09-19,Customer_1965,Monitor,Electronics,6,85731.94,11339.07,Mumbai
102445,2025-09-20,Customer_1604,Jacket,Clothing,7,16684.27,1057.18,Nagpur
100257,2025-09-20,Customer_1435,Cookware,Home,2,4988.29,625.67,Kolhapur
105595,2025-09-20,Customer_0706,Cookware,Home,5,11771.96,2164.12,Kolhapur
106710,2025-09-20,Customer_1788,Cabinet,Furniture,4,28612.36,4205.97,Mumbai
103766,2025-09-20,Customer_1856,Mixer,Home,5,18924.4,2381.48,Kolhapur
101279,2025-09-20,Customer_0014,Monitor,Electronics,4,52017.13,6246.21,Nagpur
105952,2025-09-20,Customer_1623,Office Chair,Furniture,2,15806.2,1189.04,Mumbai
102191,2025-09-20,Customer_1348,Headphones,Electronics,1,2693.39,390.11,Mumbai
102179,2025-09-20,Customer_1787,Shoes,Clothing,8,21727.19,2186.22,Kolhapur
102979,2025-09-20,Customer_1968,Shoes,Clothing,6,14475.79,3046.25,Nashik
108823,2025-09-20,Customer_1054,Lamp,Home,7,9278.64,942.74,Nashik
102248,2025-09-20,Customer_1854,Headphones,Electronics,6,16805.51,1347.41,Nagpur
106978,2025-09-20,Customer_0419,Monitor,Electronics,8,120826.95,7894.23,Nashik
101985,2025-09-21,Customer_1089,Desk,Furniture,8,100074.92,20045.71,Pune
105477,2025-09-21,Customer_1743,Backpack,Clothing,5,6571.97,1310.1,Nagpur
107945,2025-09-21,Customer_2271,Jeans,Clothing,2,2882.49,401.8,Kolhapur
107955,2025-09-21,Customer_0961,Shoes,Clothing,3,7801.24,736.81,Pune
106592,2025-09-21,Customer_1195,Jeans,Clothing,8,11800.99,2336.3,Pune
102305,2025-09-21,Customer_2482,Bedsheet,Home,8,13762.5,1713.1,Aurangabad
100527,2025-09-21,Customer_2471,Bookshelf,Furniture,6,39916.89,5226.37,Aurangabad
100314,2025-09-21,Customer_1168,Monitor,Electronics,2,26803.11,2797.93,Pune
101850,2025-09-21,Customer_1574,Bedsheet,Home,6,11694.73,1611.83,Nagpur
108897,2025-09-21,Customer_0887,Headphones,Electronics,4,8572.71,1256.73,Aurangabad
108283,2025-09-21,Customer_1974,T-Shirt,Clothing,4,2611.99,520.04,Aurangabad
102285,2025-09-21,Customer_0559,Cabinet,Furniture,8,61147.68,5303.71,Mumbai
103850,2025-09-21,Customer_1845,Tablet,Electronics,4,62538.66,12638.62,Aurangabad
103690,2025-09-21,Customer_0505,Mixer,Home,7,26220.69,4178.0,Nashik
101238,2025-09-21,Customer_2100,Tablet,Electronics,8,125677.65,21580.67,Nagpur
100057,2025-09-21,Customer_1287,Jacket,Clothing,4,12107.11,927.81,Mumbai
105145,2025-09-21,Customer_0488,Vacuum Cleaner,Home,4,26389.38,2721.85,Nashik
103151,2025-09-21,Customer_2256,T-Shirt,Clothing,5,4742.34,555.09,Nagpur
102047,2025-09-21,Unknown Customer,Backpack,Clothing,2,3031.55,321.66,Pune
100385,2025-09-21,Customer_2038,Bedsheet,Home,5,9592.54,1887.15,Pune
103765,2025-09-21,Customer_1085,Bedsheet,Home,4,8247.67,1668.39,Kolhapur
109866,2025-09-21,Customer_1343,Cabinet,Furniture,5,40771.0,6730.72,Nashik
103666,2025-09-21,Customer_1926,Office Chair,Furniture,7,59777.69,11043.42,Pune
101265,2025-09-21,Customer_0455,Table,Furniture,3,27978.74,5667.35,Aurangabad
104440,2025-09-21,Customer_0459,Jacket,Clothing,6,15604.63,2373.78,Aurangabad
103569,2025-09-21,Customer_1126,Office Chair,Furniture,8,67780.82,13570.23,Nagpur
106944,2025-09-22,Customer_0434,Cookware,Home,1,2478.47,500.65,Pune
105190,2025-09-22,Customer_1532,Shoes,Clothing,2,5045.62,623.03,Aurangabad
100571,2025-09-22,Customer_2221,Backpack,Clothing,6,7241.62,544.3,Pune
107961,2025-09-22,Customer_1724,Mixer,Home,7,21281.28,2311.9,Aurangabad
104017,2025-09-22,Customer_0236,Cookware,Home,1,2485.84,238.84,Nashik
107599,2025-09-22,Customer_1804,Shoes,Clothing,1,2236.07,361.61,Kolhapur
107900,2025-09-22,Customer_1750,Bookshelf,Furniture,1,5177.2,468.51,Mumbai
103596,2025-09-22,Customer_1616,Headphones,Electronics,4,8505.17,643.22,Nashik
100052,2025-09-22,Customer_1285,Monitor,Electronics,1,15872.26,1289.02,Pune
102123,2025-09-22,Customer_1940,Headphones,Electronics,7,19945.41,1223.01,Mumbai
101016,2025-09-22,Customer_1866,Bookshelf,Furniture,2,10309.79,836.02,Kolhapur
106652,2025-09-22,Customer_1840,Cabinet,Furniture,5,45774.94,4810.05,Pune
107484,2025-09-22,Customer_0584,Cookware,Home,8,18286.64,2484.24,Mumbai
103255,2025-09-22,Customer_1095,Bedsheet,Home,2,3689.16,547.73,Kolhapur
105042,2025-09-22,Customer_0564,Bedsheet,Home,3,4948.4,714.46,Mumbai
103137,2025-09-22,Customer_1399,Lamp,Home,8,9040.59,1207.23,Nashik
104728,2025-09-22,Customer_0573,Bedsheet,Home,8,13946.94,1542.72,Nashik
103026,2025-09-22,Customer_1476,Desk,Furniture,2,25403.77,3155.45,Nashik
109669,2025-09-22,Customer_1811,Vacuum Cleaner,Home,4,23503.33,3007.91,Aurangabad
109409,2025-09-23,Customer_0811,Laptop,Electronics,6,319434.09,41652.18,Mumbai
104054,2025-09-23,Customer_1406,Office Chair,Furniture,3,23842.76,5243.34,Nashik
103319,2025-09-23,Customer_1264,T-Shirt,Clothing,8,6393.4,954.93,Aurangabad
106988,2025-09-23,Customer_1296,Bedsheet,Home,3,5927.39,423.86,Mumbai
104346,2025-09-23,Customer_1337,Cabinet,Furniture,7,54206.54,5136.47,Mumbai
107172,2025-09-23,Customer_0155,Jeans,Clothing,4,5764.39,1038.86,Mumbai
101453,2025-09-23,Customer_1445,Vacuum Cleaner,Home,7,38841.25,6440.43,Nashik
107097,2025-09-23,Customer_1563,Cabinet,Furniture,1,7850.5,589.71,Nagpur
105742,2025-09-23,Customer_0441,T-Shirt,Clothing,3,1829.71,206.91,Nagpur
107468,2025-09-23,Customer_1280,Bookshelf,Furniture,4,27383.65,5969.87,Aurangabad
106184,2025-09-23,Customer_0205,Mixer,Home,1,3791.45,392.2,Kolhapur
101978,2025-09-23,Customer_1997,Table,Furniture,2,19885.78,2721.22,Pune
108945,2025-09-23,Customer_1647,Office Chair,Furniture,8,56563.72,7951.07,Nagpur
106149,2025-09-23,Customer_1103,Office Chair,Furniture,1,7923.79,1706.51,Nagpur
102391,2025-09-23,Customer_1299,Vacuum Cleaner,Home,8,56003.32,6133.96,Nashik
107505,2025-09-23,Customer_0873,Shoes,Clothing,5,11234.7,966.78,Aurangabad
101243,2025-09-23,Customer_1139,Smartphone,Electronics,2,56586.63,9477.08,Nashik
109846,2025-09-23,Customer_1318,Table,Furniture,4,37100.79,7988.33,Nagpur
104318,2025-09-23,Customer_0672,Office Chair,Furniture,1,6819.98,1303.27,Nagpur
104358,2025-09-23,Customer_0214,Laptop,Electronics,6,311495.23,37835.96,Kolhapur
102432,2025-09-23,Customer_0540,Table,Furniture,5,39128.12,8450.88,Mumbai
105361,2025-09-24,Customer_1155,Jacket,Clothing,8,19844.91,1709.27,Kolhapur
100728,2025-09-24,Customer_1358,Mixer,Home,7,24269.59,5100.8,Aurangabad
101035,2025-09-24,Customer_0375,Desk,Furniture,8,85767.67,16278.44,Aurangabad
109390,2025-09-24,Customer_0421,T-Shirt,Clothing,6,4464.2,373.38,Mumbai
102119,2025-09-24,Customer_1403,T-Shirt,Clothing,6,3744.86,404.46,Kolhapur
108050,2025-09-24,Customer_0458,Table,Furniture,8,65142.05,12671.39,Mumbai
102963,2025-09-24,Customer_0761,Desk,Furniture,2,26331.65,2420.25,Pune
107090,2025-09-24,Customer_1370,Cabinet,Furniture,2,16876.39,3670.08,Nashik
103486,2025-09-24,Customer_0973,Bookshelf,Furniture,5,30006.27,6513.09,Nagpur
103166,2025-09-24,Customer_1883,Cookware,Home,4,9624.74,1311.25,Kolhapur
108466,2025-09-24,Customer_1615,Vacuum Cleaner,Home,3,20528.07,1936.68,Pune
109162,2025-09-24,Customer_1272,T-Shirt,Clothing,1,692.91,115.47,Mumbai
102435,2025-09-24,Customer_2392,Lamp,Home,7,9105.5,1242.54,Mumbai
101156,2025-09-24,Customer_0552,Headphones,Electronics,8,20907.19,4118.83,Pune
106425,2025-09-24,Unknown Customer,Lamp,Home,5,6868.44,1233.76,Nashik
107130,2025-09-24,Customer_1055,Cookware,Home,3,6263.91,791.11,Pune
100253,2025-09-24,Customer_2403,Jeans,Clothing,1,1643.64,358.76,Kolhapur
103888,2025-09-24,Customer_0298,Tablet,Electronics,8,144053.59,14155.9,Nashik
103269,2025-09-24,Customer_0129,T-Shirt,Clothing,1,707.95,130.91,Nashik
105953,2025-09-24,Customer_2358,Laptop,Electronics,6,321149.8,67680.22,Nagpur
101587,2025-09-24,Customer_2164,Cookware,Home,1,2514.15,284.08,Pune
104740,2025-09-24,Customer_1657,Bedsheet,Home,3,5368.87,1116.38,Mumbai
104912,2025-09-25,Customer_0270,Desk,Furniture,6,70834.84,7787.21,Pune
101932,2025-09-25,Unknown Customer,T-Shirt,Clothing,2,1406.04,216.81,Kolhapur
109391,2025-09-25,Customer_0644,Jacket,Clothing,4,12059.62,1782.86,Mumbai
102964,2025-09-25,Customer_0955,Laptop,Electronics,7,334268.85,32739.53,Mumbai
100772,2025-09-25,Customer_0020,Bedsheet,Home,7,11730.5,2146.06,Pune
105198,2025-09-25,Customer_0997,Laptop,Electronics,8,453179.04,29597.76,Pune
107758,2025-09-25,Customer_0777,Bookshelf,Furniture,5,32187.69,4513.7,Nashik
102621,2025-09-25,Customer_0728,Shoes,Clothing,3,7886.2,964.22,Nagpur
103337,2025-09-25,Customer_1411,Cookware,Home,5,10712.87,902.18,Mumbai
103805,2025-09-25,Customer_1786,Mixer,Home,6,23401.87,3706.52,Nashik
105936,2025-09-25,Customer_1790,Jeans,Clothing,1,1606.43,160.58,Kolhapur
108976,2025-09-25,Customer_0147,Backpack,Clothing,5,7730.0,1601.97,Aurangabad
106430,2025-09-25,Customer_1337,Cookware,Home,7,14339.87,2302.71,Pune
107586,2025-09-25,Customer_1149,Bookshelf,Furniture,3,18421.42,2646.22,Aurangabad
103164,2025-09-25,Customer_0657,Cookware,Home,1,2080.06,331.52,Pune
100113,2025-09-25,Customer_1377,Mixer,Home,7,25749.16,1546.6,Aurangabad
104874,2025-09-25,Customer_1859,Bedsheet,Home,2,3593.86,554.0,Kolhapur
100552,2025-09-25,Customer_0880,Bedsheet,Home,1,1594.95,275.23,Mumbai
106064,2025-09-25,Customer_0064,Monitor,Electronics,8,122151.11,22653.55,Mumbai
102978,2025-09-25,Customer_2332,Backpack,Clothing,2,2442.95,189.68,Nashik
100198,2025-09-25,Customer_1778,Jeans,Clothing,2,2905.71,272.15,Pune
101359,2025-09-25,Customer_1687,Cabinet,Furniture,6,43991.72,4536.36,Kolhapur
101446,2025-09-25,Customer_0130,Backpack,Clothing,1,1540.8,312.71,Nagpur
107043,2025-09-25,Customer_0397,Monitor,Electronics,8,112478.7,21100.37,Pune
107110,2025-09-25,Customer_2052,Cookware,Home,6,12645.12,1313.49,Nagpur
104831,2025-09-26,Customer_0601,Jeans,Clothing,1,1680.16,122.26,Aurangabad
108323,2025-09-26,Customer_1847,Backpack,Clothing,8,11528.68,1303.28,Mumbai
102087,2025-09-26,Customer_1106,Shoes,Clothing,4,8924.65,1549.87,Pune
105246,2025-09-26,Customer_1611,Tablet,Electronics,2,40146.32,5676.63,Aurangabad
104612,2025-09-26,Customer_1666,T-Shirt,Clothing,2,1374.46,255.5,Nashik
104776,2025-09-26,Customer_2026,Mixer,Home,2,6041.03,714.7,Kolhapur
105966,2025-09-26,Customer_1619,Headphones,Electronics,4,10109.12,1385.45,Aurangabad
107698,2025-09-26,Customer_2476,Headphones,Electronics,2,4279.12,450.14,Kolhapur
103638,2025-09-26,Customer_0813,Tablet,Electronics,4,75321.86,9798.25,Nagpur
108372,2025-09-26,Customer_0295,Jacket,Clothing,4,11825.72,1161.22,Nagpur
104739,2025-09-26,Customer_1314,Cabinet,Furniture,3,26682.48,3935.92,Aurangabad
106603,2025-09-26,Customer_0857,Monitor,Electronics,7,110869.48,20473.38,Mumbai
100426,2025-09-26,Customer_1373,Headphones,Electronics,2,4724.9,586.01,Nashik
102277,2025-09-26,Customer_0114,Bedsheet,Home,8,14282.52,2913.08,Kolhapur
106223,2025-09-26,Customer_1329,Headphones,Electronics,6,15655.62,3435.72,Kolhapur
102593,2025-09-26,Customer_1338,Mixer,Home,2,6361.26,875.57,Nashik
105149,2025-09-26,Customer_1247,Headphones,Electronics,6,13652.9,2980.89,Aurangabad
101640,2025-09-26,Customer_1514,Mixer,Home,2,6953.54,665.86,Kolhapur
103007,2025-09-26,Customer_0242,Jeans,Clothing,6,10831.6,1355.83,Nagpur
107020,2025-09-26,Customer_1898,Table,Furniture,6,49875.65,8219.32,Kolhapur
101580,2025-09-26,Customer_0607,Headphones,Electronics,8,21304.61,3877.96,Nagpur
105165,2025-09-26,Customer_2356,Lamp,Home,1,1281.75,280.52,Aurangabad
105411,2025-09-26,Customer_2269,T-Shirt,Clothing,8,5443.33,803.62,Mumbai
109936,2025-09-27,Customer_2182,Cookware,Home,5,12197.53,2458.11,Nagpur
109779,2025-09-27,Customer_1618,Cabinet,Furniture,2,13640.82,1299.97,Kolhapur
101459,2025-09-27,Customer_0469,Laptop,Electronics,5,247461.54,28684.72,Nashik
101706,2025-09-27,Customer_0442,Jacket,Clothing,4,11119.3,2435.17,Nagpur
105082,2025-09-27,Customer_0005,Smartphone,Electronics,7,178496.59,31385.92,Mumbai
108183,2025-09-27,Customer_1834,Cabinet,Furniture,4,32304.41,6176.09,Aurangabad
105618,2025-09-27,Customer_0576,Shoes,Clothing,2,5193.67,961.64,Pune
109305,2025-09-27,Customer_0670,Laptop,Electronics,6,373545.74,32185.95,Aurangabad
100073,2025-09-27,Customer_0861,T-Shirt,Clothing,6,4552.91,834.98,Aurangabad
109456,2025-09-27,Customer_0686,Jeans,Clothing,8,11089.48,1474.58,Nagpur
106573,2025-09-27,Customer_1931,Mixer,Home,2,7865.26,1695.54,Pune
105528,2025-09-27,Customer_2135,Office Chair,Furniture,8,53300.51,6206.79,Pune
109768,2025-09-27,Customer_1461,Mixer,Home,8,30266.46,3023.82,Kolhapur
101975,2025-09-27,Customer_1433,T-Shirt,Clothing,1,602.93,40.33,Aurangabad
104226,2025-09-27,Customer_1444,Smartphone,Electronics,3,71473.51,12146.18,Pune
105989,2025-09-27,Customer_0988,Tablet,Electronics,7,107557.31,11412.38,Nashik
102841,2025-09-27,Customer_0028,Cookware,Home,6,14039.05,973.59,Kolhapur
102944,2025-09-27,Customer_0455,Shoes,Clothing,3,7339.27,861.18,Aurangabad
101038,2025-09-27,Customer_1797,Bookshelf,Furniture,6,36432.32,4873.38,Aurangabad
102399,2025-09-27,Customer_0484,Jacket,Clothing,6,16967.33,1289.69,Pune
103114,2025-09-27,Customer_1715,Backpack,Clothing,2,2868.2,612.05,Nagpur
109564,2025-09-28,Customer_0840,Office Chair,Furniture,8,56923.1,5830.19,Nashik
104216,2025-09-28,Customer_0632,Cabinet,Furniture,8,68623.7,13301.42,Aurangabad
107600,2025-09-28,Customer_1477,Table,Furniture,3,30160.16,6210.43,Aurangabad
104987,2025-09-28,Customer_1497,Tablet,Electronics,5,101562.62,19044.61,Mumbai
102204,2025-09-28,Customer_2023,Monitor,Electronics,6,83602.17,16140.44,Kolhapur
105048,2025-09-28,Customer_1047,Mixer,Home,4,14487.95,1433.63,Kolhapur
104394,2025-09-28,Customer_1076,Headphones,Electronics,5,10938.74,1134.68,Nashik
105192,2025-09-28,Customer_2410,Laptop,Electronics,5,309805.0,27445.9,Nagpur
103059,2025-09-28,Customer_1865,Laptop,Electronics,4,202936.64,14199.65,Kolhapur
106588,2025-09-28,Customer_1317,Cabinet,Furniture,7,51643.97,5953.05,Kolhapur
109616,2025-09-28,Customer_1748,Table,Furniture,1,8065.81,1530.32,Nashik
107962,2025-09-28,Customer_1547,Mixer,Home,1,3311.74,708.36,Kolhapur
108682,2025-09-28,Customer_2311,T-Shirt,Clothing,1,764.2,54.61,Aurangabad
109930,2025-09-28,Customer_0524,Backpack,Clothing,2,2448.3,451.76,Mumbai
100408,2025-09-28,Customer_1286,Vacuum Cleaner,Home,7,49462.05,5308.29,Mumbai
104095,2025-09-28,Customer_0187,Monitor,Electronics,8,100159.59,11600.28,Kolhapur
109636,2025-09-28,Customer_0013,Mixer,Home,8,26069.93,4332.64,Nagpur
109412,2025-09-28,Customer_0368,Cookware,Home,8,17362.26,1042.28,Mumbai
100076,2025-09-28,Customer_1687,Smartphone,Electronics,6,150087.1,23535.37,Aurangabad
107279,2025-09-28,Customer_0849,Headphones,Electronics,3,7849.32,1595.58,Mumbai
102139,2025-09-28,Customer_2045,Backpack,Clothing,2,3173.66,586.29,Aurangabad
105289,2025-09-28,Customer_1226,Smartphone,Electronics,8,212910.32,25361.15,Nashik
104651,2025-09-28,Customer_2065,Desk,Furniture,7,85083.92,10325.81,Nagpur
107923,2025-09-28,Customer_2490,Table,Furniture,3,27119.99,5393.29,Mumbai
102155,2025-09-28,Customer_0528,Mixer,Home,7,27780.37,2310.88,Aurangabad
102602,2025-09-28,Customer_1126,Tablet,Electronics,3,47565.89,3257.11,Nashik
107084,2025-09-28,Customer_1053,T-Shirt,Clothing,8,5118.23,381.22,Kolhapur
101726,2025-09-28,Customer_0776,Office Chair,Furniture,6,46722.87,5209.39,Aurangabad
100002,2025-09-28,Customer_0896,Laptop,Electronics,2,119371.07,14702.84,Mumbai
109894,2025-09-28,Customer_1696,Shoes,Clothing,3,8199.93,577.63,Pune
106948,2025-09-28,Customer_1531,Smartphone,Electronics,7,182025.96,31811.82,Pune
104188,2025-09-28,Customer_2067,Vacuum Cleaner,Home,7,50727.3,5538.39,Aurangabad
109183,2025-09-29,Customer_2237,Backpack,Clothing,1,1214.37,208.04,Nashik
103063,2025-09-29,Customer_0055,Bedsheet,Home,3,5470.45,414.93,Kolhapur
102342,2025-09-29,Customer_0377,Smartphone,Electronics,4,88632.44,17579.84,Kolhapur
105153,2025-09-29,Customer_0850,Mixer,Home,8,30455.75,3078.22,Nashik
107048,2025-09-29,Customer_2260,Lamp,Home,6,7071.19,1157.15,Aurangabad
100455,2025-09-29,Customer_1223,Office Chair,Furniture,1,7781.12,1374.3,Nagpur
101510,2025-09-29,Customer_0711,Cookware,Home,5,10827.16,1992.53,Aurangabad
105574,2025-09-29,Customer_1577,Bookshelf,Furniture,3,16844.87,1315.05,Aurangabad
109524,2025-09-29,Customer_1965,Lamp,Home,7,8960.74,690.6,Nagpur
106399,2025-09-29,Customer_1267,Laptop,Electronics,2,104017.23,8911.8,Mumbai
104256,2025-09-29,Customer_0313,Office Chair,Furniture,3,19275.83,3650.74,Nashik
103818,2025-09-29,Customer_1151,Laptop,Electronics,3,145623.88,27184.67,Aurangabad
100684,2025-09-29,Customer_2302,Lamp,Home,3,3550.84,331.95,Aurangabad
103947,2025-09-29,Customer_0583,Monitor,Electronics,1,12433.62,1745.74,Nashik
108604,2025-09-29,Customer_1286,Backpack,Clothing,8,10819.08,1562.96,Kolhapur
109925,2025-09-29,Customer_0085,Headphones,Electronics,8,18435.05,2870.36,Pune
105696,2025-09-30,Customer_2430,Shoes,Clothing,7,16843.48,1369.27,Kolhapur
103971,2025-09-30,Customer_1962,T-Shirt,Clothing,4,2964.08,529.32,Kolhapur
106963,2025-09-30,Customer_2425,Office Chair,Furniture,7,59523.36,8404.45,Nashik
103726,2025-09-30,Customer_1915,Tablet,Electronics,8,131460.72,14793.2,Pune
106634,2025-09-30,Customer_0558,Shoes,Clothing,7,18075.3,3158.9,Aurangabad
104400,2025-09-30,Customer_0093,Jacket,Clothing,1,3137.33,436.95,Aurangabad
107397,2025-09-30,Customer_2395,Bookshelf,Furniture,5,28395.94,3104.84,Mumbai
102725,2025-09-30,Customer_1292,T-Shirt,Clothing,6,4065.73,285.66,Mumbai
105994,2025-09-30,Customer_1075,Jeans,Clothing,2,3051.99,513.78,Aurangabad
101015,2025-09-30,Customer_0281,Shoes,Clothing,4,9260.19,1303.88,Mumbai
100560,2025-09-30,Customer_1714,Cabinet,Furniture,7,59561.73,7242.31,Kolhapur
109149,2025-09-30,Customer_0355,Cabinet,Furniture,5,39836.85,5235.04,Mumbai
108644,2025-09-30,Customer_1345,T-Shirt,Clothing,3,2282.53,461.85,Aurangabad
107732,2025-09-30,Customer_1300,Vacuum Cleaner,Home,4,25389.21,1968.32,Pune
105230,2025-09-30,Customer_0951,Jeans,Clothing,8,12722.91,1994.36,Nashik
104971,2025-09-30,Customer_2169,Lamp,Home,5,6334.92,1045.17,Mumbai
100367,2025-09-30,Customer_1246,Laptop,Electronics,3,165192.5,28644.79,Mumbai
100811,2025-09-30,Customer_0987,Tablet,Electronics,6,96846.35,19453.29,Nashik
101471,2025-09-30,Customer_1774,Backpack,Clothing,5,7946.28,1283.17,Aurangabad
108349,2025-09-30,Customer_0166,Tablet,Electronics,5,96991.83,18207.85,Nagpur
106577,2025-09-30,Customer_2245,Desk,Furniture,7,72694.3,11435.02,Kolhapur
105137,2025-09-30,Customer_1612,Mixer,Home,6,21529.44,3342.92,Kolhapur
105395,2025-09-30,Customer_2269,Monitor,Electronics,3,38443.81,3393.04,Pune
106778,2025-09-30,Customer_1058,Shoes,Clothing,6,14957.37,2528.53,Mumbai
108896,2025-09-30,Customer_1746,Mixer,Home,6,24102.99,3403.77,Nashik
108123,2025-09-30,Customer_2220,Bookshelf,Furniture,5,34192.97,3368.01,Kolhapur
108613,2025-09-30,Customer_1198,T-Shirt,Clothing,1,685.27,108.02,Nashik
106916,2025-09-30,Customer_2354,Shoes,Clothing,7,19451.63,2757.39,Nashik
105429,2025-09-30,Customer_1234,Cabinet,Furniture,2,14312.37,2415.26,Nagpur
106751,2025-09-30,Customer_0748,Cookware,Home,4,7526.98,1354.25,Mumbai
100909,2025-09-30,Customer_2466,Desk,Furniture,6,71607.68,5721.11,Aurangabad
102453,2025-09-30,Customer_0662,Cookware,Home,5,10140.71,2003.04,Nashik
108933,2025-09-30,Customer_1156,Shoes,Clothing,1,2186.36,175.75,Kolhapur
106500,2025-09-30,Customer_0385,Bedsheet,Home,7,12901.0,1260.71,Aurangabad
106386,2025-10-01,Customer_1969,Lamp,Home,2,2478.03,343.54,Nagpur
101500,2025-10-01,Customer_0965,Jacket,Clothing,2,6261.33,667.73,Nashik
107814,2025-10-01,Customer_1167,Headphones,Electronics,2,5524.87,522.19,Mumbai
103428,2025-10-01,Customer_1666,Tablet,Electronics,1,16877.75,3526.85,Mumbai
109776,2025-10-01,Customer_2352,Cookware,Home,2,4929.87,379.64,Nagpur
106107,2025-10-01,Customer_0833,Jacket,Clothing,1,3052.74,382.05,Kolhapur
108766,2025-10-01,Customer_1818,Smartphone,Electronics,2,57248.28,5479.62,Mumbai
101795,2025-10-01,Customer_2022,T-Shirt,Clothing,4,3084.05,444.2,Nagpur
108696,2025-10-01,Customer_1153,Mixer,Home,8,29891.17,2813.14,Aurangabad
106928,2025-10-01,Customer_2437,Jacket,Clothing,7,17694.54,3660.78,Nashik
103682,2025-10-01,Customer_2423,Cookware,Home,1,1895.18,244.04,Mumbai
104039,2025-10-01,Customer_2187,Office Chair,Furniture,1,6862.54,1320.01,Aurangabad
101755,2025-10-01,Customer_0943,Shoes,Clothing,6,17038.83,3381.67,Kolhapur
108573,2025-10-02,Customer_1413,Monitor,Electronics,2,27545.37,2011.65,Pune
109319,2025-10-02,Customer_1649,Monitor,Electronics,7,106554.38,20293.91,Aurangabad
101424,2025-10-02,Customer_1555,Smartphone,Electronics,6,129970.72,21801.63,Nagpur
103121,2025-10-02,Customer_0952,Mixer,Home,1,3417.41,672.01,Mumbai
105626,2025-10-02,Customer_1352,Jacket,Clothing,1,3076.07,249.33,Aurangabad
103641,2025-10-02,Customer_0413,Table,Furniture,3,30061.33,2187.65,Aurangabad
105910,2025-10-02,Customer_0711,Headphones,Electronics,1,2245.46,485.41,Mumbai
100434,2025-10-02,Customer_1237,Lamp,Home,6,6215.35,1359.51,Kolhapur
104431,2025-10-02,Customer_2295,Laptop,Electronics,4,189710.38,13554.09,Kolhapur
109721,2025-10-02,Customer_2338,Table,Furniture,8,71923.55,12757.66,Aurangabad
103386,2025-10-02,Customer_0643,Jeans,Clothing,3,4499.99,358.74,Mumbai
109838,2025-10-02,Customer_1998,Office Chair,Furniture,5,37699.31,5112.45,Nagpur
106962,2025-10-02,Customer_0135,Table,Furniture,3,29873.27,2508.66,Aurangabad
105645,2025-10-02,Customer_2432,Desk,Furniture,2,24705.73,2161.52,Kolhapur
100629,2025-10-02,Customer_0615,Lamp,Home,7,9627.65,1767.97,Mumbai
107549,2025-10-02,Customer_1337,Desk,Furniture,3,34378.39,3755.18,Nagpur
108290,2025-10-02,Customer_2395,Mixer,Home,6,19142.03,2560.74,Pune
103472,2025-10-02,Customer_0533,T-Shirt,Clothing,5,3093.88,602.8,Kolhapur
102159,2025-10-02,Customer_1321,Backpack,Clothing,3,4577.08,372.31,Mumbai
103132,2025-10-02,Customer_1601,Smartphone,Electronics,6,150756.03,14193.93,Nagpur
106252,2025-10-02,Customer_0050,Cabinet,Furniture,1,9022.72,1366.7,Nagpur
108571,2025-10-03,Customer_1965,Cookware,Home,4,9757.74,1395.49,Kolhapur
103173,2025-10-03,Customer_2045,Jacket,Clothing,1,2995.89,386.53,Kolhapur
104966,2025-10-03,Customer_1210,Lamp,Home,8,10302.4,1398.55,Aurangabad
105905,2025-10-03,Customer_2021,Lamp,Home,6,7795.94,1253.7,Aurangabad
101984,2025-10-03,Customer_1357,Table,Furniture,7,54539.39,11550.62,Pune
104819,2025-10-03,Customer_2321,Cabinet,Furniture,2,16549.03,2113.67,Kolhapur
103198,2025-10-03,Customer_0718,Cookware,Home,8,16496.5,2363.94,Aurangabad
106534,2025-10-03,Customer_1769,Vacuum Cleaner,Home,1,6746.41,546.43,Aurangabad
109805,2025-10-03,Customer_2212,Table,Furniture,5,49496.98,9497.93,Aurangabad
109700,2025-10-03,Customer_2125,Bedsheet,Home,2,3940.22,565.22,Nagpur
107039,2025-10-03,Customer_0499,Jeans,Clothing,1,1363.1,114.64,Pune
106406,2025-10-03,Customer_0477,Table,Furniture,3,23030.02,2509.34,Nagpur
109019,2025-10-03,Customer_1352,Bookshelf,Furniture,1,6554.7,780.24,Nashik
104982,2025-10-03,Customer_0385,Tablet,Electronics,8,157519.34,26552.52,Nashik
102389,2025-10-03,Customer_0317,Table,Furniture,2,16598.89,2365.13,Mumbai
108288,2025-10-03,Customer_2111,Desk,Furniture,1,12474.93,968.91,Nashik
105773,2025-10-03,Customer_0976,Backpack,Clothing,4,4951.09,953.83,Nashik
105134,2025-10-03,Customer_1276,Office Chair,Furniture,2,16482.41,1146.31,Pune
107556,2025-10-03,Customer_1158,Shoes,Clothing,1,2706.5,359.6,Kolhapur
102021,2025-10-03,Customer_2101,Cabinet,Furniture,1,7115.18,1359.47,Nagpur
103262,2025-10-04,Customer_1890,Jeans,Clothing,4,5562.64,650.98,Mumbai
109701,2025-10-04,Customer_1801,Table,Furniture,7,64880.74,11168.36,Aurangabad
100537,2025-10-04,Customer_1473,Vacuum Cleaner,Home,5,6499.26,707.34,Aurangabad
103038,2025-10-04,Customer_2086,Monitor,Electronics,6,73699.51,9568.54,Mumbai
100300,2025-10-04,Customer_1606,Bookshelf,Furniture,5,28439.6,4542.67,Mumbai
105319,2025-10-04,Customer_0661,Laptop,Electronics,6,336953.7,50859.05,Mumbai
100318,2025-10-04,Customer_0335,Jeans,Clothing,7,12486.33,1803.65,Nashik
103351,2025-10-04,Customer_0650,Tablet,Electronics,8,129469.33,25814.53,Pune
104514,2025-10-04,Customer_0488,Laptop,Electronics,5,238153.48,40524.66,Nagpur
109614,2025-10-04,Customer_0104,Bedsheet,Home,7,12785.4,1336.73,Aurangabad
102199,2025-10-04,Customer_1168,Cookware,Home,1,2409.55,340.34,Pune
102157,2025-10-04,Customer_0408,Table,Furniture,4,34841.82,2114.89,Aurangabad
108566,2025-10-04,Customer_2047,Lamp,Home,5,6850.21,1077.82,Nagpur
102553,2025-10-04,Customer_1104,Tablet,Electronics,7,76247.28,11657.81,Kolhapur
104889,2025-10-04,Customer_1341,Office Chair,Furniture,7,53837.36,3335.22,Aurangabad
109197,2025-10-04,Customer_1107,Shoes,Clothing,3,7280.2,466.58,Nagpur
106766,2025-10-04,Customer_0946,T-Shirt,Clothing,5,4697.07,518.01,Nagpur
102932,2025-10-04,Customer_0832,Headphones,Electronics,6,16738.33,1731.37,Aurangabad
100022,2025-10-04,Customer_1577,Table,Furniture,2,17112.29,3121.57,Nagpur
100944,2025-10-04,Customer_0827,Bedsheet,Home,1,1615.05,250.48,Aurangabad
102528,2025-10-04,Customer_1122,Office Chair,Furniture,5,33416.92,6544.75,Kolhapur
105378,2025-10-05,Customer_0391,Office Chair,Furniture,7,50801.02,8931.8,Aurangabad
108359,2025-10-05,Customer_2287,Bedsheet,Home,2,3132.54,258.78,Nashik
106755,2025-10-05,Customer_2367,Backpack,Clothing,1,1520.92,99.6,Nagpur
106181,2025-10-05,Customer_2124,Lamp,Home,4,4584.46,547.82,Aurangabad
106894,2025-10-05,Customer_0992,Backpack,Clothing,7,10149.7,1100.4,Aurangabad
104778,2025-10-05,Customer_1824,Bookshelf,Furniture,4,25102.54,3260.21,Nashik
104060,2025-10-05,Customer_2411,Desk,Furniture,6,66545.3,10386.1,Pune
100459,2025-10-05,Customer_2433,Office Chair,Furniture,2,16771.98,2428.07,Pune
108277,2025-10-05,Customer_1955,Headphones,Electronics,1,2523.53,432.99,Aurangabad
109734,2025-10-05,Customer_2090,Laptop,Electronics,3,181655.58,13324.05,Kolhapur
109450,2025-10-05,Customer_0438,Smartphone,Electronics,4,92374.94,14719.22,Mumbai
105670,2025-10-05,Customer_1992,Tablet,Electronics,5,98935.82,15259.43,Nagpur
105018,2025-10-05,Customer_2074,Office Chair,Furniture,7,54317.64,6053.89,Aurangabad
107810,2025-10-05,Customer_0754,Monitor,Electronics,3,38335.45,4213.14,Mumbai
105043,2025-10-05,Customer_0708,Shoes,Clothing,5,11261.83,2117.96,Aurangabad
102652,2025-10-05,Customer_0608,Cabinet,Furniture,5,41916.78,4685.14,Kolhapur
103877,2025-10-05,Customer_1358,Bedsheet,Home,2,3552.05,419.62,Pune
105866,2025-10-05,Customer_0313,Smartphone,Electronics,6,159030.26,31008.05,Kolhapur
108914,2025-10-05,Customer_1845,Smartphone,Electronics,1,23011.27,2460.65,Mumbai
107056,2025-10-05,Customer_0482,Shoes,Clothing,4,11423.08,1180.86,Nashik
102610,2025-10-05,Customer_0341,Tablet,Electronics,6,101991.29,15276.01,Mumbai
109675,2025-10-05,Customer_1346,Bedsheet,Home,6,10570.9,933.88,Nagpur
108513,2025-10-05,Customer_0747,Bedsheet,Home,2,3763.17,666.65,Kolhapur
106013,2025-10-05,Customer_0128,Tablet,Electronics,6,120903.94,15919.51,Aurangabad
109116,2025-10-05,Customer_1322,Tablet,Electronics,7,112405.71,17951.09,Kolhapur
106060,2025-10-05,Customer_1346,Table,Furniture,5,42253.04,3871.04,Nagpur
106658,2025-10-05,Customer_0590,Jeans,Clothing,8,11919.48,1862.89,Kolhapur
102325,2025-10-06,Customer_1188,T-Shirt,Clothing,4,2429.39,429.23,Nashik
103348,2025-10-06,Customer_0598,Shoes,Clothing,4,11369.58,2117.61,Mumbai
105980,2025-10-06,Customer_0411,Bookshelf,Furniture,4,22037.7,2236.84,Nagpur
105535,2025-10-06,Customer_1429,Vacuum Cleaner,Home,2,11486.18,1265.0,Kolhapur
108567,2025-10-06,Customer_1830,Monitor,Electronics,4,56372.5,8063.29,Kolhapur
109887,2025-10-06,Customer_0788,T-Shirt,Clothing,1,717.1,66.45,Pune
100441,2025-10-06,Customer_2164,Monitor,Electronics,8,99022.4,12452.43,Aurangabad
107593,2025-10-06,Customer_2304,Bedsheet,Home,4,6237.99,1004.31,Nashik
107033,2025-10-06,Customer_2051,Lamp,Home,6,7024.18,1077.61,Nagpur
106194,2025-10-06,Customer_2342,Lamp,Home,7,8384.35,1116.16,Pune
109110,2025-10-06,Customer_0249,Cookware,Home,3,6942.35,1308.13,Kolhapur
108310,2025-10-06,Customer_1640,Tablet,Electronics,4,66199.39,7969.25,Nagpur
109968,2025-10-06,Customer_0915,Mixer,Home,5,17980.72,3092.09,Aurangabad
105142,2025-10-06,Customer_1734,T-Shirt,Clothing,4,2703.51,163.75,Aurangabad
107646,2025-10-06,Customer_1778,Office Chair,Furniture,1,6413.09,1308.37,Pune
104110,2025-10-06,Customer_2015,Headphones,Electronics,7,18985.69,1688.29,Nashik
100555,2025-10-06,Customer_2446,Shoes,Clothing,6,14116.76,2927.41,Nagpur
107197,2025-10-06,Customer_1668,Bookshelf,Furniture,5,33782.57,6783.88,Aurangabad
106440,2025-10-06,Customer_2295,Tablet,Electronics,3,51379.11,4876.9,Pune
102958,2025-10-06,Customer_0095,Backpack,Clothing,2,2897.31,309.35,Mumbai
104082,2025-10-06,Customer_0929,Monitor,Electronics,5,72874.88,10456.99,Kolhapur
108326,2025-10-06,Customer_0210,Vacuum Cleaner,Home,2,11273.56,1972.38,Kolhapur
106810,2025-10-06,Customer_2320,Office Chair,Furniture,5,33434.27,4610.34,Nashik
102099,2025-10-06,Customer_0949,Mixer,Home,2,6342.17,898.27,Mumbai
108783,2025-10-07,Customer_2450,Cookware,Home,6,13270.97,2662.48,Nashik
107844,2025-10-07,Customer_1119,Smartphone,Electronics,5,132742.09,25518.0,Pune
102256,2025-10-07,Customer_1357,Bookshelf,Furniture,6,36520.6,7760.93,Nagpur
104296,2025-10-07,Customer_1679,Table,Furniture,8,80289.59,6211.18,Pune
100498,2025-10-07,Customer_1661,Laptop,Electronics,2,101605.84,7872.9,Nagpur
100338,2025-10-07,Customer_1172,T-Shirt,Clothing,4,2579.14,339.32,Nashik
101306,2025-10-07,Customer_1688,Backpack,Clothing,8,11501.84,1059.3,Mumbai
108549,2025-10-07,Customer_2419,Bookshelf,Furniture,2,10611.59,1101.18,Nashik
107246,2025-10-07,Customer_2123,Vacuum Cleaner,Home,6,33710.41,6336.85,Pune
103458,2025-10-07,Customer_0391,Lamp,Home,7,9586.39,1782.46,Nagpur
109463,2025-10-07,Customer_1590,Laptop,Electronics,5,268082.41,30927.11,Kolhapur
108756,2025-10-07,Customer_1049,Cookware,Home,6,14919.85,944.43,Pune
104325,2025-10-07,Customer_1704,Monitor,Electronics,6,94836.68,7479.3,Mumbai
105471,2025-10-07,Customer_1047,Bookshelf,Furniture,4,23558.91,4427.42,Nashik
100360,2025-10-07,Customer_0569,Office Chair,Furniture,4,27858.32,5601.6,Mumbai
100227,2025-10-07,Customer_1700,Vacuum Cleaner,Home,3,17214.73,2127.17,Aurangabad
109210,2025-10-07,Customer_0179,Bedsheet,Home,5,9907.26,2015.51,Nagpur
105792,2025-10-07,Customer_2145,Laptop,Electronics,4,227134.68,36306.24,Nashik
103796,2025-10-07,Customer_0289,Headphones,Electronics,2,5233.92,414.39,Nagpur
100086,2025-10-07,Customer_1492,Mixer,Home,4,13509.29,2528.21,Nagpur
102819,2025-10-07,Customer_1578,Shoes,Clothing,3,7133.09,1287.61,Pune
106221,2025-10-07,Customer_0515,Tablet,Electronics,1,16878.98,3353.27,Mumbai
103021,2025-10-08,Customer_1779,Shoes,Clothing,1,2754.53,581.53,Aurangabad
103643,2025-10-08,Customer_1332,Desk,Furniture,3,37386.03,5726.77,Aurangabad
103112,2025-10-08,Customer_1795,Desk,Furniture,1,12888.37,1444.46,Nagpur
108707,2025-10-08,Customer_1929,Tablet,Electronics,3,58827.85,6960.13,Pune
109914,2025-10-08,Customer_0354,Smartphone,Electronics,7,190899.58,36580.44,Nashik
102393,2025-10-08,Customer_1868,Bookshelf,Furniture,4,23541.73,4387.85,Nashik
105740,2025-10-08,Customer_2405,Backpack,Clothing,5,1491.27,183.79,Nagpur
108908,2025-10-08,Customer_0590,Office Chair,Furniture,8,60337.72,8961.23,Pune
105088,2025-10-08,Customer_2498,Bedsheet,Home,6,11195.47,815.61,Nashik
108436,2025-10-08,Customer_1441,Tablet,Electronics,5,92026.27,16494.46,Pune
103727,2025-10-08,Customer_1076,T-Shirt,Clothing,1,777.71,139.52,Kolhapur
108836,2025-10-08,Customer_0989,Jeans,Clothing,6,9978.72,1870.06,Pune
109788,2025-10-08,Customer_1547,T-Shirt,Clothing,7,4945.49,744.05,Aurangabad
108839,2025-10-08,Customer_1630,Monitor,Electronics,6,81087.71,5091.2,Kolhapur
107369,2025-10-08,Customer_1005,Smartphone,Electronics,2,42681.73,6115.32,Kolhapur
109668,2025-10-08,Customer_1717,Tablet,Electronics,4,70884.36,6374.73,Nashik
102665,2025-10-08,Customer_0727,Desk,Furniture,8,105520.8,12332.42,Pune
101752,2025-10-08,Customer_1622,Table,Furniture,4,31729.19,5013.16,Mumbai
101322,2025-10-08,Customer_0886,Tablet,Electronics,3,54134.65,3455.74,Kolhapur
107892,2025-10-08,Customer_0098,Laptop,Electronics,4,197523.13,33650.19,Aurangabad
101374,2025-10-09,Customer_0572,Tablet,Electronics,1,18228.74,3334.84,Aurangabad
104632,2025-10-09,Customer_0659,Monitor,Electronics,8,109160.2,17570.67,Mumbai
102008,2025-10-09,Customer_0861,Jeans,Clothing,5,8371.09,1576.83,Kolhapur
105279,2025-10-09,Customer_1010,Laptop,Electronics,1,59660.25,10336.9,Nashik
108798,2025-10-09,Customer_1493,Backpack,Clothing,5,6757.28,506.1,Nashik
100936,2025-10-09,Customer_2367,Lamp,Home,5,6096.71,1328.02,Nashik
106815,2025-10-09,Customer_0568,Smartphone,Electronics,1,27849.6,3720.76,Nagpur
101940,2025-10-09,Customer_1068,Mixer,Home,5,15433.54,2148.77,Nagpur
107025,2025-10-09,Customer_0526,Jacket,Clothing,3,9645.02,1921.32,Aurangabad
100859,2025-10-09,Customer_1563,Office Chair,Furniture,6,51180.78,10069.24,Pune
108431,2025-10-09,Customer_1710,Shoes,Clothing,6,15351.93,3348.09,Aurangabad
103905,2025-10-09,Customer_0012,Shoes,Clothing,3,7195.13,1569.99,Kolhapur
108657,2025-10-09,Customer_0095,Desk,Furniture,8,86574.65,6108.8,Nagpur
103570,2025-10-09,Customer_1890,Monitor,Electronics,2,26482.83,4073.54,Nagpur
104614,2025-10-09,Customer_1491,Smartphone,Electronics,4,90613.25,16777.14,Pune
102126,2025-10-09,Customer_1222,Shoes,Clothing,2,4910.53,850.21,Aurangabad
105294,2025-10-09,Customer_1553,Lamp,Home,2,2388.6,322.21,Pune
102499,2025-10-09,Customer_1353,Smartphone,Electronics,7,194784.51,28626.9,Kolhapur
107194,2025-10-09,Customer_1387,Bedsheet,Home,2,3233.02,596.72,Pune
101117,2025-10-09,Customer_1685,Headphones,Electronics,7,16501.27,2367.96,Nashik
108333,2025-10-09,Customer_1081,Laptop,Electronics,1,62276.48,6537.19,Kolhapur
100730,2025-10-09,Customer_1274,Headphones,Electronics,5,14353.58,2137.23,Nashik
106284,2025-10-09,Customer_1793,Lamp,Home,5,2758.74,323.81,Kolhapur
106672,2025-10-10,Customer_1877,Cabinet,Furniture,8,65265.93,7054.25,Aurangabad
105842,2025-10-10,Customer_1727,Bookshelf,Furniture,6,40601.46,7625.61,Pune
102983,2025-10-10,Customer_1853,Bedsheet,Home,8,16333.86,1943.54,Mumbai
105592,2025-10-10,Customer_1308,T-Shirt,Clothing,5,3361.47,562.76,Pune
103224,2025-10-10,Customer_0583,Lamp,Home,3,3903.41,853.45,Mumbai
102647,2025-10-10,Customer_0107,Desk,Furniture,5,62033.59,13504.8,Mumbai
101119,2025-10-10,Customer_1094,Desk,Furniture,1,12790.09,1455.34,Kolhapur
100175,2025-10-10,Customer_1289,Tablet,Electronics,2,31623.18,6835.01,Nashik
107559,2025-10-10,Customer_1553,Headphones,Electronics,6,17238.22,2115.91,Nashik
105287,2025-10-10,Customer_1243,T-Shirt,Clothing,3,1813.56,213.74,Nagpur
104345,2025-10-10,Customer_1334,Lamp,Home,5,5962.79,1047.58,Nashik
109948,2025-10-10,Customer_0101,Vacuum Cleaner,Home,6,39770.99,2615.72,Aurangabad
104267,2025-10-10,Customer_0308,Cookware,Home,3,7340.34,1110.51,Mumbai
105730,2025-10-10,Customer_1141,Smartphone,Electronics,8,229373.8,18013.54,Aurangabad
107603,2025-10-10,Customer_1010,Smartphone,Electronics,5,140839.93,24429.23,Aurangabad
106551,2025-10-10,Customer_1704,Headphones,Electronics,5,13528.63,1508.03,Aurangabad
108752,2025-10-10,Customer_1839,Backpack,Clothing,6,8058.3,1537.44,Kolhapur
104236,2025-10-10,Customer_0049,Vacuum Cleaner,Home,6,38750.82,3479.09,Nashik
106041,2025-10-10,Customer_2134,T-Shirt,Clothing,2,1423.77,277.41,Pune
105410,2025-10-10,Customer_2193,Desk,Furniture,8,97484.08,16774.71,Aurangabad
104388,2025-10-10,Customer_2009,Cookware,Home,6,13628.86,2377.64,Nashik
105757,2025-10-10,Customer_1123,Headphones,Electronics,7,19505.3,3829.5,Pune
107188,2025-10-10,Customer_1789,Cabinet,Furniture,3,25676.14,4565.9,Nashik
100315,2025-10-10,Customer_2103,Bookshelf,Furniture,8,50056.35,8552.04,Mumbai
104509,2025-10-10,Customer_0060,Table,Furniture,3,29762.32,5413.47,Nashik
108617,2025-10-10,Customer_0606,Table,Furniture,6,57501.0,3913.73,Nagpur
103015,2025-10-10,Customer_1830,Shoes,Clothing,3,7747.46,1159.61,Aurangabad
100735,2025-10-10,Customer_2076,Office Chair,Furniture,5,31879.62,4953.75,Nagpur
103823,2025-10-10,Customer_1819,Cabinet,Furniture,6,51120.68,3968.87,Pune
100132,2025-10-10,Customer_2205,Cabinet,Furniture,5,35548.44,4580.44,Nagpur
100321,2025-10-11,Customer_1838,Cookware,Home,8,15348.41,1052.13,Kolhapur
105611,2025-10-11,Customer_1428,Cabinet,Furniture,6,51828.47,5645.23,Nashik
103123,2025-10-11,Customer_0462,T-Shirt,Clothing,1,725.44,70.84,Kolhapur
101990,2025-10-11,Customer_1186,Tablet,Electronics,8,151361.95,31635.05,Nashik
103350,2025-10-11,Customer_0201,Lamp,Home,7,9432.0,1815.28,Nashik
105261,2025-10-11,Customer_1620,T-Shirt,Clothing,4,2960.21,632.39,Kolhapur
106203,2025-10-11,Customer_0228,Monitor,Electronics,1,12584.33,1199.33,Nagpur
108779,2025-10-11,Customer_1025,Jacket,Clothing,8,20342.85,3607.63,Pune
108851,2025-10-11,Customer_0989,Desk,Furniture,4,54791.77,9029.51,Pune
105463,2025-10-11,Customer_0148,Bedsheet,Home,5,9627.65,1035.93,Pune
106881,2025-10-11,Customer_2344,Cabinet,Furniture,4,33785.76,5284.72,Pune
104369,2025-10-11,Customer_2102,Table,Furniture,1,10295.17,1684.55,Nagpur
106677,2025-10-11,Customer_1767,Jacket,Clothing,5,13338.97,849.01,Nagpur
101611,2025-10-11,Customer_1006,Shoes,Clothing,6,16680.23,1225.0,Mumbai
102529,2025-10-11,Customer_1910,T-Shirt,Clothing,6,4346.76,390.52,Kolhapur
100572,2025-10-11,Customer_1742,Vacuum Cleaner,Home,4,22152.95,1871.28,Unknown
106519,2025-10-11,Customer_1715,Table,Furniture,1,9808.07,1362.66,Nashik
100163,2025-10-11,Customer_0583,Desk,Furniture,5,60731.0,11899.39,Pune
103476,2025-10-11,Customer_0173,Table,Furniture,1,7972.11,609.46,Mumbai
109646,2025-10-11,Customer_1555,Laptop,Electronics,7,352590.88,34124.79,Pune
107332,2025-10-11,Unknown Customer,Table,Furniture,5,38977.47,8463.35,Pune
100157,2025-10-11,Customer_0852,Monitor,Electronics,2,26566.3,1773.36,Aurangabad
100517,2025-10-12,Customer_2446,Headphones,Electronics,2,4903.38,619.67,Kolhapur
100807,2025-10-12,Customer_1386,T-Shirt,Clothing,4,2545.44,320.83,Kolhapur
100467,2025-10-12,Customer_1706,Vacuum Cleaner,Home,6,44647.03,7229.59,Nagpur
105633,2025-10-12,Customer_1931,Bookshelf,Furniture,3,16221.95,3232.26,Nashik
103967,2025-10-12,Customer_1481,Jeans,Clothing,1,1839.91,255.52,Nagpur
108641,2025-10-12,Customer_1839,Jacket,Clothing,6,14746.89,2442.12,Mumbai
106511,2025-10-12,Customer_0307,Shoes,Clothing,8,22477.29,3754.44,Nashik
107256,2025-10-12,Customer_1091,Desk,Furniture,3,36473.21,6128.45,Nagpur
105623,2025-10-12,Customer_0344,Tablet,Electronics,4,63094.25,8586.57,Kolhapur
101222,2025-10-12,Customer_1304,Vacuum Cleaner,Home,7,40207.09,4285.9,Aurangabad
101709,2025-10-12,Customer_0351,Vacuum Cleaner,Home,2,14226.23,1898.71,Pune
109481,2025-10-12,Customer_1545,Tablet,Electronics,3,58130.01,10533.21,Nagpur
102642,2025-10-12,Customer_0996,Lamp,Home,3,3526.24,758.48,Nagpur
101727,2025-10-12,Customer_2370,Bedsheet,Home,6,9978.59,613.09,Kolhapur
109775,2025-10-12,Customer_1102,Bookshelf,Furniture,5,31750.29,6071.78,Pune
103314,2025-10-12,Customer_0491,Bedsheet,Home,6,10706.81,2143.68,Kolhapur
101722,2025-10-12,Customer_0604,Jacket,Clothing,3,7773.81,1330.47,Nagpur
103430,2025-10-12,Customer_0249,Desk,Furniture,2,24696.52,1966.79,Nashik
105784,2025-10-12,Customer_2251,Shoes,Clothing,2,4737.72,763.88,Kolhapur
101196,2025-10-12,Customer_1280,Vacuum Cleaner,Home,6,38209.04,7358.55,Nashik
108857,2025-10-13,Customer_2015,Desk,Furniture,6,73883.57,8026.14,Mumbai
101224,2025-10-13,Customer_0570,Desk,Furniture,8,107498.41,17178.3,Mumbai
102303,2025-10-13,Customer_1883,Bookshelf,Furniture,6,35297.79,6225.36,Aurangabad
108087,2025-10-13,Customer_0664,Office Chair,Furniture,6,40219.05,4072.12,Nagpur
109453,2025-10-13,Customer_0326,Backpack,Clothing,2,3205.4,627.89,Kolhapur
107015,2025-10-13,Customer_1974,Jeans,Clothing,8,13323.91,1549.45,Kolhapur
100794,2025-10-13,Customer_0947,Laptop,Electronics,5,235433.13,36896.67,Nagpur
101040,2025-10-13,Customer_1988,Bookshelf,Furniture,1,6185.05,1346.85,Aurangabad
103563,2025-10-13,Customer_2451,Cabinet,Furniture,7,59571.76,4237.52,Aurangabad
108220,2025-10-13,Customer_0737,Shoes,Clothing,7,16503.79,1199.95,Mumbai
102336,2025-10-13,Customer_1957,Bookshelf,Furniture,7,40428.04,6300.39,Nashik
105157,2025-10-13,Customer_1811,Tablet,Electronics,2,39035.27,6843.2,Pune
109537,2025-10-13,Customer_0077,Smartphone,Electronics,5,137247.91,28584.1,Pune
109270,2025-10-13,Customer_1936,Jacket,Clothing,1,2602.65,183.42,Mumbai
108332,2025-10-13,Customer_1013,Desk,Furniture,7,93043.71,10064.0,Nashik
108251,2025-10-13,Customer_0297,Jacket,Clothing,5,11919.32,1935.01,Nashik
100319,2025-10-13,Customer_0406,Office Chair,Furniture,6,45238.0,6897.0,Aurangabad
107589,2025-10-13,Customer_1750,Office Chair,Furniture,5,41773.39,8816.86,Nashik
106700,2025-10-13,Customer_0537,Jeans,Clothing,6,9014.02,1743.54,Aurangabad
100716,2025-10-13,Customer_1618,Lamp,Home,2,2252.35,140.64,Aurangabad
108975,2025-10-13,Customer_1510,Laptop,Electronics,6,352544.39,43355.08,Nashik
103037,2025-10-13,Customer_0030,Desk,Furniture,8,88022.76,12684.17,Nashik
100168,2025-10-13,Customer_0106,Lamp,Home,5,5279.09,827.06,Pune
103136,2025-10-13,Customer_1514,Smartphone,Electronics,1,28239.27,4010.98,Nashik
109751,2025-10-14,Customer_2356,Desk,Furniture,2,22053.21,2451.45,Nashik
109406,2025-10-14,Customer_1505,Monitor,Electronics,1,15983.82,1721.81,Nashik
109287,2025-10-14,Customer_1638,Cabinet,Furniture,3,22256.23,2440.09,Mumbai
105270,2025-10-14,Customer_1114,Desk,Furniture,5,51499.06,3558.69,Mumbai
106318,2025-10-14,Customer_1857,T-Shirt,Clothing,7,5141.4,800.15,Pune
102430,2025-10-14,Customer_0902,Cabinet,Furniture,7,48726.07,9906.74,Unknown
109129,2025-10-14,Customer_0100,Table,Furniture,5,41027.9,4151.64,Nagpur
109652,2025-10-14,Customer_1362,Lamp,Home,8,9337.13,1952.79,Nashik
105851,2025-10-14,Customer_1132,T-Shirt,Clothing,2,1574.89,192.25,Aurangabad
105467,2025-10-14,Customer_2330,Mixer,Home,2,6049.85,983.67,Kolhapur
105117,2025-10-14,Customer_1367,Monitor,Electronics,1,13968.18,2751.96,Aurangabad
104822,2025-10-14,Customer_2187,Tablet,Electronics,1,20324.6,3256.17,Nagpur
106848,2025-10-14,Customer_2366,Shoes,Clothing,8,19831.25,2614.99,Nashik
101150,2025-10-14,Unknown Customer,Office Chair,Furniture,6,46791.14,10114.48,Mumbai
105125,2025-10-14,Customer_2011,T-Shirt,Clothing,7,5082.14,493.72,Nashik
102072,2025-10-14,Customer_0222,Tablet,Electronics,6,115251.21,23612.09,Aurangabad
108670,2025-10-14,Customer_0209,Mixer,Home,8,28658.96,2774.32,Kolhapur
101971,2025-10-14,Customer_0873,Lamp,Home,5,5924.26,895.12,Pune
104160,2025-10-14,Customer_1260,Jacket,Clothing,4,11528.23,2401.58,Aurangabad
107203,2025-10-14,Customer_1525,Bedsheet,Home,5,9543.45,1364.12,Kolhapur
109585,2025-10-14,Customer_2298,Table,Furniture,4,37192.18,7124.61,Aurangabad
102310,2025-10-14,Customer_0970,Lamp,Home,4,5448.41,1197.56,Pune
106382,2025-10-14,Customer_1691,Bedsheet,Home,4,8164.46,583.59,Nashik
103544,2025-10-14,Customer_0058,Desk,Furniture,2,25251.0,4461.29,Mumbai
101058,2025-10-15,Customer_2178,Laptop,Electronics,4,195895.86,27302.41,Nagpur
100391,2025-10-15,Customer_0302,Bookshelf,Furniture,5,33653.5,5071.21,Nagpur
101242,2025-10-15,Customer_1175,Backpack,Clothing,1,1325.38,208.96,Nagpur
101270,2025-10-15,Customer_1805,Jacket,Clothing,3,8949.2,1600.58,Pune
105833,2025-10-15,Customer_0851,Headphones,Electronics,8,18967.33,3268.28,Aurangabad
100362,2025-10-15,Customer_0354,Shoes,Clothing,3,7756.15,574.23,Pune
103875,2025-10-15,Customer_1873,Smartphone,Electronics,1,26798.66,3915.36,Nagpur
103361,2025-10-15,Customer_2116,T-Shirt,Clothing,5,3168.14,425.61,Nashik
108894,2025-10-15,Customer_2424,Shoes,Clothing,8,20964.85,2328.62,Kolhapur
104382,2025-10-15,Customer_0152,Monitor,Electronics,1,13974.69,1456.52,Pune
101730,2025-10-15,Customer_0944,Office Chair,Furniture,4,30257.67,4672.35,Nagpur
101886,2025-10-15,Customer_0689,Headphones,Electronics,8,21658.35,3364.59,Nagpur
105191,2025-10-15,Customer_0610,Lamp,Home,4,4850.44,778.63,Nashik
102598,2025-10-15,Customer_2349,Office Chair,Furniture,6,39752.74,3734.38,Nagpur
105450,2025-10-15,Customer_0597,Laptop,Electronics,4,230327.05,30999.85,Nashik
102613,2025-10-15,Customer_1702,Backpack,Clothing,7,10574.37,803.25,Pune
102597,2025-10-15,Customer_1242,Smartphone,Electronics,5,129310.03,27976.23,Kolhapur
107597,2025-10-15,Customer_0179,Cabinet,Furniture,7,54604.04,6428.43,Pune
105662,2025-10-15,Customer_0294,Table,Furniture,3,23048.56,3707.09,Pune
102264,2025-10-15,Customer_1443,T-Shirt,Clothing,7,5353.3,546.81,Aurangabad
105857,2025-10-15,Customer_1541,Office Chair,Furniture,7,45422.12,6747.8,Pune
108614,2025-10-15,Customer_0576,T-Shirt,Clothing,8,6286.87,837.48,Kolhapur
102413,2025-10-15,Customer_1574,Lamp,Home,6,7867.66,1653.42,Nashik
108079,2025-10-15,Customer_0898,Mixer,Home,2,6788.01,651.65,Mumbai
105689,2025-10-15,Customer_1562,Jacket,Clothing,7,21754.72,4471.21,Mumbai
101452,2025-10-15,Customer_1604,Cabinet,Furniture,1,9052.61,621.22,Nashik
101247,2025-10-15,Customer_2161,Table,Furniture,3,23584.02,4937.22,Pune
102340,2025-10-15,Customer_0484,Office Chair,Furniture,8,52367.29,8968.69,Kolhapur
105499,2025-10-15,Customer_1556,Bookshelf,Furniture,3,19671.73,4171.43,Aurangabad
100760,2025-10-15,Customer_2290,Cookware,Home,5,9571.41,1483.5,Mumbai
106800,2025-10-15,Customer_0535,Lamp,Home,7,9587.66,1113.91,Nagpur
108306,2025-10-16,Customer_1648,Bookshelf,Furniture,2,11903.16,1259.3,Pune
108892,2025-10-16,Customer_2275,Laptop,Electronics,1,52584.7,4019.87,Mumbai
108939,2025-10-16,Customer_1508,T-Shirt,Clothing,2,1481.31,205.98,Kolhapur
102891,2025-10-16,Customer_0445,Jacket,Clothing,5,13693.26,1944.85,Pune
104566,2025-10-16,Customer_1235,Backpack,Clothing,8,10997.11,1802.79,Mumbai
107809,2025-10-16,Customer_0573,Backpack,Clothing,5,7487.93,544.29,Pune
109398,2025-10-16,Customer_0913,Tablet,Electronics,4,81263.07,6713.72,Nashik
109331,2025-10-16,Customer_1537,Tablet,Electronics,2,37123.19,6712.63,Nashik
107206,2025-10-16,Customer_0158,Table,Furniture,8,79988.2,9620.41,Pune
108210,2025-10-16,Customer_1311,Smartphone,Electronics,8,211869.19,40437.36,Kolhapur
101085,2025-10-16,Customer_1999,Vacuum Cleaner,Home,4,26008.73,4419.21,Nagpur
100478,2025-10-16,Customer_1910,Jacket,Clothing,7,18271.19,2016.67,Kolhapur
100722,2025-10-16,Customer_0051,Jacket,Clothing,8,19060.3,1899.72,Aurangabad
104591,2025-10-16,Customer_0404,Monitor,Electronics,5,80092.43,15115.8,Kolhapur
104225,2025-10-16,Customer_1986,Tablet,Electronics,1,19909.17,1440.7,Nashik
104284,2025-10-16,Customer_0835,Cabinet,Furniture,7,52045.13,4871.86,Mumbai
102396,2025-10-16,Customer_1839,Vacuum Cleaner,Home,4,23384.98,1560.81,Nagpur
101804,2025-10-16,Customer_2487,Desk,Furniture,1,10972.05,788.51,Pune
100105,2025-10-16,Customer_0961,Mixer,Home,5,18384.87,3641.0,Nashik
106258,2025-10-16,Customer_0423,Vacuum Cleaner,Home,6,43443.6,5697.49,Aurangabad
109053,2025-10-16,Customer_0134,Laptop,Electronics,1,56660.11,11194.9,Nashik
102069,2025-10-16,Customer_1886,Jeans,Clothing,5,9056.96,1346.97,Mumbai
108579,2025-10-16,Customer_1105,Cookware,Home,2,5010.33,647.18,Nashik
100942,2025-10-16,Customer_1575,T-Shirt,Clothing,1,705.68,46.65,Nagpur
107180,2025-10-16,Customer_0160,Office Chair,Furniture,3,23380.24,1456.56,Aurangabad
100299,2025-10-16,Customer_2387,Bookshelf,Furniture,2,12602.46,844.56,Aurangabad
101394,2025-10-16,Customer_0489,Cookware,Home,1,2196.03,409.92,Nashik
101628,2025-10-16,Customer_0968,Tablet,Electronics,6,102057.72,17181.47,Aurangabad
105274,2025-10-17,Customer_0155,Vacuum Cleaner,Home,4,24603.95,2520.72,Pune
109500,2025-10-17,Unknown Customer,Jeans,Clothing,8,11625.36,867.19,Aurangabad
109671,2025-10-17,Customer_1990,Smartphone,Electronics,7,200159.84,14378.97,Nagpur
109167,2025-10-17,Customer_1989,Headphones,Electronics,4,10238.57,1907.65,Mumbai
104341,2025-10-17,Customer_1743,Cookware,Home,6,12652.3,2253.56,Mumbai
109442,2025-10-17,Customer_2066,Office Chair,Furniture,2,14640.52,3009.05,Pune
104415,2025-10-17,Customer_1429,Mixer,Home,4,15259.54,3174.79,Kolhapur
102532,2025-10-17,Customer_0891,Smartphone,Electronics,1,24301.48,2476.71,Aurangabad
104106,2025-10-17,Customer_1449,Desk,Furniture,3,39231.65,4058.33,Nagpur
108758,2025-10-17,Customer_1195,Shoes,Clothing,6,15658.77,1673.56,Mumbai
102160,2025-10-17,Customer_1792,Laptop,Electronics,1,48573.93,10080.78,Pune
109224,2025-10-17,Customer_0310,Monitor,Electronics,7,89590.9,18774.56,Nashik
106684,2025-10-17,Customer_0349,Jeans,Clothing,1,1562.46,200.36,Mumbai
100448,2025-10-17,Customer_0013,Tablet,Electronics,5,92611.52,10553.3,Aurangabad
103377,2025-10-17,Customer_2412,Mixer,Home,5,16191.72,1626.51,Nagpur
103606,2025-10-17,Customer_1648,Desk,Furniture,6,70387.67,15435.16,Mumbai
103624,2025-10-17,Customer_0857,Bookshelf,Furniture,5,29545.13,5031.37,Pune
103669,2025-10-17,Customer_0849,Desk,Furniture,2,27054.51,5194.63,Mumbai
100488,2025-10-17,Customer_1690,Laptop,Electronics,1,57255.43,5462.06,Mumbai
104980,2025-10-17,Customer_1534,T-Shirt,Clothing,2,1415.14,234.62,Mumbai
101416,2025-10-18,Customer_1236,T-Shirt,Clothing,2,1572.54,138.28,Aurangabad
102374,2025-10-18,Customer_1064,Bookshelf,Furniture,5,31498.85,6278.65,Nagpur
106628,2025-10-18,Customer_0746,Backpack,Clothing,7,9854.09,2028.44,Aurangabad
104835,2025-10-18,Customer_1035,Laptop,Electronics,7,433598.34,93560.65,Kolhapur
107722,2025-10-18,Customer_1700,Cookware,Home,5,11595.16,1426.84,Nagpur
104832,2025-10-18,Customer_1697,Tablet,Electronics,2,39796.75,2741.5,Nagpur
106034,2025-10-18,Customer_0363,Bedsheet,Home,2,3556.38,376.69,Mumbai
101266,2025-10-18,Customer_1913,Bookshelf,Furniture,5,29965.58,5752.06,Aurangabad
102301,2025-10-18,Customer_1429,Bookshelf,Furniture,4,23868.24,2962.17,Aurangabad
108608,2025-10-18,Customer_1951,Vacuum Cleaner,Home,3,18828.92,3844.76,Mumbai
102167,2025-10-18,Customer_0381,Jacket,Clothing,3,9491.07,936.73,Pune
104321,2025-10-18,Customer_1469,Bookshelf,Furniture,5,33733.34,3754.73,Kolhapur
104504,2025-10-18,Customer_0944,Desk,Furniture,6,68975.17,11194.27,Nashik
105860,2025-10-18,Customer_1865,Jeans,Clothing,5,7336.82,763.12,Nashik
102247,2025-10-18,Customer_0601,Jeans,Clothing,3,5478.82,402.08,Pune
101174,2025-10-18,Customer_1390,Bookshelf,Furniture,1,6062.77,1214.1,Nagpur
105517,2025-10-18,Customer_1272,Cabinet,Furniture,3,26381.71,5544.24,Nagpur
108377,2025-10-18,Customer_1601,Table,Furniture,1,8094.89,1041.96,Aurangabad
103232,2025-10-18,Customer_1921,Lamp,Home,6,6608.13,1090.51,Nashik
102117,2025-10-18,Customer_0739,Mixer,Home,2,6264.78,466.07,Aurangabad
109806,2025-10-18,Customer_0890,Lamp,Home,3,3357.4,593.9,Pune
108977,2025-10-18,Customer_0542,Shoes,Clothing,6,15165.9,1431.55,Nashik
107889,2025-10-18,Customer_1692,Cabinet,Furniture,5,39579.46,6512.93,Nagpur
101041,2025-10-18,Customer_2224,Vacuum Cleaner,Home,5,36768.2,7278.06,Aurangabad
104668,2025-10-19,Customer_1099,T-Shirt,Clothing,5,3408.98,433.75,Kolhapur
106066,2025-10-19,Customer_2263,Mixer,Home,2,6094.42,1138.05,Pune
103767,2025-10-19,Customer_1819,Jeans,Clothing,2,2896.49,610.08,Pune
103577,2025-10-19,Customer_0688,Laptop,Electronics,2,107362.07,7492.09,Nashik
108107,2025-10-19,Customer_2303,Cookware,Home,2,5017.32,378.97,Nashik
107144,2025-10-19,Customer_1317,Jacket,Clothing,4,11865.14,1719.7,Nagpur
107967,2025-10-19,Customer_0675,Laptop,Electronics,2,111276.19,21696.36,Nashik
106887,2025-10-19,Customer_2147,Bedsheet,Home,7,12414.35,1854.51,Unknown
108542,2025-10-19,Customer_0204,Table,Furniture,1,8468.97,1373.42,Aurangabad
104183,2025-10-19,Customer_1215,T-Shirt,Clothing,4,3089.62,282.16,Mumbai
109395,2025-10-19,Customer_0593,Jeans,Clothing,5,7328.69,1322.66,Pune
107503,2025-10-19,Customer_0045,Headphones,Electronics,8,21284.74,2738.59,Mumbai
102346,2025-10-19,Customer_2468,Headphones,Electronics,6,13321.75,1020.71,Aurangabad
104928,2025-10-19,Customer_1822,Lamp,Home,1,1022.77,197.2,Kolhapur
106037,2025-10-19,Customer_2239,Monitor,Electronics,8,112023.71,13599.06,Kolhapur
102152,2025-10-19,Customer_0108,Mixer,Home,1,3393.47,295.85,Mumbai
101373,2025-10-19,Customer_1388,Cabinet,Furniture,8,67756.3,14233.02,Aurangabad
101116,2025-10-19,Customer_0597,Smartphone,Electronics,6,134070.76,14247.5,Aurangabad
102578,2025-10-19,Customer_2473,Lamp,Home,2,2717.71,419.09,Nagpur
100626,2025-10-19,Customer_1507,Tablet,Electronics,3,47107.07,6673.32,Mumbai
100873,2025-10-19,Customer_1942,Bedsheet,Home,1,1696.78,280.68,Mumbai
105610,2025-10-19,Customer_2032,Monitor,Electronics,6,75047.27,8182.65,Mumbai
105605,2025-10-19,Customer_0412,Jeans,Clothing,2,2814.57,421.36,Pune
104956,2025-10-20,Customer_1622,Office Chair,Furniture,7,45866.21,5313.28,Mumbai
105622,2025-10-20,Customer_0058,Bedsheet,Home,3,9627.65,627.17,Kolhapur
102715,2025-10-20,Customer_0300,Vacuum Cleaner,Home,4,23797.79,1948.35,Aurangabad
101910,2025-10-20,Customer_2245,Jacket,Clothing,4,11901.33,970.07,Nagpur
109367,2025-10-20,Customer_0087,Table,Furniture,1,8201.88,1669.8,Kolhapur
105622,2025-10-20,Customer_0058,Bedsheet,Home,3,6133.19,627.17,Kolhapur
109123,2025-10-20,Customer_1925,Office Chair,Furniture,5,37182.53,3892.44,Pune
102215,2025-10-20,Customer_1978,Lamp,Home,6,6408.14,1088.23,Mumbai
108799,2025-10-20,Customer_0305,Bedsheet,Home,4,6774.25,946.24,Aurangabad
108022,2025-10-20,Customer_1175,Desk,Furniture,1,12416.21,2312.83,Pune
105237,2025-10-20,Customer_1809,Jeans,Clothing,5,7136.06,885.8,Nashik
107816,2025-10-20,Customer_0904,Mixer,Home,2,6310.17,728.75,Nagpur
102006,2025-10-20,Customer_2261,Laptop,Electronics,1,53454.33,4634.18,Mumbai
101523,2025-10-20,Customer_2388,Cookware,Home,6,13816.95,1927.79,Aurangabad
101298,2025-10-20,Customer_0187,Bookshelf,Furniture,4,21161.22,3520.58,Kolhapur
107082,2025-10-20,Customer_2327,Bedsheet,Home,6,9250.12,1434.16,Mumbai
101145,2025-10-20,Customer_0051,Office Chair,Furniture,5,40369.52,3765.83,Nagpur
109664,2025-10-20,Customer_0809,Smartphone,Electronics,2,47459.2,9126.43,Nashik
101334,2025-10-20,Customer_1964,Tablet,Electronics,7,120182.85,10530.12,Aurangabad
101480,2025-10-20,Customer_0466,Table,Furniture,4,40293.1,8520.91,Mumbai
101531,2025-10-20,Customer_0541,Lamp,Home,8,8854.68,769.49,Pune
109584,2025-10-20,Customer_1045,Shoes,Clothing,7,18202.93,2410.14,Kolhapur
104925,2025-10-20,Customer_2211,Desk,Furniture,2,27403.51,4100.41,Pune
108200,2025-10-20,Customer_1456,Lamp,Home,3,3204.08,359.28,Nagpur
107406,2025-10-21,Customer_0729,Cookware,Home,1,1908.81,276.23,Pune
106752,2025-10-21,Customer_1664,Jeans,Clothing,1,1667.53,116.77,Nashik
105815,2025-10-21,Customer_1246,Cookware,Home,5,11366.98,2496.56,Aurangabad
100226,2025-10-21,Customer_1520,Table,Furniture,8,74144.39,14027.86,Aurangabad
103079,2025-10-21,Customer_0459,Mixer,Home,7,24931.31,4886.44,Kolhapur
107099,2025-10-21,Customer_0485,Office Chair,Furniture,7,56050.3,5176.9,Pune
102036,2025-10-21,Customer_0739,Desk,Furniture,8,90017.96,14846.15,Aurangabad
103921,2025-10-21,Customer_0061,Tablet,Electronics,6,114033.96,7465.95,Pune
107170,2025-10-21,Customer_1402,Shoes,Clothing,1,2283.56,409.29,Mumbai
103685,2025-10-21,Customer_0938,Mixer,Home,2,6035.05,953.7,Nagpur
108441,2025-10-21,Customer_1030,Jacket,Clothing,8,20567.09,3576.69,Nashik
100790,2025-10-21,Customer_1210,Bookshelf,Furniture,7,47774.93,3613.37,Mumbai
106830,2025-10-21,Customer_2342,Table,Furniture,8,67266.59,11175.06,Kolhapur
103349,2025-10-21,Customer_0995,Lamp,Home,4,5122.57,459.77,Nagpur
106270,2025-10-21,Customer_0076,Bedsheet,Home,4,7334.65,527.65,Aurangabad
100020,2025-10-21,Customer_2088,Jeans,Clothing,3,4906.52,794.78,Nagpur
100901,2025-10-21,Customer_2122,Office Chair,Furniture,4,33781.77,2292.61,Nashik
101096,2025-10-21,Customer_0835,Jeans,Clothing,4,6177.18,1098.86,Kolhapur
105942,2025-10-21,Customer_1321,Office Chair,Furniture,8,59228.17,4198.1,Nashik
105313,2025-10-21,Customer_2086,Office Chair,Furniture,7,59954.59,13097.77,Aurangabad
102923,2025-10-21,Customer_2224,Table,Furniture,2,18286.07,2526.58,Aurangabad
103539,2025-10-21,Customer_0196,Smartphone,Electronics,6,140212.45,15669.41,Mumbai
101927,2025-10-22,Customer_1661,Monitor,Electronics,3,46479.12,3472.15,Aurangabad
104717,2025-10-22,Customer_1526,Office Chair,Furniture,8,57164.51,8619.85,Mumbai
104531,2025-10-22,Customer_0571,Bookshelf,Furniture,1,5949.49,1168.7,Aurangabad
100199,2025-10-22,Customer_1227,Tablet,Electronics,3,46273.36,9415.68,Pune
106145,2025-10-22,Customer_0325,Lamp,Home,6,6149.73,906.22,Mumbai
101668,2025-10-22,Customer_2266,Headphones,Electronics,8,20019.37,2689.91,Nagpur
108918,2025-10-22,Customer_1784,Jacket,Clothing,6,14731.79,1592.02,Nashik
104330,2025-10-22,Customer_2316,T-Shirt,Clothing,5,3869.97,670.3,Mumbai
103625,2025-10-22,Customer_0548,Desk,Furniture,2,20901.9,4129.72,Mumbai
101534,2025-10-22,Customer_1159,Jacket,Clothing,7,20793.83,1988.23,Nashik
109479,2025-10-22,Customer_2409,Desk,Furniture,2,21052.34,2456.12,Nashik
105070,2025-10-22,Customer_1222,Cookware,Home,1,2150.85,236.62,Nashik
104446,2025-10-22,Customer_2098,Bedsheet,Home,6,10247.21,1218.41,Mumbai
109188,2025-10-22,Customer_1730,Office Chair,Furniture,1,8213.83,1002.19,Aurangabad
103634,2025-10-22,Customer_1333,Cookware,Home,1,2184.03,359.43,Mumbai
109613,2025-10-22,Customer_0907,Mixer,Home,8,26663.03,4417.09,Mumbai
102663,2025-10-22,Customer_0230,Headphones,Electronics,2,5199.66,353.75,Nagpur
102817,2025-10-22,Customer_0371,Smartphone,Electronics,2,43577.11,3271.95,Aurangabad
103246,2025-10-22,Customer_0676,Bookshelf,Furniture,4,24343.71,1784.75,Nashik
104913,2025-10-23,Customer_0313,Bedsheet,Home,6,10050.12,1296.72,Kolhapur
101029,2025-10-23,Customer_1038,Office Chair,Furniture,2,15059.49,3004.92,Nagpur
105457,2025-10-23,Customer_2085,Shoes,Clothing,7,18870.06,2736.81,Unknown
100080,2025-10-23,Customer_1142,Table,Furniture,6,48023.49,8768.38,Pune
105723,2025-10-23,Customer_0704,Lamp,Home,4,5349.92,962.63,Pune
103334,2025-10-23,Customer_1671,Desk,Furniture,4,47636.08,3696.72,Pune
101378,2025-10-23,Customer_0093,Bookshelf,Furniture,4,20507.72,2098.5,Pune
105744,2025-10-23,Customer_0273,Vacuum Cleaner,Home,2,12272.3,2508.37,Mumbai
104991,2025-10-23,Customer_1760,Shoes,Clothing,4,10622.66,1884.89,Nashik
107044,2025-10-23,Customer_0996,Jeans,Clothing,4,7038.39,1375.6,Nashik
106321,2025-10-23,Customer_1290,Shoes,Clothing,5,10694.68,2273.36,Nagpur
101407,2025-10-23,Customer_1710,Desk,Furniture,2,25050.85,5402.54,Nagpur
105264,2025-10-23,Customer_1850,Monitor,Electronics,7,104747.41,16374.95,Unknown
101153,2025-10-23,Customer_1866,Backpack,Clothing,3,4632.72,842.59,Aurangabad
104937,2025-10-23,Customer_0911,Monitor,Electronics,5,79508.08,13224.79,Pune
109346,2025-10-23,Unknown Customer,Bookshelf,Furniture,4,21297.15,3994.26,Nashik
107725,2025-10-23,Customer_2322,Monitor,Electronics,4,63407.72,11041.74,Mumbai
107232,2025-10-23,Customer_1514,Laptop,Electronics,2,103817.86,8391.2,Mumbai
107491,2025-10-23,Customer_1001,Lamp,Home,7,9559.35,989.27,Nagpur
104416,2025-10-23,Customer_0857,Vacuum Cleaner,Home,4,28920.67,3316.66,Nashik
108928,2025-10-23,Customer_2127,Lamp,Home,5,5359.86,831.8,Nashik
104993,2025-10-23,Customer_1622,Lamp,Home,8,9510.41,603.78,Kolhapur
101053,2025-10-23,Customer_0202,Bedsheet,Home,5,10246.43,1453.3,Nashik
106335,2025-10-24,Customer_1191,Headphones,Electronics,8,19350.41,2598.43,Kolhapur
108060,2025-10-24,Customer_0185,Bedsheet,Home,6,10823.86,1482.21,Pune
108615,2025-10-24,Customer_0335,Cookware,Home,1,2521.9,390.52,Pune
107755,2025-10-24,Customer_0220,T-Shirt,Clothing,4,3169.95,416.99,Aurangabad
107673,2025-10-24,Customer_0206,Table,Furniture,3,24368.64,5237.93,Mumbai
107786,2025-10-24,Customer_1189,Table,Furniture,5,46192.39,4283.28,Nashik
108233,2025-10-24,Customer_1264,Backpack,Clothing,1,1497.56,275.81,Nagpur
101154,2025-10-24,Customer_1226,T-Shirt,Clothing,2,1214.48,266.88,Nashik
105515,2025-10-24,Customer_0851,Desk,Furniture,1,10929.62,1823.11,Pune
108401,2025-10-24,Customer_2409,Table,Furniture,5,49346.82,6280.38,Nashik
108141,2025-10-24,Customer_0942,Mixer,Home,6,21349.61,2281.18,Nagpur
106427,2025-10-25,Customer_0093,Laptop,Electronics,8,394472.44,24628.75,Kolhapur
106560,2025-10-25,Customer_0354,Mixer,Home,7,24197.2,3827.41,Mumbai
104973,2025-10-25,Customer_0612,Desk,Furniture,6,81809.38,16044.2,Pune
101945,2025-10-25,Customer_0318,Mixer,Home,4,15404.79,1960.2,Nashik
105743,2025-10-25,Customer_0381,Cookware,Home,6,13044.54,2776.88,Nagpur
106961,2025-10-25,Customer_0436,Tablet,Electronics,5,119065.62,13502.51,Pune
105571,2025-10-25,Customer_1672,Desk,Furniture,4,50306.71,5674.03,Kolhapur
105675,2025-10-25,Customer_0427,T-Shirt,Clothing,6,4230.89,262.76,Mumbai
102188,2025-10-25,Customer_1759,Smartphone,Electronics,6,130774.31,9913.09,Mumbai
109439,2025-10-25,Customer_0858,Jacket,Clothing,5,16063.16,3253.91,Nagpur
100255,2025-10-25,Customer_2460,Mixer,Home,5,18967.54,1904.6,Nashik
103553,2025-10-25,Customer_0010,Office Chair,Furniture,6,45504.33,6146.69,Nagpur
109055,2025-10-25,Customer_2344,Office Chair,Furniture,2,36333.11,2912.51,Nashik
108266,2025-10-25,Customer_0099,Cookware,Home,6,13912.34,1493.46,Mumbai
108899,2025-10-25,Customer_1645,Bedsheet,Home,1,1908.49,157.1,Mumbai
109647,2025-10-25,Customer_0794,Mixer,Home,6,21127.82,2651.2,Pune
109039,2025-10-26,Customer_1513,Backpack,Clothing,5,6060.67,1093.89,Nagpur
109473,2025-10-26,Customer_2424,Desk,Furniture,1,10890.92,2333.17,Nagpur
109414,2025-10-26,Customer_2073,Headphones,Electronics,4,9233.54,779.11,Mumbai
104821,2025-10-26,Customer_0956,Lamp,Home,4,4121.57,507.84,Nagpur
107420,2025-10-26,Customer_1781,Desk,Furniture,4,50622.61,9439.04,Nagpur
109515,2025-10-26,Customer_2237,Cookware,Home,3,7494.22,726.36,Pune
103973,2025-10-26,Customer_0922,Jacket,Clothing,6,19271.98,2310.37,Pune
108262,2025-10-26,Customer_1764,Desk,Furniture,2,27508.99,5407.46,Nashik
101118,2025-10-26,Customer_0770,Lamp,Home,3,3776.8,456.9,Pune
104414,2025-10-26,Customer_1647,Cookware,Home,7,15694.38,1134.68,Mumbai
105512,2025-10-26,Customer_0442,Monitor,Electronics,3,36736.63,7447.4,Nashik
108417,2025-10-26,Customer_0888,T-Shirt,Clothing,4,2691.92,528.42,Nashik
107000,2025-10-26,Customer_0648,Lamp,Home,1,1202.98,111.39,Pune
104932,2025-10-26,Customer_0542,Bookshelf,Furniture,7,39297.84,3345.4,Mumbai
109699,2025-10-26,Customer_1003,Lamp,Home,7,9349.92,1470.33,Pune
109078,2025-10-27,Customer_2208,Tablet,Electronics,7,115689.98,10510.78,Pune
108245,2025-10-27,Customer_1660,Smartphone,Electronics,4,102643.07,13152.82,Nashik
107824,2025-10-27,Customer_1876,Shoes,Clothing,7,17118.52,3496.13,Aurangabad
100913,2025-10-27,Customer_0552,Cabinet,Furniture,3,26599.26,4215.98,Aurangabad
109986,2025-10-27,Customer_1424,Smartphone,Electronics,5,140905.83,23857.7,Nashik
100979,2025-10-27,Customer_0598,Bedsheet,Home,4,6759.5,962.48,Aurangabad
107321,2025-10-27,Customer_1839,Jeans,Clothing,8,13858.17,966.46,Pune
105672,2025-10-27,Customer_1053,Jeans,Clothing,2,2776.06,263.4,Aurangabad
107459,2025-10-27,Customer_1989,Cabinet,Furniture,3,24592.79,2148.91,Nagpur
108202,2025-10-27,Customer_0461,Vacuum Cleaner,Home,1,7418.24,1426.73,Kolhapur
101888,2025-10-27,Customer_1782,Office Chair,Furniture,2,13280.91,2567.38,Aurangabad
103453,2025-10-27,Customer_2458,Laptop,Electronics,2,96585.25,9053.95,Nagpur
108228,2025-10-27,Customer_2209,Jacket,Clothing,2,6310.61,813.75,Kolhapur
102290,2025-10-27,Customer_1229,Mixer,Home,2,6624.88,437.23,Nagpur
102137,2025-10-27,Customer_0783,Bookshelf,Furniture,4,21178.75,2995.1,Aurangabad
103284,2025-10-28,Customer_1841,Bookshelf,Furniture,4,20532.73,1718.03,Nashik
102040,2025-10-28,Customer_0049,Mixer,Home,3,11848.88,1713.45,Kolhapur
109891,2025-10-28,Customer_1319,Bedsheet,Home,5,8328.31,1461.67,Mumbai
100093,2025-10-28,Customer_0696,Cabinet,Furniture,8,56926.05,6168.75,Aurangabad
101874,2025-10-28,Customer_1991,Tablet,Electronics,5,96005.7,7066.69,Nagpur
100857,2025-10-28,Customer_2300,Jeans,Clothing,8,13221.28,1208.92,Aurangabad
101477,2025-10-28,Customer_1230,Desk,Furniture,3,35464.14,3972.74,Nagpur
100624,2025-10-28,Customer_1078,Backpack,Clothing,2,2873.75,562.01,Aurangabad
107842,2025-10-28,Customer_0078,Backpack,Clothing,5,7184.22,1095.64,Mumbai
106323,2025-10-28,Customer_0224,Vacuum Cleaner,Home,5,33635.47,6986.7,Nagpur
108160,2025-10-28,Customer_0134,Shoes,Clothing,1,2133.53,128.58,Kolhapur
101969,2025-10-28,Customer_1385,Bookshelf,Furniture,2,12864.54,1694.27,Aurangabad
108629,2025-10-28,Customer_1837,Vacuum Cleaner,Home,7,42839.23,7557.08,Mumbai
106303,2025-10-28,Customer_0962,Smartphone,Electronics,8,201845.55,27724.51,Nagpur
101615,2025-10-28,Customer_1778,Shoes,Clothing,3,7434.94,919.5,Pune
108038,2025-10-28,Customer_0843,Desk,Furniture,2,26626.8,5250.09,Nashik
103886,2025-10-28,Customer_2486,Cookware,Home,7,16194.58,3486.96,Nagpur
104370,2025-10-28,Customer_1445,Cabinet,Furniture,2,18000.75,2931.22,Mumbai
106231,2025-10-28,Customer_0281,Backpack,Clothing,5,6829.63,1127.2,Kolhapur
106786,2025-10-29,Customer_2405,Cabinet,Furniture,7,61538.72,10048.77,Nagpur
106980,2025-10-29,Customer_2319,Jacket,Clothing,5,15359.01,1692.34,Nashik
101504,2025-10-29,Customer_1442,Bookshelf,Furniture,2,12950.73,2060.41,Nagpur
101272,2025-10-29,Customer_2215,Mixer,Home,3,9788.92,1445.02,Nagpur
108636,2025-10-29,Customer_2168,Cabinet,Furniture,1,8592.38,1082.33,Nashik
107727,2025-10-29,Customer_1449,T-Shirt,Clothing,7,5157.33,548.87,Nashik
102258,2025-10-29,Customer_1776,Backpack,Clothing,2,3062.28,516.49,Nagpur
108955,2025-10-29,Customer_2230,Shoes,Clothing,6,12921.9,2691.63,Nashik
101158,2025-10-29,Customer_0448,Cabinet,Furniture,1,8903.41,821.47,Kolhapur
106217,2025-10-29,Customer_0733,Lamp,Home,2,2110.63,456.06,Mumbai
104800,2025-10-29,Customer_1371,Monitor,Electronics,5,76864.76,5547.8,Pune
108922,2025-10-29,Customer_1150,Shoes,Clothing,8,21276.1,1947.84,Pune
104522,2025-10-29,Customer_0338,Smartphone,Electronics,8,203401.74,20271.04,Pune
100520,2025-10-29,Customer_0569,Table,Furniture,3,27887.18,4284.34,Nashik
102627,2025-10-29,Customer_0373,Desk,Furniture,8,93910.58,11800.24,Nashik
103240,2025-10-29,Customer_1226,Bedsheet,Home,6,10693.05,2229.02,Pune
108460,2025-10-29,Customer_0507,Desk,Furniture,4,49587.97,4451.79,Kolhapur
108913,2025-10-29,Customer_1576,Headphones,Electronics,4,10232.56,1829.58,Nagpur
101132,2025-10-29,Customer_1172,Bedsheet,Home,5,8365.83,1164.6,Nagpur
102684,2025-10-29,Customer_2339,Backpack,Clothing,4,6437.81,460.13,Aurangabad
102068,2025-10-29,Customer_0245,Cookware,Home,2,4985.6,852.31,Nashik
100340,2025-10-29,Customer_1584,Bedsheet,Home,8,13204.46,2740.84,Nashik
102143,2025-10-29,Customer_1563,Cabinet,Furniture,7,51495.94,3474.52,Nashik
107957,2025-10-29,Customer_2061,Office Chair,Furniture,1,7244.58,1055.74,Pune
109387,2025-10-29,Customer_2205,Bookshelf,Furniture,5,31684.94,6367.02,Mumbai
105317,2025-10-29,Customer_0032,Cookware,Home,3,5647.07,981.44,Nagpur
105700,2025-10-29,Customer_2362,Office Chair,Furniture,6,43239.66,6792.07,Mumbai
102148,2025-10-30,Customer_0510,Smartphone,Electronics,8,223193.85,39452.55,Nashik
100713,2025-10-30,Customer_2218,Laptop,Electronics,6,307267.94,57940.5,Nagpur
103566,2025-10-30,Customer_0147,Shoes,Clothing,8,18022.6,2097.72,Aurangabad
105422,2025-10-30,Customer_0089,Jacket,Clothing,2,5249.27,993.17,Nashik
109181,2025-10-30,Customer_0035,Vacuum Cleaner,Home,8,59039.09,11991.72,Mumbai
109860,2025-10-30,Customer_1812,Headphones,Electronics,2,5197.05,959.64,Aurangabad
103742,2025-10-30,Customer_0433,Vacuum Cleaner,Home,3,21170.92,4460.83,Pune
102311,2025-10-30,Customer_0264,Table,Furniture,7,60578.16,6530.84,Pune
102769,2025-10-30,Customer_1874,Office Chair,Furniture,4,30850.26,3553.4,Pune
104501,2025-10-30,Customer_2324,Tablet,Electronics,5,92280.69,11303.46,Mumbai
104076,2025-10-30,Customer_1142,Mixer,Home,2,6399.64,948.97,Pune
101098,2025-10-30,Customer_1047,Tablet,Electronics,1,20310.84,2694.34,Mumbai
103078,2025-10-30,Customer_0844,Cabinet,Furniture,3,20923.32,3159.65,Aurangabad
101432,2025-10-30,Customer_2014,Jeans,Clothing,1,1371.09,164.09,Aurangabad
104134,2025-10-30,Customer_1444,Vacuum Cleaner,Home,7,47599.89,3435.49,Mumbai
101290,2025-10-30,Customer_2198,Smartphone,Electronics,8,211273.92,44409.77,Mumbai
100661,2025-10-30,Customer_1618,Cabinet,Furniture,5,48468.32,4137.54,Nagpur
100881,2025-10-30,Customer_1027,Headphones,Electronics,2,4439.82,604.97,Pune
101130,2025-10-30,Customer_0161,Smartphone,Electronics,7,194725.14,36652.47,Kolhapur
101741,2025-10-30,Customer_0268,Cabinet,Furniture,7,60028.58,10381.93,Pune
105325,2025-10-30,Customer_0935,Vacuum Cleaner,Home,2,11661.4,2291.06,Nashik
102063,2025-10-30,Customer_0567,Vacuum Cleaner,Home,6,42917.14,7806.15,Aurangabad
108535,2025-10-30,Customer_0801,Smartphone,Electronics,6,163864.75,24308.45,Aurangabad
107073,2025-10-31,Customer_0120,Jeans,Clothing,2,2781.29,295.86,Nagpur
102075,2025-10-31,Customer_0052,Smartphone,Electronics,2,43859.93,7314.05,Kolhapur
101638,2025-10-31,Customer_1939,Smartphone,Electronics,8,227206.15,15578.88,Pune
103503,2025-10-31,Customer_2299,Jeans,Clothing,3,4982.67,357.65,Pune
105263,2025-10-31,Customer_2324,Bedsheet,Home,5,9144.42,678.09,Nagpur
100301,2025-10-31,Customer_1346,Headphones,Electronics,7,15170.75,968.22,Mumbai
109831,2025-10-31,Customer_1882,Jeans,Clothing,6,8318.48,1087.98,Nagpur
106055,2025-10-31,Customer_1725,T-Shirt,Clothing,8,5246.31,1061.98,Aurangabad
108437,2025-10-31,Customer_0779,Cookware,Home,6,15066.47,3021.15,Mumbai
102135,2025-10-31,Customer_0150,Vacuum Cleaner,Home,2,14771.61,1222.58,Mumbai
108833,2025-10-31,Customer_1096,Cookware,Home,4,9726.75,1753.64,Aurangabad
100323,2025-10-31,Customer_0456,Cabinet,Furniture,7,57930.37,7947.34,Nashik
100075,2025-10-31,Customer_0726,Desk,Furniture,3,36999.74,4469.12,Nagpur
105584,2025-10-31,Customer_1447,Bookshelf,Furniture,4,20719.03,2305.93,Aurangabad
108829,2025-10-31,Customer_2362,Tablet,Electronics,7,132962.67,11019.89,Aurangabad
107647,2025-10-31,Customer_1378,T-Shirt,Clothing,8,6149.32,540.32,Pune
100273,2025-10-31,Customer_2038,T-Shirt,Clothing,1,595.27,47.16,Aurangabad
107186,2025-10-31,Customer_2156,Jacket,Clothing,4,12657.39,1461.86,Pune
100264,2025-10-31,Customer_1516,Lamp,Home,3,3600.33,731.07,Nashik
109579,2025-11-01,Customer_0384,Backpack,Clothing,4,5009.93,985.58,Kolhapur
102745,2025-11-01,Customer_1087,Shoes,Clothing,6,12806.96,770.88,Kolhapur
103440,2025-11-01,Customer_1893,Jacket,Clothing,2,6111.85,1086.93,Pune
101839,2025-11-01,Customer_0810,Lamp,Home,3,4110.32,271.32,Mumbai
108265,2025-11-01,Customer_0063,Mixer,Home,2,7979.96,977.1,Aurangabad
100404,2025-11-01,Customer_0782,Office Chair,Furniture,2,16443.31,2603.41,Pune
108550,2025-11-01,Customer_1785,Mixer,Home,8,28595.06,4427.8,Aurangabad
107987,2025-11-01,Customer_0942,T-Shirt,Clothing,5,4015.97,579.37,Kolhapur
107433,2025-11-01,Customer_2073,Smartphone,Electronics,1,27701.54,3637.76,Aurangabad
106489,2025-11-01,Customer_1136,Lamp,Home,5,5715.57,1165.6,Pune
103390,2025-11-01,Customer_1769,Bookshelf,Furniture,5,27830.99,3844.41,Mumbai
100674,2025-11-01,Customer_1470,Desk,Furniture,6,66771.49,9257.35,Kolhapur
101527,2025-11-01,Customer_0962,Laptop,Electronics,6,302406.38,25954.55,Nagpur
108791,2025-11-01,Customer_0351,Headphones,Electronics,8,19027.06,2443.14,Nagpur
104615,2025-11-01,Customer_0868,Jeans,Clothing,5,9093.95,1389.89,Aurangabad
104618,2025-11-01,Customer_1235,Office Chair,Furniture,1,8462.48,1359.4,Pune
101905,2025-11-01,Customer_0626,Mixer,Home,6,21550.72,4358.74,Unknown
101020,2025-11-01,Customer_0370,Mixer,Home,4,15193.59,2767.14,Mumbai
105222,2025-11-01,Customer_0479,Cabinet,Furniture,7,57531.4,11664.89,Mumbai
102882,2025-11-01,Customer_0581,Mixer,Home,3,10684.98,740.33,Kolhapur
101996,2025-11-01,Customer_0599,Headphones,Electronics,4,10993.38,686.84,Nagpur
102115,2025-11-01,Customer_1894,Smartphone,Electronics,7,184145.47,17072.99,Aurangabad
105974,2025-11-01,Customer_2098,Shoes,Clothing,8,20968.04,3445.84,Nashik
105732,2025-11-01,Customer_1116,T-Shirt,Clothing,8,5904.38,706.33,Pune
105419,2025-11-01,Customer_1923,Lamp,Home,7,8983.44,1370.62,Nagpur
106630,2025-11-02,Customer_2114,Shoes,Clothing,4,10626.2,1554.58,Kolhapur
108716,2025-11-02,Customer_1100,Cabinet,Furniture,5,41717.12,7090.16,Kolhapur
103689,2025-11-02,Customer_0106,T-Shirt,Clothing,3,2171.22,348.53,Mumbai
102029,2025-11-02,Customer_0899,Laptop,Electronics,6,327083.92,36084.82,Aurangabad
104141,2025-11-02,Customer_0029,Lamp,Home,8,10341.04,1590.22,Aurangabad
101705,2025-11-02,Customer_1770,Laptop,Electronics,8,426042.09,71716.99,Pune
106918,2025-11-02,Customer_1334,Vacuum Cleaner,Home,1,5660.42,879.25,Mumbai
106188,2025-11-02,Customer_1072,Desk,Furniture,6,72210.61,8584.22,Kolhapur
103412,2025-11-02,Customer_0343,Laptop,Electronics,1,51859.73,5576.93,Nashik
108685,2025-11-02,Customer_0707,Mixer,Home,5,20112.13,4348.31,Nagpur
100791,2025-11-02,Customer_0851,Monitor,Electronics,8,95703.95,8209.1,Aurangabad
109687,2025-11-02,Customer_1117,Bookshelf,Furniture,5,30705.15,1974.3,Nashik
105724,2025-11-02,Customer_1727,Cookware,Home,4,8898.59,1191.78,Pune
107496,2025-11-02,Customer_2087,Cabinet,Furniture,2,17426.41,3745.48,Pune
100377,2025-11-02,Customer_1703,Smartphone,Electronics,8,202935.95,19297.44,Nagpur
109972,2025-11-03,Customer_1882,Monitor,Electronics,8,95932.72,10179.66,Nagpur
102962,2025-11-03,Customer_0500,Lamp,Home,2,2042.52,131.58,Pune
109878,2025-11-03,Customer_0423,Headphones,Electronics,2,4386.56,668.35,Aurangabad
105359,2025-11-03,Customer_1356,Bookshelf,Furniture,2,10623.95,1198.87,Nashik
109581,2025-11-03,Customer_1252,Cabinet,Furniture,1,9011.22,899.44,Nashik
103047,2025-11-03,Customer_0889,Smartphone,Electronics,5,131309.73,11712.33,Kolhapur
100042,2025-11-03,Customer_0404,Bedsheet,Home,1,2020.03,160.79,Pune
108097,2025-11-03,Customer_1709,Cookware,Home,6,13551.92,1217.77,Unknown
107363,2025-11-03,Customer_1437,Mixer,Home,3,10582.56,1236.45,Mumbai
103704,2025-11-03,Customer_0486,Monitor,Electronics,1,13364.53,1657.52,Kolhapur
101887,2025-11-03,Customer_0997,Tablet,Electronics,4,75118.3,13611.55,Mumbai
106645,2025-11-03,Customer_1307,Bedsheet,Home,2,3192.2,579.25,Aurangabad
106872,2025-11-03,Customer_0898,Headphones,Electronics,8,22364.56,1547.96,Nagpur
107129,2025-11-03,Customer_0006,T-Shirt,Clothing,6,4586.63,477.48,Aurangabad
107579,2025-11-03,Customer_0129,Headphones,Electronics,5,11488.19,1899.7,Mumbai
103847,2025-11-03,Customer_1143,Lamp,Home,3,4106.88,328.8,Nashik
108504,2025-11-03,Customer_0471,Office Chair,Furniture,6,43315.76,5273.16,Nagpur
103263,2025-11-03,Customer_0241,Office Chair,Furniture,2,15454.85,2302.44,Kolhapur
107490,2025-11-04,Customer_0290,Jeans,Clothing,2,3485.32,453.43,Mumbai
107456,2025-11-04,Customer_1893,Cookware,Home,5,11397.12,1895.86,Mumbai
107282,2025-11-04,Customer_2166,Desk,Furniture,2,27286.22,5423.56,Nashik
105181,2025-11-04,Customer_1563,Office Chair,Furniture,6,40424.5,8766.94,Kolhapur
109497,2025-11-04,Customer_0330,Backpack,Clothing,8,11576.69,2317.46,Pune
103506,2025-11-04,Customer_2231,Table,Furniture,6,60662.57,3827.07,Aurangabad
103909,2025-11-04,Customer_1141,Desk,Furniture,3,35657.9,7056.43,Nagpur
106975,2025-11-04,Customer_1730,Office Chair,Furniture,4,32926.93,4859.59,Pune
107742,2025-11-04,Customer_2417,T-Shirt,Clothing,8,5526.84,426.67,Nagpur
100247,2025-11-04,Customer_2259,Mixer,Home,2,6127.76,484.6,Aurangabad
103140,2025-11-04,Customer_2183,Tablet,Electronics,6,98203.79,13428.5,Kolhapur
105247,2025-11-04,Customer_2418,Bookshelf,Furniture,8,50061.52,6161.47,Aurangabad
102041,2025-11-04,Customer_0085,Tablet,Electronics,7,135593.77,17666.31,Pune
100424,2025-11-04,Customer_0721,Smartphone,Electronics,7,154244.68,29556.93,Pune
106402,2025-11-04,Customer_2433,Jacket,Clothing,6,19273.25,2909.74,Aurangabad
104203,2025-11-04,Customer_0044,Bedsheet,Home,6,10846.24,1687.07,Nagpur
103192,2025-11-04,Customer_1895,Jeans,Clothing,2,3616.13,344.33,Kolhapur
102495,2025-11-04,Customer_1165,Smartphone,Electronics,5,134341.83,20208.74,Nagpur
106021,2025-11-04,Customer_0187,Backpack,Clothing,7,8621.82,1693.75,Nagpur
108936,2025-11-04,Customer_1928,Cabinet,Furniture,1,7970.73,779.8,Kolhapur
106760,2025-11-04,Customer_2031,Desk,Furniture,7,81577.87,13817.08,Kolhapur
102456,2025-11-04,Customer_1987,Monitor,Electronics,7,99445.18,17452.28,Pune
101361,2025-11-05,Customer_2324,Bedsheet,Home,5,8182.99,1244.5,Mumbai
101884,2025-11-05,Customer_1204,Mixer,Home,7,28074.43,2082.31,Kolhapur
103444,2025-11-05,Customer_0096,Bookshelf,Furniture,4,24417.23,2187.57,Aurangabad
103144,2025-11-05,Customer_2449,Lamp,Home,5,6286.43,428.06,Nagpur
107222,2025-11-05,Customer_1982,Desk,Furniture,6,70900.79,6499.61,Aurangabad
109289,2025-11-05,Customer_0680,Backpack,Clothing,6,7889.44,1071.55,Nagpur
107248,2025-11-05,Customer_2157,Bookshelf,Furniture,7,37918.82,7849.28,Nagpur
108518,2025-11-05,Customer_1598,Jeans,Clothing,6,9535.36,667.33,Nagpur
101763,2025-11-05,Customer_2475,Jacket,Clothing,4,9825.8,952.77,Mumbai
107138,2025-11-05,Customer_0286,Office Chair,Furniture,5,43005.35,6782.06,Pune
104340,2025-11-05,Customer_2447,Headphones,Electronics,6,12838.74,2327.02,Nagpur
104359,2025-11-05,Customer_2455,Headphones,Electronics,5,14035.54,2721.55,Pune
101068,2025-11-05,Customer_1237,Monitor,Electronics,3,36101.75,2605.68,Pune
104620,2025-11-05,Customer_0414,Office Chair,Furniture,3,36333.11,2983.16,Nashik
106241,2025-11-05,Customer_1887,Vacuum Cleaner,Home,8,47635.85,7930.68,Pune
101168,2025-11-05,Customer_0720,Vacuum Cleaner,Home,1,5622.63,1123.3,Mumbai
104968,2025-11-05,Customer_2281,Headphones,Electronics,5,13237.68,2779.57,Kolhapur
108788,2025-11-05,Customer_0691,Shoes,Clothing,1,2523.65,404.68,Nashik
107375,2025-11-05,Customer_0466,Shoes,Clothing,2,5136.03,751.09,Mumbai
106274,2025-11-06,Customer_0236,Smartphone,Electronics,5,109493.17,19452.43,Mumbai
107829,2025-11-06,Customer_1459,Vacuum Cleaner,Home,3,20949.82,4258.46,Aurangabad
105084,2025-11-06,Customer_1361,Headphones,Electronics,3,6595.97,948.61,Kolhapur
108088,2025-11-06,Customer_1593,Headphones,Electronics,4,10258.32,1139.13,Kolhapur
101386,2025-11-06,Customer_1243,Smartphone,Electronics,4,114591.47,16658.66,Nagpur
104293,2025-11-06,Customer_1731,Mixer,Home,1,3820.78,676.17,Aurangabad
109036,2025-11-06,Customer_1302,Cookware,Home,6,14845.3,913.75,Pune
101368,2025-11-06,Customer_1299,Cabinet,Furniture,1,7221.5,920.17,Nashik
102395,2025-11-06,Customer_1484,Headphones,Electronics,2,4759.57,998.33,Aurangabad
106617,2025-11-06,Customer_1584,Shoes,Clothing,5,12142.72,2326.83,Pune
109780,2025-11-06,Customer_0339,Jeans,Clothing,7,11172.81,1421.24,Aurangabad
103253,2025-11-06,Customer_0160,Jacket,Clothing,2,4848.49,980.67,Kolhapur
102192,2025-11-06,Customer_0953,Vacuum Cleaner,Home,6,41387.8,4205.77,Kolhapur
106983,2025-11-06,Customer_1632,Lamp,Home,6,7824.15,561.47,Nagpur
102105,2025-11-06,Customer_1211,Lamp,Home,3,3572.32,415.04,Mumbai
104483,2025-11-06,Customer_1236,Smartphone,Electronics,4,99167.9,6414.87,Nashik
103487,2025-11-06,Customer_0869,Table,Furniture,1,9893.93,2036.94,Mumbai
105409,2025-11-06,Customer_1557,Backpack,Clothing,7,8594.82,1886.13,Kolhapur
101815,2025-11-06,Customer_2100,Office Chair,Furniture,7,44678.36,4434.17,Pune
109935,2025-11-06,Customer_1938,Monitor,Electronics,6,79913.58,9819.16,Aurangabad
102403,2025-11-06,Customer_0140,Mixer,Home,3,11718.21,1960.53,Nagpur
103774,2025-11-06,Customer_1741,Vacuum Cleaner,Home,2,14089.41,1645.51,Pune
101551,2025-11-06,Unknown Customer,Desk,Furniture,1,12241.79,1818.5,Nashik
107721,2025-11-06,Customer_0253,Lamp,Home,1,1263.99,113.71,Nagpur
104155,2025-11-06,Unknown Customer,Cabinet,Furniture,3,23244.29,3493.03,Nagpur
105837,2025-11-06,Customer_1407,Bookshelf,Furniture,5,32923.53,5661.24,Mumbai
107242,2025-11-06,Customer_1197,Table,Furniture,7,54146.48,11713.09,Nagpur
103757,2025-11-06,Customer_0205,Vacuum Cleaner,Home,8,49000.89,3931.25,Nashik
102717,2025-11-06,Customer_0745,Bookshelf,Furniture,2,12739.81,2150.91,Aurangabad
108905,2025-11-06,Customer_0881,Tablet,Electronics,1,19932.42,1283.07,Nagpur
100293,2025-11-06,Customer_0254,Vacuum Cleaner,Home,3,17494.83,2982.86,Nagpur
107435,2025-11-07,Customer_1218,Bedsheet,Home,6,10216.32,1010.46,Kolhapur
107933,2025-11-07,Customer_0648,T-Shirt,Clothing,7,5525.65,1188.45,Pune
103202,2025-11-07,Customer_2129,Vacuum Cleaner,Home,8,50099.48,8999.84,Nashik
100740,2025-11-07,Customer_2003,Smartphone,Electronics,6,170516.35,35421.01,Kolhapur
107649,2025-11-07,Customer_2022,Tablet,Electronics,7,144146.36,30585.25,Aurangabad
109193,2025-11-07,Customer_0095,Table,Furniture,8,80540.46,4874.71,Nashik
104488,2025-11-07,Customer_1540,Bedsheet,Home,3,5224.13,1140.88,Kolhapur
101492,2025-11-07,Customer_1125,Smartphone,Electronics,4,90311.3,5830.79,Nagpur
108230,2025-11-07,Customer_1422,Laptop,Electronics,4,234148.1,34054.85,Nagpur
109983,2025-11-07,Customer_0447,Bookshelf,Furniture,5,33698.97,3670.47,Mumbai
103962,2025-11-07,Customer_1427,Laptop,Electronics,5,275264.39,50372.71,Mumbai
104521,2025-11-07,Customer_1780,Jeans,Clothing,4,6934.66,493.54,Pune
101276,2025-11-07,Customer_1092,Laptop,Electronics,7,368324.34,68714.83,Mumbai
109461,2025-11-07,Customer_1839,Laptop,Electronics,4,243421.36,43505.54,Pune
101431,2025-11-07,Customer_0286,Shoes,Clothing,4,10992.77,732.73,Nagpur
100423,2025-11-07,Customer_2192,Laptop,Electronics,4,223275.07,45112.91,Aurangabad
109407,2025-11-07,Customer_0589,Desk,Furniture,7,77681.8,10697.22,Mumbai
103340,2025-11-07,Customer_1662,Mixer,Home,2,7119.47,1323.72,Kolhapur
102312,2025-11-07,Customer_0299,T-Shirt,Clothing,1,775.25,170.38,Nagpur
108556,2025-11-07,Customer_0795,Mixer,Home,6,18663.04,1436.65,Nashik
102361,2025-11-07,Customer_1076,T-Shirt,Clothing,6,4716.25,667.25,Kolhapur
100955,2025-11-07,Customer_2307,Shoes,Clothing,7,18978.0,3965.06,Nagpur
105346,2025-11-07,Customer_0274,Mixer,Home,7,24804.51,3926.79,Aurangabad
109201,2025-11-07,Customer_0058,Office Chair,Furniture,5,35292.07,5500.85,Nagpur
104510,2025-11-08,Customer_0893,T-Shirt,Clothing,4,2677.36,587.62,Pune
107333,2025-11-08,Customer_1580,Jacket,Clothing,1,3146.11,371.59,Nashik
103871,2025-11-08,Customer_1308,Cabinet,Furniture,5,39756.4,7848.95,Aurangabad
108970,2025-11-08,Customer_1787,Laptop,Electronics,6,286960.91,43067.31,Aurangabad
100893,2025-11-08,Customer_2227,Monitor,Electronics,5,62170.83,4449.92,Kolhapur
107515,2025-11-08,Customer_2012,Vacuum Cleaner,Home,8,56508.57,11116.68,Nagpur
100715,2025-11-08,Customer_2346,Vacuum Cleaner,Home,8,51013.72,7306.64,Mumbai
104639,2025-11-08,Customer_0887,Table,Furniture,5,8173.03,1147.22,Pune
106438,2025-11-08,Customer_0584,Smartphone,Electronics,5,132866.27,15685.21,Aurangabad
106544,2025-11-08,Customer_2291,Mixer,Home,1,3611.95,324.05,Mumbai
107436,2025-11-08,Customer_1898,Monitor,Electronics,3,40014.95,7501.42,Mumbai
104068,2025-11-08,Customer_0379,Backpack,Clothing,8,12037.62,1310.0,Kolhapur
101999,2025-11-08,Customer_0252,Shoes,Clothing,8,21792.63,4603.27,Kolhapur
101894,2025-11-08,Customer_0360,T-Shirt,Clothing,5,3707.33,522.72,Pune
100652,2025-11-08,Customer_0881,Bookshelf,Furniture,1,6578.84,978.39,Nashik
103235,2025-11-08,Customer_1345,Bedsheet,Home,5,9139.73,1712.92,Kolhapur
108248,2025-11-08,Customer_0390,Office Chair,Furniture,4,27588.71,5703.57,Pune
109138,2025-11-08,Customer_1470,T-Shirt,Clothing,1,743.22,153.98,Aurangabad
101393,2025-11-08,Customer_1709,Mixer,Home,5,18437.21,1691.53,Mumbai
108285,2025-11-09,Customer_2149,Jeans,Clothing,6,10904.14,1744.68,Pune
105037,2025-11-09,Customer_0912,Desk,Furniture,3,38656.31,6220.18,Kolhapur
106317,2025-11-09,Customer_2346,Shoes,Clothing,1,2775.93,465.87,Aurangabad
104746,2025-11-09,Customer_1229,Shoes,Clothing,3,6619.08,1415.19,Nagpur
108258,2025-11-09,Customer_1375,Tablet,Electronics,5,86538.95,7474.5,Mumbai
100777,2025-11-09,Customer_1777,Shoes,Clothing,6,16563.1,1019.07,Aurangabad
108953,2025-11-09,Customer_2172,Headphones,Electronics,5,12624.06,2718.54,Kolhapur
109918,2025-11-09,Customer_1079,Headphones,Electronics,6,15394.32,2958.93,Kolhapur
101252,2025-11-09,Customer_1951,Table,Furniture,7,57079.25,6584.2,Nashik
104194,2025-11-09,Customer_0193,Desk,Furniture,6,81396.95,12244.67,Mumbai
104251,2025-11-09,Customer_1768,Jeans,Clothing,1,1616.71,251.26,Nagpur
104961,2025-11-09,Customer_0555,Smartphone,Electronics,6,167532.06,34489.71,Pune
104546,2025-11-09,Customer_0368,Mixer,Home,1,3928.95,513.19,Aurangabad
109232,2025-11-09,Customer_0447,Cookware,Home,3,6897.68,878.29,Nagpur
102820,2025-11-09,Customer_1327,Backpack,Clothing,2,2627.25,478.5,Mumbai
100380,2025-11-09,Customer_1308,Backpack,Clothing,2,3166.96,273.38,Mumbai
102873,2025-11-09,Customer_1258,Smartphone,Electronics,2,44542.61,4456.92,Kolhapur
106909,2025-11-09,Customer_1812,Bedsheet,Home,1,2026.08,245.0,Mumbai
101353,2025-11-09,Customer_1182,Tablet,Electronics,3,59700.59,10115.9,Pune
104124,2025-11-09,Customer_0562,Tablet,Electronics,1,18196.72,3252.39,Pune
103084,2025-11-09,Customer_1672,Cookware,Home,6,13218.12,2731.33,Aurangabad
103642,2025-11-09,Customer_1242,Lamp,Home,2,2146.8,136.41,Mumbai
103838,2025-11-09,Customer_0696,Jeans,Clothing,8,12993.89,1418.5,Pune
109266,2025-11-09,Customer_0229,Bookshelf,Furniture,5,28810.0,5118.02,Aurangabad
108508,2025-11-09,Customer_1983,Lamp,Home,8,9625.01,667.33,Nagpur
105482,2025-11-09,Customer_1311,T-Shirt,Clothing,3,2191.79,272.63,Mumbai
106300,2025-11-09,Customer_1241,Backpack,Clothing,5,6354.86,516.06,Nashik
107756,2025-11-09,Customer_2439,Lamp,Home,6,7537.75,923.2,Kolhapur
109703,2025-11-09,Customer_0991,Cookware,Home,2,4176.85,724.45,Pune
105180,2025-11-09,Customer_0526,Cookware,Home,8,16964.25,2751.26,Nagpur
102770,2025-11-09,Customer_0518,Monitor,Electronics,5,60233.02,8833.93,Nashik
105983,2025-11-09,Customer_1780,Shoes,Clothing,8,17389.94,1264.57,Nashik
108769,2025-11-09,Customer_2379,Headphones,Electronics,7,18123.73,3695.8,Nagpur
102875,2025-11-10,Customer_0772,Headphones,Electronics,7,15065.34,3275.85,Nashik
106703,2025-11-10,Customer_0380,Monitor,Electronics,3,39257.12,6567.02,Nashik
102526,2025-11-10,Customer_0707,Bookshelf,Furniture,2,12403.74,1834.27,Nagpur
101654,2025-11-10,Customer_2336,Cabinet,Furniture,1,8972.19,1162.23,Kolhapur
100024,2025-11-10,Customer_1394,Monitor,Electronics,5,73110.14,4601.36,Pune
104420,2025-11-10,Customer_0981,Shoes,Clothing,7,15756.36,969.75,Kolhapur
104224,2025-11-10,Customer_0205,Bookshelf,Furniture,7,44801.03,8530.65,Aurangabad
107679,2025-11-10,Customer_1395,Bookshelf,Furniture,3,17970.41,2261.86,Nagpur
107848,2025-11-10,Customer_2024,Smartphone,Electronics,4,98885.34,9429.75,Nagpur
102482,2025-11-10,Customer_0700,Tablet,Electronics,8,150666.03,10969.27,Aurangabad
109782,2025-11-10,Customer_2348,Laptop,Electronics,8,497681.85,66444.85,Mumbai
105800,2025-11-10,Customer_1274,Table,Furniture,6,56064.12,7679.72,Pune
102555,2025-11-10,Customer_2327,Bookshelf,Furniture,4,20603.51,1285.36,Mumbai
108012,2025-11-10,Customer_0588,Smartphone,Electronics,5,125683.51,18554.62,Nagpur
108016,2025-11-10,Customer_1280,Shoes,Clothing,2,5571.36,460.99,Mumbai
109837,2025-11-10,Customer_0912,Monitor,Electronics,7,101424.49,21295.27,Mumbai
108092,2025-11-10,Customer_0454,Vacuum Cleaner,Home,1,6348.14,727.95,Nagpur
104530,2025-11-10,Customer_0392,Cookware,Home,1,2195.89,269.0,Pune
104617,2025-11-10,Customer_2062,Backpack,Clothing,5,6751.21,1198.64,Pune
106846,2025-11-10,Customer_0368,Lamp,Home,5,6872.53,964.66,Kolhapur
102752,2025-11-10,Customer_1323,Lamp,Home,3,3144.98,403.14,Aurangabad
108410,2025-11-10,Customer_0688,Backpack,Clothing,2,3072.37,662.26,Kolhapur
104718,2025-11-10,Customer_1123,Cookware,Home,7,14406.55,1735.67,Nagpur
103049,2025-11-10,Customer_1592,Jeans,Clothing,8,13390.59,2935.33,Aurangabad
105551,2025-11-10,Customer_2255,Jeans,Clothing,3,4407.89,896.32,Aurangabad
102693,2025-11-10,Customer_1208,Desk,Furniture,5,53708.07,7226.67,Nashik
104140,2025-11-10,Customer_2307,Lamp,Home,5,5138.95,500.04,Aurangabad
104714,2025-11-10,Customer_0381,Cookware,Home,5,10090.79,715.97,Kolhapur
100401,2025-11-10,Customer_0110,Tablet,Electronics,5,86842.87,17286.58,Kolhapur
104871,2025-11-11,Customer_0207,Cookware,Home,3,6435.03,709.82,Nashik
107837,2025-11-11,Customer_1764,Bookshelf,Furniture,5,27498.09,4064.51,Nagpur
104231,2025-11-11,Customer_0613,Headphones,Electronics,5,10842.74,2136.01,Mumbai
104055,2025-11-11,Customer_2346,T-Shirt,Clothing,1,744.13,135.33,Nashik
106205,2025-11-11,Customer_1850,Jacket,Clothing,3,9478.93,1360.09,Unknown
100190,2025-11-11,Customer_0957,Desk,Furniture,7,79079.98,7045.18,Nagpur
109150,2025-11-11,Customer_2325,Backpack,Clothing,2,3035.65,528.52,Mumbai
105146,2025-11-11,Customer_0657,Lamp,Home,8,10424.17,1075.3,Kolhapur
105116,2025-11-11,Customer_0446,Desk,Furniture,7,79444.12,10159.15,Mumbai
103414,2025-11-11,Customer_1799,Table,Furniture,2,19208.49,3210.81,Kolhapur
104361,2025-11-11,Customer_0880,Cookware,Home,6,11683.48,731.03,Nashik
108063,2025-11-11,Customer_2063,T-Shirt,Clothing,3,2289.44,399.4,Aurangabad
105591,2025-11-11,Customer_2194,Vacuum Cleaner,Home,6,34311.73,5911.25,Pune
107555,2025-11-11,Customer_2350,Bookshelf,Furniture,7,39365.98,6150.5,Mumbai
101466,2025-11-11,Customer_2195,Table,Furniture,2,19347.98,1581.54,Mumbai
109157,2025-11-11,Customer_0983,Bedsheet,Home,4,7586.49,1534.76,Aurangabad
100734,2025-11-11,Customer_0231,Vacuum Cleaner,Home,6,34944.37,6196.77,Kolhapur
109754,2025-11-11,Customer_0652,Jeans,Clothing,3,4821.02,649.79,Nagpur
101039,2025-11-12,Customer_1468,Office Chair,Furniture,7,49757.77,6772.27,Aurangabad
105734,2025-11-12,Customer_0747,Cookware,Home,2,4568.44,836.83,Aurangabad
101140,2025-11-12,Customer_1552,Vacuum Cleaner,Home,3,21284.35,2536.72,Kolhapur
100694,2025-11-12,Customer_2020,Cookware,Home,7,13692.17,1499.06,Nagpur
102113,2025-11-12,Customer_0634,Cabinet,Furniture,1,8269.55,1076.14,Pune
101609,2025-11-12,Customer_1005,Bedsheet,Home,1,2035.02,125.93,Nagpur
108414,2025-11-12,Customer_0034,Vacuum Cleaner,Home,4,28270.93,3049.62,Aurangabad
104798,2025-11-12,Customer_0245,Backpack,Clothing,5,1395.46,105.16,Mumbai
102279,2025-11-12,Customer_0522,Jeans,Clothing,6,10673.65,2001.5,Kolhapur
100049,2025-11-12,Customer_1600,Table,Furniture,1,8963.39,1596.97,Nashik
105695,2025-11-12,Customer_1026,Shoes,Clothing,1,2573.88,308.5,Nagpur
102422,2025-11-12,Customer_1823,Bookshelf,Furniture,7,41881.68,3964.93,Kolhapur
106737,2025-11-12,Customer_0314,Mixer,Home,8,25303.18,4178.92,Nashik
103714,2025-11-12,Customer_2016,Backpack,Clothing,5,8019.42,918.0,Nashik
100379,2025-11-12,Customer_1634,Jacket,Clothing,6,17944.74,1078.74,Mumbai
105525,2025-11-12,Customer_2451,Cookware,Home,7,14881.56,1463.82,Aurangabad
102365,2025-11-12,Customer_0063,Cookware,Home,3,6118.83,418.22,Nashik
106173,2025-11-12,Customer_0650,Cookware,Home,7,17255.6,2541.8,Nagpur
101773,2025-11-12,Customer_1336,Vacuum Cleaner,Home,5,32229.74,4789.78,Kolhapur
109386,2025-11-12,Customer_1519,Desk,Furniture,6,74002.92,14929.21,Nashik
102826,2025-11-12,Customer_2125,Table,Furniture,3,28480.33,3655.52,Kolhapur
105955,2025-11-13,Customer_1251,Backpack,Clothing,4,4855.49,849.0,Aurangabad
105443,2025-11-13,Customer_1037,Jeans,Clothing,7,11404.11,1886.29,Kolhapur
108494,2025-11-13,Customer_0400,Laptop,Electronics,1,53448.36,7776.85,Aurangabad
100322,2025-11-13,Customer_1049,Laptop,Electronics,1,62219.58,9008.16,Mumbai
100660,2025-11-13,Customer_1889,T-Shirt,Clothing,1,654.21,94.82,Pune
101841,2025-11-13,Customer_1971,Cookware,Home,5,9386.81,927.16,Pune
109929,2025-11-13,Customer_0006,Vacuum Cleaner,Home,1,5593.93,405.27,Pune
106824,2025-11-13,Customer_2115,Shoes,Clothing,4,9324.97,1339.87,Kolhapur
100646,2025-11-13,Customer_1337,Jacket,Clothing,7,21741.68,2920.63,Nashik
104129,2025-11-13,Customer_2320,Bedsheet,Home,1,1705.95,316.79,Kolhapur
109627,2025-11-13,Customer_2034,Bookshelf,Furniture,7,45454.9,4882.31,Aurangabad
104605,2025-11-13,Customer_1053,Laptop,Electronics,3,159560.6,26744.07,Aurangabad
104708,2025-11-13,Customer_0663,Jacket,Clothing,2,4796.36,890.12,Kolhapur
104535,2025-11-13,Customer_2036,Backpack,Clothing,2,2776.49,521.39,Nashik
109618,2025-11-13,Customer_1658,Jeans,Clothing,7,10669.88,841.8,Aurangabad
103134,2025-11-13,Customer_2037,Desk,Furniture,5,62084.27,10020.78,Pune
109649,2025-11-13,Customer_1535,Bookshelf,Furniture,5,30186.97,5755.37,Nagpur
108622,2025-11-13,Customer_1294,Cookware,Home,5,9579.55,1470.4,Kolhapur
101506,2025-11-14,Customer_0013,Table,Furniture,3,29082.92,6329.41,Nagpur
101617,2025-11-14,Customer_2268,Shoes,Clothing,7,16892.02,2182.0,Nashik
100196,2025-11-14,Customer_2186,Mixer,Home,6,22031.53,3668.81,Nagpur
106475,2025-11-14,Customer_0477,Jeans,Clothing,3,4693.18,874.63,Mumbai
101434,2025-11-14,Customer_1618,Laptop,Electronics,3,185658.77,22768.59,Nagpur
106912,2025-11-14,Customer_1765,T-Shirt,Clothing,8,5227.23,687.35,Pune
101952,2025-11-14,Customer_0197,Backpack,Clothing,2,2902.74,481.47,Mumbai
109156,2025-11-14,Customer_2188,Cookware,Home,2,4042.48,439.99,Nagpur
101854,2025-11-14,Customer_1011,Tablet,Electronics,7,124168.45,18965.21,Mumbai
105648,2025-11-14,Customer_2314,Headphones,Electronics,3,7193.62,928.89,Kolhapur
107672,2025-11-14,Customer_1529,Monitor,Electronics,8,110591.11,14421.81,Nagpur
106984,2025-11-14,Customer_2341,Cabinet,Furniture,6,43558.95,6457.42,Aurangabad
101219,2025-11-14,Customer_0523,Monitor,Electronics,7,110294.88,21003.33,Nashik
104116,2025-11-14,Customer_0260,Lamp,Home,7,7729.3,562.59,Nashik
101022,2025-11-14,Customer_1900,Shoes,Clothing,6,14270.86,1929.07,Aurangabad
109096,2025-11-14,Customer_2146,Lamp,Home,1,1296.53,180.98,Aurangabad
100951,2025-11-14,Customer_1863,Cabinet,Furniture,4,30936.96,3407.37,Nagpur
104943,2025-11-14,Customer_1285,Desk,Furniture,1,12843.56,2264.6,Mumbai
104311,2025-11-14,Customer_1662,Backpack,Clothing,5,6464.1,777.11,Nashik
105075,2025-11-14,Customer_2443,Monitor,Electronics,8,108948.76,23825.55,Nagpur
106683,2025-11-14,Customer_1690,T-Shirt,Clothing,8,6346.59,1101.02,Pune
104419,2025-11-14,Customer_1009,Jacket,Clothing,8,22126.81,4540.88,Pune
100440,2025-11-14,Customer_1014,Vacuum Cleaner,Home,4,27408.55,2176.3,Aurangabad
101856,2025-11-14,Customer_0604,Bookshelf,Furniture,8,47295.5,2954.01,Nashik
104763,2025-11-14,Customer_0895,Table,Furniture,5,48332.45,6841.73,Aurangabad
109892,2025-11-14,Customer_0531,Lamp,Home,8,8967.57,1271.49,Kolhapur
100183,2025-11-14,Customer_2085,Table,Furniture,5,45977.5,5734.46,Aurangabad
104516,2025-11-15,Customer_2026,Desk,Furniture,3,31603.32,2215.61,Mumbai
106233,2025-11-15,Customer_1607,Shoes,Clothing,2,5197.25,632.32,Nagpur
104433,2025-11-15,Unknown Customer,Jeans,Clothing,8,11897.33,1135.04,Mumbai
109725,2025-11-15,Customer_0344,Bedsheet,Home,7,14329.51,1789.13,Nagpur
101012,2025-11-15,Customer_1597,Cookware,Home,3,7436.55,1460.74,Nagpur
102929,2025-11-15,Customer_0535,Shoes,Clothing,4,9625.12,742.17,Nagpur
106735,2025-11-15,Customer_0651,Smartphone,Electronics,4,104369.98,9355.15,Pune
101165,2025-11-15,Customer_1154,Office Chair,Furniture,4,30281.98,5720.05,Nashik
101535,2025-11-15,Customer_1785,Backpack,Clothing,6,7798.22,1106.6,Mumbai
104298,2025-11-15,Customer_2217,Vacuum Cleaner,Home,4,29725.4,5008.13,Aurangabad
108543,2025-11-15,Customer_0889,Cabinet,Furniture,4,33198.49,5162.63,Aurangabad
109418,2025-11-15,Customer_1571,Smartphone,Electronics,6,171484.28,32964.59,Mumbai
100868,2025-11-15,Customer_1848,Shoes,Clothing,7,17795.24,2239.1,Aurangabad
102746,2025-11-15,Customer_1359,T-Shirt,Clothing,1,724.38,65.37,Pune
102764,2025-11-15,Customer_1077,Cookware,Home,8,16996.67,3138.55,Kolhapur
109339,2025-11-15,Customer_0490,Headphones,Electronics,2,4809.84,976.97,Nagpur
105049,2025-11-15,Customer_1916,Shoes,Clothing,5,14330.93,3043.03,Aurangabad
105637,2025-11-15,Customer_1786,Bookshelf,Furniture,4,23016.36,4544.64,Kolhapur
106967,2025-11-15,Customer_2494,Smartphone,Electronics,4,114013.47,19466.3,Mumbai
101236,2025-11-15,Customer_0320,Smartphone,Electronics,8,187292.72,16041.52,Aurangabad
100433,2025-11-15,Customer_1572,Office Chair,Furniture,5,34902.6,6579.18,Mumbai
101785,2025-11-15,Customer_1945,Bookshelf,Furniture,7,43874.21,8748.08,Mumbai
106009,2025-11-16,Customer_1309,Monitor,Electronics,6,83587.99,18323.18,Kolhapur
102680,2025-11-16,Customer_1248,Office Chair,Furniture,7,54076.95,4596.64,Pune
102246,2025-11-16,Customer_0072,Mixer,Home,1,3558.28,606.31,Kolhapur
103953,2025-11-16,Customer_0647,T-Shirt,Clothing,1,621.13,71.56,Nagpur
104240,2025-11-16,Customer_0857,Table,Furniture,7,54626.32,6549.26,Mumbai
109567,2025-11-16,Customer_1852,Shoes,Clothing,5,10948.17,982.59,Mumbai
101030,2025-11-16,Customer_0214,Jeans,Clothing,6,8992.14,663.62,Aurangabad
101751,2025-11-16,Customer_0849,Vacuum Cleaner,Home,1,6622.18,904.9,Mumbai
108187,2025-11-16,Customer_0432,Smartphone,Electronics,4,89408.14,10255.85,Pune
109973,2025-11-16,Customer_2211,Jacket,Clothing,1,2420.87,397.49,Nashik
101032,2025-11-16,Customer_2395,Smartphone,Electronics,5,127865.21,23875.06,Pune
100937,2025-11-16,Customer_0942,Cookware,Home,2,4706.62,867.48,Nagpur
107949,2025-11-16,Customer_1181,Bookshelf,Furniture,7,43485.63,8741.59,Mumbai
102806,2025-11-16,Customer_1134,Jacket,Clothing,4,11849.81,2449.68,Nagpur
100040,2025-11-16,Customer_1668,Cookware,Home,8,19207.1,1354.73,Unknown
108660,2025-11-16,Customer_0865,Smartphone,Electronics,7,186406.19,18655.14,Kolhapur
104690,2025-11-16,Customer_2409,Jacket,Clothing,4,12769.17,2015.14,Nagpur
103554,2025-11-16,Customer_0740,Office Chair,Furniture,3,22576.44,3653.22,Mumbai
103692,2025-11-16,Customer_2454,T-Shirt,Clothing,3,2384.19,348.41,Kolhapur
106883,2025-11-16,Customer_1525,Desk,Furniture,2,20422.8,2147.21,Pune
109179,2025-11-16,Customer_1842,Vacuum Cleaner,Home,2,12474.8,1509.15,Kolhapur
103138,2025-11-16,Customer_2095,Jacket,Clothing,8,20293.67,3283.82,Nagpur
102566,2025-11-16,Customer_0909,Shoes,Clothing,1,2540.05,299.64,Kolhapur
106443,2025-11-16,Customer_0846,T-Shirt,Clothing,4,2866.89,508.44,Pune
106763,2025-11-17,Customer_1685,Headphones,Electronics,4,10123.99,1893.54,Nashik
100384,2025-11-17,Customer_2041,Jeans,Clothing,3,4246.03,327.45,Kolhapur
103893,2025-11-17,Customer_1240,Table,Furniture,1,8481.45,886.99,Pune
104437,2025-11-17,Customer_1714,Vacuum Cleaner,Home,1,7344.38,1328.7,Nagpur
108438,2025-11-17,Customer_1933,Desk,Furniture,1,10626.12,1213.1,Mumbai
100619,2025-11-17,Customer_0476,Office Chair,Furniture,7,52825.32,9442.64,Nagpur
104640,2025-11-17,Customer_0935,Lamp,Home,5,5873.46,1037.52,Kolhapur
107608,2025-11-17,Customer_1870,Backpack,Clothing,6,8688.59,1485.24,Aurangabad
108765,2025-11-17,Customer_0129,Tablet,Electronics,8,137799.86,29870.82,Kolhapur
107244,2025-11-17,Customer_2289,Headphones,Electronics,8,20461.83,1489.58,Mumbai
103382,2025-11-17,Customer_2064,T-Shirt,Clothing,2,1565.76,96.86,Kolhapur
103635,2025-11-17,Customer_1567,Monitor,Electronics,8,100101.2,8972.64,Aurangabad
105199,2025-11-17,Customer_1330,Jeans,Clothing,2,2798.33,383.52,Pune
109369,2025-11-17,Customer_1757,Jacket,Clothing,2,6239.69,409.24,Aurangabad
104896,2025-11-17,Customer_1493,Laptop,Electronics,8,388086.38,57436.63,Mumbai
105713,2025-11-17,Customer_2117,Shoes,Clothing,6,15526.74,1267.93,Aurangabad
104179,2025-11-17,Customer_0324,Mixer,Home,7,27588.99,3542.4,Kolhapur
108445,2025-11-17,Customer_2313,Vacuum Cleaner,Home,6,36118.01,3573.4,Kolhapur
102400,2025-11-17,Customer_2360,Bedsheet,Home,3,5543.68,1023.05,Nagpur
103339,2025-11-17,Customer_1722,Jeans,Clothing,2,2901.76,272.31,Nashik
103814,2025-11-17,Customer_0765,Tablet,Electronics,3,48121.07,7033.19,Pune
105382,2025-11-17,Customer_1763,Smartphone,Electronics,6,171216.47,36117.84,Pune
103397,2025-11-17,Customer_0706,Table,Furniture,7,61084.66,5002.89,Kolhapur
109945,2025-11-17,Customer_1549,Cabinet,Furniture,8,61799.33,5509.12,Nashik
105777,2025-11-17,Customer_1572,Cabinet,Furniture,3,21534.65,2106.9,Kolhapur
109559,2025-11-17,Customer_0276,Cabinet,Furniture,1,7215.3,655.26,Mumbai
101011,2025-11-17,Customer_2297,Jeans,Clothing,7,10259.57,945.81,Nagpur
100390,2025-11-18,Customer_2336,Tablet,Electronics,1,16668.87,3508.56,Kolhapur
107936,2025-11-18,Customer_1632,Office Chair,Furniture,6,48881.11,3511.01,Aurangabad
109744,2025-11-18,Customer_1765,Vacuum Cleaner,Home,1,5764.22,885.11,Pune
107045,2025-11-18,Customer_1915,Cookware,Home,7,14654.14,2739.63,Pune
100965,2025-11-18,Customer_2018,Laptop,Electronics,2,113033.18,20097.84,Kolhapur
104005,2025-11-18,Customer_0222,Cookware,Home,1,1964.58,257.88,Mumbai
106342,2025-11-18,Customer_2162,Office Chair,Furniture,8,60707.37,6342.3,Pune
104339,2025-11-18,Customer_0581,T-Shirt,Clothing,7,4165.46,837.94,Mumbai
104307,2025-11-18,Customer_1733,Cookware,Home,7,13210.26,1293.64,Kolhapur
104676,2025-11-18,Customer_1403,Table,Furniture,1,8581.93,539.07,Aurangabad
108741,2025-11-18,Customer_0557,Mixer,Home,7,26997.41,5687.3,Aurangabad
105763,2025-11-18,Customer_1309,Bookshelf,Furniture,7,37171.84,4453.09,Kolhapur
105690,2025-11-18,Customer_0895,Bedsheet,Home,4,6589.32,1271.48,Pune
108427,2025-11-18,Customer_2086,Tablet,Electronics,5,98518.49,12701.56,Kolhapur
106651,2025-11-18,Customer_0720,Shoes,Clothing,5,12691.87,2730.33,Kolhapur
101089,2025-11-18,Customer_2433,Bookshelf,Furniture,6,30853.36,3477.38,Aurangabad
108000,2025-11-18,Customer_2420,Table,Furniture,8,78214.77,11879.47,Nashik
104924,2025-11-18,Customer_0076,Monitor,Electronics,5,70827.78,9092.09,Mumbai
101621,2025-11-19,Customer_1598,Laptop,Electronics,6,316185.84,40746.08,Aurangabad
108909,2025-11-19,Customer_1839,Cookware,Home,5,10445.63,1034.09,Aurangabad
100511,2025-11-19,Customer_1010,Mixer,Home,5,17398.4,2580.05,Aurangabad
108702,2025-11-19,Customer_0504,Cabinet,Furniture,5,37091.94,2407.42,Aurangabad
108815,2025-11-19,Customer_1938,Laptop,Electronics,5,275000.61,47186.82,Nashik
102251,2025-11-19,Customer_0462,Backpack,Clothing,8,11516.19,1995.8,Nashik
104342,2025-11-19,Customer_2495,Desk,Furniture,2,23292.57,1661.81,Pune
107747,2025-11-19,Customer_0527,Cookware,Home,2,3975.18,611.93,Pune
103540,2025-11-19,Customer_0388,Lamp,Home,1,1146.55,80.41,Nagpur
109416,2025-11-19,Customer_1490,Lamp,Home,8,9828.96,2093.33,Mumbai
107535,2025-11-19,Customer_0148,Jacket,Clothing,5,12164.71,1746.3,Nagpur
109176,2025-11-19,Customer_2409,Smartphone,Electronics,8,211833.99,41635.49,Pune
104105,2025-11-19,Customer_1418,Jacket,Clothing,3,9176.2,933.52,Kolhapur
106705,2025-11-19,Customer_0166,Office Chair,Furniture,4,26320.19,2199.11,Aurangabad
100357,2025-11-19,Customer_1824,Tablet,Electronics,3,48464.19,8243.7,Pune
100350,2025-11-19,Customer_2324,Jacket,Clothing,7,22037.94,2058.0,Pune
105509,2025-11-19,Customer_1378,Bookshelf,Furniture,8,42690.18,7120.03,Kolhapur
108384,2025-11-19,Customer_2316,Office Chair,Furniture,7,49863.84,8781.6,Nashik
104028,2025-11-19,Customer_0958,Mixer,Home,7,24183.97,2999.37,Aurangabad
108439,2025-11-19,Customer_1580,Backpack,Clothing,8,10379.57,916.42,Nashik
101254,2025-11-19,Customer_0595,Bedsheet,Home,5,8552.17,660.04,Kolhapur
109336,2025-11-19,Customer_0207,Tablet,Electronics,2,35108.09,3991.57,Nagpur
101589,2025-11-19,Customer_0479,Shoes,Clothing,8,22438.13,4161.15,Nagpur
108255,2025-11-19,Customer_1568,Mixer,Home,1,3576.99,768.35,Aurangabad
108822,2025-11-19,Customer_0602,Bedsheet,Home,6,10286.73,2262.18,Pune
105283,2025-11-19,Customer_1990,Tablet,Electronics,2,31940.93,4507.75,Kolhapur
103177,2025-11-20,Customer_0946,Jeans,Clothing,5,6953.18,784.72,Nagpur
107726,2025-11-20,Customer_0445,Office Chair,Furniture,2,16333.36,3344.0,Pune
104094,2025-11-20,Customer_1627,T-Shirt,Clothing,8,4769.98,322.61,Pune
105456,2025-11-20,Customer_0992,T-Shirt,Clothing,5,3424.54,349.89,Pune
109449,2025-11-20,Customer_0031,Lamp,Home,7,8973.74,1230.59,Mumbai
107410,2025-11-20,Customer_1577,Jeans,Clothing,5,7134.54,1255.13,Nagpur
105956,2025-11-20,Customer_1681,Table,Furniture,7,64531.21,9039.94,Kolhapur
107717,2025-11-20,Customer_1477,Cookware,Home,8,17928.54,3260.15,Nashik
107234,2025-11-20,Customer_0973,Laptop,Electronics,4,241917.83,24668.34,Aurangabad
104046,2025-11-20,Customer_0323,Smartphone,Electronics,2,55370.2,6355.45,Aurangabad
108848,2025-11-20,Customer_1613,Monitor,Electronics,1,13996.57,1120.75,Kolhapur
107345,2025-11-20,Customer_0689,Table,Furniture,7,65734.77,13511.26,Kolhapur
109262,2025-11-20,Customer_0008,Backpack,Clothing,2,3035.23,218.21,Nashik
102579,2025-11-20,Customer_2192,Shoes,Clothing,6,14150.37,1867.12,Nashik
102092,2025-11-20,Customer_2310,T-Shirt,Clothing,1,608.78,75.63,Nagpur
102156,2025-11-20,Customer_1304,Cookware,Home,7,13909.18,2754.4,Kolhapur
105671,2025-11-20,Unknown Customer,Cookware,Home,1,2307.17,377.94,Pune
106914,2025-11-20,Customer_2291,Lamp,Home,6,6498.67,483.06,Pune
104171,2025-11-20,Customer_1691,Jeans,Clothing,5,8791.9,809.57,Nashik
103456,2025-11-20,Customer_1324,Desk,Furniture,7,84816.45,17284.82,Mumbai
100221,2025-11-20,Customer_1522,Backpack,Clothing,7,10892.36,1432.11,Pune
109823,2025-11-20,Customer_1757,Tablet,Electronics,7,117688.54,19481.2,Mumbai
101521,2025-11-20,Customer_1674,Table,Furniture,3,23410.41,5069.74,Mumbai
106479,2025-11-20,Customer_0434,Lamp,Home,7,9410.62,1885.19,Aurangabad
103300,2025-11-20,Customer_1972,Vacuum Cleaner,Home,2,13982.12,1844.95,Aurangabad
101696,2025-11-20,Customer_0786,Cabinet,Furniture,5,35242.92,6838.42,Aurangabad
101143,2025-11-20,Customer_1268,Tablet,Electronics,5,93138.05,11977.18,Aurangabad
100228,2025-11-21,Customer_1146,Tablet,Electronics,7,119832.84,18108.8,Pune
106472,2025-11-21,Customer_1025,Cookware,Home,8,19658.99,2650.16,Nashik
108095,2025-11-21,Customer_1591,Jacket,Clothing,4,10973.24,732.25,Pune
103691,2025-11-21,Customer_2284,Table,Furniture,4,41067.82,3760.42,Nagpur
103393,2025-11-21,Customer_0646,Mixer,Home,2,7994.87,987.72,Mumbai
105867,2025-11-21,Customer_1456,Office Chair,Furniture,3,23140.11,4292.81,Kolhapur
109693,2025-11-21,Customer_0936,Cabinet,Furniture,1,7402.96,1173.99,Nashik
107582,2025-11-21,Customer_0703,Smartphone,Electronics,6,130437.35,9533.9,Kolhapur
103171,2025-11-21,Customer_0095,Vacuum Cleaner,Home,7,47335.29,8626.8,Kolhapur
108057,2025-11-21,Customer_2156,Bookshelf,Furniture,3,19517.93,2575.94,Nagpur
101950,2025-11-21,Customer_2412,Smartphone,Electronics,5,140165.95,12852.75,Nagpur
109565,2025-11-21,Customer_0938,Vacuum Cleaner,Home,8,58640.16,6248.6,Aurangabad
100495,2025-11-21,Customer_2157,Desk,Furniture,4,52697.53,5081.16,Nashik
106641,2025-11-21,Customer_1871,Bookshelf,Furniture,5,26657.11,5800.18,Nashik
103055,2025-11-21,Customer_0312,Table,Furniture,6,61198.18,9652.16,Nashik
105607,2025-11-21,Customer_1467,Jeans,Clothing,7,10098.55,714.54,Mumbai
104613,2025-11-21,Customer_0019,Table,Furniture,2,20286.77,3162.47,Nagpur
103016,2025-11-21,Customer_2433,Vacuum Cleaner,Home,3,21925.97,3681.6,Nagpur
102016,2025-11-21,Customer_0529,Smartphone,Electronics,5,125348.34,18197.52,Nashik
108381,2025-11-22,Customer_1770,Desk,Furniture,1,12980.43,2077.68,Nagpur
104782,2025-11-22,Customer_0678,Vacuum Cleaner,Home,1,6310.85,1108.24,Nashik
101336,2025-11-22,Unknown Customer,Tablet,Electronics,4,68812.55,10238.31,Nashik
105892,2025-11-22,Customer_1708,Jeans,Clothing,1,1817.87,190.1,Nashik
102822,2025-11-22,Customer_0920,T-Shirt,Clothing,8,5984.42,1075.07,Aurangabad
102142,2025-11-22,Customer_0725,Bedsheet,Home,6,11133.42,1699.54,Kolhapur
102294,2025-11-22,Customer_1188,Table,Furniture,5,63696.02,4549.09,Nashik
101960,2025-11-22,Customer_0315,T-Shirt,Clothing,2,1359.5,234.36,Aurangabad
101683,2025-11-22,Customer_0009,T-Shirt,Clothing,3,1885.08,172.12,Kolhapur
104122,2025-11-22,Customer_2427,Monitor,Electronics,5,110822.72,21686.28,Mumbai
105864,2025-11-22,Customer_1695,Monitor,Electronics,7,109294.62,20332.45,Nashik
104350,2025-11-22,Customer_1616,Laptop,Electronics,4,203967.4,36747.84,Mumbai
109676,2025-11-22,Customer_2478,Smartphone,Electronics,1,28481.69,2199.19,Nashik
100981,2025-11-22,Customer_1994,Cookware,Home,6,11647.38,2435.6,Nashik
103771,2025-11-22,Customer_2182,Bookshelf,Furniture,7,37472.76,3565.46,Aurangabad
108013,2025-11-22,Customer_0907,Shoes,Clothing,6,14254.87,2293.13,Aurangabad
109255,2025-11-22,Customer_1212,Cookware,Home,4,8166.99,1691.76,Pune
107793,2025-11-22,Customer_0894,Desk,Furniture,6,66393.68,4992.83,Pune
109724,2025-11-22,Customer_1051,Monitor,Electronics,5,71997.03,7494.09,Nashik
107911,2025-11-22,Customer_2048,Jacket,Clothing,7,17518.06,2814.23,Aurangabad
100407,2025-11-22,Customer_2298,Cabinet,Furniture,4,30110.91,5169.39,Nashik
109164,2025-11-22,Customer_0626,Mixer,Home,8,30003.6,5328.23,Nagpur
109264,2025-11-22,Customer_1437,Jeans,Clothing,5,7591.41,1065.81,Nagpur
106798,2025-11-22,Customer_1586,Jacket,Clothing,5,15446.94,2411.07,Nagpur
109714,2025-11-22,Customer_0107,Table,Furniture,6,50082.91,4787.47,Nashik
100847,2025-11-22,Customer_0793,Backpack,Clothing,4,6584.93,904.66,Nashik
108749,2025-11-22,Customer_0108,Monitor,Electronics,3,36004.17,3599.64,Pune
107628,2025-11-23,Customer_2332,Backpack,Clothing,7,9794.62,787.29,Aurangabad
100153,2025-11-23,Customer_2306,Smartphone,Electronics,3,79361.93,10975.09,Nashik
109208,2025-11-23,Customer_2346,Cabinet,Furniture,3,23318.34,3470.53,Kolhapur
104898,2025-11-23,Customer_1968,Vacuum Cleaner,Home,6,39858.51,7738.94,Mumbai
105445,2025-11-23,Customer_2213,Mixer,Home,3,9449.68,640.93,Kolhapur
106790,2025-11-23,Customer_2477,Bookshelf,Furniture,1,5628.74,1218.82,Kolhapur
104026,2025-11-23,Customer_2053,Bedsheet,Home,1,1851.5,212.62,Pune
104077,2025-11-23,Customer_1800,Headphones,Electronics,3,8578.09,615.49,Kolhapur
100096,2025-11-23,Customer_0299,Smartphone,Electronics,8,226845.68,28976.65,Nagpur
102889,2025-11-23,Customer_2200,Mixer,Home,3,8932.96,680.55,Nashik
101213,2025-11-23,Customer_2443,Monitor,Electronics,2,29979.4,4134.84,Nagpur
106178,2025-11-23,Customer_1404,Bookshelf,Furniture,4,21310.98,3359.66,Nashik
105065,2025-11-23,Customer_1240,Desk,Furniture,5,63013.7,13579.85,Nashik
106176,2025-11-23,Customer_1779,Bedsheet,Home,4,7018.03,925.75,Aurangabad
103572,2025-11-23,Customer_1312,Cookware,Home,3,5796.56,640.11,Kolhapur
107972,2025-11-23,Customer_2245,Mixer,Home,5,18706.11,3577.04,Nashik
106664,2025-11-23,Customer_0711,Bookshelf,Furniture,7,37387.49,6792.76,Mumbai
107783,2025-11-23,Customer_1604,Desk,Furniture,1,11200.79,2069.34,Aurangabad
109043,2025-11-23,Customer_0028,Tablet,Electronics,4,81392.38,16261.71,Mumbai
105707,2025-11-23,Customer_1829,Laptop,Electronics,2,98686.37,14747.79,Aurangabad
107772,2025-11-23,Customer_0735,Cabinet,Furniture,5,41104.04,7522.44,Nagpur
101465,2025-11-24,Customer_1489,Jeans,Clothing,5,8517.21,660.43,Nagpur
100112,2025-11-24,Customer_1118,Table,Furniture,4,33367.96,3018.67,Nagpur
101054,2025-11-24,Customer_0054,Cabinet,Furniture,2,17122.82,2153.49,Mumbai
101851,2025-11-24,Customer_1675,Backpack,Clothing,2,2568.79,234.35,Pune
106532,2025-11-24,Customer_2312,Desk,Furniture,1,13460.78,922.78,Nagpur
107989,2025-11-24,Customer_2260,Smartphone,Electronics,6,134668.98,13511.0,Aurangabad
106280,2025-11-24,Customer_0829,Cookware,Home,1,2528.61,326.09,Nashik
105950,2025-11-24,Customer_0974,Bedsheet,Home,7,13435.21,2749.56,Aurangabad
108661,2025-11-24,Customer_1996,Table,Furniture,5,46227.81,6724.2,Mumbai
102066,2025-11-24,Customer_0358,Vacuum Cleaner,Home,4,25889.4,1909.49,Mumbai
105139,2025-11-24,Customer_0583,Vacuum Cleaner,Home,1,9627.65,1147.55,Mumbai
101256,2025-11-24,Customer_0399,Backpack,Clothing,1,1387.5,295.14,Kolhapur
103105,2025-11-24,Customer_0713,Monitor,Electronics,8,106492.23,9282.32,Nagpur
105144,2025-11-24,Customer_1966,Desk,Furniture,6,72089.61,13601.68,Mumbai
101034,2025-11-24,Customer_1522,Vacuum Cleaner,Home,3,17367.2,1851.47,Pune
109913,2025-11-24,Customer_1498,Jacket,Clothing,8,20649.42,1239.78,Mumbai
107088,2025-11-24,Customer_0471,Tablet,Electronics,7,133786.89,25364.82,Nashik
108794,2025-11-24,Customer_2159,Mixer,Home,6,18822.78,1300.83,Nagpur
108294,2025-11-24,Customer_2327,Vacuum Cleaner,Home,4,24825.97,4189.79,Pune
101604,2025-11-24,Customer_2498,Mixer,Home,2,6510.08,1397.83,Pune
107091,2025-11-24,Customer_0752,Headphones,Electronics,5,14020.94,2796.72,Aurangabad
103530,2025-11-24,Customer_0951,Desk,Furniture,8,97805.82,21119.94,Pune
104260,2025-11-24,Customer_1074,Monitor,Electronics,6,94551.84,19239.43,Kolhapur
101146,2025-11-24,Customer_2491,Bedsheet,Home,1,1712.36,324.57,Nagpur
103536,2025-11-24,Customer_2031,Jeans,Clothing,8,14017.22,1088.86,Kolhapur
106729,2025-11-24,Customer_1315,Smartphone,Electronics,4,106682.22,22802.45,Nagpur
102850,2025-11-25,Customer_0335,Desk,Furniture,6,66233.88,10212.14,Nashik
103755,2025-11-25,Customer_0678,Vacuum Cleaner,Home,5,32742.55,5105.95,Kolhapur
103529,2025-11-25,Customer_0276,Vacuum Cleaner,Home,5,34397.42,6021.87,Mumbai
109962,2025-11-25,Customer_0622,Smartphone,Electronics,4,114112.08,17174.28,Nashik
105534,2025-11-25,Customer_0575,Monitor,Electronics,2,26988.86,4308.55,Mumbai
102576,2025-11-25,Customer_1863,Cabinet,Furniture,7,56172.41,7269.02,Pune
108387,2025-11-25,Customer_0983,Headphones,Electronics,2,4835.47,689.33,Kolhapur
106365,2025-11-25,Customer_2407,T-Shirt,Clothing,7,4744.99,360.86,Kolhapur
107132,2025-11-25,Customer_2184,Backpack,Clothing,4,5606.29,1067.0,Nagpur
108286,2025-11-25,Customer_2142,Desk,Furniture,1,12781.94,1648.84,Nagpur
106389,2025-11-25,Customer_1298,Table,Furniture,4,36443.57,4032.13,Aurangabad
102442,2025-11-25,Customer_2004,Cookware,Home,8,19305.59,1871.69,Kolhapur
107557,2025-11-25,Customer_0243,Laptop,Electronics,4,228584.83,39921.85,Pune
107277,2025-11-25,Customer_1734,Desk,Furniture,8,98978.78,6833.67,Nagpur
109829,2025-11-25,Customer_1752,Backpack,Clothing,5,6308.72,481.56,Kolhapur
105653,2025-11-25,Customer_2296,Vacuum Cleaner,Home,4,28418.99,5195.47,Nagpur
106415,2025-11-26,Customer_0049,Table,Furniture,8,68999.56,10165.32,Mumbai
109357,2025-11-26,Customer_0687,T-Shirt,Clothing,5,3914.89,583.67,Aurangabad
106143,2025-11-26,Customer_1930,Cabinet,Furniture,1,7749.44,497.57,Pune
104594,2025-11-26,Customer_0489,Bookshelf,Furniture,3,15546.92,3284.4,Pune
108593,2025-11-26,Customer_1361,Monitor,Electronics,8,105357.28,20837.46,Nashik
107166,2025-11-26,Customer_2018,Office Chair,Furniture,7,55247.77,5917.76,Aurangabad
108246,2025-11-26,Customer_2047,Monitor,Electronics,5,66355.47,10786.68,Nashik
108005,2025-11-26,Customer_1330,Laptop,Electronics,8,437169.75,62061.93,Mumbai
100682,2025-11-26,Customer_1379,Vacuum Cleaner,Home,2,12996.24,2716.81,Nashik
101093,2025-11-26,Customer_0996,Laptop,Electronics,1,55529.95,5698.51,Kolhapur
100514,2025-11-26,Customer_1822,Laptop,Electronics,5,313416.39,19549.97,Nashik
102122,2025-11-26,Customer_2463,Bookshelf,Furniture,1,5572.47,553.07,Nagpur
109763,2025-11-26,Customer_2124,Cabinet,Furniture,8,66394.92,13254.74,Mumbai
100810,2025-11-26,Customer_2031,Cabinet,Furniture,8,64713.65,5990.26,Mumbai
106017,2025-11-26,Customer_1630,Jacket,Clothing,2,5040.11,661.93,Aurangabad
109691,2025-11-26,Customer_0508,Monitor,Electronics,4,54755.55,10304.02,Nashik
102907,2025-11-26,Customer_1588,Mixer,Home,1,3211.31,403.74,Kolhapur
101553,2025-11-26,Customer_1634,Jeans,Clothing,4,7215.28,891.91,Pune
107281,2025-11-26,Customer_0157,Tablet,Electronics,1,20571.7,3776.37,Nashik
104387,2025-11-26,Customer_2388,Backpack,Clothing,8,9901.23,678.7,Nashik
101429,2025-11-26,Customer_2460,Lamp,Home,8,10261.27,780.25,Aurangabad
101278,2025-11-26,Customer_1655,Bedsheet,Home,7,13503.39,1667.7,Aurangabad
108548,2025-11-26,Customer_2156,Smartphone,Electronics,2,43943.09,7786.36,Nashik
108348,2025-11-26,Customer_0977,Mixer,Home,3,10119.61,1874.79,Pune
101124,2025-11-26,Customer_1106,Tablet,Electronics,1,19870.12,3520.35,Nagpur
108419,2025-11-26,Customer_1543,Laptop,Electronics,6,352232.93,53181.52,Aurangabad
107125,2025-11-26,Customer_1651,Desk,Furniture,6,77264.05,9519.08,Kolhapur
100169,2025-11-27,Customer_1104,Cabinet,Furniture,1,7090.31,514.7,Kolhapur
109726,2025-11-27,Customer_0218,Cabinet,Furniture,6,47384.12,8162.21,Aurangabad
108036,2025-11-27,Customer_1522,Cabinet,Furniture,6,51192.27,6012.81,Mumbai
100950,2025-11-27,Customer_1424,Backpack,Clothing,6,7361.78,1494.19,Nashik
103939,2025-11-27,Customer_0218,Headphones,Electronics,6,14514.58,1145.66,Nagpur
104422,2025-11-27,Customer_1189,Laptop,Electronics,7,331094.48,46503.87,Mumbai
104266,2025-11-27,Customer_0578,Jeans,Clothing,2,2867.99,380.03,Aurangabad
104696,2025-11-27,Customer_0976,Headphones,Electronics,5,12289.75,1911.22,Kolhapur
100010,2025-11-27,Customer_1186,Laptop,Electronics,4,239975.31,23881.02,Pune
104813,2025-11-27,Customer_2339,T-Shirt,Clothing,5,3887.5,633.4,Mumbai
108690,2025-11-27,Customer_0354,Jacket,Clothing,5,14033.71,2108.48,Aurangabad
109225,2025-11-27,Customer_0027,Monitor,Electronics,2,28138.13,3759.7,Pune
102355,2025-11-27,Customer_0468,Table,Furniture,8,61320.83,4099.01,Pune
109126,2025-11-27,Customer_0205,Laptop,Electronics,6,308240.08,38618.44,Pune
108292,2025-11-27,Customer_0244,Cookware,Home,2,4828.44,876.28,Kolhapur
106559,2025-11-27,Customer_1961,Shoes,Clothing,6,13919.46,1258.85,Nagpur
100597,2025-11-27,Customer_1408,Mixer,Home,1,3188.14,421.79,Pune
105187,2025-11-27,Customer_0740,Bedsheet,Home,3,4984.99,577.54,Kolhapur
105726,2025-11-27,Customer_0186,Backpack,Clothing,1,1515.06,200.9,Nashik
107196,2025-11-27,Customer_2091,Headphones,Electronics,1,2543.72,319.62,Kolhapur
106337,2025-11-27,Customer_2117,Backpack,Clothing,5,6640.26,527.42,Pune
103849,2025-11-27,Customer_2192,Monitor,Electronics,4,56696.1,3569.28,Nashik
109772,2025-11-27,Customer_0853,Tablet,Electronics,5,96384.62,8185.49,Kolhapur
108988,2025-11-27,Customer_2216,Lamp,Home,5,6307.68,446.25,Mumbai
106516,2025-11-27,Customer_1088,Table,Furniture,5,43862.33,6804.62,Unknown
105573,2025-11-27,Customer_0802,Laptop,Electronics,8,379013.65,35383.88,Pune
103318,2025-11-27,Customer_0305,Jacket,Clothing,7,17189.12,1819.43,Kolhapur
109767,2025-11-27,Customer_0857,Bedsheet,Home,1,1546.82,313.28,Mumbai
104135,2025-11-28,Customer_0832,Cabinet,Furniture,5,41243.22,8619.67,Pune
101979,2025-11-28,Customer_1928,Bookshelf,Furniture,4,26666.96,3133.67,Nagpur
105569,2025-11-28,Customer_1128,Mixer,Home,8,31204.86,6442.07,Mumbai
104737,2025-11-28,Customer_1775,Vacuum Cleaner,Home,5,36202.73,4722.65,Nashik
106096,2025-11-28,Customer_1238,T-Shirt,Clothing,1,631.74,112.02,Kolhapur
105062,2025-11-28,Customer_2175,Backpack,Clothing,7,9943.0,1605.26,Mumbai
101110,2025-11-28,Customer_2133,Office Chair,Furniture,7,48439.59,4216.63,Aurangabad
103956,2025-11-28,Customer_0132,Vacuum Cleaner,Home,6,38439.49,4155.35,Nagpur
108768,2025-11-28,Customer_0859,Headphones,Electronics,4,9693.2,1265.55,Mumbai
109882,2025-11-28,Customer_1879,Laptop,Electronics,3,178924.98,34492.12,Nagpur
101595,2025-11-28,Customer_1978,Bookshelf,Furniture,2,12744.45,2376.4,Mumbai
105363,2025-11-28,Customer_1137,Mixer,Home,3,10025.84,1556.51,Mumbai
109079,2025-11-28,Customer_1758,Mixer,Home,1,3685.52,465.66,Kolhapur
109106,2025-11-28,Customer_1604,Headphones,Electronics,2,4595.85,443.09,Nagpur
107693,2025-11-28,Customer_0026,Bedsheet,Home,5,9388.79,700.97,Aurangabad
101904,2025-11-28,Customer_1194,Cookware,Home,8,15640.13,3078.77,Aurangabad
103184,2025-11-28,Customer_0369,T-Shirt,Clothing,4,2603.9,299.92,Aurangabad
105801,2025-11-28,Customer_2298,Bookshelf,Furniture,3,19766.77,3820.11,Nagpur
107451,2025-11-29,Customer_0213,Bedsheet,Home,5,9666.22,1890.65,Kolhapur
109632,2025-11-29,Customer_2081,T-Shirt,Clothing,4,2748.3,543.06,Aurangabad
105059,2025-11-29,Customer_0410,Shoes,Clothing,5,16289.0,1847.86,Mumbai
100999,2025-11-29,Customer_1014,Lamp,Home,4,4734.15,829.09,Aurangabad
105089,2025-11-29,Customer_2104,Headphones,Electronics,2,5291.93,640.82,Nagpur
108039,2025-11-29,Customer_1378,Headphones,Electronics,6,17032.02,1229.0,Aurangabad
102309,2025-11-29,Customer_0436,Desk,Furniture,2,26805.79,4218.96,Nagpur
106170,2025-11-29,Customer_2464,Mixer,Home,5,18956.21,2899.66,Mumbai
108400,2025-11-29,Customer_1488,Tablet,Electronics,8,135775.71,23036.15,Pune
109029,2025-11-29,Customer_1298,Bookshelf,Furniture,2,11842.61,1104.84,Nagpur
102544,2025-11-29,Customer_1914,Table,Furniture,3,25603.13,5317.85,Kolhapur
104677,2025-11-29,Customer_2390,Laptop,Electronics,5,254488.36,27864.51,Mumbai
106175,2025-11-29,Customer_1231,Office Chair,Furniture,3,22128.52,3125.11,Aurangabad
108978,2025-11-29,Customer_1059,Cookware,Home,8,19795.38,1787.85,Nashik
103940,2025-11-29,Customer_1612,Lamp,Home,1,1301.08,153.79,Nashik
105746,2025-11-29,Customer_0558,Mixer,Home,8,28159.56,4719.59,Pune
105588,2025-11-29,Customer_0019,Backpack,Clothing,8,9701.16,1471.96,Kolhapur
109281,2025-11-29,Customer_0165,Headphones,Electronics,8,18677.83,1280.95,Nagpur
109005,2025-11-29,Customer_1723,Cabinet,Furniture,5,34657.12,4302.27,Nashik
108240,2025-11-29,Customer_0726,Backpack,Clothing,8,11488.64,1130.33,Kolhapur
103091,2025-11-29,Customer_1651,Tablet,Electronics,6,119003.99,14002.07,Pune
106271,2025-11-29,Customer_2029,Office Chair,Furniture,7,50107.4,4817.22,Aurangabad
106043,2025-11-30,Unknown Customer,Cabinet,Furniture,1,7392.35,1602.33,Mumbai
102161,2025-11-30,Customer_2343,Office Chair,Furniture,2,16130.17,2489.93,Nagpur
108721,2025-11-30,Customer_0310,Office Chair,Furniture,4,30046.01,3721.39,Nagpur
101024,2025-11-30,Customer_2225,Shoes,Clothing,2,4744.03,389.57,Nagpur
106833,2025-11-30,Customer_2340,Cabinet,Furniture,4,31106.76,6377.01,Aurangabad
103146,2025-11-30,Customer_0838,Backpack,Clothing,6,7961.99,1701.85,Nagpur
105990,2025-11-30,Customer_1475,Headphones,Electronics,4,8527.67,825.58,Kolhapur
106202,2025-11-30,Customer_0587,Laptop,Electronics,4,220917.71,33795.41,Kolhapur
108434,2025-11-30,Customer_0235,Backpack,Clothing,6,7923.71,648.59,Nashik
107499,2025-11-30,Customer_1036,Bookshelf,Furniture,2,13593.32,2365.13,Pune
109873,2025-11-30,Customer_2485,Desk,Furniture,6,76730.76,5099.7,Nashik
105555,2025-11-30,Customer_2471,Table,Furniture,6,57587.74,6467.87,Nagpur
106193,2025-11-30,Customer_0270,Table,Furniture,5,50081.51,4005.33,Nashik
102419,2025-11-30,Customer_0848,Jeans,Clothing,2,3512.58,737.23,Kolhapur
106719,2025-11-30,Customer_0721,Desk,Furniture,7,82443.33,15586.88,Nagpur
109715,2025-11-30,Customer_1716,Shoes,Clothing,7,15708.78,3453.76,Kolhapur
109334,2025-11-30,Customer_1712,Tablet,Electronics,2,34830.45,5085.35,Mumbai
106174,2025-11-30,Customer_2119,Bookshelf,Furniture,2,13327.06,2681.91,Kolhapur
105794,2025-11-30,Customer_1335,Shoes,Clothing,7,19912.66,3529.11,Pune
102004,2025-11-30,Customer_1765,Backpack,Clothing,2,2689.43,468.19,Mumbai
107802,2025-12-01,Customer_1364,Shoes,Clothing,4,9864.66,1463.13,Pune
103659,2025-12-01,Customer_0828,Mixer,Home,1,3074.03,395.01,Pune
108842,2025-12-01,Customer_2057,Shoes,Clothing,3,7432.15,792.51,Pune
106784,2025-12-01,Customer_0380,Office Chair,Furniture,2,14518.23,2501.03,Kolhapur
100969,2025-12-01,Customer_1960,Monitor,Electronics,7,95930.32,14264.03,Kolhapur
105386,2025-12-01,Customer_0930,Vacuum Cleaner,Home,3,18238.86,1874.22,Pune
104669,2025-12-01,Customer_0133,Vacuum Cleaner,Home,4,22788.6,2103.63,Nashik
103365,2025-12-01,Customer_2327,Backpack,Clothing,7,8584.57,1328.82,Nashik
106584,2025-12-01,Customer_0670,Jacket,Clothing,8,24871.0,2622.99,Aurangabad
100975,2025-12-01,Customer_2043,Jacket,Clothing,3,8087.63,1705.01,Nagpur
104679,2025-12-01,Customer_2366,Jacket,Clothing,7,19088.76,2618.9,Mumbai
100795,2025-12-01,Customer_0206,Jacket,Clothing,8,20901.61,4137.97,Pune
100800,2025-12-01,Customer_1642,Jeans,Clothing,2,3488.35,464.38,Nagpur
108174,2025-12-01,Customer_0681,T-Shirt,Clothing,5,3941.53,285.55,Aurangabad
108052,2025-12-01,Customer_2472,Monitor,Electronics,5,64974.22,7986.34,Nashik
101689,2025-12-01,Customer_1466,Office Chair,Furniture,5,42427.36,8150.61,Mumbai
101925,2025-12-01,Customer_1573,Monitor,Electronics,3,36399.1,3841.07,Nagpur
109592,2025-12-01,Customer_0298,Desk,Furniture,5,64893.54,7969.66,Aurangabad
105847,2025-12-01,Customer_2094,Mixer,Home,7,27054.36,5354.46,Nagpur
105659,2025-12-01,Customer_2198,Jacket,Clothing,2,4866.06,780.72,Aurangabad
101460,2025-12-01,Customer_0154,Office Chair,Furniture,6,36333.11,8739.37,Nagpur
107596,2025-12-01,Customer_1038,Cookware,Home,6,13301.32,1047.94,Nashik
104532,2025-12-02,Customer_0565,Monitor,Electronics,3,43832.9,2943.97,Aurangabad
109468,2025-12-02,Customer_0112,Desk,Furniture,6,67305.34,7259.16,Pune
102980,2025-12-02,Unknown Customer,Lamp,Home,8,10155.58,2019.12,Kolhapur
101632,2025-12-02,Customer_0378,Bedsheet,Home,2,4044.13,773.64,Pune
100499,2025-12-02,Customer_0230,Vacuum Cleaner,Home,8,56592.39,4291.68,Aurangabad
102402,2025-12-02,Customer_2272,Tablet,Electronics,5,76831.85,11907.74,Aurangabad
106772,2025-12-02,Customer_2229,Shoes,Clothing,3,8229.23,789.65,Pune
104237,2025-12-02,Unknown Customer,Mixer,Home,3,9844.84,1816.37,Nashik
108843,2025-12-02,Customer_1600,Shoes,Clothing,3,7449.49,929.33,Nagpur
107317,2025-12-02,Customer_0919,Lamp,Home,4,4767.23,747.21,Nagpur
102042,2025-12-02,Customer_1018,Laptop,Electronics,3,177181.07,16436.78,Pune
100826,2025-12-02,Customer_0191,T-Shirt,Clothing,7,4492.74,404.75,Aurangabad
105759,2025-12-02,Customer_0789,Cabinet,Furniture,2,15336.68,3359.77,Nagpur
106368,2025-12-02,Customer_1991,Jacket,Clothing,6,14403.13,3142.19,Pune
107975,2025-12-02,Customer_0277,Office Chair,Furniture,1,6942.84,481.6,Nashik
102734,2025-12-02,Customer_1958,Monitor,Electronics,6,80869.14,17564.55,Nashik
108124,2025-12-02,Customer_0656,Monitor,Electronics,6,94121.46,14389.76,Aurangabad
103975,2025-12-02,Customer_0033,Bookshelf,Furniture,6,39168.12,7169.48,Mumbai
104755,2025-12-02,Customer_0307,Laptop,Electronics,4,252463.72,17354.22,Pune
107367,2025-12-02,Customer_2398,Monitor,Electronics,7,93787.9,20416.87,Kolhapur
104643,2025-12-02,Customer_0664,Table,Furniture,1,10238.72,1881.08,Kolhapur
106996,2025-12-02,Customer_1784,Cabinet,Furniture,7,51931.47,8847.89,Pune
102843,2025-12-02,Customer_0661,Monitor,Electronics,7,109870.13,22538.62,Aurangabad
107387,2025-12-02,Customer_1882,Monitor,Electronics,3,35841.61,3453.38,Mumbai
102380,2025-12-02,Customer_2077,T-Shirt,Clothing,2,1284.52,175.06,Nagpur
100525,2025-12-03,Customer_1621,Bookshelf,Furniture,1,6811.09,1203.85,Nashik
105827,2025-12-03,Customer_1883,Jeans,Clothing,8,12993.94,2248.42,Nashik
101401,2025-12-03,Customer_0751,Monitor,Electronics,4,59858.95,11358.98,Pune
105889,2025-12-03,Customer_1334,Cookware,Home,5,10975.06,808.58,Nashik
103532,2025-12-03,Customer_1914,Shoes,Clothing,2,5299.07,941.21,Kolhapur
106014,2025-12-03,Customer_0145,Laptop,Electronics,8,380405.43,34283.98,Nagpur
106915,2025-12-03,Customer_2011,Headphones,Electronics,6,16712.78,3400.55,Mumbai
108153,2025-12-03,Customer_0311,Cabinet,Furniture,4,35845.55,6625.02,Nagpur
108158,2025-12-03,Customer_0560,Jeans,Clothing,2,3140.96,332.5,Kolhapur
101202,2025-12-03,Customer_0463,Laptop,Electronics,8,396596.39,30425.76,Nashik
105171,2025-12-03,Customer_2411,Desk,Furniture,5,68382.4,6752.59,Kolhapur
108730,2025-12-03,Customer_2229,Jeans,Clothing,8,11735.42,2523.85,Pune
100871,2025-12-03,Customer_2060,Laptop,Electronics,6,357014.52,40783.62,Pune
103646,2025-12-03,Customer_0662,Bedsheet,Home,4,6761.2,570.54,Nagpur
102798,2025-12-03,Customer_2485,Vacuum Cleaner,Home,7,39551.27,5777.16,Kolhapur
104215,2025-12-03,Customer_1474,T-Shirt,Clothing,7,5485.44,881.96,Aurangabad
105077,2025-12-03,Customer_1486,T-Shirt,Clothing,4,2538.25,443.53,Nagpur
107034,2025-12-03,Customer_1936,Smartphone,Electronics,1,21745.34,1774.75,Nashik
106513,2025-12-03,Customer_1508,Bookshelf,Furniture,6,38652.63,7099.91,Nashik
105437,2025-12-03,Customer_2325,Cookware,Home,1,1981.28,124.76,Aurangabad
108743,2025-12-03,Customer_1714,Vacuum Cleaner,Home,7,49759.42,10333.37,Nashik
109494,2025-12-03,Customer_2111,Cookware,Home,3,5920.43,484.33,Aurangabad
101737,2025-12-03,Customer_0732,Bookshelf,Furniture,4,21275.43,3169.38,Mumbai
109476,2025-12-03,Customer_1700,Bookshelf,Furniture,7,48156.49,3402.1,Nashik
105514,2025-12-03,Customer_1587,Cabinet,Furniture,7,57431.08,10348.54,Nashik
103798,2025-12-03,Customer_1288,Cookware,Home,7,13971.26,2389.69,Mumbai
103533,2025-12-03,Customer_0840,Tablet,Electronics,1,16868.22,1831.16,Mumbai
107736,2025-12-03,Customer_2201,Cabinet,Furniture,6,43432.32,4724.14,Nagpur
100793,2025-12-04,Customer_0611,Laptop,Electronics,8,440336.28,86194.43,Pune
106940,2025-12-04,Customer_0881,Headphones,Electronics,4,10569.02,1851.23,Mumbai
105664,2025-12-04,Customer_2235,Mixer,Home,2,6627.96,576.84,Nashik
109884,2025-12-04,Customer_2056,Headphones,Electronics,7,19464.0,4149.85,Nashik
109608,2025-12-04,Customer_0318,Laptop,Electronics,5,313688.25,51708.94,Mumbai
105015,2025-12-04,Customer_0875,Lamp,Home,4,4866.37,1037.75,Aurangabad
108753,2025-12-04,Customer_0690,Office Chair,Furniture,4,26381.72,4452.21,Nagpur
100291,2025-12-04,Customer_1896,Laptop,Electronics,7,439425.9,57162.89,Kolhapur
104297,2025-12-04,Customer_1444,Vacuum Cleaner,Home,2,12720.57,1709.08,Kolhapur
109702,2025-12-04,Customer_0953,Mixer,Home,7,27498.89,2053.63,Mumbai
106581,2025-12-04,Customer_0209,Laptop,Electronics,8,479217.11,101829.25,Pune
100084,2025-12-04,Customer_2484,Jacket,Clothing,7,22151.85,1979.77,Kolhapur
104424,2025-12-04,Customer_0745,Table,Furniture,8,77401.82,7176.09,Nagpur
103703,2025-12-04,Customer_0012,Shoes,Clothing,7,15639.23,3018.09,Pune
108655,2025-12-04,Customer_0170,T-Shirt,Clothing,1,794.21,70.44,Nashik
102856,2025-12-04,Customer_1415,Cookware,Home,4,7943.63,949.29,Pune
100250,2025-12-04,Customer_1281,Headphones,Electronics,5,19017.46,2208.99,Aurangabad
107885,2025-12-04,Customer_1479,Headphones,Electronics,1,2502.4,266.52,Mumbai
107119,2025-12-04,Customer_0097,Smartphone,Electronics,5,130697.49,8387.29,Nashik
102489,2025-12-04,Customer_0041,Desk,Furniture,8,87667.6,14016.86,Nashik
106958,2025-12-04,Customer_0874,T-Shirt,Clothing,1,761.93,122.4,Nagpur
106228,2025-12-04,Customer_1992,Jeans,Clothing,1,1751.05,193.26,Kolhapur
103298,2025-12-04,Customer_0271,Laptop,Electronics,4,196476.11,32568.73,Nashik
106253,2025-12-04,Customer_0008,Table,Furniture,3,23797.99,2162.9,Aurangabad
101573,2025-12-04,Customer_0024,Tablet,Electronics,1,17394.65,2090.03,Nagpur
105164,2025-12-04,Customer_0118,Jeans,Clothing,4,6966.31,1495.44,Mumbai
101797,2025-12-04,Customer_0676,Shoes,Clothing,8,20330.5,3634.95,Nashik
103466,2025-12-04,Customer_0446,Laptop,Electronics,5,296634.19,42497.42,Kolhapur
103048,2025-12-04,Customer_0887,Headphones,Electronics,1,2585.09,325.5,Mumbai
109940,2025-12-04,Customer_1024,Laptop,Electronics,7,390890.56,30400.46,Nashik
104851,2025-12-05,Customer_1084,Table,Furniture,5,39596.94,5781.94,Nashik
104649,2025-12-05,Customer_2247,Bookshelf,Furniture,4,25057.39,5393.53,Nagpur
104221,2025-12-05,Customer_2349,Desk,Furniture,8,109062.92,9739.5,Pune
109908,2025-12-05,Customer_1439,Lamp,Home,6,7021.01,1168.28,Kolhapur
104232,2025-12-05,Customer_1544,Tablet,Electronics,3,61461.73,10457.44,Aurangabad
104234,2025-12-05,Customer_0829,Monitor,Electronics,4,58735.09,11458.83,Nashik
101045,2025-12-05,Customer_1860,Backpack,Clothing,6,8187.78,1278.71,Pune
104686,2025-12-05,Customer_1588,Smartphone,Electronics,2,49943.53,10190.69,Mumbai
106148,2025-12-05,Customer_2171,Tablet,Electronics,5,92458.91,18892.78,Nagpur
104895,2025-12-05,Customer_2188,Headphones,Electronics,7,17958.61,1167.56,Mumbai
100616,2025-12-05,Customer_1270,Bookshelf,Furniture,2,12401.38,2125.16,Pune
100576,2025-12-05,Customer_0847,Cookware,Home,3,6639.92,785.97,Mumbai
107255,2025-12-05,Customer_0570,Laptop,Electronics,3,175309.7,33459.97,Kolhapur
102037,2025-12-06,Customer_0668,T-Shirt,Clothing,5,3648.7,341.22,Mumbai
109505,2025-12-06,Customer_1840,Lamp,Home,3,3639.21,538.05,Aurangabad
106470,2025-12-06,Customer_1840,Laptop,Electronics,4,188330.65,18637.39,Kolhapur
100503,2025-12-06,Customer_0735,Headphones,Electronics,1,2155.73,372.53,Nashik
109351,2025-12-06,Customer_0066,Backpack,Clothing,6,8695.4,1707.41,Pune
106624,2025-12-06,Customer_1201,Bedsheet,Home,6,9890.03,1958.41,Nashik
101781,2025-12-06,Customer_1510,Tablet,Electronics,1,15791.76,2144.95,Kolhapur
100055,2025-12-06,Customer_0492,Smartphone,Electronics,7,188325.22,17900.21,Kolhapur
109283,2025-12-06,Customer_2413,Jeans,Clothing,4,6605.6,671.32,Kolhapur
109822,2025-12-06,Customer_0004,Vacuum Cleaner,Home,2,11423.48,1723.66,Kolhapur
105891,2025-12-06,Customer_2450,Smartphone,Electronics,7,160516.94,12357.1,Nashik
103234,2025-12-06,Customer_0927,Backpack,Clothing,4,4963.31,1036.33,Pune
104783,2025-12-06,Customer_0924,Backpack,Clothing,6,8863.63,1898.08,Nagpur
100167,2025-12-06,Customer_2450,Bedsheet,Home,2,3788.12,611.11,Pune
104785,2025-12-06,Customer_2113,Cookware,Home,4,9068.66,1993.14,Nagpur
104940,2025-12-06,Customer_1405,Backpack,Clothing,1,1379.26,155.91,Mumbai
106802,2025-12-06,Customer_0839,Mixer,Home,8,26607.14,3090.49,Nashik
103815,2025-12-06,Customer_0742,Desk,Furniture,5,53626.01,7962.71,Nagpur
106162,2025-12-06,Customer_0542,Vacuum Cleaner,Home,8,45107.19,8856.4,Pune
107800,2025-12-06,Customer_1176,Desk,Furniture,3,38656.42,3148.69,Nagpur
109152,2025-12-06,Customer_1434,Jeans,Clothing,7,10938.79,2071.42,Aurangabad
105310,2025-12-06,Customer_1504,Bookshelf,Furniture,7,36473.72,7551.14,Pune
106310,2025-12-06,Customer_1677,Bookshelf,Furniture,8,47261.87,9361.83,Kolhapur
103731,2025-12-06,Customer_2450,Monitor,Electronics,5,66766.05,8826.0,Nagpur
100284,2025-12-06,Customer_0600,Desk,Furniture,2,22705.3,3797.25,Nashik
109630,2025-12-06,Customer_0014,Tablet,Electronics,2,36804.11,2690.32,Mumbai
106444,2025-12-07,Customer_1036,Jacket,Clothing,5,12165.23,1884.82,Pune
102884,2025-12-07,Customer_1677,Jeans,Clothing,5,8761.0,1682.04,Aurangabad
104455,2025-12-07,Customer_0081,Jacket,Clothing,2,5159.04,870.13,Pune
102045,2025-12-07,Unknown Customer,Cookware,Home,5,12107.27,1499.64,Nagpur
102908,2025-12-07,Customer_2309,Smartphone,Electronics,1,27826.36,4018.19,Kolhapur
105705,2025-12-07,Customer_2104,Cookware,Home,3,6261.44,818.52,Mumbai
107298,2025-12-07,Customer_1027,Tablet,Electronics,3,57792.03,4442.07,Nagpur
108490,2025-12-07,Customer_0564,Bedsheet,Home,7,11402.71,2093.13,Nagpur
104392,2025-12-07,Customer_2167,Smartphone,Electronics,5,108819.72,21641.96,Kolhapur
107177,2025-12-07,Customer_0106,Cookware,Home,3,7082.13,473.73,Pune
100729,2025-12-07,Unknown Customer,Office Chair,Furniture,8,54344.98,11764.54,Nashik
105684,2025-12-07,Customer_1805,Table,Furniture,7,54596.67,3718.21,Kolhapur
108596,2025-12-07,Customer_1310,Backpack,Clothing,1,1310.51,84.4,Nashik
104494,2025-12-07,Customer_0436,Smartphone,Electronics,2,54635.28,7695.58,Kolhapur
106922,2025-12-07,Customer_1006,Table,Furniture,5,42496.59,6822.62,Nashik
103451,2025-12-07,Customer_2156,Bookshelf,Furniture,4,23491.27,4648.01,Nashik
100783,2025-12-07,Customer_0475,Laptop,Electronics,1,60960.33,5166.36,Nagpur
109348,2025-12-07,Customer_1039,Cookware,Home,8,16709.01,2482.81,Kolhapur
102352,2025-12-07,Customer_1146,Vacuum Cleaner,Home,8,49228.4,6403.61,Pune
108943,2025-12-07,Customer_1587,Shoes,Clothing,8,17674.7,3867.66,Mumbai
106761,2025-12-07,Unknown Customer,Cabinet,Furniture,8,56347.04,4579.46,Nagpur
105211,2025-12-07,Customer_0629,Laptop,Electronics,5,239104.8,29196.09,Pune
100475,2025-12-07,Unknown Customer,Table,Furniture,4,39066.69,5177.19,Nashik
107306,2025-12-07,Customer_1495,Desk,Furniture,4,54447.97,9548.56,Mumbai
109797,2025-12-08,Customer_1881,Laptop,Electronics,1,51555.61,4275.26,Mumbai
107617,2025-12-08,Customer_0948,Cabinet,Furniture,7,63391.72,9333.92,Kolhapur
100363,2025-12-08,Customer_2154,Shoes,Clothing,8,19349.22,3369.31,Nagpur
101304,2025-12-08,Customer_1705,Monitor,Electronics,5,67404.14,11294.38,Aurangabad
105213,2025-12-08,Customer_1310,T-Shirt,Clothing,5,3624.0,256.53,Aurangabad
107429,2025-12-08,Customer_1626,Cabinet,Furniture,6,50307.93,8934.65,Kolhapur
101208,2025-12-08,Customer_2421,Headphones,Electronics,4,8939.12,806.57,Nagpur
109294,2025-12-08,Customer_0389,Monitor,Electronics,7,88972.7,7424.76,Nagpur
102364,2025-12-08,Customer_0666,Bedsheet,Home,5,8815.64,1423.27,Nagpur
106655,2025-12-08,Customer_0069,Desk,Furniture,3,34759.09,2712.71,Mumbai
100733,2025-12-08,Customer_0866,Smartphone,Electronics,8,186838.13,40274.22,Nagpur
100403,2025-12-08,Customer_0606,Cookware,Home,7,13400.65,1800.38,Aurangabad
100620,2025-12-08,Customer_0490,Headphones,Electronics,3,7521.9,959.73,Pune
103443,2025-12-08,Customer_2227,Bookshelf,Furniture,6,33261.77,2757.79,Aurangabad
104133,2025-12-08,Customer_2363,Tablet,Electronics,6,99197.57,12012.55,Kolhapur
103208,2025-12-08,Customer_2419,Cookware,Home,8,19676.84,1722.02,Aurangabad
105920,2025-12-08,Customer_0793,Laptop,Electronics,2,96964.68,21188.45,Kolhapur
107150,2025-12-08,Customer_0980,Smartphone,Electronics,3,79186.71,5034.03,Aurangabad
102837,2025-12-08,Customer_0268,Office Chair,Furniture,6,40386.23,3506.26,Aurangabad
100564,2025-12-08,Customer_1471,Vacuum Cleaner,Home,1,6258.81,739.23,Pune
109350,2025-12-09,Customer_1055,Mixer,Home,6,21959.1,1845.79,Nagpur
104139,2025-12-09,Customer_1430,Headphones,Electronics,1,2253.46,437.42,Nagpur
104864,2025-12-09,Customer_0996,Jacket,Clothing,1,3055.0,288.61,Nagpur
107441,2025-12-09,Customer_0563,Office Chair,Furniture,6,48375.46,6323.37,Mumbai
102537,2025-12-09,Customer_1063,Desk,Furniture,5,52998.94,9308.84,Aurangabad
103760,2025-12-09,Customer_0181,Headphones,Electronics,7,17492.49,2542.22,Nagpur
106326,2025-12-09,Customer_0937,Desk,Furniture,2,26416.24,3193.81,Nagpur
103183,2025-12-09,Customer_0149,Desk,Furniture,4,46061.85,6230.75,Nagpur
105666,2025-12-09,Customer_0712,Bookshelf,Furniture,4,22804.47,4432.67,Pune
104053,2025-12-09,Customer_0855,Mixer,Home,7,26054.62,3306.88,Nashik
106273,2025-12-09,Customer_0630,Jacket,Clothing,8,24087.19,3431.15,Pune
105843,2025-12-09,Customer_1288,Monitor,Electronics,7,112164.32,21204.35,Pune
107202,2025-12-09,Customer_1832,Lamp,Home,5,5955.87,423.14,Nagpur
109620,2025-12-09,Customer_1449,Monitor,Electronics,5,74658.01,15863.38,Mumbai
103687,2025-12-09,Customer_2211,Backpack,Clothing,6,8537.54,1604.83,Nashik
103073,2025-12-09,Customer_1476,Table,Furniture,7,55659.3,5006.18,Nagpur
106838,2025-12-09,Customer_1781,Monitor,Electronics,7,96107.22,13705.9,Kolhapur
106292,2025-12-09,Customer_0323,Smartphone,Electronics,6,162393.65,23380.36,Aurangabad
103292,2025-12-09,Customer_0059,Jeans,Clothing,5,6367.27,685.83,Aurangabad
105874,2025-12-09,Customer_0882,Backpack,Clothing,3,4686.69,769.25,Kolhapur
103445,2025-12-09,Customer_1261,Tablet,Electronics,7,108571.69,7139.5,Nagpur
106298,2025-12-09,Customer_0794,Monitor,Electronics,7,110088.39,15548.55,Nagpur
108982,2025-12-09,Customer_0884,T-Shirt,Clothing,6,3686.39,257.02,Pune
101537,2025-12-10,Customer_0609,Mixer,Home,4,13004.1,854.63,Pune
104608,2025-12-10,Customer_2259,Tablet,Electronics,7,110762.52,10826.39,Nashik
103113,2025-12-10,Customer_2152,Shoes,Clothing,1,2626.18,458.8,Aurangabad
108750,2025-12-10,Customer_1630,Shoes,Clothing,3,7356.61,1183.69,Pune
105878,2025-12-10,Customer_1277,Cabinet,Furniture,3,25702.01,5521.97,Mumbai
109318,2025-12-10,Customer_1697,Jacket,Clothing,6,17738.96,2447.1,Nagpur
103402,2025-12-10,Customer_1617,Monitor,Electronics,8,99505.34,14123.45,Aurangabad
104518,2025-12-10,Customer_1230,Monitor,Electronics,6,95710.08,19150.54,Kolhapur
101193,2025-12-10,Customer_0119,Mixer,Home,3,10761.45,1337.27,Nagpur
106903,2025-12-10,Customer_1438,Cookware,Home,3,6197.66,1360.58,Aurangabad
101788,2025-12-10,Customer_2478,Mixer,Home,7,21854.47,2529.09,Mumbai
100098,2025-12-10,Customer_0023,Cookware,Home,3,5701.22,838.2,Pune
101680,2025-12-10,Customer_1770,Smartphone,Electronics,5,125199.95,20486.9,Mumbai
109221,2025-12-10,Customer_0017,Cookware,Home,5,12452.18,750.02,Aurangabad
105017,2025-12-10,Customer_1913,Bedsheet,Home,8,13769.26,2047.46,Mumbai
105221,2025-12-10,Customer_0714,Smartphone,Electronics,4,105711.8,8802.37,Nashik
103261,2025-12-10,Customer_1267,Bedsheet,Home,4,6316.34,899.21,Aurangabad
106351,2025-12-10,Customer_0006,Bookshelf,Furniture,4,25520.69,3073.22,Pune
107590,2025-12-10,Customer_0036,Laptop,Electronics,7,334020.49,59584.38,Nagpur
102922,2025-12-10,Unknown Customer,Lamp,Home,5,6459.26,1218.22,Nagpur
101528,2025-12-10,Customer_0022,Backpack,Clothing,1,1346.24,263.22,Nashik
107400,2025-12-10,Customer_1315,Bookshelf,Furniture,8,50780.8,6347.77,Mumbai
103256,2025-12-10,Customer_1166,Backpack,Clothing,2,3101.86,236.52,Mumbai
102538,2025-12-10,Customer_2007,Lamp,Home,2,2232.61,426.9,Nashik
108595,2025-12-10,Customer_0117,Cabinet,Furniture,1,8405.12,1424.33,Pune
105376,2025-12-11,Customer_2049,Cabinet,Furniture,3,22145.26,2312.39,Pune
100095,2025-12-11,Customer_0604,Jeans,Clothing,4,7089.9,550.2,Pune
109099,2025-12-11,Customer_0677,Laptop,Electronics,3,186959.72,26196.63,Nashik
105073,2025-12-11,Customer_0284,Office Chair,Furniture,5,37067.2,4034.48,Mumbai
104320,2025-12-11,Customer_0075,Backpack,Clothing,1,1318.15,202.81,Kolhapur
105123,2025-12-11,Customer_0918,Table,Furniture,4,34830.88,6512.1,Nashik
102433,2025-12-11,Customer_0014,Monitor,Electronics,4,59043.7,7486.33,Nagpur
106358,2025-12-11,Customer_1963,Jeans,Clothing,3,4155.57,634.39,Aurangabad
109735,2025-12-11,Customer_1368,Headphones,Electronics,4,10091.01,951.98,Mumbai
109923,2025-12-11,Customer_1420,Cookware,Home,7,15949.75,1002.14,Aurangabad
109084,2025-12-11,Customer_0120,Headphones,Electronics,1,2519.53,155.63,Nagpur
106372,2025-12-11,Customer_1349,Cabinet,Furniture,1,7023.15,1119.35,Pune
104893,2025-12-11,Customer_2493,Bedsheet,Home,7,11481.15,910.57,Pune
101962,2025-12-11,Customer_0044,Headphones,Electronics,8,18890.34,2716.2,Nagpur
105337,2025-12-11,Customer_0910,Office Chair,Furniture,7,46838.25,8314.67,Nashik
109040,2025-12-11,Customer_0897,Cookware,Home,2,3745.91,408.72,Nagpur
109007,2025-12-11,Customer_2456,Cabinet,Furniture,8,64684.77,10049.12,Pune
101643,2025-12-11,Customer_2416,Smartphone,Electronics,3,85251.48,5505.63,Nagpur
102067,2025-12-11,Customer_0071,T-Shirt,Clothing,4,3088.4,540.1,Nashik
106190,2025-12-11,Customer_1100,Office Chair,Furniture,2,14029.02,2871.14,Aurangabad
102639,2025-12-11,Customer_1637,Mixer,Home,6,22160.52,2093.88,Aurangabad
104445,2025-12-11,Customer_0842,Monitor,Electronics,8,100393.62,19861.47,Kolhapur
100028,2025-12-11,Customer_2454,Cabinet,Furniture,1,8454.27,679.19,Nashik
103812,2025-12-12,Customer_1625,T-Shirt,Clothing,2,1543.5,287.46,Aurangabad
100437,2025-12-12,Customer_1506,T-Shirt,Clothing,5,3899.68,491.62,Kolhapur
105767,2025-12-12,Unknown Customer,Cabinet,Furniture,6,42959.58,4843.74,Mumbai
101131,2025-12-12,Unknown Customer,Vacuum Cleaner,Home,1,7364.68,557.94,Nashik
100635,2025-12-12,Customer_1195,Headphones,Electronics,4,9035.89,1030.45,Kolhapur
100260,2025-12-12,Customer_1120,T-Shirt,Clothing,3,1903.84,268.94,Aurangabad
100242,2025-12-12,Customer_0250,Shoes,Clothing,1,2402.04,338.52,Nagpur
101160,2025-12-12,Customer_0532,Jacket,Clothing,6,18490.85,1590.66,Kolhapur
100053,2025-12-12,Customer_2060,Monitor,Electronics,8,121229.01,12410.29,Kolhapur
104036,2025-12-12,Customer_1211,Mixer,Home,2,7174.31,599.28,Mumbai
109101,2025-12-12,Customer_2292,Mixer,Home,1,3114.2,381.33,Kolhapur
105925,2025-12-12,Customer_1262,Cabinet,Furniture,5,38201.94,6780.44,Pune
104733,2025-12-12,Customer_2019,Mixer,Home,7,25323.55,3250.25,Aurangabad
105462,2025-12-12,Customer_1833,Shoes,Clothing,5,11546.39,709.58,Pune
106951,2025-12-12,Customer_2018,Monitor,Electronics,7,85514.41,13900.74,Pune
108440,2025-12-12,Customer_0405,Smartphone,Electronics,7,177348.06,26340.14,Mumbai
100135,2025-12-12,Customer_2025,Lamp,Home,1,1319.88,142.03,Nashik
106073,2025-12-12,Customer_1503,Monitor,Electronics,8,125551.59,27595.12,Nashik
100852,2025-12-12,Customer_1234,Bookshelf,Furniture,1,6178.85,784.72,Nagpur
108598,2025-12-13,Customer_1165,Backpack,Clothing,6,7562.26,688.5,Pune
100796,2025-12-13,Customer_1476,Office Chair,Furniture,5,35063.94,5956.69,Aurangabad
101626,2025-12-13,Customer_0508,Backpack,Clothing,6,8700.11,722.03,Pune
106302,2025-12-13,Customer_0784,Bookshelf,Furniture,7,38778.06,7864.26,Aurangabad
101182,2025-12-13,Customer_0403,Jacket,Clothing,3,8871.06,949.56,Kolhapur
102386,2025-12-13,Customer_2422,Headphones,Electronics,3,6442.93,495.16,Pune
103211,2025-12-13,Customer_1522,Bedsheet,Home,8,16519.24,1732.26,Mumbai
109820,2025-12-13,Customer_1982,Lamp,Home,8,10119.03,678.86,Mumbai
106311,2025-12-13,Customer_0186,Bookshelf,Furniture,2,13330.05,1803.7,Mumbai
102214,2025-12-13,Customer_2368,Monitor,Electronics,4,58891.02,3836.11,Nagpur
104700,2025-12-13,Customer_1465,Smartphone,Electronics,4,105867.56,18278.66,Pune
106313,2025-12-13,Customer_0455,Monitor,Electronics,2,23828.24,2881.0,Kolhapur
107846,2025-12-13,Customer_2373,Laptop,Electronics,7,361476.14,29633.45,Aurangabad
108650,2025-12-13,Customer_0479,Backpack,Clothing,4,5157.78,676.41,Nagpur
107399,2025-12-13,Customer_0878,Vacuum Cleaner,Home,2,14083.98,3042.12,Mumbai
104826,2025-12-13,Customer_1470,Laptop,Electronics,5,76247.28,38633.29,Kolhapur
106616,2025-12-13,Customer_1047,Headphones,Electronics,8,19785.35,2225.71,Kolhapur
106256,2025-12-14,Customer_2113,T-Shirt,Clothing,8,6247.81,1129.77,Mumbai
105712,2025-12-14,Customer_2238,Laptop,Electronics,5,244322.79,46156.91,Nagpur
108927,2025-12-14,Customer_1044,Mixer,Home,2,7461.79,1225.38,Nashik
102641,2025-12-14,Customer_0693,Backpack,Clothing,2,2386.98,513.7,Nashik
107743,2025-12-14,Customer_2313,Table,Furniture,8,67102.47,8345.13,Aurangabad
100649,2025-12-14,Customer_1287,Table,Furniture,8,78173.46,10474.7,Nagpur
108666,2025-12-14,Customer_0167,Cabinet,Furniture,1,6858.61,1047.74,Aurangabad
104497,2025-12-14,Customer_0520,Vacuum Cleaner,Home,7,44951.58,4208.8,Mumbai
106150,2025-12-14,Customer_1309,Cookware,Home,8,17652.15,2863.07,Aurangabad
100762,2025-12-14,Customer_1523,Shoes,Clothing,6,13517.39,2751.96,Nashik
100689,2025-12-14,Customer_0319,Cookware,Home,6,11748.72,795.07,Mumbai
104705,2025-12-14,Customer_1615,Bookshelf,Furniture,4,26352.14,5196.67,Mumbai
103203,2025-12-14,Customer_0684,Lamp,Home,7,9440.5,1706.74,Kolhapur
102326,2025-12-14,Customer_0647,Lamp,Home,2,2276.77,374.66,Nashik
105993,2025-12-14,Customer_0937,Shoes,Clothing,5,20512.82,4297.7,Nashik
104399,2025-12-14,Customer_2207,Cabinet,Furniture,8,69808.93,10505.2,Pune
105978,2025-12-14,Customer_0628,Jacket,Clothing,2,6269.1,904.8,Kolhapur
102424,2025-12-15,Customer_2021,Tablet,Electronics,7,134249.4,10441.32,Unknown
100290,2025-12-15,Customer_1511,Mixer,Home,1,3311.56,593.12,Nashik
105118,2025-12-15,Customer_0634,Monitor,Electronics,2,28194.81,3326.81,Kolhapur
103680,2025-12-15,Customer_1381,Vacuum Cleaner,Home,3,21996.27,1431.04,Pune
108175,2025-12-15,Customer_1285,T-Shirt,Clothing,3,1861.2,405.8,Kolhapur
101487,2025-12-15,Customer_0576,T-Shirt,Clothing,7,5467.53,965.81,Mumbai
106609,2025-12-15,Customer_0483,Bookshelf,Furniture,7,41245.67,6536.54,Kolhapur
107804,2025-12-15,Customer_0444,Monitor,Electronics,6,89527.77,5658.23,Aurangabad
101033,2025-12-15,Customer_0173,Cookware,Home,1,2084.05,363.85,Kolhapur
107863,2025-12-15,Customer_2091,Bookshelf,Furniture,4,26763.68,5211.26,Nagpur
100339,2025-12-15,Customer_0510,Headphones,Electronics,5,10896.41,2317.24,Nashik
102805,2025-12-15,Customer_1039,Mixer,Home,8,25191.21,2334.01,Nashik
109588,2025-12-15,Customer_1491,Monitor,Electronics,2,26515.16,1648.37,Nashik
100001,2025-12-15,Customer_2419,Office Chair,Furniture,2,15169.61,2520.89,Nagpur
101770,2025-12-15,Customer_1535,Vacuum Cleaner,Home,1,7429.14,1517.73,Mumbai
106157,2025-12-15,Customer_1825,Headphones,Electronics,6,12887.44,961.39,Kolhapur
101249,2025-12-15,Customer_0975,Bedsheet,Home,7,12291.49,1604.49,Aurangabad
104042,2025-12-15,Customer_0824,Lamp,Home,4,4899.43,321.93,Kolhapur
107382,2025-12-15,Unknown Customer,Shoes,Clothing,8,20590.27,2651.29,Kolhapur
108491,2025-12-15,Unknown Customer,Cabinet,Furniture,7,51885.45,4706.92,Nashik
101549,2025-12-15,Customer_2434,Bedsheet,Home,5,7756.52,483.35,Aurangabad
108873,2025-12-15,Customer_0425,Backpack,Clothing,5,7348.23,675.6,Mumbai
105613,2025-12-15,Customer_1328,Monitor,Electronics,4,48947.77,10294.17,Pune
109954,2025-12-15,Customer_0559,Vacuum Cleaner,Home,6,35825.5,3040.93,Kolhapur
101618,2025-12-15,Customer_1146,Jacket,Clothing,1,3202.58,237.57,Kolhapur
100238,2025-12-15,Customer_0065,Jeans,Clothing,6,8225.0,642.02,Mumbai
100460,2025-12-15,Customer_1003,Vacuum Cleaner,Home,1,6830.23,1318.59,Aurangabad
102178,2025-12-16,Customer_1428,Cookware,Home,2,4601.34,726.7,Aurangabad
100420,2025-12-16,Customer_0022,Mixer,Home,3,10984.4,1339.31,Kolhapur
101980,2025-12-16,Customer_1755,Jacket,Clothing,6,18950.61,3255.43,Mumbai
103058,2025-12-16,Customer_0716,Laptop,Electronics,8,374247.2,43451.55,Pune
101906,2025-12-16,Customer_0734,Desk,Furniture,1,13576.18,931.06,Nagpur
102563,2025-12-16,Customer_0393,Bedsheet,Home,4,7302.03,708.21,Nagpur
103333,2025-12-16,Customer_0895,Laptop,Electronics,8,471899.24,66020.94,Aurangabad
105493,2025-12-16,Customer_0493,Monitor,Electronics,7,104327.74,22236.11,Aurangabad
102759,2025-12-16,Customer_2374,Lamp,Home,3,3722.17,539.57,Aurangabad
107847,2025-12-16,Customer_1724,Bookshelf,Furniture,5,47529.97,4037.65,Kolhapur
109802,2025-12-16,Customer_0923,Vacuum Cleaner,Home,1,6498.4,1017.22,Aurangabad
100949,2025-12-16,Customer_0282,Cabinet,Furniture,1,8262.67,1346.55,Pune
104974,2025-12-16,Customer_0215,Vacuum Cleaner,Home,8,48796.05,2986.64,Nashik
100952,2025-12-16,Customer_1668,Headphones,Electronics,3,7415.31,907.71,Kolhapur
105000,2025-12-16,Customer_1185,Desk,Furniture,7,74051.51,6113.99,Nashik
109674,2025-12-16,Customer_1917,Bedsheet,Home,4,6564.07,688.42,Pune
106639,2025-12-16,Customer_1803,Office Chair,Furniture,4,28733.49,1740.58,Aurangabad
109486,2025-12-16,Customer_0401,Jeans,Clothing,1,1360.05,95.33,Kolhapur
100866,2025-12-16,Customer_0301,T-Shirt,Clothing,2,1357.39,118.4,Pune
107438,2025-12-17,Customer_1706,Backpack,Clothing,2,3066.99,210.89,Nashik
103892,2025-12-17,Customer_2139,Lamp,Home,8,9125.51,549.46,Kolhapur
107930,2025-12-17,Customer_2266,Cabinet,Furniture,2,16883.1,1809.85,Aurangabad
106131,2025-12-17,Customer_1365,Jeans,Clothing,6,9108.31,1769.79,Pune
107860,2025-12-17,Customer_0032,Shoes,Clothing,1,2688.29,584.03,Aurangabad
105297,2025-12-17,Unknown Customer,Office Chair,Furniture,6,48325.13,6741.37,Nashik
103943,2025-12-17,Customer_2216,Office Chair,Furniture,1,8447.32,1230.07,Nashik
102596,2025-12-17,Customer_0325,Smartphone,Electronics,5,126886.08,13120.4,Nagpur
107656,2025-12-17,Customer_1264,Jeans,Clothing,1,1495.36,272.64,Mumbai
100074,2025-12-17,Customer_2294,Office Chair,Furniture,6,41329.36,8578.14,Nagpur
105207,2025-12-17,Customer_1656,Desk,Furniture,1,13736.96,1168.64,Pune
108415,2025-12-17,Customer_1326,Monitor,Electronics,1,12466.98,1590.91,Kolhapur
102180,2025-12-17,Customer_0709,Cookware,Home,5,11869.99,2018.82,Mumbai
109460,2025-12-17,Customer_0640,Table,Furniture,3,25729.4,3663.26,Mumbai
107366,2025-12-17,Customer_0459,Table,Furniture,8,69933.12,9728.34,Kolhapur
104828,2025-12-17,Customer_2207,Office Chair,Furniture,6,48807.87,4297.6,Nagpur
106378,2025-12-18,Customer_0792,Monitor,Electronics,3,41965.4,2923.49,Kolhapur
100139,2025-12-18,Customer_1836,Table,Furniture,8,62634.36,13672.82,Pune
104348,2025-12-18,Customer_1178,Mixer,Home,3,11831.49,1421.98,Nashik
100245,2025-12-18,Customer_1127,Office Chair,Furniture,3,23076.28,3406.49,Kolhapur
106911,2025-12-18,Customer_1488,Table,Furniture,6,60191.64,10243.19,Aurangabad
104219,2025-12-18,Customer_2187,Shoes,Clothing,7,17545.03,1284.18,Nashik
108930,2025-12-18,Customer_1689,Laptop,Electronics,5,280689.46,41940.89,Nashik
106598,2025-12-18,Customer_2115,Backpack,Clothing,7,10761.98,1969.85,Kolhapur
100833,2025-12-18,Customer_0547,Jacket,Clothing,8,21210.42,2077.79,Mumbai
108239,2025-12-18,Customer_2362,Desk,Furniture,1,10823.29,1529.84,Mumbai
103507,2025-12-18,Customer_0383,Table,Furniture,5,47071.33,5719.42,Kolhapur
102564,2025-12-18,Customer_1638,Bookshelf,Furniture,3,17156.64,2714.95,Nashik
101893,2025-12-18,Customer_0956,Vacuum Cleaner,Home,7,51705.8,4166.06,Mumbai
105464,2025-12-18,Customer_0421,Smartphone,Electronics,8,202345.34,37936.44,Nagpur
107395,2025-12-18,Customer_1229,Laptop,Electronics,1,55383.53,9181.12,Mumbai
101694,2025-12-18,Customer_0268,Cabinet,Furniture,3,26022.8,5060.7,Kolhapur
103981,2025-12-18,Customer_0131,Laptop,Electronics,1,58018.87,5811.9,Kolhapur
102274,2025-12-19,Customer_1540,Vacuum Cleaner,Home,3,20316.39,3376.64,Nagpur
101094,2025-12-19,Customer_1407,Bookshelf,Furniture,1,6719.02,1400.1,Aurangabad
101635,2025-12-19,Customer_1735,Lamp,Home,8,10775.14,1052.84,Nagpur
101903,2025-12-19,Customer_1121,Backpack,Clothing,2,3109.65,331.65,Aurangabad
107325,2025-12-19,Customer_0380,Desk,Furniture,8,88330.27,18904.83,Nagpur
108136,2025-12-19,Customer_1506,Monitor,Electronics,2,27798.83,4545.94,Kolhapur
109454,2025-12-19,Customer_0100,Backpack,Clothing,3,4495.31,908.97,Nagpur
101061,2025-12-19,Customer_0427,Shoes,Clothing,7,18337.32,2279.09,Mumbai
104448,2025-12-19,Customer_0387,Mixer,Home,5,19538.91,1252.2,Mumbai
109223,2025-12-19,Customer_1599,Bedsheet,Home,5,7899.44,1349.65,Aurangabad
109320,2025-12-19,Customer_0378,Bedsheet,Home,1,1654.49,112.09,Aurangabad
107528,2025-12-19,Customer_0965,Backpack,Clothing,4,5473.73,564.31,Kolhapur
108327,2025-12-19,Customer_2036,Headphones,Electronics,2,4807.89,441.84,Nashik
108727,2025-12-19,Customer_1735,Smartphone,Electronics,4,102922.24,6292.03,Mumbai
101822,2025-12-19,Customer_0418,Backpack,Clothing,8,11119.11,2364.98,Aurangabad
107761,2025-12-19,Customer_1086,Mixer,Home,3,10300.2,1370.55,Nashik
108882,2025-12-19,Customer_0438,Mixer,Home,6,21049.98,4410.8,Kolhapur
108197,2025-12-19,Customer_0263,Jacket,Clothing,8,25089.45,3499.64,Mumbai
103019,2025-12-19,Customer_0508,Bookshelf,Furniture,1,6810.99,1090.19,Pune
102270,2025-12-19,Customer_2446,Headphones,Electronics,5,13051.85,2698.97,Nashik
102655,2025-12-19,Customer_2144,Cabinet,Furniture,6,43045.23,8023.27,Nashik
105849,2025-12-19,Customer_0065,Bedsheet,Home,3,5400.1,1092.15,Aurangabad
104470,2025-12-20,Customer_2340,Cookware,Home,2,4356.58,843.42,Nashik
104596,2025-12-20,Customer_1917,Tablet,Electronics,3,47254.03,9054.82,Kolhapur
107391,2025-12-20,Customer_1667,Cabinet,Furniture,2,18393.54,3883.15,Kolhapur
103360,2025-12-20,Customer_1519,Office Chair,Furniture,5,35566.16,6802.21,Kolhapur
103100,2025-12-20,Customer_1269,Mixer,Home,6,19342.65,3307.24,Kolhapur
109625,2025-12-20,Customer_0154,Desk,Furniture,7,79772.42,12171.31,Nashik
108792,2025-12-20,Customer_0527,Jeans,Clothing,3,4169.0,793.76,Aurangabad
109644,2025-12-20,Customer_1962,Headphones,Electronics,6,16623.7,2118.93,Mumbai
102682,2025-12-20,Customer_2056,Desk,Furniture,5,64387.26,9303.27,Nashik
109004,2025-12-20,Customer_0483,Vacuum Cleaner,Home,6,33993.56,2888.66,Pune
106597,2025-12-20,Customer_1488,Backpack,Clothing,1,1499.98,168.56,Kolhapur
106702,2025-12-20,Customer_1284,Office Chair,Furniture,7,47642.75,4899.48,Pune
107113,2025-12-20,Customer_0823,Smartphone,Electronics,7,197679.21,39595.08,Mumbai
101422,2025-12-20,Customer_0405,Cabinet,Furniture,1,7814.9,1176.3,Mumbai
109917,2025-12-20,Customer_2441,Smartphone,Electronics,8,193380.1,17729.11,Kolhapur
103672,2025-12-20,Customer_1568,Laptop,Electronics,2,124376.62,19126.54,Nagpur
100389,2025-12-20,Customer_1652,Bookshelf,Furniture,6,33083.12,4716.04,Nashik
104061,2025-12-20,Customer_0502,Jeans,Clothing,7,10385.46,1177.22,Nashik
101624,2025-12-20,Customer_0989,Monitor,Electronics,5,61789.0,4776.27,Nashik
109706,2025-12-20,Customer_1134,Bedsheet,Home,6,9566.24,2021.99,Kolhapur
107542,2025-12-20,Customer_0095,Headphones,Electronics,2,5505.76,343.71,Aurangabad
101678,2025-12-20,Customer_2188,T-Shirt,Clothing,3,2192.23,322.82,Kolhapur
108270,2025-12-20,Customer_1865,Mixer,Home,5,9627.65,2014.42,Kolhapur
102302,2025-12-20,Customer_0715,Vacuum Cleaner,Home,2,14896.1,2850.81,Aurangabad
103970,2025-12-20,Customer_1800,Laptop,Electronics,7,390148.08,36220.34,Nagpur
103485,2025-12-20,Customer_2162,Backpack,Clothing,1,1353.11,210.31,Nagpur
104720,2025-12-21,Customer_1744,Smartphone,Electronics,1,21866.51,2460.8,Pune
105449,2025-12-21,Customer_2328,Shoes,Clothing,5,13777.56,2561.43,Aurangabad
106345,2025-12-21,Customer_1098,Smartphone,Electronics,2,44397.36,3040.85,Nashik
107293,2025-12-21,Customer_0339,Headphones,Electronics,4,11040.3,1671.11,Kolhapur
103601,2025-12-21,Customer_0614,Laptop,Electronics,5,275806.59,24291.06,Aurangabad
100557,2025-12-21,Customer_1219,Vacuum Cleaner,Home,3,19700.19,3778.66,Unknown
107735,2025-12-21,Customer_1014,Vacuum Cleaner,Home,7,47765.43,8841.03,Aurangabad
105556,2025-12-21,Customer_2249,Lamp,Home,1,1246.64,206.47,Mumbai
103230,2025-12-21,Customer_0271,Headphones,Electronics,8,22566.39,1695.03,Mumbai
105257,2025-12-21,Customer_0754,Shoes,Clothing,7,17036.17,1316.07,Nashik
103949,2025-12-21,Customer_1664,Desk,Furniture,1,10457.94,2206.21,Aurangabad
104844,2025-12-21,Customer_2115,Tablet,Electronics,3,57816.04,11002.84,Kolhapur
109765,2025-12-21,Customer_1847,Shoes,Clothing,1,2712.22,342.62,Nashik
105029,2025-12-21,Customer_1653,Cookware,Home,6,14631.33,3063.58,Nashik
105852,2025-12-21,Customer_0015,Desk,Furniture,4,48049.02,5411.17,Aurangabad
108667,2025-12-21,Customer_0868,Headphones,Electronics,6,16531.82,1996.89,Kolhapur
100877,2025-12-21,Customer_1249,Vacuum Cleaner,Home,2,14543.67,1007.09,Mumbai
105948,2025-12-21,Customer_1457,Backpack,Clothing,7,9798.71,1699.45,Nashik
108152,2025-12-21,Customer_1602,Headphones,Electronics,5,10831.12,1644.55,Nagpur
102120,2025-12-21,Customer_0469,Cookware,Home,8,16447.13,2576.91,Nashik
100422,2025-12-21,Customer_1170,Bookshelf,Furniture,6,31183.71,4152.33,Aurangabad
109151,2025-12-21,Customer_0777,Bedsheet,Home,5,9289.73,1947.35,Nagpur
101142,2025-12-22,Customer_0733,Desk,Furniture,3,32864.34,6623.74,Aurangabad
106976,2025-12-22,Customer_0423,Tablet,Electronics,5,94568.33,13131.45,Aurangabad
103776,2025-12-22,Customer_1466,Monitor,Electronics,4,57528.58,4277.36,Aurangabad
101663,2025-12-22,Customer_0744,Office Chair,Furniture,5,51178.46,10175.96,Pune
104839,2025-12-22,Customer_0197,T-Shirt,Clothing,8,6365.5,1326.13,Mumbai
104777,2025-12-22,Customer_0749,Desk,Furniture,5,57838.37,10922.39,Pune
108450,2025-12-22,Customer_1926,Office Chair,Furniture,3,22994.76,2886.53,Nashik
109666,2025-12-22,Customer_0760,Laptop,Electronics,8,415536.68,79790.78,Nashik
106981,2025-12-22,Customer_2420,Tablet,Electronics,1,17752.11,2282.92,Aurangabad
101880,2025-12-22,Customer_1947,Bookshelf,Furniture,8,46682.22,5405.45,Kolhapur
105650,2025-12-22,Customer_1529,Jacket,Clothing,2,6050.39,564.46,Mumbai
105642,2025-12-22,Customer_0663,Tablet,Electronics,4,66322.82,11327.36,Kolhapur
108104,2025-12-22,Customer_1399,Jeans,Clothing,4,6710.29,1374.26,Nagpur
109994,2025-12-22,Customer_1147,Jeans,Clothing,4,5492.1,1183.13,Aurangabad
108408,2025-12-22,Customer_1072,Desk,Furniture,3,35662.81,7838.93,Nagpur
102811,2025-12-22,Customer_2037,Tablet,Electronics,6,109271.07,20433.98,Aurangabad
109507,2025-12-22,Customer_2317,Laptop,Electronics,1,47139.31,6084.7,Kolhapur
101341,2025-12-22,Customer_1364,Laptop,Electronics,7,346850.96,60682.83,Kolhapur
107455,2025-12-22,Customer_0077,Headphones,Electronics,2,5647.7,836.21,Aurangabad
107055,2025-12-22,Customer_1799,Backpack,Clothing,1,1355.28,249.13,Pune
103423,2025-12-23,Customer_1481,Jacket,Clothing,2,5859.7,448.62,Aurangabad
106086,2025-12-23,Customer_0302,Mixer,Home,5,17090.34,3624.2,Mumbai
100540,2025-12-23,Customer_1060,Laptop,Electronics,2,117626.4,11615.53,Mumbai
109022,2025-12-23,Customer_2288,Cookware,Home,7,17532.21,3790.35,Unknown
109957,2025-12-23,Customer_0869,Headphones,Electronics,7,14876.26,2551.55,Mumbai
108860,2025-12-23,Customer_2433,Office Chair,Furniture,8,54611.7,4661.56,Mumbai
108880,2025-12-23,Customer_0576,Tablet,Electronics,3,60313.72,13109.99,Nagpur
104715,2025-12-23,Customer_0401,Table,Furniture,6,53700.2,4676.52,Kolhapur
101585,2025-12-23,Customer_2371,Bedsheet,Home,8,15646.54,1357.36,Kolhapur
100481,2025-12-23,Customer_1696,Bookshelf,Furniture,6,40411.13,3100.21,Pune
107323,2025-12-23,Customer_0456,Shoes,Clothing,1,2620.62,162.66,Mumbai
108071,2025-12-23,Customer_2007,Desk,Furniture,7,90023.82,12070.01,Aurangabad
106619,2025-12-23,Customer_1944,Vacuum Cleaner,Home,5,35297.07,3663.36,Mumbai
109168,2025-12-23,Customer_0825,Monitor,Electronics,3,40922.1,6321.59,Mumbai
107718,2025-12-23,Customer_0021,Jeans,Clothing,3,5327.3,833.65,Nagpur
107686,2025-12-23,Customer_0179,Mixer,Home,5,24454.99,3527.49,Nagpur
105795,2025-12-23,Customer_0082,T-Shirt,Clothing,7,4327.58,406.54,Aurangabad
100698,2025-12-23,Customer_1538,Headphones,Electronics,3,6519.1,1290.71,Mumbai
103958,2025-12-23,Customer_2437,Desk,Furniture,8,104176.68,11791.93,Kolhapur
104784,2025-12-23,Customer_1151,Table,Furniture,1,8230.85,1220.38,Aurangabad
107072,2025-12-23,Customer_0402,Shoes,Clothing,6,13443.27,2613.17,Mumbai
104123,2025-12-23,Customer_1466,Shoes,Clothing,8,22521.8,2969.78,Mumbai
104176,2025-12-23,Customer_0471,T-Shirt,Clothing,3,2078.95,423.39,Mumbai
104144,2025-12-23,Customer_1220,Bedsheet,Home,7,11568.18,1718.37,Kolhapur
101742,2025-12-23,Customer_0786,Desk,Furniture,4,48492.33,8176.99,Kolhapur
107874,2025-12-24,Customer_0672,Jeans,Clothing,1,1501.47,152.99,Pune
107830,2025-12-24,Customer_1374,Monitor,Electronics,6,73322.6,15308.96,Kolhapur
102050,2025-12-24,Customer_0604,Table,Furniture,7,59407.68,12119.01,Nashik
108757,2025-12-24,Customer_2256,Headphones,Electronics,4,8533.35,1563.69,Aurangabad
105958,2025-12-24,Customer_1125,Laptop,Electronics,1,61533.98,10497.6,Pune
107663,2025-12-24,Customer_1620,Laptop,Electronics,1,61940.17,11204.21,Aurangabad
106002,2025-12-24,Customer_1999,Shoes,Clothing,5,13280.73,1498.76,Nashik
107942,2025-12-24,Customer_0345,Jacket,Clothing,3,9230.24,1881.32,Pune
100745,2025-12-24,Customer_1678,Desk,Furniture,5,58994.03,10914.9,Kolhapur
105350,2025-12-24,Customer_0382,Table,Furniture,7,66391.55,8776.34,Mumbai
103963,2025-12-24,Customer_0187,Smartphone,Electronics,7,194821.14,14924.29,Kolhapur
109380,2025-12-24,Customer_2416,T-Shirt,Clothing,5,3745.2,410.37,Nashik
107473,2025-12-24,Customer_0290,Bedsheet,Home,3,5545.13,868.43,Mumbai
104436,2025-12-24,Customer_0866,Cabinet,Furniture,6,43743.41,4348.21,Pune
104984,2025-12-24,Customer_0735,Headphones,Electronics,3,8386.25,1664.87,Nashik
109815,2025-12-24,Customer_0718,Office Chair,Furniture,8,67036.38,10943.28,Nagpur
106485,2025-12-24,Customer_0962,Monitor,Electronics,5,79685.37,6267.05,Kolhapur
103611,2025-12-24,Customer_1490,Backpack,Clothing,7,8775.9,641.65,Nashik
103599,2025-12-24,Customer_1719,Bookshelf,Furniture,4,27085.97,5854.44,Nagpur
100131,2025-12-25,Customer_0627,Lamp,Home,8,9208.67,1494.58,Nagpur
105158,2025-12-25,Customer_0679,T-Shirt,Clothing,3,2198.18,186.44,Pune
101833,2025-12-25,Customer_0993,Bookshelf,Furniture,6,32390.09,7032.77,Mumbai
108485,2025-12-25,Customer_0322,Cookware,Home,7,15925.11,2102.88,Mumbai
109719,2025-12-25,Customer_0596,Lamp,Home,5,6449.5,622.15,Nagpur
105954,2025-12-25,Customer_0593,Desk,Furniture,5,58846.82,12808.88,Mumbai
102718,2025-12-25,Unknown Customer,Shoes,Clothing,7,16409.75,1851.84,Nagpur
102784,2025-12-25,Customer_0576,Smartphone,Electronics,5,137025.33,18112.86,Nagpur
108514,2025-12-25,Customer_2362,Tablet,Electronics,2,31550.03,5561.79,Kolhapur
106461,2025-12-25,Customer_1825,Cookware,Home,8,17147.51,2406.49,Aurangabad
101323,2025-12-25,Customer_1530,Cookware,Home,7,14536.18,2779.01,Mumbai
108269,2025-12-25,Customer_0816,Jeans,Clothing,4,7240.26,1493.65,Pune
103738,2025-12-25,Customer_0750,Bookshelf,Furniture,7,37003.28,3588.73,Mumbai
109259,2025-12-25,Customer_1064,Office Chair,Furniture,7,46368.46,8696.62,Mumbai
102455,2025-12-25,Customer_0083,Office Chair,Furniture,1,7126.67,738.26,Kolhapur
100180,2025-12-25,Customer_2494,Mixer,Home,1,3145.62,639.21,Mumbai
101514,2025-12-25,Customer_0813,Office Chair,Furniture,8,53666.41,8834.18,Nashik
107664,2025-12-25,Customer_1757,Bedsheet,Home,3,5682.7,764.65,Nashik
101240,2025-12-25,Customer_2309,Office Chair,Furniture,5,37156.14,6511.68,Nashik
105228,2025-12-25,Customer_1014,Monitor,Electronics,6,94631.59,6501.37,Nagpur
108138,2025-12-25,Customer_2422,Desk,Furniture,6,63357.13,5223.49,Mumbai
104034,2025-12-25,Customer_0686,Backpack,Clothing,7,10876.6,2188.9,Nagpur
108575,2025-12-25,Customer_1283,Cookware,Home,5,9510.09,1630.66,Pune
109235,2025-12-25,Customer_2027,Mixer,Home,2,7514.09,508.3,Pune
106529,2025-12-25,Customer_0145,Headphones,Electronics,7,18191.37,2770.75,Pune
103369,2025-12-26,Customer_1004,Vacuum Cleaner,Home,4,28958.72,6082.18,Nashik
100121,2025-12-26,Customer_0817,Laptop,Electronics,4,237053.39,37208.43,Pune
105442,2025-12-26,Customer_2122,Office Chair,Furniture,1,6498.66,1368.31,Nashik
103890,2025-12-26,Customer_1545,Mixer,Home,8,27552.46,3252.23,Pune
101125,2025-12-26,Customer_0271,Desk,Furniture,4,49597.63,9485.39,Mumbai
100251,2025-12-26,Customer_1943,Jacket,Clothing,3,8159.73,1003.56,Pune
101840,2025-12-26,Customer_1242,Cookware,Home,4,8232.75,751.38,Nashik
109171,2025-12-26,Customer_2145,Lamp,Home,2,2539.89,228.0,Aurangabad
105331,2025-12-26,Customer_0299,Smartphone,Electronics,1,26063.1,5211.48,Pune
102331,2025-12-26,Customer_0571,Bookshelf,Furniture,1,6722.5,500.02,Mumbai
100358,2025-12-26,Customer_2253,Jacket,Clothing,2,4975.36,637.13,Kolhapur
100829,2025-12-26,Customer_2397,Monitor,Electronics,7,98556.76,15465.68,Nagpur
109433,2025-12-26,Customer_2241,Bookshelf,Furniture,5,19878.09,1228.31,Kolhapur
108971,2025-12-26,Customer_1987,Cabinet,Furniture,7,56041.02,7767.15,Pune
100062,2025-12-26,Customer_2226,Jeans,Clothing,8,13682.77,1720.6,Aurangabad
102628,2025-12-26,Customer_2262,Monitor,Electronics,7,112358.66,15187.33,Kolhapur
105259,2025-12-26,Customer_0841,Jacket,Clothing,7,22077.16,2213.65,Mumbai
108821,2025-12-26,Customer_0976,Backpack,Clothing,3,4544.67,809.19,Nashik
106370,2025-12-26,Customer_2216,Table,Furniture,2,17403.45,2488.05,Nagpur
101676,2025-12-26,Customer_2449,Tablet,Electronics,5,99944.75,20280.57,Nashik
104004,2025-12-26,Customer_0689,Laptop,Electronics,3,175740.36,26926.26,Aurangabad
100013,2025-12-26,Customer_2188,T-Shirt,Clothing,3,2211.57,408.17,Aurangabad
101211,2025-12-26,Customer_1333,Monitor,Electronics,8,117481.77,13472.09,Kolhapur
105280,2025-12-26,Customer_1057,Office Chair,Furniture,4,27143.75,2133.48,Kolhapur
104667,2025-12-26,Customer_1207,Cookware,Home,1,2258.14,408.74,Mumbai
104300,2025-12-27,Customer_1544,Smartphone,Electronics,7,76247.28,13448.86,Nashik
102351,2025-12-27,Customer_0222,Jacket,Clothing,2,5959.61,636.59,Nashik
100558,2025-12-27,Unknown Customer,Smartphone,Electronics,6,132141.6,27866.46,Mumbai
109371,2025-12-27,Customer_0669,Cookware,Home,5,11521.32,1377.77,Pune
103910,2025-12-27,Customer_2294,Cabinet,Furniture,3,24029.07,4069.38,Kolhapur
106478,2025-12-27,Customer_0029,Smartphone,Electronics,4,87685.47,12173.05,Aurangabad
101981,2025-12-27,Customer_1800,T-Shirt,Clothing,8,5192.06,780.13,Mumbai
103153,2025-12-27,Customer_2094,Vacuum Cleaner,Home,5,30632.11,5167.8,Kolhapur
107996,2025-12-27,Customer_0536,T-Shirt,Clothing,1,596.32,49.34,Nashik
101036,2025-12-27,Customer_1457,T-Shirt,Clothing,1,641.76,112.17,Aurangabad
106596,2025-12-27,Customer_0363,Jacket,Clothing,8,22638.68,4945.47,Nagpur
100647,2025-12-27,Customer_0306,Lamp,Home,4,5151.89,819.72,Mumbai
103747,2025-12-27,Customer_1066,Monitor,Electronics,7,98696.61,21436.07,Nashik
103675,2025-12-27,Customer_0877,Cookware,Home,4,9630.3,1571.79,Pune
105747,2025-12-27,Customer_0046,Cookware,Home,5,9496.3,905.67,Aurangabad
103189,2025-12-27,Customer_1181,Monitor,Electronics,3,47258.02,6309.43,Kolhapur
106379,2025-12-27,Customer_2297,Shoes,Clothing,1,2580.14,488.5,Nagpur
109939,2025-12-27,Customer_0388,Cabinet,Furniture,1,8137.22,1511.03,Aurangabad
101895,2025-12-27,Customer_0476,Headphones,Electronics,4,8576.9,1783.65,Kolhapur
106801,2025-12-27,Customer_0050,Jeans,Clothing,1,1776.56,133.09,Pune
102077,2025-12-27,Customer_1926,Cabinet,Furniture,5,41291.48,3491.32,Nagpur
108186,2025-12-28,Customer_2257,Backpack,Clothing,2,2648.27,432.33,Nashik
101868,2025-12-28,Customer_1063,Smartphone,Electronics,4,98010.91,9052.65,Nagpur
107320,2025-12-28,Customer_0490,Laptop,Electronics,5,240464.84,32366.8,Nagpur
103226,2025-12-28,Customer_1241,Office Chair,Furniture,1,6908.96,898.27,Pune
103979,2025-12-28,Customer_0766,Jeans,Clothing,1,1723.99,282.98,Aurangabad
108447,2025-12-28,Customer_0804,Lamp,Home,7,7358.38,785.63,Mumbai
102195,2025-12-28,Customer_1783,Monitor,Electronics,7,86246.21,14471.59,Nashik
108826,2025-12-28,Customer_0874,T-Shirt,Clothing,2,1516.91,297.62,Nagpur
106686,2025-12-28,Customer_2067,Laptop,Electronics,4,233621.03,29605.77,Nagpur
102681,2025-12-28,Customer_0793,Lamp,Home,3,3638.37,352.44,Pune
104529,2025-12-28,Customer_1657,Jacket,Clothing,5,15594.77,3380.46,Nagpur
109061,2025-12-28,Customer_0234,Shoes,Clothing,5,14106.58,2352.85,Nagpur
108998,2025-12-28,Customer_0853,Tablet,Electronics,3,56116.32,11821.62,Pune
108161,2025-12-28,Customer_1253,Backpack,Clothing,1,1537.26,337.41,Pune
108663,2025-12-28,Customer_2147,Tablet,Electronics,1,19791.29,1857.24,Aurangabad
104083,2025-12-28,Customer_2168,Smartphone,Electronics,7,171539.01,15561.35,Aurangabad
107145,2025-12-28,Customer_2164,Jacket,Clothing,8,25550.83,5225.2,Kolhapur
109514,2025-12-28,Customer_0383,Smartphone,Electronics,5,138408.66,25886.86,Nagpur
101350,2025-12-28,Customer_1854,Headphones,Electronics,6,15838.65,996.84,Nagpur
102670,2025-12-28,Customer_1960,T-Shirt,Clothing,4,2433.7,424.31,Pune
109258,2025-12-29,Customer_2372,Jeans,Clothing,3,5374.21,1090.03,Kolhapur
109542,2025-12-29,Customer_0101,Jacket,Clothing,5,14621.1,1715.98,Nagpur
101369,2025-12-29,Customer_2212,Bookshelf,Furniture,8,52231.24,7018.62,Mumbai
104588,2025-12-29,Customer_0439,Mixer,Home,4,13990.54,1797.61,Aurangabad
105756,2025-12-29,Customer_2109,T-Shirt,Clothing,2,1549.3,105.39,Nagpur
103409,2025-12-29,Customer_0293,Cabinet,Furniture,8,59886.04,11924.12,Nagpur
102985,2025-12-29,Customer_1637,Shoes,Clothing,3,8581.22,1840.67,Nashik
109035,2025-12-29,Customer_1193,Shoes,Clothing,2,4368.75,669.26,Kolhapur
106293,2025-12-29,Customer_1075,Backpack,Clothing,1,1309.52,248.17,Pune
102858,2025-12-29,Customer_1824,Cookware,Home,3,5952.94,409.0,Pune
106717,2025-12-29,Customer_1240,Laptop,Electronics,4,212359.22,16678.45,Aurangabad
103252,2025-12-29,Customer_0166,Backpack,Clothing,2,2773.97,554.27,Mumbai
106969,2025-12-29,Customer_0244,Vacuum Cleaner,Home,3,18295.07,2185.47,Nagpur
104458,2025-12-29,Customer_1268,Laptop,Electronics,8,418175.78,46470.98,Pune
106653,2025-12-29,Customer_0994,Jeans,Clothing,1,1571.87,110.15,Pune
101641,2025-12-29,Customer_0483,T-Shirt,Clothing,3,2229.53,201.84,Nashik
104482,2025-12-29,Customer_1004,Lamp,Home,5,5107.92,306.75,Nagpur
105322,2025-12-29,Customer_2155,Lamp,Home,3,3607.56,662.82,Mumbai
105446,2025-12-29,Customer_0848,Bedsheet,Home,2,3487.16,685.55,Nagpur
109358,2025-12-29,Customer_2335,Office Chair,Furniture,6,50885.11,4486.73,Nagpur
108770,2025-12-29,Customer_0200,T-Shirt,Clothing,2,1328.75,260.43,Pune
105582,2025-12-30,Customer_1758,Headphones,Electronics,7,19550.86,3120.56,Kolhapur
101305,2025-12-30,Customer_0587,Cookware,Home,4,9545.52,1383.34,Aurangabad
104978,2025-12-30,Customer_1664,Cookware,Home,7,15623.29,1169.65,Pune
104012,2025-12-30,Customer_0612,Office Chair,Furniture,5,32064.71,2701.7,Mumbai
105177,2025-12-30,Customer_1436,Desk,Furniture,4,51652.16,10250.88,Pune
102675,2025-12-30,Customer_2018,Vacuum Cleaner,Home,5,34993.17,4626.58,Aurangabad
108679,2025-12-30,Customer_2431,Table,Furniture,7,58681.05,3574.27,Kolhapur
101185,2025-12-30,Customer_0189,Headphones,Electronics,8,18393.64,2677.53,Pune
101913,2025-12-30,Customer_0594,Bedsheet,Home,5,9627.65,1120.14,Unknown
107100,2025-12-30,Customer_0743,Desk,Furniture,8,101465.53,6262.01,Nagpur
109997,2025-12-30,Customer_0155,Cookware,Home,8,19467.69,1375.7,Mumbai
105324,2025-12-30,Customer_2271,T-Shirt,Clothing,1,719.15,154.66,Nashik
108701,2025-12-30,Customer_0625,Desk,Furniture,7,72582.04,9024.48,Pune
103031,2025-12-30,Customer_0215,Monitor,Electronics,1,13284.87,1778.39,Aurangabad
103030,2025-12-30,Customer_0932,Office Chair,Furniture,5,33721.29,2317.45,Mumbai
100037,2025-12-30,Customer_0129,Smartphone,Electronics,2,76247.28,11030.17,Nashik
102827,2025-12-30,Customer_1072,Vacuum Cleaner,Home,7,46749.37,8295.69,Aurangabad
104644,2025-12-30,Customer_1616,Bookshelf,Furniture,5,33653.89,3282.09,Aurangabad
109147,2025-12-30,Customer_1798,Table,Furniture,1,7762.99,1392.47,Pune
102144,2025-12-30,Customer_0359,Lamp,Home,2,2720.54,299.8,Pune
106114,2025-12-30,Customer_0913,Cookware,Home,7,17317.56,3483.05,Nagpur
103724,2025-12-30,Customer_1744,Shoes,Clothing,7,15260.27,1905.03,Pune
105479,2025-12-30,Customer_0838,Smartphone,Electronics,6,160252.16,25559.73,Mumbai
101483,2025-12-30,Customer_1118,Smartphone,Electronics,3,67713.46,10642.03,Mumbai
102333,2025-12-30,Customer_1705,Headphones,Electronics,2,4409.93,508.43,Kolhapur
100630,2025-12-30,Customer_0920,Monitor,Electronics,7,101460.22,16548.94,Nashik
103359,2025-12-30,Customer_2260,Bedsheet,Home,4,6536.35,993.27,Kolhapur
107605,2025-12-31,Customer_1751,Jeans,Clothing,4,6558.91,1255.26,Pune
100618,2025-12-31,Customer_0978,Headphones,Electronics,7,15240.64,2350.56,Pune
104825,2025-12-31,Customer_1339,Office Chair,Furniture,4,28173.82,4292.35,Nashik
105919,2025-12-31,Customer_0525,Mixer,Home,7,27354.26,5621.84,Mumbai
100940,2025-12-31,Customer_1932,Laptop,Electronics,3,165696.99,31924.69,Kolhapur
104051,2025-12-31,Customer_1519,Jeans,Clothing,7,10425.0,1992.12,Kolhapur
102799,2025-12-31,Customer_2419,Mixer,Home,2,7459.46,704.57,Aurangabad
106927,2025-12-31,Customer_1222,Bookshelf,Furniture,4,26395.85,4420.42,Mumbai
100719,2025-12-31,Customer_1784,Tablet,Electronics,2,40031.15,6916.81,Mumbai
107340,2025-12-31,Customer_0497,Table,Furniture,2,16845.05,2340.02,Kolhapur
107458,2025-12-31,Customer_2179,T-Shirt,Clothing,7,5061.26,1038.78,Kolhapur
101100,2025-12-31,Customer_1592,Mixer,Home,2,5989.65,455.72,Aurangabad
100889,2025-12-31,Customer_1995,Lamp,Home,5,6278.32,1089.23,Kolhapur
103442,2025-12-31,Customer_0765,Jacket,Clothing,1,2525.43,170.84,Nagpur
101449,2025-12-31,Customer_1765,Jeans,Clothing,8,12045.48,932.05,Mumbai
100419,2025-12-31,Customer_1693,Office Chair,Furniture,2,15159.85,2228.12,Nashik
105076,2025-12-31,Customer_1379,Cookware,Home,5,9352.82,856.28,Mumbai
109996,2025-12-31,Customer_1138,Bookshelf,Furniture,7,48293.81,7572.66,Pune
108529,2025-12-31,Customer_2377,Jacket,Clothing,4,12104.17,2202.01,Pune
102981,2025-12-31,Customer_0175,Desk,Furniture,3,34557.73,2312.4,Aurangabad
105818,2025-12-31,Customer_0911,Smartphone,Electronics,4,98664.34,19367.2,Nashik
101402,2025-12-31,Customer_1296,Cabinet,Furniture,6,53169.4,11625.76,Aurangabad
