Order_ID,Order_Date,Customer_Name,Product,Category,Quantity,Sales,Profit,Region
100000,13-04-2025,Customer_1004,Laptop,Electronics,5.0,255609.78,33684.57, Mumbai 
100001,15-12-2025,Customer_2419,Office Chair,Furniture,2.0,15169.61,2520.89, Nagpur 
100002,28-09-2025,Customer_0896,Laptop,Electronics,2.0,119371.07,14702.84, Mumbai 
100003,17-04-2025,Customer_2233,Monitor,Electronics,4.0,58453.59,4915.82,Nagpur
100004,13-03-2025,Customer_0027,Table,Furniture,5.0,50840.75,6166.44,Mumbai
100005,08-07-2025,Customer_0637,Lamp,Home,5.0,6413.14,405.66,Mumbai
100006,2025/01/21,Customer_1557,T-Shirt,Clothing,2.0,1276.18,176.03,Pune
100007,13-04-2025,Customer_0178,Jacket,Clothing,5.0,15588.66,2250.39,Aurangabad
100008,02-05-2025,Customer_1551,Vacuum Cleaner,Home,2.0,14676.49,2016.66,Pune
100009,03-08-2025,Customer_2365,Backpack,Clothing,6.0,8375.93,663.03,Mumbai
100010,27-11-2025,Customer_1186,Laptop,Electronics,4.0,239975.31,23881.02,Pune
100011,29-03-2025,Customer_1139,Office Chair,Furniture,7.0,58793.9,12095.78,Nagpur
100012,10-04-2025,Customer_1456,Jeans,Clothing,6.0,10876.73,1557.95,Mumbai
100013,26-12-2025,Customer_2188,T-Shirt,Clothing,3.0,2211.57,408.17,aurangabad
100014,01-06-2025,Customer_1555,Desk,Furniture,8.0,85373.22,13331.3,Nashik
100015,11-05-2025,Customer_0939,Bookshelf,Furniture,1.0,5161.74,720.63,Pune
100016,30-05-2025,Customer_0272,Shoes,Clothing,5.0,11205.66,1000.3,Mumbai
100017,2025/11/05,Customer_1621,Jeans,Clothing,8.0,12281.78,1586.68,Aurangabad
100018,15-09-2025,Customer_0572,Cookware,Home,5.0,11406.47,820.22,Mumbai
100019,12/10/2025,Customer_2391,Backpack,Clothing,7.0,9810.85,875.32,Nagpur
100020,21-10-2025,Customer_2088,Jeans,Clothing,3.0,4906.52,794.78, Nagpur 
100021,2025/07/11,Customer_0627,Laptop,Electronics,2.0,111871.41,19927.35,
100022,04-10-2025,Customer_1577,Table,Furniture,2.0,17112.29,3121.57,Nagpur
100023,10-06-2025,Customer_2267,Vacuum Cleaner,Home,5.0,31844.48,4377.65,Pune
100024,10-11-2025,Customer_1394,Monitor,Electronics,5.0,73110.14,4601.36,pune
100025,22-01-2025,Customer_1859,Shoes,Clothing,3.0,7846.49,1247.38,Pune
100026,10-09-2025,Customer_2080,Backpack,Clothing,3.0,3960.41,291.99,Pune
100027,24-08-2025,Customer_0627,Backpack,Clothing,4.0,4912.77,1020.46,Nashik
100028,11-12-2025,Customer_2454,Cabinet,Furniture,1.0,8454.27,679.19,Nashik
100029,2025/02/18,Customer_1487,Mixer,Home,2.0,6699.12,1037.01, Nashik 
100030,28-02-2025,Customer_2324,Office Chair,Furniture,4.0,33020.15,2211.88,Pune
100031,19-06-2025,Customer_2182,Tablet,Electronics,2.0,33155.64,6709.37,MUMBAI
100032,07-07-2025,Customer_1086,Table,Furniture,3.0,23024.24,2123.38,Kolhapur
100033,2025/09/28,Customer_1277,Cookware,Home,4.0,10011.82,1583.31, Nagpur 
100034,09-07-2025,Customer_0496,Shoes,Clothing,8.0,18570.03,1313.25,Mumbai
100035,06/24/2025,Customer_0087,Office Chair,Furniture,6.0,38630.58,3830.58,Kolhapur
100036,20-02-2025,Customer_0030,Cabinet,Furniture,4.0,35662.26,4512.92,Pune
100037,30-12-2025,Customer_0129,Smartphone,Electronics,2.0,,11030.17,Nashik
100038,24-02-2025,Customer_1141,Monitor,Electronics,4.0,54455.08,4933.87,
100039,01-09-2025,Customer_2339,Cookware,Home,3.0,6633.89,1361.89,KOLHAPUR
100040,16-11-2025,Customer_1668,Cookware,Home,8.0,19207.1,1354.73,
100041,11-05-2025,Customer_1452,Laptop,Electronics,7.0,407242.16,61698.65,nagpur
100042,03-11-2025,Customer_0404,Bedsheet,Home,1.0,2020.03,160.79,pune
100043,05/15/2025,Customer_1019,Lamp,Home,2.0,2424.51,486.63,Mumbai
100044,2025/01/21,Customer_0575,Cabinet,Furniture,8.0,62272.46,8538.75, Nagpur 
100045,2025/11/25,Customer_1024,Bookshelf,Furniture,8.0,41814.63,4369.75,Pune
100046,16-06-2025,Customer_0208,Vacuum Cleaner,Home,2.0,12315.58,2601.29,Aurangabad
100047,2025/10/01,Customer_0682,Laptop,Electronics,4.0,205656.05,27504.23,nagpur
100048,30-03-2025,Customer_1643,Bedsheet,Home,4.0,7570.02,650.64,Pune
100049,12-11-2025,Customer_1600,Table,Furniture,1.0,8963.39,1596.97,Nashik
100050,14-01-2025,Customer_2277,Lamp,Home,7.0,9324.48,1493.79,AURANGABAD
100051,30-08-2025,Customer_1216,Cookware,Home,4.0,9246.3,741.6,Mumbai
100052,22-09-2025,Customer_1285,Monitor,Electronics,1.0,15872.26,1289.02,Pune
100053,12-12-2025,Customer_2060,Monitor,Electronics,8.0,121229.01,12410.29,Kolhapur
100054,22-02-2025,Customer_0762,Office Chair,Furniture,2.0,16951.17,2969.74,pune
100055,06-12-2025,Customer_0492,Smartphone,Electronics,7.0,188325.22,17900.21,Kolhapur
100056,02-04-2025,Customer_0336,Cabinet,Furniture,1.0,7863.3,1249.09,Nagpur
100057,21-09-2025,Customer_1287,Jacket,Clothing,4.0,12107.11,927.81,Mumbai
100058,04-02-2025,Customer_1229,Shoes,Clothing,3.0,8540.32,1728.86,Nagpur
100059,25-07-2025,Customer_1878,T-Shirt,Clothing,1.0,651.77,124.91,KOLHAPUR
100060,22-03-2025,Customer_2073,Laptop,Electronics,4.0,221209.38,29617.51,Nashik
100061,19-02-2025,Customer_1001,Bookshelf,Furniture,2.0,11331.96,1733.28, Nashik 
100062,26-12-2025,Customer_2226,Jeans,Clothing,8.0,13682.77,1720.6,Aurangabad
100063,02-01-2025,Customer_2272,Backpack,Clothing,1.0,1454.27,249.97,Nashik
100064,23-02-2025,Customer_0473,Smartphone,Electronics,5.0,132917.07,9080.17,Pune
100065,16-04-2025,Customer_2478,Bookshelf,Furniture,5.0,33237.73,4431.27,Mumbai
100066,17-09-2025,Customer_2071,Jeans,Clothing,5.0,7429.8,733.19,Nagpur
100067,11/06/2025,Customer_1735,T-Shirt,Clothing,2.0,1392.87,281.21,Nashik
100068,07/10/2025,Customer_0536,Laptop,Electronics,6.0,317956.41,57218.2,Aurangabad
100069,06-08-2025,Customer_2260,Jeans,Clothing,8.0,11251.78,1532.14, Aurangabad 
100070,2025/02/13,Customer_0459,Vacuum Cleaner,Home,1.0,7458.79,1366.97,pune
100071,11-06-2025,Customer_1513,Cabinet,Furniture,1.0,7305.27,1024.42,Kolhapur
100072,21-07-2025,Customer_0172,Table,Furniture,3.0,24842.36,3118.46,NASHIK
100073,27-09-2025,Customer_0861,T-Shirt,Clothing,6.0,4552.91,834.98,Aurangabad
100074,17-12-2025,Customer_2294,Office Chair,Furniture,6.0,41329.36,8578.14,Nagpur
100075,31-10-2025,Customer_0726,Desk,Furniture,3.0,36999.74,4469.12,Nagpur
100076,28-09-2025,Customer_1687,Smartphone,Electronics,6.0,150087.1,23535.37,Aurangabad
100077,2025/08/03,Customer_0443,Bookshelf,Furniture,3.0,18323.41,2525.42,nagpur
100078,09/09/2025,Customer_0818,Tablet,Electronics,,72106.55,6361.67,NAGPUR
100079,09-07-2025,Customer_0914,Jacket,Clothing,4.0,12250.78,1796.97,
100080,23-10-2025,Customer_1142,Table,Furniture,6.0,48023.49,8768.38,Pune
100081,01-08-2025,Customer_2197,Jacket,Clothing,7.0,22142.77,4684.73,NASHIK
100082,27-07-2025,Customer_0732,Laptop,Electronics,5.0,264193.96,21580.08, Kolhapur 
100083,25-08-2025,Customer_2444,T-Shirt,Clothing,2.0,1407.73,109.83, Nagpur 
100084,04-12-2025,Customer_2484,Jacket,Clothing,7.0,22151.85,1979.77,Kolhapur
100085,22-02-2025,Customer_1044,Tablet,Electronics,4.0,66659.74,8336.59,Pune
100086,07-10-2025,Customer_1492,Mixer,Home,4.0,13509.29,2528.21,Nagpur
100087,05-08-2025,Customer_0511,Headphones,Electronics,6.0,14803.43,1292.68,Aurangabad
100088,09-09-2025,Customer_1673,Backpack,Clothing,5.0,6511.14,921.05,Nashik
100089,07-07-2025,Customer_0786,Lamp,Home,3.0,3219.25,508.21,Nagpur
100090,10-02-2025,Customer_1664,Cookware,Home,5.0,11216.97,1955.7, Kolhapur 
100091,06-06-2025,Customer_0861,Headphones,Electronics,5.0,14141.39,2912.57,Nagpur
100092,15-01-2025,Customer_1812,Shoes,Clothing,8.0,22676.45,2248.47,Aurangabad
100093,28-10-2025,Customer_0696,Cabinet,Furniture,8.0,56926.05,6168.75,AURANGABAD
100094,06-03-2025,Customer_0383,Headphones,Electronics,6.0,16777.88,3616.11,Mumbai
100095,11-12-2025,Customer_0604,Jeans,Clothing,4.0,7089.9,550.2,Pune
100096,23-11-2025,Customer_0299,Smartphone,Electronics,8.0,226845.68,28976.65,nagpur
100097,09-01-2025,Customer_1573,Vacuum Cleaner,Home,4.0,22172.62,2899.8,nagpur
100098,10-12-2025,Customer_0023,Cookware,Home,3.0,5701.22,838.2,Pune
100099,09-05-2025,Customer_2122,Cookware,Home,3.0,6280.34,852.55,Nagpur
100100,16-05-2025,Customer_0498,Monitor,Electronics,4.0,57901.26,11522.82,Nagpur
100101,03/04/2025,Customer_1813,Table,Furniture,6.0,56622.81,7329.7,Kolhapur
100102,19-05-2025,Customer_0652,Vacuum Cleaner,Home,8.0,56983.07,11675.44,Aurangabad
100103,2025/03/22,Customer_1013,Bedsheet,Home,5.0,7973.35,1157.01,AURANGABAD
100104,12-06-2025,Customer_0980,Backpack,Clothing,8.0,10475.96,707.44,Nashik
100105,16-10-2025,Customer_0961,Mixer,Home,5.0,18384.87,3641.0,Nashik
100106,2025/09/18,Customer_0567,Jacket,Clothing,2.0,5033.68,956.33,Mumbai
100107,19-08-2025,Customer_0877,Table,Furniture,3.0,29862.51,6160.47,Pune
100108,10-02-2025,Customer_2223,Bedsheet,Home,6.0,10039.52,2054.41,Nagpur
100109,28-01-2025,Customer_1721,Mixer,Home,4.0,13246.78,1965.48,nagpur
100110,15-05-2025,Customer_1954,Monitor,Electronics,7.0,84784.92,5682.37,Pune
100111,20-07-2025,Customer_1717,Jacket,Clothing,7.0,20895.79,2739.79,Kolhapur
100112,24-11-2025,Customer_1118,Table,Furniture,4.0,33367.96,3018.67,Nagpur
100113,25-09-2025,Customer_1377,Mixer,Home,7.0,25749.16,1546.6,Aurangabad
100114,02-02-2025,Customer_0523,Cookware,Home,8.0,19215.11,1396.55,Kolhapur
100115,17-02-2025,Customer_0344,Tablet,Electronics,1.0,16334.04,1989.45,Aurangabad
100116,03-03-2025,Customer_0745,Cookware,Home,8.0,17520.05,2046.33,PUNE
100117,04-08-2025,Customer_0867,Shoes,Clothing,6.0,14193.2,3040.56,Nagpur
100118,10/20/2025,Customer_1140,Jacket,Clothing,7.0,20432.49,1302.56,Nagpur
100119,09-04-2025,Customer_0080,T-Shirt,Clothing,8.0,5482.7,1096.55,Aurangabad
100120,21-06-2025,Customer_0282,Headphones,Electronics,4.0,9404.37,706.54,Aurangabad
100121,26-12-2025,Customer_0817,Laptop,Electronics,4.0,237053.39,37208.43,Pune
100122,02-08-2025,Customer_1940,Desk,Furniture,3.0,36759.38,2520.67,Aurangabad
100123,04-02-2025,Customer_1905,Monitor,Electronics,4.0,49960.38,7974.07,Aurangabad
100124,2025/08/15,Customer_2482,Jacket,Clothing,3.0,7663.72,1077.91,Kolhapur
100125,2025/04/11,Customer_0443,Smartphone,Electronics,5.0,126683.06,13347.47,Kolhapur
100126,05/11/2025,Customer_1625,Headphones,Electronics,7.0,19854.23,3867.49,Aurangabad
100127,14-09-2025,Customer_0418,Office Chair,Furniture,4.0,32001.36,2319.43,Aurangabad
100128,05-01-2025,Customer_2319,Backpack,Clothing,2.0,2469.15,342.83,Pune
100129,08/06/2025,Customer_1518,Backpack,Clothing,7.0,8802.5,1905.94,Pune
100130,12-09-2025,Customer_2008,T-Shirt,Clothing,7.0,4398.02,606.9,PUNE
100131,25-12-2025,Customer_0627,Lamp,Home,8.0,9208.67,1494.58,Nagpur
100132,10-10-2025,Customer_2205,Cabinet,Furniture,5.0,35548.44,4580.44,Nagpur
100133,26-07-2025,Customer_1321,Bedsheet,Home,5.0,8391.7,1695.46,Mumbai
100134,15-01-2025,Customer_0999,Headphones,Electronics,8.0,17243.51,3555.55,Nagpur
100135,12-12-2025,Customer_2025,Lamp,Home,1.0,1319.88,142.03,Nashik
100136,02/11/2025,Customer_1454,Table,Furniture,4.0,39124.34,2542.85,Nashik
100137,28-06-2025,Customer_2277,Jacket,Clothing,5.0,15960.84,2302.43,Pune
100138,04-03-2025,Customer_1665,Office Chair,Furniture,4.0,28229.53,3331.46,Nagpur
100139,18-12-2025,Customer_1836,Table,Furniture,8.0,62634.36,13672.82,Pune
100140,19-08-2025,Customer_1657,Headphones,Electronics,4.0,8617.88,1420.1,Aurangabad
100141,29-08-2025,Customer_1939,Bookshelf,Furniture,6.0,35381.55,7494.75,Kolhapur
100142,21-02-2025,Customer_1442,Shoes,Clothing,6.0,13857.0,2011.12,aurangabad
100143,2025/04/06,Customer_1030,Lamp,Home,5.0,5968.24,1029.27,Mumbai
100144,10-08-2025,Customer_0490,Smartphone,Electronics,6.0,130560.46,11881.82,Aurangabad
100145,19-08-2025,Customer_1984,Desk,Furniture,4.0,43889.73,7816.94,Nashik
100146,25-08-2025,,T-Shirt,Clothing,4.0,2538.88,385.3,Mumbai
100147,23-05-2025,Customer_0058,Jeans,Clothing,5.0,7316.59,1447.66,AURANGABAD
100148,20-06-2025,Customer_0224,Bookshelf,Furniture,1.0,6795.93,971.54,KOLHAPUR
100149,29-01-2025,Customer_0421,Jeans,Clothing,8.0,12232.87,1192.08,Pune
100150,05-02-2025,Customer_1805,Shoes,Clothing,8.0,17298.69,1781.07,Nashik
100151,13-01-2025,Customer_1957,Office Chair,Furniture,5.0,39235.15,5703.96,Pune
100152,09-06-2025,Customer_0304,Tablet,Electronics,8.0,163182.58,20137.44,Kolhapur
100153,23-11-2025,Customer_2306,Smartphone,Electronics,3.0,79361.93,10975.09,Nashik
100154,06-07-2025,Customer_2286,Smartphone,Electronics,2.0,50188.64,5161.6, Nagpur 
100155,31-08-2025,Customer_1846,Cabinet,Furniture,7.0,55243.17,7475.82, Nagpur 
100156,27-03-2025,Customer_1251,Backpack,Clothing,7.0,10407.53,2190.81,Kolhapur
100157,11-10-2025,Customer_0852,Monitor,Electronics,2.0,26566.3,1773.36,Aurangabad
100158,07-03-2025,Customer_0644,Bookshelf,Furniture,2.0,11986.66,1763.4,Mumbai
100159,19-06-2025,Customer_0642,Cabinet,Furniture,2.0,14408.51,2617.66, Pune 
100160,2025/02/14,Customer_1193,Bedsheet,Home,8.0,16494.89,3485.77,Pune
100161,03-03-2025,Customer_1860,Bookshelf,Furniture,5.0,27273.95,5456.38,Pune
100162,14-05-2025,Customer_1742,Bookshelf,Furniture,4.0,25472.35,3378.03,Pune
100163,11-10-2025,Customer_0583,Desk,Furniture,5.0,60731.0,11899.39,pune
100164,28-01-2025,Customer_2438,Smartphone,Electronics,5.0,124255.06,14874.97,Aurangabad
100165,18-04-2025,Customer_1920,Shoes,Clothing,2.0,4989.87,761.76,aurangabad
100166,2025/02/13,Customer_2050,Shoes,Clothing,5.0,11334.04,2313.79,Kolhapur
100167,06-12-2025,Customer_2450,Bedsheet,Home,2.0,3788.12,611.11,Pune
100168,13-10-2025,Customer_0106,Lamp,Home,5.0,5279.09,827.06,Pune
100169,27-11-2025,Customer_1104,Cabinet,Furniture,1.0,7090.31,514.7,Kolhapur
100170,08-05-2025,Customer_2126,Smartphone,Electronics,8.0,201638.65,25093.06,AURANGABAD
100171,12/14/2025,Customer_2398,Lamp,Home,3.0,3695.92,274.52,Nagpur
100172,19-08-2025,Customer_1426,Mixer,Home,8.0,27420.26,2412.05,Nagpur
100173,09-07-2025,Customer_0659,Jacket,Clothing,2.0,6418.33,961.36,Nashik
100174,13-08-2025,Customer_1641,Bedsheet,Home,5.0,9506.08,1065.32,Kolhapur
100175,10-10-2025,Customer_1289,Tablet,Electronics,2.0,31623.18,6835.01,Nashik
100176,01-05-2025,Customer_2108,T-Shirt,Clothing,7.0,4585.8,586.11,Pune
100177,26-04-2025,Customer_0769,Bedsheet,Home,1.0,1880.93,120.29, Kolhapur 
100178,21-08-2025,Customer_1811,Backpack,Clothing,8.0,12242.47,1785.6,Pune
100179,16-09-2025,Customer_1180,Bookshelf,Furniture,3.0,16802.37,1173.77,NAGPUR
100180,25-12-2025,Customer_2494,Mixer,Home,1.0,3145.62,639.21,Mumbai
100181,17-07-2025,Customer_2263,Bookshelf,Furniture,1.0,6334.84,633.38,Nagpur
100182,17-05-2025,Customer_1891,Smartphone,Electronics,2.0,43484.01,7413.96,Pune
100183,14-11-2025,Customer_2085,Table,Furniture,5.0,45977.5,5734.46,Aurangabad
100184,14-06-2025,Customer_1935,Shoes,Clothing,8.0,19181.67,1816.32,MUMBAI
100185,2025/08/13,Customer_1572,Vacuum Cleaner,Home,3.0,20492.23,4412.12,mumbai
100186,11/03/2025,Customer_1700,Office Chair,Furniture,5.0,33851.8,5265.26,Nashik
100187,22-08-2025,Customer_1223,T-Shirt,Clothing,5.0,3420.39,449.68,Kolhapur
100188,21-06-2025,Customer_2207,Cookware,Home,8.0,16301.9,3130.32,Nagpur
100189,01-06-2025,Customer_1866,Jacket,Clothing,7.0,19513.3,2867.38,Nashik
100190,11-11-2025,Customer_0957,Desk,Furniture,7.0,79079.98,7045.18,Nagpur
100191,09-06-2025,Customer_1562,Headphones,Electronics,8.0,17515.46,3052.23,nagpur
100192,06-04-2025,Customer_0518,Table,Furniture,1.0,8179.83,1393.94,KOLHAPUR
100193,21-08-2025,Customer_0409,T-Shirt,Clothing,8.0,5415.83,685.23,Kolhapur
100194,29-06-2025,Customer_1680,Mixer,Home,3.0,10402.91,1236.21, Aurangabad 
100195,23-04-2025,Customer_1086,Office Chair,Furniture,8.0,52811.16,5784.99,nashik
100196,14-11-2025,Customer_2186,Mixer,Home,6.0,22031.53,3668.81,Nagpur
100197,21-02-2025,Customer_0281,Shoes,Clothing,1.0,2339.67,312.62,Mumbai
100198,25-09-2025,Customer_1778,Jeans,Clothing,2.0,2905.71,272.15,Pune
100199,22-10-2025,Customer_1227,Tablet,Electronics,3.0,46273.36,9415.68,Pune
100200,23-04-2025,Customer_1202,Headphones,Electronics,1.0,2283.03,220.1,Nashik
100201,11-04-2025,Customer_1001,Shoes,Clothing,3.0,7004.1,563.03,Kolhapur
100202,2025/04/23,Customer_0697,Vacuum Cleaner,Home,3.0,20314.69,1463.12,Mumbai
100203,22-03-2025,Customer_0987,Monitor,Electronics,7.0,87245.55,14235.08,Nagpur
100204,06-07-2025,Customer_1041,Desk,Furniture,8.0,91382.23,15833.95,nagpur
100205,23-04-2025,Customer_1179,T-Shirt,Clothing,8.0,5696.47,575.14,Aurangabad
100206,01/02/2025,Customer_1416,Office Chair,Furniture,8.0,62714.9,4929.63,Kolhapur
100207,2025/05/10,Customer_1872,Shoes,Clothing,5.0,12636.54,1642.04,Nashik
100208,2025/08/08,Customer_0437,Table,Furniture,8.0,66986.07,10492.75,Mumbai
100209,23-02-2025,Customer_2355,Vacuum Cleaner,Home,6.0,43344.6,9528.22,Nashik
100210,2025/12/09,Customer_1125,T-Shirt,Clothing,7.0,5058.41,631.05,Pune
100211,12-08-2025,Customer_1173,Monitor,Electronics,8.0,102766.96,10393.37,Mumbai
100212,13-08-2025,Customer_1027,Jeans,Clothing,4.0,6360.55,755.41,Aurangabad
100213,06-05-2025,Customer_1266,Office Chair,Furniture,1.0,8431.08,1002.69,Nagpur
100214,10-05-2025,Customer_0539,Monitor,Electronics,6.0,80810.8,9807.65,Pune
100215,22-02-2025,Customer_0720,Jacket,Clothing,7.0,21579.33,3541.73,MUMBAI
100216,21-06-2025,Customer_2175,Cabinet,Furniture,6.0,49644.03,5632.75,Kolhapur
100217,06-08-2025,Customer_1974,Jeans,Clothing,5.0,8762.97,579.57,Nashik
100218,2025/06/09,Customer_0309,T-Shirt,Clothing,8.0,6222.94,883.91,Mumbai
100219,07/17/2025,Customer_0370,Table,Furniture,6.0,52351.65,7305.5,Nagpur
100220,04-09-2025,Customer_1863,Headphones,Electronics,2.0,5251.12,325.79,Nashik
100221,20-11-2025,Customer_1522,Backpack,Clothing,7.0,10892.36,1432.11,Pune
100222,2025/07/22,Customer_2300,Table,Furniture,1.0,8576.01,704.26,NASHIK
100223,03-07-2025,Customer_1238,Office Chair,Furniture,8.0,58910.38,8212.79,Aurangabad
100224,05/03/2025,Customer_0186,Mixer,Home,3.0,10196.49,1718.98,Pune
100225,12-09-2025,Customer_0399,Shoes,Clothing,2.0,4881.34,1043.76,Mumbai
100226,21-10-2025,Customer_1520,Table,Furniture,8.0,74144.39,14027.86,Aurangabad
100227,07-10-2025,Customer_1700,Vacuum Cleaner,Home,3.0,17214.73,2127.17,Aurangabad
100228,21-11-2025,Customer_1146,Tablet,Electronics,7.0,119832.84,18108.8,Pune
100229,08-04-2025,Customer_1822,Jeans,Clothing,8.0,14186.68,1029.02,Mumbai
100230,2025/07/17,Customer_2231,T-Shirt,Clothing,6.0,3661.44,717.83,Aurangabad
100231,28-08-2025,Customer_1131,T-Shirt,Clothing,7.0,4477.89,747.81,Mumbai
100232,24-05-2025,Customer_0869,Tablet,Electronics,2.0,36463.08,7046.96,Aurangabad
100233,04/07/2025,Customer_0998,Laptop,Electronics,6.0,292883.8,23654.84,Mumbai
100234,20-07-2025,Customer_2402,Office Chair,Furniture,4.0,30511.37,6450.73, Mumbai 
100235,04-05-2025,Customer_2442,Bookshelf,Furniture,3.0,17540.99,1970.04,Pune
100236,06-07-2025,Customer_2213,Jeans,Clothing,3.0,4953.63,1034.67,Nashik
100237,11/22/2025,Customer_0540,Office Chair,Furniture,1.0,8258.09,1810.81,Pune
100238,15-12-2025,Customer_0065,Jeans,Clothing,6.0,8225.0,642.02,mumbai
100239,09/16/2025,Customer_1725,T-Shirt,Clothing,3.0,2168.96,414.91,Kolhapur
100240,28-05-2025,Customer_1837,Laptop,Electronics,8.0,411652.25,40454.62,Nashik
100241,2025/09/09,Customer_0178,Tablet,Electronics,4.0,78198.68,5397.36,Aurangabad
100242,12-12-2025,Customer_0250,Shoes,Clothing,1.0,2402.04,338.52,Nagpur
100243,2025/05/27,Customer_2009,Bedsheet,Home,2.0,3665.18,647.19,aurangabad
100244,28-05-2025,Customer_1320,Mixer,Home,2.0,6695.18,1058.04,Kolhapur
100245,18-12-2025,Customer_1127,Office Chair,Furniture,3.0,23076.28,3406.49,Kolhapur
100246,18-07-2025,Customer_1859,Shoes,Clothing,5.0,13026.81,1322.38,Kolhapur
100247,04-11-2025,Customer_2259,Mixer,Home,2.0,6127.76,484.6,AURANGABAD
100248,2025/05/08,Customer_0936,Table,Furniture,8.0,66050.98,9249.23,NAGPUR
100249,08-02-2025,Customer_1704,Shoes,Clothing,7.0,19287.32,3321.41,aurangabad
100250,04-12-2025,Customer_1281,Headphones,Electronics,-2.0,19017.46,2208.99,Aurangabad
100251,26-12-2025,Customer_1943,Jacket,Clothing,3.0,8159.73,1003.56,Pune
100252,09-05-2025,Customer_1769,Laptop,Electronics,2.0,99831.82,6967.73,pune
100253,24-09-2025,Customer_2403,Jeans,Clothing,1.0,1643.64,358.76,Kolhapur
100254,31-05-2025,Customer_1449,T-Shirt,Clothing,7.0,,297.56,Aurangabad
100255,25-10-2025,Customer_2460,Mixer,Home,5.0,18967.54,1904.6,Nashik
100256,09-04-2025,Customer_0634,T-Shirt,Clothing,4.0,3076.9,531.16,Aurangabad
100257,20-09-2025,Customer_1435,Cookware,Home,2.0,4988.29,625.67,kolhapur
100258,09-09-2025,Customer_2352,T-Shirt,Clothing,5.0,3670.07,493.17,Mumbai
100259,24-05-2025,Customer_2495,Vacuum Cleaner,Home,1.0,6754.65,891.18,Aurangabad
100260,12-12-2025,Customer_1120,T-Shirt,Clothing,3.0,1903.84,268.94,Aurangabad
100261,22-04-2025,Customer_0026,Jacket,Clothing,6.0,16944.06,3214.23, Mumbai 
100262,01-03-2025,Customer_0286,Cabinet,Furniture,7.0,59956.75,9965.21,Mumbai
100263,02-01-2025,Customer_1541,Laptop,Electronics,4.0,194483.55,34092.7,Nagpur
100264,31-10-2025,Customer_1516,Lamp,Home,3.0,3600.33,731.07,Nashik
100265,11-09-2025,Customer_0216,Backpack,Clothing,2.0,3152.69,216.98, Mumbai 
100266,20-05-2025,Customer_0335,Cabinet,Furniture,1.0,8769.54,579.07,NASHIK
100267,2025/02/06,Customer_2487,Bedsheet,Home,8.0,13826.17,2029.24,NAGPUR
100268,09-06-2025,Customer_2099,Lamp,Home,4.0,4293.27,770.26,Pune
100269,09-01-2025,Customer_1161,Shoes,Clothing,2.0,4262.53,370.74,Aurangabad
100270,21-08-2025,Customer_0187,Vacuum Cleaner,Home,5.0,33287.77,5802.13,Mumbai
100271,09-04-2025,Customer_0032,Vacuum Cleaner,Home,1.0,7312.45,1264.17,mumbai
100272,27-05-2025,Customer_1047,Jeans,Clothing,3.0,5047.36,621.3,Nashik
100273,31-10-2025,Customer_2038,T-Shirt,Clothing,1.0,595.27,47.16,Aurangabad
100274,27-07-2025,Customer_1558,Cookware,Home,3.0,6668.42,1120.43,Kolhapur
100275,11-05-2025,Customer_0296,Cabinet,Furniture,,46811.26,8281.32,NAGPUR
100276,01-06-2025,Customer_1884,Tablet,Electronics,,18118.06,1302.11,Pune
100277,23-02-2025,Customer_2349,Backpack,Clothing,7.0,8894.53,1729.09,Nagpur
100278,30-04-2025,Customer_1660,Lamp,Home,2.0,2561.94,520.49,Pune
100279,10-06-2025,Customer_1483,Jeans,Clothing,8.0,11331.42,2475.19,Pune
100280,26-04-2025,Customer_1785,Mixer,Home,4.0,12779.51,790.86,Kolhapur
100281,16-03-2025,Customer_1622,Vacuum Cleaner,Home,2.0,14939.95,1568.27,Nashik
100282,23-04-2025,Customer_0689,Jeans,Clothing,6.0,10083.9,890.1,Pune
100283,14-04-2025,Customer_1432,Monitor,Electronics,4.0,57347.84,11735.98,Nashik
100284,06-12-2025,Customer_0600,Desk,Furniture,2.0,22705.3,3797.25,NASHIK
100285,11-09-2025,Customer_0309,Desk,Furniture,3.0,32629.36,5219.63,Mumbai
100286,15-08-2025,Customer_2313,Bedsheet,Home,8.0,13693.47,1284.36,Aurangabad
100287,2025/04/22,Customer_1802,Jacket,Clothing,3.0,7929.22,702.64, Pune 
100288,09-04-2025,Customer_1126,Bedsheet,Home,5.0,10085.17,1246.02,Kolhapur
100289,02-06-2025,Customer_1272,Headphones,Electronics,2.0,4617.92,608.39,nagpur
100290,15-12-2025,Customer_1511,Mixer,Home,1.0,3311.56,593.12,Nashik
100291,04-12-2025,Customer_1896,Laptop,Electronics,7.0,439425.9,57162.89,Kolhapur
100292,13-07-2025,Customer_1317,Tablet,Electronics,4.0,79798.32,12012.69,KOLHAPUR
100293,06-11-2025,Customer_0254,Vacuum Cleaner,Home,3.0,17494.83,2982.86,Nagpur
100294,12-06-2025,Customer_2067,Headphones,Electronics,2.0,5020.15,823.79,
100295,27-07-2025,Customer_1794,Office Chair,Furniture,4.0,33507.19,4371.67,Nagpur
100296,2025/06/18,Customer_1159,Bookshelf,Furniture,6.0,40332.72,7264.21,NAGPUR
100297,10-06-2025,Customer_1371,Lamp,Home,1.0,1195.9,187.18,Pune
100298,2025/03/09,Customer_1164,T-Shirt,Clothing,7.0,4643.6,1009.41,Nashik
100299,16-10-2025,Customer_2387,Bookshelf,Furniture,2.0,12602.46,844.56,Aurangabad
100300,04-10-2025,Customer_1606,Bookshelf,Furniture,5.0,28439.6,4542.67,mumbai
100301,31-10-2025,Customer_1346,Headphones,Electronics,7.0,15170.75,968.22,Mumbai
100302,15-05-2025,Customer_0075,Tablet,Electronics,6.0,106380.79,12045.54,Nashik
100303,14-07-2025,Customer_1400,Jeans,Clothing,4.0,6281.53,640.91, Nagpur 
100304,08-05-2025,Customer_0635,Desk,Furniture,3.0,32378.95,5512.94,Pune
100305,2025/02/02,Customer_1380,T-Shirt,Clothing,1.0,703.06,64.7,Kolhapur
100306,25-06-2025,Customer_0632,Cabinet,Furniture,7.0,52969.1,8193.75,Mumbai
100307,22-01-2025,Customer_1793,Cabinet,Furniture,3.0,20920.05,1748.76,Pune
100308,26-08-2025,Customer_1820,Lamp,Home,4.0,4185.47,795.12,Kolhapur
100309,07-06-2025,Customer_2188,Shoes,Clothing,4.0,10757.23,1942.0, Mumbai 
100310,07-02-2025,Customer_1507,Shoes,Clothing,4.0,10648.98,1779.46,Aurangabad
100311,18-08-2025,Customer_1565,Bedsheet,Home,5.0,8937.88,1454.77,Kolhapur
100312,12/31/2025,Customer_2477,Cookware,Home,4.0,7581.27,1208.72,Mumbai
100313,20-02-2025,Customer_1521,T-Shirt,Clothing,8.0,6066.83,849.7,Kolhapur
100314,21-09-2025,Customer_1168,Monitor,Electronics,2.0,26803.11,2797.93,Pune
100315,10-10-2025,Customer_2103,Bookshelf,Furniture,8.0,50056.35,8552.04,Mumbai
100316,2025/01/27,Customer_1848,Mixer,Home,4.0,15558.06,1785.65,Nashik
100317,2025/08/14,Customer_1624,Tablet,Electronics,1.0,19456.77,2914.95,Kolhapur
100318,04-10-2025,Customer_0335,Jeans,Clothing,7.0,12486.33,1803.65,Nashik
100319,13-10-2025,Customer_0406,Office Chair,Furniture,6.0,45238.0,6897.0,Aurangabad
100320,07-04-2025,Customer_0157,Jeans,Clothing,3.0,5159.01,1105.84,Nashik
100321,11-10-2025,Customer_1838,Cookware,Home,8.0,15348.41,1052.13,Kolhapur
100322,13-11-2025,Customer_1049,Laptop,Electronics,1.0,62219.58,9008.16,Mumbai
100323,31-10-2025,Customer_0456,Cabinet,Furniture,7.0,57930.37,7947.34,Nashik
100324,27-05-2025,Customer_0196,Bookshelf,Furniture,2.0,10537.17,1927.19,Mumbai
100325,04-01-2025,Customer_0258,Vacuum Cleaner,Home,8.0,55856.7,6137.12,Pune
100326,2025/02/04,Customer_2111,Vacuum Cleaner,Home,1.0,6122.17,1188.03,Kolhapur
100327,2025/07/11,Customer_1759,Desk,Furniture,5.0,52302.43,10511.58,pune
100328,18-02-2025,Customer_0768,Jeans,Clothing,7.0,10382.38,1608.0,AURANGABAD
100329,2025/01/17,Customer_0278,Monitor,Electronics,6.0,94987.05,16005.28,KOLHAPUR
100330,21-06-2025,Customer_0179,Tablet,Electronics,8.0,140303.37,23897.24, Aurangabad 
100331,08-08-2025,Customer_0067,Lamp,Home,5.0,5719.16,596.86,Nashik
100332,07-06-2025,Customer_0425,Headphones,Electronics,4.0,11490.05,2069.66,Kolhapur
100333,15-02-2025,Customer_1444,Jeans,Clothing,1.0,1669.47,195.07,Kolhapur
100334,06-01-2025,Customer_1961,Jeans,Clothing,8.0,11068.78,719.13,AURANGABAD
100335,09-04-2025,Customer_1875,Desk,Furniture,2.0,24390.11,4437.18,pune
100336,21-08-2025,Customer_0818,Jeans,Clothing,1.0,1617.94,314.73, Pune 
100337,06-02-2025,Customer_2225,Jacket,Clothing,7.0,16856.55,2000.54,NAGPUR
100338,07-10-2025,Customer_1172,T-Shirt,Clothing,4.0,2579.14,339.32,Nashik
100339,15-12-2025,Customer_0510,Headphones,Electronics,5.0,10896.41,2317.24,Nashik
100340,29-10-2025,Customer_1584,Bedsheet,Home,8.0,13204.46,2740.84,NASHIK
100341,30-06-2025,Customer_1505,Table,Furniture,8.0,70399.29,15324.79,Kolhapur
100342,05-04-2025,Customer_0324,T-Shirt,Clothing,7.0,4979.47,1040.38,Nagpur
100343,09-04-2025,Customer_1316,Cabinet,Furniture,5.0,34064.19,6121.95,Pune
100344,07-07-2025,Customer_1256,Headphones,Electronics,5.0,14011.44,1153.92,Nagpur
100345,26-04-2025,Customer_1440,Cookware,Home,8.0,15467.54,1978.79,Nagpur
100346,2025/07/10,Customer_1125,Headphones,Electronics,7.0,19776.81,2902.88,Aurangabad
100347,10-09-2025,Customer_1489,Laptop,Electronics,7.0,388171.22,32055.25,Kolhapur
100348,10-06-2025,Customer_2489,Office Chair,Furniture,3.0,19130.33,3627.54,Aurangabad
100349,13-09-2025,Customer_0276,Mixer,Home,3.0,9200.86,1485.17,Mumbai
100350,19-11-2025,Customer_2324,Jacket,Clothing,7.0,22037.94,2058.0, Pune 
100351,2025/05/08,Customer_1524,Table,Furniture,6.0,56677.42,4114.31,Nagpur
100352,18-01-2025,Customer_2169,Monitor,Electronics,3.0,43307.31,3734.35,Nashik
100353,10/08/2025,Customer_1023,Lamp,Home,5.0,6424.72,695.14, Pune 
100354,11-08-2025,Customer_2121,Smartphone,Electronics,8.0,197803.46,30839.32,Nagpur
100355,23-02-2025,Customer_1828,Headphones,Electronics,5.0,11267.28,2013.03,Mumbai
100356,27-02-2025,Customer_0503,Shoes,Clothing,4.0,9407.92,1561.52,mumbai
100357,19-11-2025,Customer_1824,Tablet,Electronics,3.0,48464.19,8243.7,Pune
100358,26-12-2025,Customer_2253,Jacket,Clothing,2.0,4975.36,637.13,Kolhapur
100359,06/23/2025,Customer_0714,Jacket,Clothing,3.0,7762.96,1395.31,Nashik
100360,07-10-2025,Customer_0569,Office Chair,Furniture,4.0,27858.32,5601.6,mumbai
100361,24-04-2025,Customer_2270,Mixer,Home,6.0,23468.47,2145.74,Kolhapur
100362,15-10-2025,Customer_0354,Shoes,Clothing,3.0,7756.15,574.23,Pune
100363,08-12-2025,Customer_2154,Shoes,Clothing,8.0,19349.22,3369.31,Nagpur
100364,2025/05/31,Customer_0514,Vacuum Cleaner,Home,2.0,13621.75,2178.83,Nashik
100365,07-05-2025,Customer_2120,Tablet,Electronics,8.0,134605.77,16217.84,Nashik
100366,2025/06/04,Customer_0529,Cabinet,Furniture,3.0,21141.21,3700.63,Nagpur
100367,30-09-2025,Customer_1246,Laptop,Electronics,3.0,165192.5,28644.79,Mumbai
100368,14-04-2025,Customer_1418,Bookshelf,Furniture,4.0,22192.39,2483.55,Kolhapur
100369,2025/10/26,Customer_0805,T-Shirt,Clothing,5.0,3325.93,213.25,Aurangabad
100370,09/03/2025,Customer_2186,Jeans,Clothing,5.0,7618.51,1436.31,Pune
100371,25-06-2025,Customer_0702,Cabinet,Furniture,3.0,26860.55,3838.77,Aurangabad
100372,08-02-2025,Customer_0117,Backpack,Clothing,1.0,1381.31,89.69,Pune
100373,19-06-2025,Customer_0864,Monitor,Electronics,5.0,77963.29,4840.09,kolhapur
100374,04-09-2025,,Vacuum Cleaner,Home,1.0,7367.26,1018.71,Aurangabad
100375,26-01-2025,Customer_1004,Jacket,Clothing,8.0,21337.8,4435.59, Aurangabad 
100376,12/21/2025,Customer_0299,Lamp,Home,8.0,8230.25,1259.46,Aurangabad
100377,02-11-2025,Customer_1703,Smartphone,Electronics,8.0,202935.95,19297.44,nagpur
100378,01/13/2025,Customer_2485,Cookware,Home,6.0,12918.39,2123.3,MUMBAI
100379,12-11-2025,Customer_1634,Jacket,Clothing,6.0,17944.74,1078.74,MUMBAI
100380,09-11-2025,Customer_1308,Backpack,Clothing,2.0,3166.96,273.38,Mumbai
100381,2025/02/05,Customer_1842,Mixer,Home,5.0,16101.3,1644.84,
100382,06/22/2025,Customer_1189,Office Chair,Furniture,1.0,6460.1,514.79,Nagpur
100383,2025/01/20,Customer_1342,Cookware,Home,3.0,7562.97,835.21,Kolhapur
100384,17-11-2025,Customer_2041,Jeans,Clothing,3.0,4246.03,327.45,Kolhapur
100385,21-09-2025,Customer_2038,Bedsheet,Home,5.0,9592.54,1887.15,Pune
100386,22-05-2025,Customer_0987,Tablet,Electronics,8.0,133500.34,8456.65,Mumbai
100387,23-05-2025,Customer_1153,T-Shirt,Clothing,1.0,641.85,44.31, Nagpur 
100388,02-04-2025,Customer_0441,Lamp,Home,1.0,1057.22,136.43,Nagpur
100389,20-12-2025,Customer_1652,Bookshelf,Furniture,6.0,33083.12,4716.04,Nashik
100390,18-11-2025,Customer_2336,Tablet,Electronics,1.0,16668.87,3508.56,Kolhapur
100391,15-10-2025,Customer_0302,Bookshelf,Furniture,5.0,33653.5,5071.21,nagpur
100392,03-08-2025,Customer_0487,Vacuum Cleaner,Home,5.0,31080.63,3760.24,Mumbai
100393,2025/12/08,Customer_1389,Tablet,Electronics,6.0,105144.01,18548.74,Kolhapur
100394,20-02-2025,Customer_2468,Jeans,Clothing,4.0,6307.15,1242.99,kolhapur
100395,02-06-2025,Customer_0186,Vacuum Cleaner,Home,1.0,7365.98,837.89,Pune
100396,05-07-2025,Customer_2128,Bookshelf,Furniture,8.0,48874.0,3675.77,NAGPUR
100397,2025/03/04,Customer_1344,Cabinet,Furniture,3.0,21843.38,2755.64,Kolhapur
100398,09-07-2025,Customer_1226,Jeans,Clothing,7.0,10212.84,2045.12,Kolhapur
100399,05-05-2025,Customer_2306,Backpack,Clothing,8.0,10051.84,1335.95,NASHIK
100400,05/30/2025,Customer_1357,Mixer,Home,6.0,21665.91,3698.33,Aurangabad
100401,10-11-2025,Customer_0110,Tablet,Electronics,5.0,86842.87,17286.58,Kolhapur
100402,27-02-2025,Customer_0211,Lamp,Home,4.0,4898.38,638.36,Kolhapur
100403,08-12-2025,Customer_0606,Cookware,Home,7.0,13400.65,1800.38,aurangabad
100404,01-11-2025,Customer_0782,Office Chair,Furniture,2.0,16443.31,2603.41,Pune
100405,29-06-2025,Customer_0621,Lamp,Home,7.0,9237.05,1284.34,NAGPUR
100406,19-06-2025,Customer_0256,Table,Furniture,8.0,63758.77,3964.67,Aurangabad
100407,22-11-2025,Customer_2298,Cabinet,Furniture,4.0,30110.91,5169.39,Nashik
100408,28-09-2025,Customer_1286,Vacuum Cleaner,Home,7.0,49462.05,5308.29,Mumbai
100409,02/23/2025,Customer_2238,Vacuum Cleaner,Home,6.0,38949.15,4961.3,Nashik
100410,11-04-2025,Customer_0788,Backpack,Clothing,8.0,10899.36,1057.41, Mumbai 
100411,09/21/2025,Customer_0922,Backpack,Clothing,5.0,6236.38,570.44,Nashik
100412,22-02-2025,Customer_1299,Jeans,Clothing,8.0,11092.48,1017.19,NAGPUR
100413,01-03-2025,Customer_1179,Backpack,Clothing,5.0,5969.32,957.25, Pune 
100414,18-04-2025,Customer_0600,Bedsheet,Home,6.0,10205.06,2201.26,Nashik
100415,05-01-2025,Customer_1419,Headphones,Electronics,2.0,4540.58,523.68,Nagpur
100416,13-04-2025,Customer_0828,Shoes,Clothing,4.0,9573.52,587.36,Kolhapur
100417,15-07-2025,Customer_0563,Backpack,Clothing,5.0,7712.34,502.22,Pune
100418,19-09-2025,Customer_2176,Desk,Furniture,1.0,13584.65,2754.04, Mumbai 
100419,31-12-2025,Customer_1693,Office Chair,Furniture,2.0,15159.85,2228.12,Nashik
100420,16-12-2025,Customer_0022,Mixer,Home,3.0,10984.4,1339.31,Kolhapur
100421,16-02-2025,Customer_1956,Table,Furniture,8.0,75180.0,5049.31,AURANGABAD
100422,21-12-2025,Customer_1170,Bookshelf,Furniture,6.0,31183.71,4152.33,AURANGABAD
100423,07-11-2025,Customer_2192,Laptop,Electronics,4.0,223275.07,45112.91,Aurangabad
100424,04-11-2025,Customer_0721,Smartphone,Electronics,7.0,154244.68,29556.93,Pune
100425,24-05-2025,Customer_1186,Bedsheet,Home,3.0,4930.28,606.69,Pune
100426,26-09-2025,Customer_1373,Headphones,Electronics,2.0,4724.9,586.01,Nashik
100427,2025/05/04,Customer_0550,Vacuum Cleaner,Home,8.0,46547.73,6543.27,Kolhapur
100428,2025/04/16,Customer_0462,Lamp,Home,4.0,5234.37,683.85,NASHIK
100429,07-06-2025,Customer_0763,Table,Furniture,5.0,44873.28,8786.32,Pune
100430,27-05-2025,Customer_0719,Jacket,Clothing,4.0,11892.36,1646.77,Kolhapur
100431,25-05-2025,Customer_0356,Bedsheet,Home,6.0,10014.93,2018.89,Nagpur
100432,30-04-2025,Customer_1956,Smartphone,Electronics,3.0,76732.96,7319.07, Nashik 
100433,15-11-2025,Customer_1572,Office Chair,Furniture,5.0,34902.6,6579.18,Mumbai
100434,02-10-2025,Customer_1237,Lamp,Home,6.0,6215.35,1359.51,Kolhapur
100435,02-04-2025,Customer_0968,Headphones,Electronics,6.0,13336.58,2498.89,Pune
100436,27-02-2025,Customer_0655,Tablet,Electronics,5.0,87158.93,12093.7,Nagpur
100437,12-12-2025,Customer_1506,T-Shirt,Clothing,5.0,3899.68,491.62,Kolhapur
100438,17-08-2025,Customer_1959,Desk,Furniture,3.0,36404.93,2471.46,Mumbai
100439,27-04-2025,Customer_1704,Vacuum Cleaner,Home,6.0,33177.47,3290.14,Aurangabad
100440,14-11-2025,Customer_1014,Vacuum Cleaner,Home,4.0,27408.55,2176.3,AURANGABAD
100441,06-10-2025,Customer_2164,Monitor,Electronics,8.0,99022.4,12452.43,Aurangabad
100442,07-05-2025,Customer_0253,T-Shirt,Clothing,2.0,1462.09,254.3,Kolhapur
100443,09-05-2025,Customer_0674,Cabinet,Furniture,3.0,21684.84,1577.23,Nashik
100444,02/27/2025,Customer_2389,Mixer,Home,4.0,15849.67,1612.02,NAGPUR
100445,02-05-2025,Customer_0228,Monitor,Electronics,8.0,123872.44,24546.39,Nagpur
100446,01-01-2025,Customer_1872,Cabinet,Furniture,7.0,60578.38,5271.13,Kolhapur
100447,27-08-2025,Customer_1263,Monitor,Electronics,8.0,122812.53,22484.53, Aurangabad 
100448,17-10-2025,Customer_0013,Tablet,Electronics,5.0,92611.52,10553.3,Aurangabad
100449,06-04-2025,Customer_0186,Cabinet,Furniture,2.0,14860.04,1181.41,Nagpur
100450,2025/05/06,Customer_0283,T-Shirt,Clothing,1.0,702.05,107.86, Nagpur 
100451,28-04-2025,Customer_0738,Headphones,Electronics,7.0,16761.53,2280.53,Mumbai
100452,17-02-2025,Customer_1838,Lamp,Home,7.0,8056.06,1309.6, Nagpur 
100453,30-03-2025,Customer_1425,Mixer,Home,3.0,11763.97,1014.37,Pune
100454,25-08-2025,Customer_2167,Cabinet,Furniture,7.0,54007.67,4457.74,Mumbai
100455,29-09-2025,Customer_1223,Office Chair,Furniture,1.0,7781.12,1374.3,Nagpur
100456,08-07-2025,Customer_0941,Vacuum Cleaner,Home,7.0,51395.61,5376.98,Mumbai
100457,2025/07/11,Customer_1130,Lamp,Home,3.0,4086.23,286.53,mumbai
100458,10-03-2025,Customer_0065,Laptop,Electronics,7.0,396898.1,27442.02,Mumbai
100459,05-10-2025,Customer_2433,Office Chair,Furniture,2.0,16771.98,2428.07,pune
100460,15-12-2025,Customer_1003,Vacuum Cleaner,Home,1.0,6830.23,1318.59,Aurangabad
100461,09/04/2025,Customer_0960,Tablet,Electronics,8.0,128893.42,8529.48,Kolhapur
100462,17-03-2025,Customer_2064,Office Chair,Furniture,3.0,25057.45,2766.07,Nashik
100463,03-06-2025,Customer_2366,Cabinet,Furniture,6.0,42657.3,5756.76,kolhapur
100464,24-05-2025,Customer_0587,Jeans,Clothing,5.0,8235.93,534.97,Aurangabad
100465,27-03-2025,Customer_1128,Table,Furniture,5.0,41961.09,2737.88, Pune 
100466,04-07-2025,Customer_0193,Table,Furniture,8.0,70279.24,14281.87,NASHIK
100467,12-10-2025,Customer_1706,Vacuum Cleaner,Home,6.0,44647.03,7229.59,Nagpur
100468,08/08/2025,Customer_0754,Bookshelf,Furniture,7.0,37736.63,7733.59,kolhapur
100469,03/10/2025,Customer_1232,Cookware,Home,4.0,8842.89,748.11,aurangabad
100470,02/16/2025,Customer_2304,Table,Furniture,1.0,10138.66,1837.08,Nagpur
100471,04-04-2025,Customer_1591,Vacuum Cleaner,Home,3.0,20855.48,3617.78,mumbai
100472,26-08-2025,Customer_0324,Jeans,Clothing,6.0,8736.98,819.19,nagpur
100473,23-07-2025,Customer_0212,T-Shirt,Clothing,4.0,2958.17,281.49,Nashik
100474,08/06/2025,Customer_0299,Vacuum Cleaner,Home,1.0,6380.41,1181.14,Mumbai
100475,07-12-2025,,Table,Furniture,4.0,39066.69,5177.19,Nashik
100476,08-02-2025,Customer_0481,Smartphone,Electronics,4.0,108765.7,21120.07,AURANGABAD
100477,10-04-2025,Customer_1625,Cookware,Home,4.0,9208.61,889.07,Mumbai
100478,16-10-2025,Customer_1910,Jacket,Clothing,7.0,18271.19,2016.67, Kolhapur 
100479,11-09-2025,Customer_1474,Jacket,Clothing,5.0,12390.58,1284.97,Kolhapur
100480,10-08-2025,Customer_1924,Bedsheet,Home,2.0,3286.28,436.59,Nashik
100481,23-12-2025,Customer_1696,Bookshelf,Furniture,6.0,40411.13,3100.21,Pune
100482,23-01-2025,Customer_1069,Desk,Furniture,1.0,12792.96,2174.36, Kolhapur 
100483,07-09-2025,Customer_0804,Lamp,Home,3.0,3163.41,656.76,Nashik
100484,01/10/2025,Customer_2046,Table,Furniture,4.0,36739.5,4342.46,Kolhapur
100485,03-09-2025,Customer_2010,Jacket,Clothing,8.0,24123.94,2440.82,Nagpur
100486,11/21/2025,Customer_0574,Bookshelf,Furniture,3.0,19044.95,1263.7,Aurangabad
100487,10-04-2025,Customer_2147,Cookware,Home,1.0,2424.01,319.26, Pune 
100488,17-10-2025,Customer_1690,Laptop,Electronics,1.0,57255.43,5462.06,Mumbai
100489,29-06-2025,Customer_0038,Office Chair,Furniture,3.0,23695.25,4349.46,MUMBAI
100490,2025/08/11,Customer_1980,Lamp,Home,1.0,1190.36,189.07,Aurangabad
100491,07-09-2025,Customer_2180,Mixer,Home,1.0,3454.14,701.38,Kolhapur
100492,27-05-2025,Customer_2169,Mixer,Home,1.0,3497.76,680.98,Aurangabad
100493,06-04-2025,Customer_0071,Backpack,Clothing,5.0,7632.84,959.3,Kolhapur
100494,14-09-2025,Customer_0395,Cookware,Home,2.0,4043.71,505.36, Kolhapur 
100495,21-11-2025,Customer_2157,Desk,Furniture,4.0,52697.53,5081.16,Nashik
100496,2025/01/04,Customer_0324,Jacket,Clothing,7.0,19743.69,3731.07,Nashik
100497,01/16/2025,Customer_0926,Bedsheet,Home,4.0,6883.51,1120.32,nashik
100498,07-10-2025,Customer_1661,Laptop,Electronics,2.0,101605.84,7872.9,Nagpur
100499,02-12-2025,Customer_0230,Vacuum Cleaner,Home,8.0,56592.39,4291.68,AURANGABAD
100500,04-09-2025,Customer_2048,Smartphone,Electronics,2.0,46570.72,9165.93,nagpur
100501,15-09-2025,Customer_2164,Backpack,Clothing,2.0,2671.03,576.11,Pune
100502,09-06-2025,Customer_1111,Desk,Furniture,8.0,109816.35,11302.76,Pune
100503,06-12-2025,Customer_0735,Headphones,Electronics,1.0,2155.73,372.53,Nashik
100504,06/01/2025,Customer_1632,Smartphone,Electronics,3.0,73897.2,5625.09,Pune
100505,2025/06/27,Customer_2322,Jeans,Clothing,4.0,6798.44,441.82,Nagpur
100506,12-06-2025,Customer_0322,Shoes,Clothing,3.0,8332.94,684.84,Kolhapur
100507,02-02-2025,Customer_1791,T-Shirt,Clothing,2.0,1243.47,109.56,Mumbai
100508,2025/06/28,Customer_1337,Headphones,Electronics,7.0,19916.4,3403.85,Pune
100509,2025/04/11,Customer_0935,Shoes,Clothing,8.0,21808.23,2695.97,Nashik
100510,09/25/2025,Customer_2400,Bedsheet,Home,3.0,5134.83,500.74,Aurangabad
100511,19-11-2025,Customer_1010,Mixer,Home,5.0,17398.4,2580.05,Aurangabad
100512,06-03-2025,Customer_0632,Laptop,Electronics,5.0,285871.42,28912.74,Nagpur
100513,2025/06/17,Customer_1478,Table,Furniture,6.0,61268.2,5340.22,Pune
100514,26-11-2025,Customer_1822,Laptop,Electronics,5.0,313416.39,19549.97,NASHIK
100515,2025/02/12,Customer_0358,T-Shirt,Clothing,3.0,2088.11,236.66,mumbai
100516,13-02-2025,Customer_0424,Bedsheet,Home,7.0,12407.69,1877.36,Pune
100517,12-10-2025,Customer_2446,Headphones,Electronics,2.0,4903.38,619.67,Kolhapur
100518,12-01-2025,Customer_1196,Shoes,Clothing,1.0,2674.54,453.98, Nagpur 
100519,05-04-2025,Customer_2343,Mixer,Home,4.0,15399.74,1539.87,Kolhapur
100520,29-10-2025,Customer_0569,Table,Furniture,3.0,27887.18,4284.34,Nashik
100521,2025/09/10,Customer_0598,Jacket,Clothing,8.0,21524.64,2965.43,Pune
100522,30-08-2025,Customer_1725,Table,Furniture,5.0,42486.06,3513.39,NASHIK
100523,04-02-2025,Customer_1031,Mixer,Home,6.0,,1475.9,Mumbai
100524,03-08-2025,Customer_1876,Vacuum Cleaner,Home,4.0,27427.94,4545.26,Pune
100525,03-12-2025,Customer_1621,Bookshelf,Furniture,1.0,6811.09,1203.85,Nashik
100526,2025/03/31,Customer_1372,Lamp,Home,8.0,8309.89,1674.27,Nagpur
100527,21-09-2025,Customer_2471,Bookshelf,Furniture,6.0,39916.89,5226.37,Aurangabad
100528,04/03/2025,Customer_0728,Table,Furniture,6.0,55390.98,11974.01,nagpur
100529,2025/03/31,Customer_2359,Jacket,Clothing,8.0,22617.09,4633.14,Mumbai
100530,25-04-2025,Customer_1610,Shoes,Clothing,5.0,10936.4,990.49,Nashik
100531,15-04-2025,Customer_2426,Monitor,Electronics,4.0,55004.68,8446.58,Kolhapur
100532,15-07-2025,Customer_1891,Cabinet,Furniture,1.0,8758.95,1910.52,Aurangabad
100533,2025/11/10,Customer_0284,Table,Furniture,5.0,43499.5,2939.98,Nagpur
100534,24-04-2025,,Cookware,Home,5.0,11993.87,1879.45,Nashik
100535,16-03-2025,Customer_0303,Table,Furniture,7.0,57302.46,7974.93,Nagpur
100536,08/05/2025,Customer_2189,Vacuum Cleaner,Home,7.0,48807.53,8944.76,Kolhapur
100537,04-10-2025,Customer_1473,Vacuum Cleaner,Home,,6499.26,707.34,aurangabad
100538,06-09-2025,Customer_1455,Laptop,Electronics,4.0,251267.01,41745.0,Mumbai
100539,2025/06/13,Customer_1359,Monitor,Electronics,7.0,95302.18,9994.73,Nagpur
100540,23-12-2025,Customer_1060,Laptop,Electronics,2.0,117626.4,11615.53,Mumbai
100541,11-07-2025,Customer_1603,Table,Furniture,6.0,48681.7,7047.82,Nagpur
100542,15-08-2025,Customer_1978,Bookshelf,Furniture,1.0,5621.98,903.03,Pune
100543,26-06-2025,Customer_0476,Shoes,Clothing,2.0,4426.91,729.51,Aurangabad
100544,2025/04/09,Customer_1406,Bookshelf,Furniture,5.0,-28049.67,1684.07,nagpur
100545,05-02-2025,Customer_1427,Cabinet,Furniture,8.0,56837.17,11900.48,Nagpur
100546,06-04-2025,Customer_1307,Tablet,Electronics,8.0,159869.72,15567.7,Pune
100547,01-06-2025,Customer_0093,T-Shirt,Clothing,2.0,1516.92,238.72,Nashik
100548,31-05-2025,Customer_2114,Smartphone,Electronics,4.0,114127.14,13669.8,Mumbai
100549,07/09/2025,Customer_1893,Bookshelf,Furniture,7.0,44286.4,3107.39,Mumbai
100550,12-08-2025,Customer_1771,Cookware,Home,3.0,6394.57,1369.79,NAGPUR
100551,06-02-2025,Customer_1842,Monitor,Electronics,4.0,56654.88,6008.86,Kolhapur
100552,25-09-2025,Customer_0880,Bedsheet,Home,1.0,1594.95,275.23,Mumbai
100553,02-07-2025,Customer_2200,T-Shirt,Clothing,2.0,1460.84,175.05,Mumbai
100554,13-01-2025,Customer_1875,Jacket,Clothing,4.0,12715.16,808.08,Pune
100555,06-10-2025,Customer_2446,Shoes,Clothing,6.0,14116.76,2927.41,Nagpur
100556,05-08-2025,Customer_1426,Vacuum Cleaner,Home,2.0,12301.65,1234.6,NASHIK
100557,21-12-2025,Customer_1219,Vacuum Cleaner,Home,3.0,19700.19,3778.66,
100558,27-12-2025,,Smartphone,Electronics,6.0,132141.6,27866.46,Mumbai
100559,10/13/2025,Customer_1530,T-Shirt,Clothing,3.0,2285.9,203.44,Aurangabad
100560,30-09-2025,Customer_1714,Cabinet,Furniture,7.0,59561.73,7242.31,Kolhapur
100561,03-03-2025,Customer_1733,Cabinet,Furniture,7.0,54358.55,10074.08,Mumbai
100562,25-03-2025,Customer_2273,Vacuum Cleaner,Home,3.0,22207.29,1782.47,Mumbai
100563,05-08-2025,Customer_0767,Lamp,Home,3.0,3514.28,481.28,NASHIK
100564,08-12-2025,Customer_1471,Vacuum Cleaner,Home,1.0,6258.81,739.23,PUNE
100565,07/06/2025,Customer_1573,Cookware,Home,4.0,7617.99,1292.67,Kolhapur
100566,01/19/2025,Customer_1703,Bedsheet,Home,8.0,14124.45,1287.68, Aurangabad 
100567,26-06-2025,Customer_0339,Bedsheet,Home,3.0,5911.97,1113.87,Kolhapur
100568,10-04-2025,Customer_0134,Smartphone,Electronics,5.0,124489.69,13414.03,Nashik
100569,21-08-2025,Customer_0689,Cabinet,Furniture,5.0,41657.11,4420.0,Nagpur
100570,17-03-2025,Customer_2346,Vacuum Cleaner,Home,2.0,11970.43,2117.36,Pune
100571,22-09-2025,Customer_2221,Backpack,Clothing,6.0,7241.62,544.3,Pune
100572,11-10-2025,Customer_1742,Vacuum Cleaner,Home,4.0,22152.95,1871.28,
100573,25-07-2025,Customer_1843,Bookshelf,Furniture,1.0,5224.18,1145.81,Nashik
100574,11-08-2025,Customer_0481,T-Shirt,Clothing,8.0,5245.2,439.98,Mumbai
100575,21-02-2025,Customer_2500,Cabinet,Furniture,6.0,44270.35,9287.04,AURANGABAD
100576,05-12-2025,Customer_0847,Cookware,Home,3.0,6639.92,785.97,Mumbai
100577,24-05-2025,Customer_2181,Monitor,Electronics,6.0,93409.46,11507.9,Nashik
100578,10-03-2025,Customer_1186,Bookshelf,Furniture,5.0,28515.08,2656.61, Kolhapur 
100579,09-04-2025,Customer_0556,Backpack,Clothing,2.0,2697.35,298.51,Nagpur
100580,25-01-2025,Customer_0544,Headphones,Electronics,3.0,7898.93,839.92,Mumbai
100581,22-02-2025,Customer_1609,Bookshelf,Furniture,4.0,24555.84,1732.24,nagpur
100582,2025/05/31,Customer_1697,Cabinet,Furniture,5.0,36295.47,4543.64,Nagpur
100583,05/24/2025,Customer_1651,Mixer,Home,2.0,7917.59,952.96,Kolhapur
100584,26-02-2025,Customer_2000,Jacket,Clothing,8.0,23502.58,2369.39,nashik
100585,02/08/2025,Customer_1468,Laptop,Electronics,8.0,390768.43,27105.99,Pune
100586,19-04-2025,Customer_0868,Cookware,Home,7.0,14501.01,1235.86,nagpur
100587,30-06-2025,Customer_1384,Jacket,Clothing,5.0,12630.84,2295.3,Kolhapur
100588,11-02-2025,Customer_1408,Cabinet,Furniture,8.0,54704.09,8164.56,Aurangabad
100589,05-07-2025,Customer_1883,Laptop,Electronics,2.0,106022.23,14954.22,Pune
100590,11-08-2025,Customer_1870,Smartphone,Electronics,8.0,203769.81,22442.97,Pune
100591,02-05-2025,Customer_1237,Cookware,Home,3.0,6194.32,1098.53,Mumbai
100592,13-05-2025,Customer_1026,T-Shirt,Clothing,6.0,4667.81,423.9,PUNE
100593,12-06-2025,Customer_1624,Jeans,Clothing,1.0,1406.86,286.5,Aurangabad
100594,03-08-2025,Customer_0374,Jeans,Clothing,7.0,10695.65,1585.21,Aurangabad
100595,09-08-2025,Customer_1954,Laptop,Electronics,4.0,210729.85,16885.44,Pune
100596,2025/08/23,Customer_2128,Cabinet,Furniture,4.0,32857.58,4732.23,aurangabad
100597,27-11-2025,Customer_1408,Mixer,Home,1.0,3188.14,421.79,Pune
100598,26-05-2025,Customer_0291,Cookware,Home,8.0,19167.88,2960.83, Mumbai 
100599,2025/08/27,Customer_0423,Mixer,Home,2.0,6153.53,908.77,Nashik
100600,17-03-2025,Customer_1568,Jacket,Clothing,3.0,8910.9,1664.85,Mumbai
100601,09-01-2025,Customer_2500,Office Chair,Furniture,1.0,7790.51,657.72,aurangabad
100602,03/15/2025,Customer_0873,Table,Furniture,6.0,57404.81,9665.52,Aurangabad
100603,10-09-2025,Customer_0890,Table,Furniture,8.0,61727.62,7770.25, Pune 
100604,18-08-2025,Customer_2415,Smartphone,Electronics,2.0,47494.25,7936.57,Aurangabad
100605,07-01-2025,Customer_1289,Lamp,Home,7.0,7684.66,1187.58,Mumbai
100606,23-06-2025,Customer_1017,Bookshelf,Furniture,2.0,13487.54,2530.92,Kolhapur
100607,21-05-2025,Customer_0842,T-Shirt,Clothing,5.0,3942.53,853.8,Kolhapur
100608,17-06-2025,Customer_0224,Table,Furniture,5.0,38394.05,6129.17,Mumbai
100609,19-06-2025,Customer_0988,Bedsheet,Home,2.0,3505.87,692.68,Nagpur
100610,2025/10/10,Customer_1480,Monitor,Electronics,1.0,12957.62,2811.35,Nashik
100611,05/02/2025,Customer_1497,Table,Furniture,7.0,65149.08,12180.66,KOLHAPUR
100612,13-07-2025,Customer_0069,Table,Furniture,2.0,15762.24,1408.41, Kolhapur 
100613,05-01-2025,Customer_0884,Laptop,Electronics,5.0,296318.3,18821.5,Pune
100614,29-01-2025,Customer_2053,Tablet,Electronics,0.0,98555.71,6133.3,Nagpur
100615,14-06-2025,Customer_2198,Bedsheet,Home,2.0,3769.69,446.39,Kolhapur
100616,05-12-2025,Customer_1270,Bookshelf,Furniture,2.0,12401.38,2125.16, Pune 
100617,16-05-2025,Customer_1601,Desk,Furniture,6.0,68597.46,5300.8,Kolhapur
100618,31-12-2025,Customer_0978,Headphones,Electronics,7.0,15240.64,2350.56,Pune
100619,17-11-2025,Customer_0476,Office Chair,Furniture,7.0,52825.32,9442.64,NAGPUR
100620,08-12-2025,Customer_0490,Headphones,Electronics,3.0,7521.9,959.73,Pune
100621,25-05-2025,Customer_2034,Office Chair,Furniture,3.0,21812.09,1401.02,Nashik
100622,2025/11/23,Customer_0520,Jeans,Clothing,6.0,9126.4,1972.79,Aurangabad
100623,05-08-2025,Customer_1373,T-Shirt,Clothing,1.0,778.45,87.73,Nagpur
100624,28-10-2025,Customer_1078,Backpack,Clothing,2.0,2873.75,562.01,Aurangabad
100625,05/12/2025,Customer_2093,Tablet,Electronics,8.0,141463.05,8894.24, Nashik 
100626,19-10-2025,Customer_1507,Tablet,Electronics,3.0,47107.07,6673.32,MUMBAI
100627,11-03-2025,Customer_0936,T-Shirt,Clothing,2.0,1597.16,272.98,Aurangabad
100628,09-09-2025,Customer_1002,Laptop,Electronics,1.0,47920.12,4327.08,Pune
100629,02-10-2025,Customer_0615,Lamp,Home,7.0,,1767.97, Mumbai 
100630,30-12-2025,Customer_0920,Monitor,Electronics,7.0,101460.22,16548.94,Nashik
100631,01-07-2025,Customer_1112,Table,Furniture,6.0,46359.07,8927.13,Pune
100632,16-06-2025,Customer_0735,T-Shirt,Clothing,1.0,760.54,77.15,Mumbai
100633,01-04-2025,Customer_1906,Tablet,Electronics,2.0,38253.71,3610.26,nashik
100634,21-07-2025,Customer_2266,Jacket,Clothing,2.0,4827.75,445.03,Nagpur
100635,12-12-2025,Customer_1195,Headphones,Electronics,4.0,9035.89,1030.45,Kolhapur
100636,2025/01/19,Customer_1901,Backpack,Clothing,4.0,5463.0,772.28,Nashik
100637,08-02-2025,Customer_0617,Cookware,Home,4.0,8738.63,902.77,PUNE
100638,06-05-2025,Customer_2219,Mixer,Home,4.0,12022.52,1885.33,nashik
100639,2025/06/22,Customer_1542,Headphones,Electronics,1.0,2421.81,261.04,Aurangabad
100640,21-05-2025,Customer_2171,T-Shirt,Clothing,4.0,3108.23,557.86,Mumbai
100641,30-08-2025,Customer_0584,Bedsheet,Home,1.0,1993.19,277.45,AURANGABAD
100642,2025/08/08,Customer_0949,T-Shirt,Clothing,1.0,622.5,106.69,Kolhapur
100643,06-05-2025,Customer_0348,Lamp,Home,8.0,8753.49,1143.18,Kolhapur
100644,27-02-2025,Customer_1616,Monitor,Electronics,3.0,36519.01,7013.45,Pune
100645,05/28/2025,Customer_0970,Tablet,Electronics,3.0,47940.24,9803.57, Nashik 
100646,13-11-2025,Customer_1337,Jacket,Clothing,7.0,21741.68,2920.63,Nashik
100647,27-12-2025,Customer_0306,Lamp,Home,4.0,5151.89,819.72,Mumbai
100648,2025/01/01,Customer_0637,Cabinet,Furniture,2.0,17454.76,2253.21,Pune
100649,14-12-2025,Customer_1287,Table,Furniture,8.0,78173.46,10474.7,Nagpur
100650,09-07-2025,Customer_0851,Monitor,Electronics,6.0,95112.34,13108.34,Nagpur
100651,10-07-2025,Customer_0492,Shoes,Clothing,5.0,12359.82,2294.13,Pune
100652,08-11-2025,Customer_0881,Bookshelf,Furniture,1.0,6578.84,978.39,nashik
100653,04/27/2025,Customer_1458,Office Chair,Furniture,4.0,27118.18,3656.65,NAGPUR
100654,14-05-2025,Customer_0713,Headphones,Electronics,5.0,14255.27,2572.76,Pune
100655,27-02-2025,Customer_0388,Bedsheet,Home,4.0,7872.11,513.67,Nagpur
100656,13-02-2025,Customer_0049,Smartphone,Electronics,2.0,49517.89,8094.16,Pune
100657,22-06-2025,Customer_1641,Desk,Furniture,4.0,52752.47,3581.04,nashik
100658,09-06-2025,Customer_0308,Monitor,Electronics,5.0,77401.22,11435.58,Pune
100659,22-06-2025,Customer_0528,Smartphone,Electronics,8.0,181838.84,20140.62,Pune
100660,13-11-2025,Customer_1889,T-Shirt,Clothing,1.0,654.21,94.82,Pune
100661,30-10-2025,Customer_1618,Cabinet,Furniture,,48468.32,4137.54,Nagpur
100662,29-05-2025,Customer_0708,Tablet,Electronics,7.0,137819.8,11193.26,Nashik
100663,21-03-2025,Customer_1147,Desk,Furniture,5.0,55201.13,7316.32,Nagpur
100664,01-08-2025,Customer_1209,Office Chair,Furniture,4.0,30154.09,5493.4,Nagpur
100665,22-07-2025,Customer_0250,Vacuum Cleaner,Home,8.0,51178.39,9538.54,Pune
100666,09-09-2025,Customer_1718,Shoes,Clothing,3.0,7766.28,606.52,Mumbai
100667,17-08-2025,,Cabinet,Furniture,1.0,7175.2,932.24,aurangabad
100668,13-06-2025,Customer_1410,Shoes,Clothing,8.0,19381.34,3468.62,Kolhapur
100669,2025/08/15,Customer_0737,Shoes,Clothing,5.0,12802.76,1563.23, Pune 
100670,27-05-2025,Customer_0121,Backpack,Clothing,4.0,5046.88,485.98,
100671,20-01-2025,Customer_2393,Tablet,Electronics,6.0,110446.23,14109.53, Mumbai 
100672,16-02-2025,Customer_0988,Office Chair,Furniture,4.0,30134.35,2630.98,Nashik
100673,21-08-2025,Customer_1454,Smartphone,Electronics,7.0,183552.58,36050.86,Mumbai
100674,01-11-2025,Customer_1470,Desk,Furniture,6.0,66771.49,9257.35,Kolhapur
100675,14-01-2025,Customer_2307,Headphones,Electronics,3.0,8569.94,971.13,Mumbai
100676,23-05-2025,Customer_0720,Vacuum Cleaner,Home,5.0,33426.7,2487.99,Nagpur
100677,01-01-2025,Customer_0953,Laptop,Electronics,1.0,56749.25,4218.8,Kolhapur
100678,23-02-2025,Customer_0003,Office Chair,Furniture,8.0,68266.24,11912.87,Nashik
100679,16-09-2025,Customer_0727,Desk,Furniture,6.0,78224.25,13505.94,Nashik
100680,24-05-2025,Customer_2403,Laptop,Electronics,3.0,169441.59,22363.92,aurangabad
100681,12-01-2025,Customer_0298,Office Chair,Furniture,6.0,49838.04,10620.17,NASHIK
100682,26-11-2025,Customer_1379,Vacuum Cleaner,Home,2.0,12996.24,2716.81, Nashik 
100683,12-08-2025,Customer_1790,Jeans,Clothing,3.0,4920.0,719.02,Aurangabad
100684,29-09-2025,Customer_2302,Lamp,Home,3.0,3550.84,331.95,aurangabad
100685,2025/12/24,Customer_1550,Jeans,Clothing,3.0,4085.36,402.98,Nashik
100686,05-06-2025,Customer_0008,Jeans,Clothing,3.0,4814.0,581.5,AURANGABAD
100687,08-01-2025,Customer_0746,Vacuum Cleaner,Home,1.0,6399.55,1388.09, Kolhapur 
100688,02-05-2025,Customer_2317,Backpack,Clothing,4.0,5348.46,707.86,Pune
100689,14-12-2025,Customer_0319,Cookware,Home,6.0,11748.72,795.07,Mumbai
100690,13-06-2025,Customer_0364,Jacket,Clothing,3.0,9094.03,1376.01,Aurangabad
100691,31-03-2025,Customer_1087,Shoes,Clothing,1.0,2695.53,226.37,Mumbai
100692,16-05-2025,Customer_1052,Office Chair,Furniture,6.0,45969.69,4623.76,Pune
100693,2025/07/05,Customer_1795,Laptop,Electronics,7.0,353591.14,21867.55,Aurangabad
100694,12-11-2025,Customer_2020,Cookware,Home,7.0,13692.17,1499.06,Nagpur
100695,27-06-2025,Customer_0416,Backpack,Clothing,7.0,8673.62,1888.57,Nagpur
100696,28-01-2025,Customer_0302,Desk,Furniture,8.0,90488.62,7316.17,Pune
100697,08-08-2025,Customer_1070,T-Shirt,Clothing,6.0,3820.84,588.53,PUNE
100698,23-12-2025,Customer_1538,Headphones,Electronics,3.0,6519.1,1290.71,Mumbai
100699,10-02-2025,Customer_1385,Monitor,Electronics,2.0,31876.6,3171.07,Kolhapur
100700,16-08-2025,Customer_0676,Mixer,Home,,24133.2,1533.46,Kolhapur
100701,11-07-2025,Customer_0415,Cookware,Home,1.0,2292.87,289.42,
100702,25-05-2025,Customer_2270,Desk,Furniture,7.0,78205.47,7280.46,AURANGABAD
100703,20-07-2025,Customer_0973,Jacket,Clothing,5.0,14646.9,1854.22,PUNE
100704,31-07-2025,Customer_0630,Tablet,Electronics,8.0,130161.28,22160.93,PUNE
100705,08-08-2025,Customer_0359,T-Shirt,Clothing,7.0,4995.66,986.08,Nashik
100706,28-08-2025,Customer_0106,Cookware,Home,2.0,3895.07,723.34,Mumbai
100707,02/15/2025,Customer_1940,Bookshelf,Furniture,2.0,12624.66,989.8,Pune
100708,04-02-2025,Customer_2004,Shoes,Clothing,8.0,21168.92,2765.67,Aurangabad
100709,10-09-2025,Customer_0758,T-Shirt,Clothing,7.0,5554.13,459.09,Nashik
100710,23-03-2025,Customer_1826,Lamp,Home,3.0,3754.26,454.7,pune
100711,13-09-2025,Customer_1079,Shoes,Clothing,8.0,22740.89,2565.08,Mumbai
100712,16-07-2025,Customer_0620,Backpack,Clothing,1.0,1594.12,325.58,Aurangabad
100713,30-10-2025,Customer_2218,Laptop,Electronics,6.0,307267.94,57940.5,Nagpur
100714,10-01-2025,Customer_1586,Cabinet,Furniture,1.0,9189.45,922.86,KOLHAPUR
100715,08-11-2025,Customer_2346,Vacuum Cleaner,Home,8.0,51013.72,7306.64,Mumbai
100716,13-10-2025,Customer_1618,Lamp,Home,2.0,2252.35,140.64,AURANGABAD
100717,30-08-2025,Customer_0493,Monitor,Electronics,3.0,38473.63,4043.96,Nagpur
100718,08-09-2025,Customer_0790,Desk,Furniture,4.0,47187.84,4123.1,Mumbai
100719,31-12-2025,Customer_1784,Tablet,Electronics,2.0,40031.15,6916.81,Mumbai
100720,05-01-2025,Customer_1310,Cabinet,Furniture,5.0,35022.41,5744.19,Aurangabad
100721,29-04-2025,Customer_2279,Laptop,Electronics,7.0,402747.32,85783.32,Nagpur
100722,16-10-2025,Customer_0051,Jacket,Clothing,8.0,19060.3,1899.72,Aurangabad
100723,06-03-2025,Customer_0613,Mixer,Home,7.0,27644.27,5781.56,Mumbai
100724,2025/05/26,Customer_1172,Laptop,Electronics,2.0,117279.35,21406.08,Kolhapur
100725,12-08-2025,Customer_1569,Shoes,Clothing,5.0,10968.06,1559.88,Aurangabad
100726,27-08-2025,Customer_0154,Vacuum Cleaner,Home,8.0,47812.69,4255.09, Mumbai 
100727,26-06-2025,Customer_2494,Shoes,Clothing,3.0,8198.18,669.02,Aurangabad
100728,24-09-2025,Customer_1358,Mixer,Home,7.0,24269.59,5100.8,Aurangabad
100729,07-12-2025,,Office Chair,Furniture,8.0,54344.98,11764.54,Nashik
100730,09-10-2025,Customer_1274,Headphones,Electronics,5.0,14353.58,2137.23,Nashik
100731,04-03-2025,,Mixer,Home,4.0,12614.6,1394.88, Nashik 
100732,05-08-2025,Customer_1708,Lamp,Home,5.0,5864.09,642.07,KOLHAPUR
100733,08-12-2025,Customer_0866,Smartphone,Electronics,8.0,186838.13,40274.22,Nagpur
100734,11-11-2025,Customer_0231,Vacuum Cleaner,Home,6.0,34944.37,6196.77,KOLHAPUR
100735,10-10-2025,Customer_2076,Office Chair,Furniture,5.0,31879.62,4953.75,nagpur
100736,26-06-2025,Customer_0712,Cabinet,Furniture,1.0,8998.26,954.44,Mumbai
100737,08-04-2025,,Office Chair,Furniture,4.0,27169.73,4463.14,Nagpur
100738,15-04-2025,Customer_1123,Headphones,Electronics,4.0,10637.8,1809.33,Nashik
100739,09-04-2025,Customer_0508,Vacuum Cleaner,Home,7.0,43033.68,4318.53,Aurangabad
100740,07-11-2025,Customer_2003,Smartphone,Electronics,6.0,170516.35,35421.01,Kolhapur
100741,01/06/2025,Customer_2404,Cookware,Home,8.0,17374.63,3394.85,kolhapur
100742,2025/07/16,Customer_1060,Jacket,Clothing,3.0,8279.86,1059.01,Aurangabad
100743,2025/12/17,Customer_1584,Headphones,Electronics,1.0,2242.57,287.55,Pune
100744,13-05-2025,Customer_0907,Cabinet,Furniture,4.0,32359.2,2058.07,Aurangabad
100745,24-12-2025,Customer_1678,Desk,Furniture,5.0,58994.03,10914.9,Kolhapur
100746,16-09-2025,Customer_0542,Laptop,Electronics,8.0,463766.08,74956.25,Aurangabad
100747,23-01-2025,Customer_0917,Cabinet,Furniture,1.0,8982.93,564.89,Nashik
100748,22-02-2025,Customer_1543,Jacket,Clothing,7.0,19935.44,3707.51,nashik
100749,14-06-2025,Customer_1912,Lamp,Home,4.0,4859.52,543.41,Nashik
100750,21-07-2025,Customer_0031,Vacuum Cleaner,Home,2.0,11581.38,2339.56,Kolhapur
100751,24-03-2025,Customer_1223,Backpack,Clothing,5.0,6938.6,1391.18,Aurangabad
100752,25-05-2025,Customer_1378,Tablet,Electronics,2.0,36927.2,6199.0,Nashik
100753,26-03-2025,Customer_1224,Jacket,Clothing,5.0,15277.9,2527.96,Mumbai
100754,19-03-2025,Customer_0233,Cabinet,Furniture,4.0,31021.33,4410.65,Kolhapur
100755,01-01-2025,Customer_0105,Lamp,Home,3.0,3927.29,470.43,Aurangabad
100756,20-02-2025,Customer_1715,Lamp,Home,5.0,5798.62,436.7,Nagpur
100757,22-06-2025,Customer_1406,Mixer,Home,4.0,15741.25,1173.76,AURANGABAD
100758,24-07-2025,Customer_1469,Cabinet,Furniture,8.0,66845.62,8429.98,Kolhapur
100759,2025/09/17,Customer_1204,Jeans,Clothing,3.0,4664.09,786.96,Pune
100760,15-10-2025,Customer_2290,Cookware,Home,5.0,9571.41,1483.5,Mumbai
100761,03-02-2025,Customer_1456,T-Shirt,Clothing,4.0,3028.51,583.03,Mumbai
100762,14-12-2025,Customer_1523,Shoes,Clothing,6.0,13517.39,2751.96, Nashik 
100763,2025/04/05,Customer_1928,Shoes,Clothing,2.0,5234.22,1052.58,PUNE
100764,13-03-2025,Customer_2050,Tablet,Electronics,4.0,71682.06,10517.57, Pune 
100765,08-02-2025,Customer_1693,Vacuum Cleaner,Home,5.0,36585.62,7462.94, Pune 
100766,03-06-2025,Customer_1404,Desk,Furniture,4.0,47253.52,4909.92,Nagpur
100767,07-09-2025,Customer_0739,Cookware,Home,,12776.95,1559.33,Pune
100768,2025/06/11,Customer_1284,Lamp,Home,3.0,3369.82,347.0,Aurangabad
100769,28-04-2025,Customer_1121,Laptop,Electronics,8.0,487660.31,34710.64,Mumbai
100770,16-09-2025,Customer_2006,Cabinet,Furniture,3.0,25278.8,2215.72,Pune
100771,2025/11/02,Customer_1759,Cabinet,Furniture,7.0,53387.7,3728.96, Nagpur 
100772,25-09-2025,Customer_0020,Bedsheet,Home,7.0,11730.5,2146.06,Pune
100773,23-02-2025,Customer_1320,Bookshelf,Furniture,1.0,6693.03,638.81,Kolhapur
100774,24-08-2025,Customer_1020,Office Chair,Furniture,1.0,7417.98,1003.3, Mumbai 
100775,10-08-2025,Customer_0421,Jacket,Clothing,3.0,9341.41,1700.58,Nagpur
100776,08-09-2025,Customer_0188,Jeans,Clothing,2.0,3212.55,537.52,Nashik
100777,09-11-2025,Customer_1777,Shoes,Clothing,6.0,16563.1,1019.07,Aurangabad
100778,2025/04/22,Customer_1472,Bookshelf,Furniture,8.0,46601.62,9560.74, Mumbai 
100779,12-09-2025,Customer_0936,Table,Furniture,1.0,9648.85,1416.98,MUMBAI
100780,2025/10/30,Customer_2416,Desk,Furniture,1.0,12106.72,1400.06,Kolhapur
100781,07/26/2025,Customer_0154,Office Chair,Furniture,6.0,45277.03,7464.43,Nagpur
100782,17-08-2025,Customer_2433,Backpack,Clothing,1.0,1365.71,238.0,Pune
100783,07-12-2025,Customer_0475,Laptop,Electronics,1.0,60960.33,5166.36,Nagpur
100784,07-03-2025,Customer_2242,Bedsheet,Home,2.0,3547.67,444.46,Nashik
100785,16-03-2025,Customer_0039,Cookware,Home,4.0,9294.91,929.29,Nashik
100786,13-04-2025,Customer_2481,Mixer,Home,5.0,18236.32,3654.53, Aurangabad 
100787,11-07-2025,Customer_2096,Table,Furniture,2.0,17557.91,3612.76,Aurangabad
100788,09-09-2025,Customer_0436,Headphones,Electronics,-1.0,5739.75,441.82,Nagpur
100789,14-08-2025,Customer_1078,Cabinet,Furniture,4.0,29437.31,6242.5,Kolhapur
100790,21-10-2025,Customer_1210,Bookshelf,Furniture,7.0,47774.93,3613.37, Mumbai 
100791,02-11-2025,Customer_0851,Monitor,Electronics,8.0,95703.95,8209.1,Aurangabad
100792,08-04-2025,Customer_0012,Lamp,Home,4.0,5514.26,489.67,Pune
100793,04-12-2025,Customer_0611,Laptop,Electronics,8.0,440336.28,86194.43,Pune
100794,13-10-2025,Customer_0947,Laptop,Electronics,5.0,235433.13,36896.67,nagpur
100795,01-12-2025,Customer_0206,Jacket,Clothing,8.0,20901.61,4137.97,Pune
100796,13-12-2025,Customer_1476,Office Chair,Furniture,5.0,35063.94,5956.69,Aurangabad
100797,11/04/2025,Customer_0390,Shoes,Clothing,2.0,5261.33,502.14,PUNE
100798,06-09-2025,Customer_1347,Smartphone,Electronics,3.0,64532.98,8097.59,Nashik
100799,15-06-2025,Customer_0381,Vacuum Cleaner,Home,5.0,30444.63,5767.32,Nashik
100800,01-12-2025,Customer_1642,Jeans,Clothing,2.0,3488.35,464.38,Nagpur
100801,30-01-2025,Customer_1959,Lamp,Home,7.0,8668.41,1358.18,nagpur
100802,04-09-2025,Customer_0241,Office Chair,Furniture,3.0,24708.32,3162.67,Mumbai
100803,16-04-2025,Customer_2331,Tablet,Electronics,8.0,134299.3,13753.0,Aurangabad
100804,20-02-2025,Customer_1469,Cookware,Home,7.0,15567.21,2052.75, Kolhapur 
100805,22-03-2025,Customer_2000,Smartphone,Electronics,8.0,196407.25,14648.44,Pune
100806,13-05-2025,Customer_0260,Bedsheet,Home,1.0,1918.05,180.68, Nashik 
100807,12-10-2025,Customer_1386,T-Shirt,Clothing,4.0,2545.44,320.83,Kolhapur
100808,18-05-2025,Customer_1974,Tablet,Electronics,4.0,66120.01,10143.96, Nashik 
100809,03-07-2025,Customer_0048,Cookware,Home,1.0,2115.17,278.83,Aurangabad
100810,26-11-2025,Customer_2031,Cabinet,Furniture,8.0,64713.65,5990.26,Mumbai
100811,30-09-2025,Customer_0987,Tablet,Electronics,6.0,96846.35,19453.29, Nashik 
100812,2025/12/06,Customer_2255,T-Shirt,Clothing,4.0,2744.33,345.61, Aurangabad 
100813,10-03-2025,Customer_0323,Bedsheet,Home,4.0,6196.92,865.56,Nagpur
100814,03-02-2025,Customer_0361,Vacuum Cleaner,Home,8.0,52845.05,7895.82, Nagpur 
100815,19-09-2025,Customer_2038,Lamp,Home,2.0,2549.06,225.33,Aurangabad
100816,22-02-2025,Customer_1689,Laptop,Electronics,7.0,356381.77,67611.64,Pune
100817,24-07-2025,Customer_2083,Laptop,Electronics,5.0,311891.58,25496.9,Kolhapur
100818,06-05-2025,Customer_1489,Table,Furniture,6.0,53961.92,5086.89,Pune
100819,23-08-2025,Customer_2295,Table,Furniture,6.0,46873.19,5253.57,Kolhapur
100820,12-02-2025,Customer_0468,Lamp,Home,8.0,8573.82,1488.32,Pune
100821,28-08-2025,Customer_1455,Office Chair,Furniture,6.0,45455.29,3773.4,
100822,2025/04/21,Customer_0436,Backpack,Clothing,6.0,7163.29,1356.05,
100823,06-09-2025,Customer_1677,Table,Furniture,3.0,24377.17,3827.09,pune
100824,31-05-2025,Customer_0769,Backpack,Clothing,4.0,5326.03,818.49,Pune
100825,02-07-2025,Customer_0781,Cookware,Home,8.0,16626.65,1228.88,Aurangabad
100826,02-12-2025,Customer_0191,T-Shirt,Clothing,7.0,4492.74,404.75,Aurangabad
100827,05-04-2025,Customer_2414,Tablet,Electronics,8.0,140890.44,23292.77,Kolhapur
100828,08-01-2025,Customer_2173,Table,Furniture,1.0,8362.28,517.89,Aurangabad
100829,26-12-2025,Customer_2397,Monitor,Electronics,7.0,98556.76,15465.68,NAGPUR
100830,03-07-2025,Customer_0526,Cabinet,Furniture,3.0,27332.67,4217.85,Pune
100831,10/08/2025,Customer_2065,Vacuum Cleaner,Home,6.0,38662.72,5866.85,Nagpur
100832,14-07-2025,Customer_1121,Vacuum Cleaner,Home,4.0,29337.62,5648.68,Nagpur
100833,18-12-2025,Customer_0547,Jacket,Clothing,8.0,21210.42,2077.79,Mumbai
100834,14-07-2025,Customer_2244,Vacuum Cleaner,Home,5.0,30185.68,4247.35,Nashik
100835,04-06-2025,Customer_1191,Desk,Furniture,4.0,51514.31,7238.54,Aurangabad
100836,04/03/2025,Customer_2064,Jeans,Clothing,3.0,4177.63,734.31,KOLHAPUR
100837,09-06-2025,Customer_2304,T-Shirt,Clothing,6.0,4585.52,487.53,nagpur
100838,03/02/2025,Customer_1731,Vacuum Cleaner,Home,5.0,34100.23,4373.51,Pune
100839,05/02/2025,Customer_0596,Laptop,Electronics,7.0,429943.29,83940.45,Pune
100840,02/20/2025,Customer_0660,Smartphone,Electronics,5.0,125953.7,21492.85,
100841,2025/10/04,Customer_1209,Jeans,Clothing,1.0,1784.01,248.54,Mumbai
100842,01/05/2025,Customer_0420,Headphones,Electronics,8.0,18879.5,3409.39,Kolhapur
100843,04/02/2025,Customer_0974,Cabinet,Furniture,7.0,51297.11,6266.71,Kolhapur
100844,19-06-2025,Customer_1588,T-Shirt,Clothing,7.0,5437.62,956.52,Nagpur
100845,2025/11/13,Customer_0054,Backpack,Clothing,1.0,1359.6,128.29,Aurangabad
100846,22-01-2025,Customer_0924,Jeans,Clothing,8.0,12246.92,1291.52, Aurangabad 
100847,22-11-2025,Customer_0793,Backpack,Clothing,4.0,,904.66,Nashik
100848,2025/01/01,Customer_0766,Cookware,Home,2.0,4072.73,540.32,Mumbai
100849,13-05-2025,Customer_1756,Tablet,Electronics,1.0,17383.64,3774.55,Nashik
100850,2025/08/21,Customer_2393,Jeans,Clothing,3.0,4643.17,338.01, Nashik 
100851,2025/01/12,Customer_0635,Headphones,Electronics,8.0,17538.95,2710.13,Pune
100852,12-12-2025,Customer_1234,Bookshelf,Furniture,1.0,6178.85,784.72,NAGPUR
100853,02/15/2025,Customer_2153,T-Shirt,Clothing,6.0,4114.12,282.35,Mumbai
100854,03-02-2025,Customer_2070,Cabinet,Furniture,2.0,16079.42,2263.31, Mumbai 
100855,19-03-2025,Customer_0377,Vacuum Cleaner,Home,7.0,40716.35,3119.45,Nashik
100856,06-08-2025,Customer_1357,Desk,Furniture,6.0,63869.17,4864.56,NASHIK
100857,28-10-2025,Customer_2300,Jeans,Clothing,8.0,13221.28,1208.92,AURANGABAD
100858,14-03-2025,Customer_1826,Laptop,Electronics,6.0,305391.59,26804.69, Mumbai 
100859,09-10-2025,Customer_1563,Office Chair,Furniture,6.0,51180.78,10069.24,Pune
100860,2025/09/06,Customer_0102,Lamp,Home,5.0,5514.89,619.93,kolhapur
100861,16-02-2025,Customer_1994,Backpack,Clothing,8.0,10225.24,1418.24,Pune
100862,01-05-2025,Customer_2105,Jeans,Clothing,6.0,8216.48,1375.59, Pune 
100863,02-08-2025,Customer_0269,Smartphone,Electronics,1.0,25173.69,5129.95,Mumbai
100864,27-08-2025,Customer_0843,Table,Furniture,2.0,16187.72,3053.93, Kolhapur 
100865,25-02-2025,Customer_0098,Mixer,Home,3.0,11419.68,917.56,nagpur
100866,16-12-2025,Customer_0301,T-Shirt,Clothing,2.0,1357.39,118.4,Pune
100867,17-04-2025,Customer_2356,Bookshelf,Furniture,2.0,11116.99,1135.26,Mumbai
100868,15-11-2025,Customer_1848,Shoes,Clothing,7.0,17795.24,2239.1,AURANGABAD
100869,17-02-2025,Customer_0070,Bedsheet,Home,6.0,12250.65,982.74,Nagpur
100870,02-03-2025,Customer_0260,Monitor,Electronics,1.0,15989.51,1549.42, Aurangabad 
100871,03-12-2025,Customer_2060,Laptop,Electronics,6.0,357014.52,40783.62,Pune
100872,26-01-2025,Customer_1154,Jacket,Clothing,2.0,5000.38,986.39,Nagpur
100873,19-10-2025,Customer_1942,Bedsheet,Home,1.0,1696.78,280.68, Mumbai 
100874,14-09-2025,Customer_2236,Desk,Furniture,7.0,85674.38,11607.25,nashik
100875,08-01-2025,Customer_0046,Bookshelf,Furniture,6.0,35954.85,6369.69,KOLHAPUR
100876,23-04-2025,Customer_0021,Office Chair,Furniture,1.0,6572.49,1097.01,kolhapur
100877,21-12-2025,Customer_1249,Vacuum Cleaner,Home,2.0,14543.67,1007.09,Mumbai
100878,10-09-2025,Customer_2100,Jeans,Clothing,7.0,9992.6,1745.32,Mumbai
100879,06/29/2025,Customer_1036,Desk,Furniture,4.0,47096.86,5866.75,Mumbai
100880,26-07-2025,Customer_2249,Smartphone,Electronics,1.0,22277.25,3142.95,Nagpur
100881,30-10-2025,Customer_1027,Headphones,Electronics,2.0,4439.82,604.97,PUNE
100882,07-05-2025,Customer_1356,Cabinet,Furniture,8.0,69061.41,6997.46,Nashik
100883,25-02-2025,Customer_1168,Desk,Furniture,2.0,23861.66,5219.08,Kolhapur
100884,2025/08/02,Customer_1991,Smartphone,Electronics,6.0,158399.27,30827.2,Nagpur
100885,14-01-2025,Customer_2393,Backpack,Clothing,5.0,6821.18,1247.31,Mumbai
100886,2025/01/28,Customer_0691,Jacket,Clothing,7.0,16898.19,1346.21,Pune
100887,19-03-2025,Customer_1787,Jeans,Clothing,4.0,5829.9,724.73, Nashik 
100888,04-08-2025,Customer_1966,Jeans,Clothing,6.0,10595.75,1222.78, Nagpur 
100889,31-12-2025,Customer_1995,Lamp,Home,5.0,6278.32,1089.23,Kolhapur
100890,06/03/2025,Customer_1150,Smartphone,Electronics,2.0,51292.74,6009.39,Mumbai
100891,14-01-2025,Customer_0309,Bookshelf,Furniture,2.0,12277.39,1408.98,Pune
100892,06-07-2025,Customer_2417,Monitor,Electronics,7.0,85765.89,18769.75,Mumbai
100893,08-11-2025,Customer_2227,Monitor,Electronics,5.0,62170.83,4449.92,Kolhapur
100894,2025/01/07,Customer_1608,Cookware,Home,6.0,14698.98,1591.8,mumbai
100895,01/03/2025,Customer_2053,Jeans,Clothing,8.0,13377.14,1506.81,Kolhapur
100896,21-04-2025,Customer_2057,Tablet,Electronics,6.0,104483.12,10650.81,Pune
100897,26-08-2025,Customer_2106,Cabinet,Furniture,3.0,22869.92,2875.02,MUMBAI
100898,12/29/2025,Customer_2320,Cookware,Home,3.0,7036.42,998.09,Kolhapur
100899,27-08-2025,Customer_0166,Table,Furniture,6.0,61185.76,4081.14,MUMBAI
100900,2025/10/01,Customer_1083,Cookware,Home,2.0,4404.05,675.92,Nashik
100901,21-10-2025,Customer_2122,Office Chair,Furniture,4.0,33781.77,2292.61,Nashik
100902,15-08-2025,Customer_0191,Bedsheet,Home,8.0,14717.52,2893.18,Pune
100903,15-01-2025,Customer_1079,T-Shirt,Clothing,5.0,3229.02,646.47,Kolhapur
100904,11-07-2025,Customer_1497,Table,Furniture,7.0,53909.92,9552.45,Kolhapur
100905,29-04-2025,Customer_1542,Monitor,Electronics,5.0,79095.38,13062.73,Mumbai
100906,28-01-2025,Customer_1995,Lamp,Home,6.0,7068.3,474.86,Nagpur
100907,21-07-2025,Customer_1802,Monitor,Electronics,3.0,47293.43,6396.31,Mumbai
100908,08-02-2025,Customer_0867,Office Chair,Furniture,5.0,32201.21,5486.16,Mumbai
100909,30-09-2025,Customer_2466,Desk,Furniture,6.0,71607.68,5721.11,AURANGABAD
100910,19-08-2025,Customer_1353,Smartphone,Electronics,7.0,159999.27,11250.91,Aurangabad
100911,27-03-2025,Customer_1963,Tablet,Electronics,8.0,147209.48,23483.55,mumbai
100912,06-05-2025,Customer_0999,Table,Furniture,1.0,9015.5,1719.58, Pune 
100913,27-10-2025,Customer_0552,Cabinet,Furniture,3.0,26599.26,4215.98, Aurangabad 
100914,25-01-2025,Customer_0230,Monitor,Electronics,3.0,35860.73,6140.67,Mumbai
100915,25-05-2025,Customer_2455,Jeans,Clothing,7.0,10924.48,1644.02,kolhapur
100916,13-01-2025,Customer_0888,Headphones,Electronics,2.0,5223.62,606.14,Nagpur
100917,31-07-2025,Customer_0899,Bedsheet,Home,3.0,6075.7,494.78,Nagpur
100918,25-01-2025,Customer_2093,Cabinet,Furniture,3.0,25234.89,1531.7,Nashik
100919,09-03-2025,Customer_2444,Bookshelf,Furniture,,54114.98,4221.0,Kolhapur
100920,03/08/2025,Customer_1579,Smartphone,Electronics,7.0,153731.42,17414.88,Mumbai
100921,21-08-2025,Customer_2142,Laptop,Electronics,4.0,211655.37,19956.56,Kolhapur
100922,19-04-2025,Customer_0727,Cookware,Home,2.0,4512.36,590.52,Nagpur
100923,26-05-2025,Customer_0382,Monitor,Electronics,2.0,24087.07,2677.14,nagpur
100924,21-04-2025,Customer_1768,Cabinet,Furniture,1.0,8745.04,1489.74,Kolhapur
100925,16-08-2025,Customer_2171,Lamp,Home,1.0,1280.95,219.94, Nagpur 
100926,21-04-2025,Customer_1436,Table,Furniture,7.0,59427.39,4513.29,Kolhapur
100927,03-02-2025,Customer_1043,Tablet,Electronics,3.0,50313.97,9714.91,Nagpur
100928,2025/04/21,,Office Chair,Furniture,5.0,42905.3,5964.5, Kolhapur 
100929,09/21/2025,Customer_0023,Lamp,Home,4.0,4093.97,337.37,Aurangabad
100930,24-08-2025,Customer_2129,Monitor,Electronics,2.0,26505.48,4044.04,Pune
100931,24-03-2025,Customer_1675,Cookware,Home,6.0,11517.37,2429.44,nashik
100932,11-02-2025,Customer_2398,Smartphone,Electronics,7.0,167916.89,34593.14, Nashik 
100933,11-04-2025,Customer_2313,Backpack,Clothing,7.0,10624.73,1921.7,Nashik
100934,06-01-2025,Customer_1693,Shoes,Clothing,4.0,10320.16,1654.17, Kolhapur 
100935,29-06-2025,Customer_2291,Cookware,Home,6.0,13746.49,2207.62,Kolhapur
100936,09-10-2025,Customer_2367,Lamp,Home,5.0,6096.71,1328.02,Nashik
100937,16-11-2025,Customer_0942,Cookware,Home,2.0,4706.62,867.48,Nagpur
100938,14-08-2025,Customer_2083,Office Chair,Furniture,4.0,33352.17,3151.86,Nagpur
100939,2025/11/11,Customer_0659,Backpack,Clothing,1.0,1225.2,168.17,Nagpur
100940,31-12-2025,Customer_1932,Laptop,Electronics,3.0,165696.99,31924.69,Kolhapur
100941,17-08-2025,Customer_1078,Mixer,Home,2.0,6881.95,1041.49,Mumbai
100942,16-10-2025,Customer_1575,T-Shirt,Clothing,1.0,705.68,46.65,Nagpur
100943,30-05-2025,Customer_0718,Backpack,Clothing,1.0,1448.39,278.8,Aurangabad
100944,04-10-2025,Customer_0827,Bedsheet,Home,1.0,1615.05,250.48,Aurangabad
100945,07/17/2025,Customer_2456,Jeans,Clothing,1.0,1644.93,141.91,Kolhapur
100946,11-03-2025,Customer_0148,Cabinet,Furniture,3.0,21288.94,4615.62,Nashik
100947,22-04-2025,Customer_0356,Office Chair,Furniture,3.0,21782.6,2099.57, Nashik 
100948,04-01-2025,Customer_1661,Lamp,Home,7.0,7571.74,1263.09,Kolhapur
100949,16-12-2025,Customer_0282,Cabinet,Furniture,1.0,8262.67,1346.55,Pune
100950,27-11-2025,Customer_1424,Backpack,Clothing,6.0,7361.78,1494.19,Nashik
100951,14-11-2025,Customer_1863,Cabinet,Furniture,4.0,30936.96,3407.37,Nagpur
100952,16-12-2025,Customer_1668,Headphones,Electronics,3.0,7415.31,907.71,Kolhapur
100953,05-04-2025,Customer_2061,Monitor,Electronics,2.0,31054.05,6480.41, Nashik 
100954,01-06-2025,Customer_2204,T-Shirt,Clothing,5.0,3293.63,652.89,Kolhapur
100955,07-11-2025,Customer_2307,Shoes,Clothing,7.0,18978.0,3965.06,Nagpur
100956,17-05-2025,Customer_1888,Bookshelf,Furniture,8.0,44338.8,6753.4,Kolhapur
100957,04-09-2025,Customer_1057,Tablet,Electronics,2.0,33565.08,6439.63,PUNE
100958,31-08-2025,Customer_1294,Cookware,Home,4.0,7494.06,1126.89,Nagpur
100959,31-01-2025,Customer_1079,Backpack,Clothing,1.0,1332.47,148.74,Mumbai
100960,09-02-2025,Customer_1401,T-Shirt,Clothing,7.0,5113.01,1003.36, Pune 
100961,17-08-2025,Customer_1449,Table,Furniture,6.0,55768.97,10959.03,Mumbai
100962,05-02-2025,Customer_2044,Jeans,Clothing,4.0,5948.03,851.28,Aurangabad
100963,11-08-2025,Customer_1088,Desk,Furniture,4.0,47287.73,2925.37,Mumbai
100964,06-01-2025,Customer_1459,Desk,Furniture,4.0,48818.09,8096.18,Mumbai
100965,18-11-2025,Customer_2018,Laptop,Electronics,2.0,113033.18,20097.84, Kolhapur 
100966,08-08-2025,Customer_1976,Monitor,Electronics,1.0,14299.63,1010.7,NASHIK
100967,16-03-2025,Customer_2011,Shoes,Clothing,5.0,11061.67,1719.38,Mumbai
100968,04-01-2025,Customer_2363,Shoes,Clothing,4.0,9324.94,678.33, Mumbai 
100969,01-12-2025,Customer_1960,Monitor,Electronics,7.0,95930.32,14264.03,kolhapur
100970,14-05-2025,Customer_1613,Monitor,Electronics,6.0,79684.4,13966.24,Aurangabad
100971,2025/04/28,,Table,Furniture,2.0,18776.36,2126.44, Nagpur 
100972,04-04-2025,Customer_0864,T-Shirt,Clothing,1.0,753.52,123.42,Nagpur
100973,03/03/2025,Customer_1064,Headphones,Electronics,6.0,15618.5,2320.1,MUMBAI
100974,2025/07/13,Customer_1931,Jeans,Clothing,5.0,6827.34,1170.49,KOLHAPUR
100975,01-12-2025,Customer_2043,Jacket,Clothing,3.0,8087.63,1705.01,Nagpur
100976,22-07-2025,Customer_1496,Table,Furniture,6.0,59151.35,9111.15,Nagpur
100977,26-01-2025,Customer_2341,Shoes,Clothing,3.0,6942.41,642.83, Mumbai 
100978,22-06-2025,Customer_0966,Office Chair,Furniture,5.0,35704.33,4864.75,Kolhapur
100979,27-10-2025,Customer_0598,Bedsheet,Home,4.0,6759.5,962.48,Aurangabad
100980,13-05-2025,Customer_0724,Table,Furniture,1.0,8096.5,1752.36, Nagpur 
100981,22-11-2025,Customer_1994,Cookware,Home,6.0,11647.38,2435.6,Nashik
100982,28-04-2025,Customer_1632,Backpack,Clothing,1.0,1573.7,226.7,Pune
100983,11/20/2025,Customer_1042,Office Chair,Furniture,4.0,32024.19,4155.71,Nagpur
100984,10/02/2025,Customer_1065,Tablet,Electronics,6.0,112213.12,12847.52,Nashik
100985,31-07-2025,Customer_1410,Backpack,Clothing,5.0,6582.43,1003.93,Pune
100986,13-08-2025,Customer_2481,Mixer,Home,6.0,20988.22,3205.44,Mumbai
100987,20-01-2025,Customer_1332,Bookshelf,Furniture,6.0,33695.93,4000.15,Aurangabad
100988,23-04-2025,Customer_1561,Bedsheet,Home,2.0,3150.61,215.39,KOLHAPUR
100989,20-05-2025,Customer_0687,Shoes,Clothing,3.0,6945.28,499.22,AURANGABAD
100990,16-02-2025,Customer_0293,Shoes,Clothing,7.0,15419.82,2930.82,Pune
100991,01-01-2025,Customer_1285,Bookshelf,Furniture,4.0,20679.89,3421.09,Nashik
100992,31-03-2025,Customer_1112,Jacket,Clothing,7.0,18262.64,3642.43,NAGPUR
100993,22-05-2025,Customer_1696,Backpack,Clothing,8.0,11149.57,1214.1,Mumbai
100994,11/16/2025,Customer_0962,Office Chair,Furniture,3.0,22619.06,2739.47,Aurangabad
100995,07-02-2025,Customer_0684,T-Shirt,Clothing,4.0,2854.01,223.54,Nagpur
100996,2025/10/20,Customer_1939,Laptop,Electronics,2.0,126400.69,16190.53,kolhapur
100997,19-05-2025,Customer_2147,Laptop,Electronics,7.0,367470.64,63805.24,Pune
100998,12/22/2025,Customer_0346,Headphones,Electronics,3.0,7193.77,1390.73,aurangabad
100999,29-11-2025,Customer_1014,Lamp,Home,4.0,4734.15,829.09,aurangabad
101000,16-09-2025,Customer_0538,Shoes,Clothing,3.0,6616.77,1292.78,Kolhapur
101001,10-06-2025,Customer_1462,Office Chair,Furniture,1.0,8030.37,753.85,Nashik
101002,27-06-2025,Customer_2247,Bedsheet,Home,5.0,8042.27,889.53,Nagpur
101003,10-01-2025,Customer_2421,Cabinet,Furniture,3.0,27427.71,2772.75,Kolhapur
101004,18-09-2025,Customer_2145,Vacuum Cleaner,Home,7.0,44901.14,2909.74,aurangabad
101005,18-05-2025,Customer_2211,Jacket,Clothing,8.0,21709.37,3287.04,Mumbai
101006,21-06-2025,Customer_1499,Tablet,Electronics,5.0,102234.36,14586.57,Nagpur
101007,13-01-2025,Customer_0044,Jeans,Clothing,5.0,8765.86,1293.32,Pune
101008,17-06-2025,Customer_1922,Bookshelf,Furniture,5.0,25867.07,2855.76, Kolhapur 
101009,10-05-2025,Customer_1228,Tablet,Electronics,8.0,147263.74,31233.91,pune
101010,25-03-2025,Customer_0030,Lamp,Home,4.0,5317.15,513.3,Kolhapur
101011,17-11-2025,Customer_2297,Jeans,Clothing,7.0,10259.57,945.81,Nagpur
101012,15-11-2025,Customer_1597,Cookware,Home,3.0,7436.55,1460.74,Nagpur
101013,11-04-2025,Customer_1730,Bookshelf,Furniture,2.0,12989.58,1595.61,Aurangabad
101014,2025/11/25,Customer_1167,Cabinet,Furniture,5.0,40052.57,5378.78,aurangabad
101015,30-09-2025,Customer_0281,Shoes,Clothing,4.0,9260.19,1303.88,mumbai
101016,22-09-2025,Customer_1866,Bookshelf,Furniture,2.0,10309.79,836.02, Kolhapur 
101017,07-02-2025,Customer_0770,Lamp,Home,8.0,10713.38,1931.29,Nashik
101018,04-04-2025,Customer_2192,Smartphone,Electronics,1.0,24421.51,3486.03,pune
101019,05-04-2025,Customer_1103,Office Chair,Furniture,5.0,36037.49,6433.58,MUMBAI
101020,01-11-2025,Customer_0370,Mixer,Home,4.0,15193.59,2767.14,Mumbai
101021,10-03-2025,Customer_1401,Tablet,Electronics,4.0,76808.41,7121.73,Nagpur
101022,14-11-2025,Customer_1900,Shoes,Clothing,6.0,14270.86,1929.07, Aurangabad 
101023,24-08-2025,Customer_0599,Headphones,Electronics,2.0,4746.19,858.07,Pune
101024,30-11-2025,Customer_2225,Shoes,Clothing,2.0,4744.03,389.57,Nagpur
101025,17-05-2025,Customer_1563,Desk,Furniture,5.0,58182.73,12613.22,Pune
101026,17-03-2025,Customer_1815,Smartphone,Electronics,7.0,160608.77,25367.41,MUMBAI
101027,2025/02/04,Customer_0385,Smartphone,Electronics,8.0,195978.38,13985.79,Kolhapur
101028,01-01-2025,Customer_1279,Table,Furniture,7.0,62770.87,10818.33, Nashik 
101029,23-10-2025,Customer_1038,Office Chair,Furniture,2.0,15059.49,3004.92,Nagpur
101030,16-11-2025,Customer_0214,Jeans,Clothing,6.0,8992.14,663.62,Aurangabad
101031,01-03-2025,Customer_1779,Office Chair,Furniture,4.0,33929.09,4088.84,Nashik
101032,16-11-2025,Customer_2395,Smartphone,Electronics,5.0,127865.21,23875.06,Pune
101033,15-12-2025,Customer_0173,Cookware,Home,1.0,2084.05,363.85, Kolhapur 
101034,24-11-2025,Customer_1522,Vacuum Cleaner,Home,3.0,17367.2,1851.47,Pune
101035,24-09-2025,Customer_0375,Desk,Furniture,8.0,85767.67,16278.44,Aurangabad
101036,27-12-2025,Customer_1457,T-Shirt,Clothing,1.0,641.76,112.17,Aurangabad
101037,17-08-2025,Customer_0516,Cabinet,Furniture,2.0,18127.83,2618.45,nagpur
101038,27-09-2025,Customer_1797,Bookshelf,Furniture,6.0,36432.32,4873.38,AURANGABAD
101039,12-11-2025,Customer_1468,Office Chair,Furniture,7.0,49757.77,6772.27,Aurangabad
101040,13-10-2025,Customer_1988,Bookshelf,Furniture,1.0,6185.05,1346.85,Aurangabad
101041,18-10-2025,Customer_2224,Vacuum Cleaner,Home,5.0,36768.2,7278.06,Aurangabad
101042,08/01/2025,Customer_2227,Cookware,Home,3.0,7370.48,993.95,Nashik
101043,14-06-2025,Customer_2453,Shoes,Clothing,5.0,13090.42,2660.11,Kolhapur
101044,05-01-2025,Customer_1841,Office Chair,Furniture,3.0,21777.42,4657.8,Nashik
101045,05-12-2025,Customer_1860,Backpack,Clothing,6.0,8187.78,1278.71,Pune
101046,19-03-2025,Customer_1492,Cookware,Home,1.0,2338.47,495.98,Kolhapur
101047,03-03-2025,Customer_2208,Bookshelf,Furniture,2.0,11080.62,1987.65,Nagpur
101048,12-05-2025,Customer_2259,Cabinet,Furniture,8.0,64399.66,6631.18,Mumbai
101049,30-03-2025,Customer_1320,Jacket,Clothing,7.0,21226.45,3149.06,Pune
101050,25-08-2025,Customer_0180,Monitor,Electronics,2.0,29352.18,3277.59,Mumbai
101051,11-02-2025,Customer_0439,Office Chair,Furniture,4.0,29831.47,4736.54,Nagpur
101052,2025/03/30,Customer_2339,Office Chair,Furniture,1.0,7286.05,668.42,Aurangabad
101053,23-10-2025,Customer_0202,Bedsheet,Home,5.0,10246.43,1453.3,Nashik
101054,24-11-2025,Customer_0054,Cabinet,Furniture,2.0,17122.82,2153.49,Mumbai
101055,2025/10/22,Customer_0249,Mixer,Home,8.0,26783.11,3351.81,NASHIK
101056,14-04-2025,Customer_1089,Lamp,Home,1.0,1167.31,171.68,Kolhapur
101057,14-01-2025,Customer_0320,Laptop,Electronics,5.0,278586.26,38875.21,Mumbai
101058,15-10-2025,Customer_2178,Laptop,Electronics,4.0,195895.86,27302.41,nagpur
101059,28-06-2025,Customer_2335,Desk,Furniture,4.0,43235.1,3466.66,aurangabad
101060,05-05-2025,Customer_0433,Cabinet,Furniture,7.0,63268.45,9919.99,Aurangabad
101061,19-12-2025,Customer_0427,Shoes,Clothing,7.0,18337.32,2279.09, Mumbai 
101062,23-01-2025,Customer_2068,Cabinet,Furniture,7.0,62870.88,10189.41,Nashik
101063,2025/03/04,Customer_1444,Cabinet,Furniture,8.0,69168.06,8228.92,Nashik
101064,23-05-2025,Customer_1764,Jacket,Clothing,7.0,22304.87,4266.34,Aurangabad
101065,02-06-2025,Customer_2307,Backpack,Clothing,4.0,6194.63,542.35,kolhapur
101066,2025/05/25,Customer_1475,Table,Furniture,5.0,41908.0,4429.69,Nagpur
101067,13-08-2025,Customer_0142,Bedsheet,Home,1.0,1676.29,330.0,Nashik
101068,05-11-2025,Customer_1237,Monitor,Electronics,3.0,36101.75,2605.68,Pune
101069,14-04-2025,Customer_1290,Jeans,Clothing,4.0,5965.92,548.74,Pune
101070,14-04-2025,Customer_0387,Backpack,Clothing,3.0,3862.14,724.81,pune
101071,08-02-2025,Customer_0567,Lamp,Home,3.0,3668.18,223.48,Nashik
101072,17-07-2025,,Backpack,Clothing,4.0,5481.26,686.59,Nashik
101073,14-05-2025,Customer_2331,T-Shirt,Clothing,7.0,4332.5,728.65,Mumbai
101074,08-03-2025,Customer_0709,Headphones,Electronics,8.0,21212.58,3719.48, Nagpur 
101075,28-06-2025,Customer_0154,Monitor,Electronics,5.0,74797.89,4488.51,Aurangabad
101076,2025/02/11,Customer_1370,Mixer,Home,1.0,3976.62,756.64,Nashik
101077,01/15/2025,Customer_0929,Bedsheet,Home,2.0,4036.3,252.28,AURANGABAD
101078,21-04-2025,Customer_1249,Tablet,Electronics,1.0,20342.84,3856.31,Kolhapur
101079,06-06-2025,Customer_1339,Headphones,Electronics,3.0,8258.74,618.79,Kolhapur
101080,10/16/2025,Customer_1610,Desk,Furniture,1.0,12859.6,2746.64,Nagpur
101081,19-08-2025,Customer_1187,Smartphone,Electronics,7.0,184373.74,27893.87,Nagpur
101082,06-06-2025,Customer_0339,Desk,Furniture,6.0,81625.6,10682.34,Nagpur
101083,07-02-2025,Customer_1076,Monitor,Electronics,7.0,100919.23,13746.62,pune
101084,07-04-2025,Customer_0535,Vacuum Cleaner,Home,7.0,51408.35,3710.32,Mumbai
101085,16-10-2025,Customer_1999,Vacuum Cleaner,Home,4.0,26008.73,4419.21,Nagpur
101086,11-09-2025,Customer_0993,Cabinet,Furniture,4.0,34802.3,5334.6, Pune 
101087,15-07-2025,Customer_2360,Shoes,Clothing,6.0,16840.13,3548.53,Pune
101088,27-03-2025,Customer_1497,Tablet,Electronics,7.0,109531.27,13623.42,Nashik
101089,18-11-2025,Customer_2433,Bookshelf,Furniture,6.0,30853.36,3477.38,Aurangabad
101090,10-01-2025,Customer_1433,Headphones,Electronics,3.0,7582.95,1560.02,Kolhapur
101091,05-01-2025,Customer_1805,Vacuum Cleaner,Home,3.0,21527.34,1730.8,Pune
101092,03-05-2025,Customer_0639,Desk,Furniture,6.0,63209.46,9752.13,Aurangabad
101093,26-11-2025,Customer_0996,Laptop,Electronics,1.0,55529.95,5698.51,Kolhapur
101094,19-12-2025,Customer_1407,Bookshelf,Furniture,1.0,6719.02,1400.1,aurangabad
101095,28-04-2025,Customer_1930,Headphones,Electronics,8.0,19415.67,3930.67,Pune
101096,21-10-2025,Customer_0835,Jeans,Clothing,4.0,6177.18,1098.86,Kolhapur
101097,08-06-2025,Customer_0579,Backpack,Clothing,8.0,11119.17,885.23,Aurangabad
101098,30-10-2025,Customer_1047,Tablet,Electronics,1.0,20310.84,2694.34,Mumbai
101099,16-08-2025,Customer_1112,Headphones,Electronics,4.0,10703.46,1271.01,Pune
101100,31-12-2025,Customer_1592,Mixer,Home,2.0,5989.65,455.72,Aurangabad
101101,08/04/2025,Customer_0079,Jacket,Clothing,2.0,5593.65,953.13,Nashik
101102,03-07-2025,Customer_2083,Cookware,Home,7.0,14636.48,2506.91,Aurangabad
101103,15-01-2025,Customer_2446,Headphones,Electronics,8.0,21191.81,3658.34,KOLHAPUR
101104,06-06-2025,Customer_2051,Smartphone,Electronics,4.0,99775.66,20591.88,Nagpur
101105,2025/05/16,Customer_2169,Laptop,Electronics,4.0,219286.97,28955.18,Nashik
101106,18-09-2025,Customer_0644,Shoes,Clothing,7.0,15921.75,1739.05,Pune
101107,06-06-2025,Customer_1239,Jacket,Clothing,6.0,14493.37,2338.73,Mumbai
101108,16-02-2025,Customer_1586,T-Shirt,Clothing,5.0,3235.96,351.64,Pune
101109,2025/11/20,Customer_1400,Jeans,Clothing,3.0,5189.97,583.12,Nagpur
101110,28-11-2025,Customer_2133,Office Chair,Furniture,7.0,48439.59,4216.63,AURANGABAD
101111,22-06-2025,Customer_2347,Table,Furniture,4.0,38968.47,3146.82,Mumbai
101112,10-05-2025,Customer_1840,Lamp,Home,6.0,7100.11,1001.89,Kolhapur
101113,05-04-2025,Customer_2380,Desk,Furniture,3.0,38023.81,6134.2,Kolhapur
101114,2025/04/25,Customer_2146,Desk,Furniture,5.0,65592.97,4405.24,Mumbai
101115,31-08-2025,Customer_1301,Cookware,Home,3.0,6196.95,649.57,Pune
101116,19-10-2025,Customer_0597,Smartphone,Electronics,6.0,134070.76,14247.5,Aurangabad
101117,09-10-2025,Customer_1685,Headphones,Electronics,7.0,16501.27,2367.96,NASHIK
101118,26-10-2025,Customer_0770,Lamp,Home,3.0,3776.8,456.9,Pune
101119,10-10-2025,Customer_1094,Desk,Furniture,1.0,12790.09,1455.34,kolhapur
101120,03/10/2025,Customer_0946,Cabinet,Furniture,4.0,29986.72,4395.76,Aurangabad
101121,28-05-2025,Customer_1953,Headphones,Electronics,2.0,4285.57,311.85,Mumbai
101122,01/11/2025,Customer_1588,Lamp,Home,3.0,3511.41,740.44,Nagpur
101123,11-09-2025,Customer_0792,Cookware,Home,3.0,7038.59,521.56,mumbai
101124,26-11-2025,Customer_1106,Tablet,Electronics,1.0,19870.12,3520.35,Nagpur
101125,26-12-2025,Customer_0271,Desk,Furniture,4.0,49597.63,9485.39,Mumbai
101126,07-02-2025,Customer_1331,Vacuum Cleaner,Home,8.0,-50504.11,4820.12,Nagpur
101127,05/14/2025,Customer_0172,Table,Furniture,7.0,63227.24,9345.91,Kolhapur
101128,19-07-2025,Customer_2343,Lamp,Home,7.0,8496.58,1277.99,kolhapur
101129,23-01-2025,Customer_1850,Monitor,Electronics,2.0,31769.12,6492.32,Nagpur
101130,30-10-2025,Customer_0161,Smartphone,Electronics,7.0,194725.14,36652.47,Kolhapur
101131,12-12-2025,,Vacuum Cleaner,Home,1.0,7364.68,557.94,Nashik
101132,29-10-2025,Customer_1172,Bedsheet,Home,5.0,8365.83,1164.6,Nagpur
101133,2025/12/29,Customer_0224,Table,Furniture,5.0,49678.22,6996.01,Aurangabad
101134,06-08-2025,Customer_0371,Table,Furniture,8.0,77357.55,6361.39,Aurangabad
101135,2025/05/21,Customer_1611,Smartphone,Electronics,3.0,69429.31,12294.83,Nagpur
101136,14-04-2025,Customer_0733,Shoes,Clothing,1.0,2248.55,261.32,Nagpur
101137,29-07-2025,Customer_1025,Table,Furniture,2.0,16730.28,1940.34,Nashik
101138,21-04-2025,Customer_0468,Office Chair,Furniture,2.0,15937.46,1894.26,Aurangabad
101139,14-04-2025,Customer_2146,Lamp,Home,2.0,2439.79,185.4,Aurangabad
101140,12-11-2025,Customer_1552,Vacuum Cleaner,Home,3.0,21284.35,2536.72,Kolhapur
101141,20-06-2025,Customer_1373,Mixer,Home,3.0,10967.88,1931.03, Kolhapur 
101142,22-12-2025,Customer_0733,Desk,Furniture,3.0,32864.34,6623.74,aurangabad
101143,20-11-2025,Customer_1268,Tablet,Electronics,5.0,93138.05,11977.18, Aurangabad 
101144,13-05-2025,Customer_0482,Lamp,Home,3.0,3256.92,686.46,Mumbai
101145,20-10-2025,Customer_0051,Office Chair,Furniture,5.0,40369.52,3765.83,Nagpur
101146,24-11-2025,Customer_2491,Bedsheet,Home,1.0,1712.36,324.57,Nagpur
101147,07-05-2025,Customer_1859,Desk,Furniture,8.0,101635.52,18551.07,Nagpur
101148,16-04-2025,Customer_1003,Mixer,Home,1.0,3438.26,600.44,Kolhapur
101149,02-04-2025,Customer_0201,Backpack,Clothing,4.0,5409.31,507.4,Mumbai
101150,14-10-2025,,Office Chair,Furniture,6.0,46791.14,10114.48,Mumbai
101151,20-02-2025,Customer_1357,Monitor,Electronics,5.0,66022.62,8830.86, Pune 
101152,29-01-2025,Customer_0731,Laptop,Electronics,7.0,405097.16,59403.85,Mumbai
101153,23-10-2025,Customer_1866,Backpack,Clothing,3.0,4632.72,842.59,Aurangabad
101154,24-10-2025,Customer_1226,T-Shirt,Clothing,2.0,1214.48,266.88,Nashik
101155,02-08-2025,Customer_1751,Shoes,Clothing,2.0,5378.6,1066.17,Kolhapur
101156,24-09-2025,Customer_0552,Headphones,Electronics,8.0,20907.19,4118.83,Pune
101157,2025/09/14,,Jacket,Clothing,7.0,17320.81,2002.94,MUMBAI
101158,29-10-2025,Customer_0448,Cabinet,Furniture,1.0,8903.41,821.47,Kolhapur
101159,11-04-2025,Customer_1750,Tablet,Electronics,5.0,78612.54,14629.72,KOLHAPUR
101160,12-12-2025,Customer_0532,Jacket,Clothing,6.0,18490.85,1590.66,Kolhapur
101161,20-04-2025,Customer_2018,Vacuum Cleaner,Home,8.0,57527.8,9772.99,Mumbai
101162,01-07-2025,Customer_0007,Bookshelf,Furniture,4.0,24144.6,4656.04,Pune
101163,2025/11/09,Customer_0850,Tablet,Electronics,2.0,35127.89,3198.01,Kolhapur
101164,01-01-2025,Customer_1368,Bedsheet,Home,1.0,1683.82,237.13,Nashik
101165,15-11-2025,Customer_1154,Office Chair,Furniture,4.0,30281.98,5720.05,NASHIK
101166,24-02-2025,Customer_2076,Headphones,Electronics,5.0,13592.57,2079.92,kolhapur
101167,29-05-2025,Customer_1366,T-Shirt,Clothing,2.0,1517.93,137.65, Nashik 
101168,05-11-2025,Customer_0720,Vacuum Cleaner,Home,1.0,5622.63,1123.3,Mumbai
101169,2025/05/17,Customer_1944,Jacket,Clothing,8.0,19547.73,1944.42,Pune
101170,2025/07/21,Customer_1887,Table,Furniture,3.0,28582.08,3587.39,Kolhapur
101171,2025/11/09,Customer_0230,Shoes,Clothing,7.0,19475.65,2097.07,Kolhapur
101172,27-04-2025,Customer_2275,Backpack,Clothing,6.0,7169.92,775.1,Kolhapur
101173,03-06-2025,Customer_1449,Smartphone,Electronics,6.0,153513.38,18444.65,Pune
101174,18-10-2025,Customer_1390,Bookshelf,Furniture,1.0,6062.77,1214.1,Nagpur
101175,04-03-2025,,Cabinet,Furniture,7.0,62929.75,6453.81,KOLHAPUR
101176,01-09-2025,Customer_0130,Headphones,Electronics,6.0,14829.63,2192.75,nashik
101177,25-01-2025,Customer_0974,Mixer,Home,8.0,31772.54,6982.93,Nashik
101178,31-03-2025,Customer_2151,Lamp,Home,4.0,4418.99,779.14,Nashik
101179,2025/03/16,Customer_0154,Office Chair,Furniture,6.0,43353.42,2657.45, Mumbai 
101180,2025/10/21,Customer_1977,Tablet,Electronics,1.0,15349.96,2052.15,Kolhapur
101181,07/29/2025,Customer_1981,Desk,Furniture,6.0,71748.03,4563.98,Aurangabad
101182,13-12-2025,Customer_0403,Jacket,Clothing,3.0,8871.06,949.56, Kolhapur 
101183,17-01-2025,Customer_1882,Desk,Furniture,1.0,12215.62,1321.08,Nagpur
101184,08-05-2025,Customer_0181,Laptop,Electronics,5.0,247538.58,30978.91,AURANGABAD
101185,30-12-2025,Customer_0189,Headphones,Electronics,8.0,18393.64,2677.53,Pune
101186,2025/09/08,Customer_0860,T-Shirt,Clothing,5.0,3183.77,450.01,nashik
101187,28-06-2025,Customer_1134,Desk,Furniture,5.0,53832.81,9009.24,KOLHAPUR
101188,01-07-2025,Customer_1117,Shoes,Clothing,2.0,5380.91,417.9,Mumbai
101189,01-06-2025,Customer_0063,Bookshelf,Furniture,2.0,11884.09,847.8,Kolhapur
101190,25-01-2025,Customer_2251,Smartphone,Electronics,6.0,154418.21,15797.71,Nashik
101191,06/29/2025,Customer_2352,Jeans,Clothing,5.0,8066.3,1151.82,Mumbai
101192,17-07-2025,Customer_1388,Office Chair,Furniture,5.0,42273.99,6250.35,Kolhapur
101193,10-12-2025,Customer_0119,Mixer,Home,3.0,10761.45,1337.27,Nagpur
101194,10-06-2025,Customer_0221,Laptop,Electronics,7.0,436868.69,80536.63,pune
101195,2025/06/26,Customer_2442,Bedsheet,Home,3.0,5052.36,985.58,Kolhapur
101196,12-10-2025,Customer_1280,Vacuum Cleaner,Home,6.0,38209.04,7358.55,Nashik
101197,04-03-2025,Customer_1908,Cabinet,Furniture,2.0,17549.86,1583.34,Kolhapur
101198,30-05-2025,Customer_0399,Office Chair,Furniture,8.0,63620.54,6775.77,Nagpur
101199,06/03/2025,Customer_0950,Shoes,Clothing,8.0,18784.96,2017.8,Mumbai
101200,05-06-2025,Customer_1489,Cabinet,Furniture,5.0,42706.82,4132.83,Nagpur
101201,18-02-2025,Customer_1857,Bookshelf,Furniture,6.0,30609.78,5339.51,Nagpur
101202,03-12-2025,Customer_0463,Laptop,Electronics,8.0,396596.39,30425.76,Nashik
101203,2025/03/25,Customer_1157,Bedsheet,Home,3.0,4974.78,600.87,Nashik
101204,2025/12/27,Customer_1662,Cabinet,Furniture,2.0,15884.35,1066.34,Aurangabad
101205,26-06-2025,Customer_1238,Headphones,Electronics,2.0,5705.86,996.07, Kolhapur 
101206,28-05-2025,Customer_0978,Bedsheet,Home,7.0,11931.67,1324.32,Kolhapur
101207,28-04-2025,Customer_1976,Cabinet,Furniture,3.0,23629.51,3785.43,Nagpur
101208,08-12-2025,Customer_2421,Headphones,Electronics,4.0,8939.12,806.57, Nagpur 
101209,04-03-2025,Customer_2231,Vacuum Cleaner,Home,6.0,43205.38,4363.78,Aurangabad
101210,08-07-2025,Customer_2352,Desk,Furniture,2.0,23137.4,4613.68,Nagpur
101211,26-12-2025,Customer_1333,Monitor,Electronics,8.0,117481.77,13472.09,Kolhapur
101212,18-02-2025,Customer_1262,Tablet,Electronics,3.0,56975.93,3597.99,Nagpur
101213,23-11-2025,Customer_2443,Monitor,Electronics,2.0,29979.4,4134.84,Nagpur
101214,14-09-2025,Customer_0371,Shoes,Clothing,,2734.89,581.83,Mumbai
101215,12-08-2025,Customer_0601,Cabinet,Furniture,1.0,9021.89,1853.84,Aurangabad
101216,21-05-2025,Customer_1598,Table,Furniture,5.0,45164.29,5312.35,Kolhapur
101217,03-08-2025,Customer_1297,Cookware,Home,4.0,8707.69,1483.65,Nashik
101218,2025/07/30,Customer_0366,Shoes,Clothing,6.0,16727.99,1557.67,Kolhapur
101219,14-11-2025,Customer_0523,Monitor,Electronics,7.0,110294.88,21003.33,Nashik
101220,2025/02/01,Customer_0004,Headphones,Electronics,1.0,2859.14,574.23,aurangabad
101221,2025/06/07,Customer_0128,T-Shirt,Clothing,5.0,3268.93,251.55,Mumbai
101222,12-10-2025,Customer_1304,Vacuum Cleaner,Home,7.0,40207.09,4285.9,Aurangabad
101223,2025/11/01,Customer_1783,Bedsheet,Home,7.0,13031.61,2458.95,Kolhapur
101224,13-10-2025,Customer_0570,Desk,Furniture,8.0,107498.41,17178.3,Mumbai
101225,24-05-2025,Customer_0632,Lamp,Home,7.0,7154.19,642.52,Nashik
101226,19-01-2025,Customer_0294,Desk,Furniture,1.0,10559.01,1247.36,Aurangabad
101227,2025/01/18,Customer_1789,Smartphone,Electronics,8.0,200081.06,13394.14, Mumbai 
101228,14-09-2025,Customer_1868,Smartphone,Electronics,7.0,167045.09,14811.68,Aurangabad
101229,19-03-2025,Customer_1862,Vacuum Cleaner,Home,3.0,20360.36,2734.06,Kolhapur
101230,24-06-2025,Customer_1576,Vacuum Cleaner,Home,8.0,51926.96,6669.01,Nashik
101231,13-07-2025,Customer_2477,Desk,Furniture,7.0,95491.7,9010.37, Pune 
101232,23-04-2025,Customer_1683,Cookware,Home,5.0,,1965.17,Kolhapur
101233,24-04-2025,Customer_2328,T-Shirt,Clothing,1.0,711.94,148.54,Nagpur
101234,10-08-2025,Customer_0328,T-Shirt,Clothing,8.0,5394.99,723.94,Mumbai
101235,2025/06/15,Customer_2144,Shoes,Clothing,2.0,4382.78,690.02,Kolhapur
101236,15-11-2025,Customer_0320,Smartphone,Electronics,8.0,187292.72,16041.52,Aurangabad
101237,12-05-2025,Customer_1408,Backpack,Clothing,1.0,1418.7,205.95,Kolhapur
101238,21-09-2025,Customer_2100,Tablet,Electronics,8.0,125677.65,21580.67,Nagpur
101239,2025/02/24,Customer_1207,Shoes,Clothing,6.0,15556.97,1403.9,Nashik
101240,25-12-2025,Customer_2309,Office Chair,Furniture,5.0,37156.14,6511.68,Nashik
101241,11-05-2025,Customer_2347,Tablet,Electronics,3.0,54476.86,6715.81,Pune
101242,15-10-2025,Customer_1175,Backpack,Clothing,1.0,1325.38,208.96,Nagpur
101243,23-09-2025,Customer_1139,Smartphone,Electronics,2.0,56586.63,9477.08,Nashik
101244,06/11/2025,Customer_1128,Cabinet,Furniture,5.0,34896.95,4666.06,Nashik
101245,28-03-2025,Customer_2424,Laptop,Electronics,3.0,184345.79,13846.95,Aurangabad
101246,24-02-2025,Customer_0719,Table,Furniture,6.0,61919.79,13117.78,Nashik
101247,15-10-2025,Customer_2161,Table,Furniture,3.0,23584.02,4937.22,Pune
101248,27-06-2025,Customer_2440,T-Shirt,Clothing,-1.0,2013.77,392.99,Mumbai
101249,15-12-2025,Customer_0975,Bedsheet,Home,7.0,12291.49,1604.49,Aurangabad
101250,08-01-2025,Customer_2367,Cookware,Home,4.0,9154.4,1683.64,Aurangabad
101251,2025/11/17,Customer_0476,T-Shirt,Clothing,5.0,3010.48,466.34,Pune
101252,09-11-2025,Customer_1951,Table,Furniture,7.0,57079.25,6584.2,Nashik
101253,04-09-2025,Customer_1556,Vacuum Cleaner,Home,4.0,24814.16,3351.14,Aurangabad
101254,19-11-2025,Customer_0595,Bedsheet,Home,5.0,8552.17,660.04,Kolhapur
101255,12-09-2025,Customer_1839,Mixer,Home,5.0,15639.55,1022.05,Nagpur
101256,24-11-2025,Customer_0399,Backpack,Clothing,1.0,1387.5,295.14,Kolhapur
101257,23-02-2025,Customer_1373,Shoes,Clothing,5.0,11058.78,2337.85,NASHIK
101258,06-09-2025,Customer_2393,T-Shirt,Clothing,5.0,3745.03,606.69,Nagpur
101259,27-08-2025,Customer_2130,Cookware,Home,4.0,9183.53,1765.78,Nashik
101260,17-08-2025,Customer_0035,Bookshelf,Furniture,1.0,5292.46,744.97,Pune
101261,08-03-2025,Customer_2152,Tablet,Electronics,2.0,38128.58,5867.66,PUNE
101262,20-02-2025,Customer_1161,Lamp,Home,4.0,5279.2,377.8,Nashik
101263,07-04-2025,Customer_0377,Office Chair,Furniture,1.0,7929.08,1153.24,Pune
101264,02-04-2025,Customer_0492,Cabinet,Furniture,2.0,15419.97,1764.72,pune
101265,21-09-2025,Customer_0455,Table,Furniture,3.0,27978.74,5667.35,Aurangabad
101266,18-10-2025,Customer_1913,Bookshelf,Furniture,5.0,29965.58,5752.06,Aurangabad
101267,06-04-2025,Customer_1749,Tablet,Electronics,5.0,87358.22,6672.69,Aurangabad
101268,29-03-2025,Customer_0304,Jacket,Clothing,3.0,7294.99,497.62,NASHIK
101269,19-03-2025,Customer_1363,Tablet,Electronics,7.0,121469.68,13842.45, Pune 
101270,15-10-2025,Customer_1805,Jacket,Clothing,3.0,8949.2,1600.58,Pune
101271,30-04-2025,Customer_0731,Cookware,Home,7.0,13324.95,1270.93,Aurangabad
101272,29-10-2025,Customer_2215,Mixer,Home,3.0,9788.92,1445.02,Nagpur
101273,14-06-2025,Customer_1809,Cabinet,Furniture,2.0,14293.67,1163.94,Aurangabad
101274,01-07-2025,Customer_0299,T-Shirt,Clothing,1.0,793.2,149.65,Pune
101275,11-08-2025,Customer_2039,Shoes,Clothing,1.0,2260.49,282.68,Mumbai
101276,07-11-2025,Customer_1092,Laptop,Electronics,7.0,368324.34,68714.83,Mumbai
101277,2025/01/07,Customer_2112,Shoes,Clothing,1.0,2507.66,201.76,Aurangabad
101278,26-11-2025,Customer_1655,Bedsheet,Home,7.0,13503.39,1667.7,Aurangabad
101279,20-09-2025,Customer_0014,Monitor,Electronics,4.0,52017.13,6246.21, Nagpur 
101280,10-06-2025,Customer_1366,Mixer,Home,6.0,20985.87,2411.24,Aurangabad
101281,31-05-2025,Customer_0372,Shoes,Clothing,1.0,2306.43,285.44,Nashik
101282,26-03-2025,Customer_1188,T-Shirt,Clothing,8.0,4792.21,879.85,Aurangabad
101283,27-05-2025,Customer_1574,Desk,Furniture,1.0,10815.4,724.9,Aurangabad
101284,22-04-2025,Customer_0438,Bookshelf,Furniture,7.0,43936.6,8076.86, Aurangabad 
101285,05-02-2025,Customer_1794,Shoes,Clothing,2.0,5470.74,760.22,AURANGABAD
101286,2025/10/12,Customer_0791,Desk,Furniture,1.0,10939.33,1946.72,PUNE
101287,07-07-2025,Customer_0259,Table,Furniture,7.0,66774.58,6637.61,kolhapur
101288,23-03-2025,Customer_0068,Shoes,Clothing,8.0,22420.45,1719.64,PUNE
101289,02-01-2025,Customer_0176,T-Shirt,Clothing,6.0,4808.19,950.29,Nagpur
101290,30-10-2025,Customer_2198,Smartphone,Electronics,8.0,211273.92,44409.77, Mumbai 
101291,2025/07/16,Customer_0580,Office Chair,Furniture,1.0,8000.2,723.8,Nagpur
101292,2025/01/11,Customer_0995,Tablet,Electronics,1.0,17687.64,1263.61,Aurangabad
101293,08/22/2025,Customer_0205,Office Chair,Furniture,3.0,21755.19,3886.71,nashik
101294,14-07-2025,Customer_2421,Tablet,Electronics,3.0,52160.38,5886.15, Pune 
101295,29-04-2025,Customer_2438,Laptop,Electronics,8.0,452586.96,90314.96,kolhapur
101296,2025/01/20,Customer_1746,Office Chair,Furniture,4.0,25928.25,3154.83,Nashik
101297,18-09-2025,Customer_2360,Lamp,Home,2.0,2153.93,368.88,Kolhapur
101298,20-10-2025,Customer_0187,Bookshelf,Furniture,4.0,21161.22,3520.58, Kolhapur 
101299,13-09-2025,Customer_0495,Bookshelf,Furniture,2.0,11230.25,1031.24,Nashik
101300,10-08-2025,Customer_1516,Table,Furniture,3.0,30534.46,1922.57,Kolhapur
101301,14-08-2025,Customer_2384,Table,Furniture,4.0,35327.99,2241.93,Pune
101302,02/22/2025,Customer_0647,Office Chair,Furniture,7.0,52241.59,7322.58,pune
101303,2025/12/21,Customer_0030,Mixer,Home,1.0,3312.75,268.82,Mumbai
101304,08-12-2025,Customer_1705,Monitor,Electronics,5.0,67404.14,11294.38, Aurangabad 
101305,30-12-2025,Customer_0587,Cookware,Home,4.0,9545.52,1383.34,AURANGABAD
101306,07-10-2025,Customer_1688,Backpack,Clothing,8.0,11501.84,1059.3,Mumbai
101307,22-03-2025,Customer_2443,Cabinet,Furniture,1.0,7489.59,643.38, Mumbai 
101308,21-07-2025,Customer_1234,Vacuum Cleaner,Home,2.0,12022.25,1153.92,Nashik
101309,07-06-2025,Customer_0787,Mixer,Home,4.0,14081.68,2112.68,Pune
101310,30-04-2025,Customer_2211,Monitor,Electronics,6.0,95212.68,8692.09,Kolhapur
101311,2025/02/28,Customer_1133,Table,Furniture,4.0,37530.1,7159.3,Pune
101312,03-08-2025,Customer_1944,Office Chair,Furniture,3.0,22906.63,2309.0,Nagpur
101313,08-05-2025,Customer_0222,Desk,Furniture,1.0,11145.18,738.71,Aurangabad
101314,12-08-2025,Customer_1781,Jacket,Clothing,4.0,10546.29,1889.23,nashik
101315,28-07-2025,Customer_0178,Backpack,Clothing,8.0,9679.66,920.41,Pune
101316,2025/04/25,Customer_0648,Monitor,Electronics,3.0,44598.53,8260.73,Pune
101317,2025/07/28,Customer_0291,Vacuum Cleaner,Home,2.0,12825.74,2202.08,Mumbai
101318,2025/01/14,Customer_1717,Vacuum Cleaner,Home,6.0,37689.04,3225.66,mumbai
101319,09-01-2025,Customer_1336,Jeans,Clothing,2.0,3102.22,474.0,Mumbai
101320,09-02-2025,Customer_0820,Smartphone,Electronics,7.0,198522.8,14095.15,NAGPUR
101321,25-08-2025,Customer_2397,Office Chair,Furniture,8.0,60133.09,6772.62,Nagpur
101322,08-10-2025,Customer_0886,Tablet,Electronics,3.0,54134.65,3455.74,Kolhapur
101323,25-12-2025,Customer_1530,Cookware,Home,7.0,14536.18,2779.01,Mumbai
101324,20-07-2025,Customer_1105,Cookware,Home,6.0,13413.61,1771.85,Mumbai
101325,03-09-2025,Customer_2330,Jeans,Clothing,1.0,1497.05,161.21,PUNE
101326,2025/10/05,Customer_1907,Jeans,Clothing,2.0,3087.78,598.08,Nagpur
101327,23-08-2025,Customer_0901,Cookware,Home,6.0,15050.16,1959.3,Nashik
101328,04-01-2025,Customer_2368,Cabinet,Furniture,3.0,23232.14,4540.68,Kolhapur
101329,06/03/2025,Customer_2138,Office Chair,Furniture,7.0,51348.76,7616.2,Nagpur
101330,2025/01/29,Customer_1896,Cabinet,Furniture,8.0,58834.08,10528.97,NASHIK
101331,19-04-2025,Customer_1016,Tablet,Electronics,4.0,,13770.97, Nashik 
101332,08-04-2025,Customer_2424,Vacuum Cleaner,Home,4.0,28189.72,2661.13,Mumbai
101333,03-08-2025,Customer_0165,Tablet,Electronics,1.0,19164.43,3603.08,Nagpur
101334,20-10-2025,Customer_1964,Tablet,Electronics,7.0,120182.85,10530.12,Aurangabad
101335,03/16/2025,Customer_0986,Tablet,Electronics,8.0,122513.71,16189.52,pune
101336,22-11-2025,,Tablet,Electronics,4.0,68812.55,10238.31,Nashik
101337,26-05-2025,Customer_0066,Jeans,Clothing,2.0,2900.52,572.99,Nagpur
101338,08-05-2025,Customer_2337,Jeans,Clothing,8.0,11869.78,1142.21,Aurangabad
101339,2025/12/07,Customer_0568,Tablet,Electronics,8.0,143166.85,20017.04, Aurangabad 
101340,11-02-2025,Customer_1902,Cookware,Home,6.0,12071.74,1249.4, Aurangabad 
101341,22-12-2025,Customer_1364,Laptop,Electronics,7.0,346850.96,60682.83,KOLHAPUR
101342,10-02-2025,Customer_1106,Headphones,Electronics,7.0,18917.97,2534.49,Aurangabad
101343,03-02-2025,Customer_0225,Office Chair,Furniture,6.0,47890.17,8512.46,KOLHAPUR
101344,17-01-2025,Customer_1569,T-Shirt,Clothing,2.0,1248.08,267.82,nashik
101345,14-06-2025,Customer_1498,Vacuum Cleaner,Home,1.0,7126.01,660.71,Nashik
101346,02-06-2025,Customer_2297,Cabinet,Furniture,2.0,14493.59,1161.02,aurangabad
101347,03/17/2025,Customer_0978,Desk,Furniture,6.0,64188.98,11535.14,Kolhapur
101348,2025/03/28,Customer_0924,Tablet,Electronics,4.0,71344.53,13217.96,Nashik
101349,2025/04/27,Customer_1136,Jacket,Clothing,7.0,21047.98,3299.02, Pune 
101350,28-12-2025,Customer_1854,Headphones,Electronics,6.0,15838.65,996.84,Nagpur
101351,12/08/2025,Customer_1852,Tablet,Electronics,5.0,84918.0,13761.09,Kolhapur
101352,27-01-2025,Customer_1876,T-Shirt,Clothing,4.0,2387.85,155.87,Pune
101353,09-11-2025,Customer_1182,Tablet,Electronics,3.0,59700.59,10115.9,Pune
101354,2025/10/14,Customer_0459,Smartphone,Electronics,5.0,116201.36,19762.84,Aurangabad
101355,14-05-2025,Customer_0837,Table,Furniture,3.0,29368.9,3203.77,Kolhapur
101356,07-08-2025,Customer_2218,Headphones,Electronics,7.0,15064.2,3152.1,Mumbai
101357,17-06-2025,Customer_1819,Lamp,Home,7.0,8009.85,617.06,Aurangabad
101358,04/08/2025,Customer_0258,Headphones,Electronics,4.0,9975.57,1825.08,Pune
101359,25-09-2025,Customer_1687,Cabinet,Furniture,6.0,43991.72,4536.36,Kolhapur
101360,25-08-2025,Customer_2431,Jacket,Clothing,8.0,20671.04,4520.09,Aurangabad
101361,05-11-2025,Customer_2324,Bedsheet,Home,5.0,8182.99,1244.5,Mumbai
101362,06/22/2025,Customer_0929,Jeans,Clothing,5.0,9020.64,753.25,Nagpur
101363,09-07-2025,Customer_0608,Jacket,Clothing,1.0,,676.16,Nashik
101364,02-05-2025,Customer_0659,Shoes,Clothing,,8365.29,789.09,Aurangabad
101365,15-02-2025,Customer_0629,Jeans,Clothing,3.0,4993.04,907.45,Mumbai
101366,05-03-2025,Customer_1297,Office Chair,Furniture,1.0,8593.56,763.69,KOLHAPUR
101367,10-05-2025,Customer_1515,Table,Furniture,5.0,48591.35,5549.53,Mumbai
101368,06-11-2025,Customer_1299,Cabinet,Furniture,1.0,7221.5,920.17,Nashik
101369,29-12-2025,Customer_2212,Bookshelf,Furniture,8.0,52231.24,7018.62,MUMBAI
101370,2025/07/12,Customer_1658,T-Shirt,Clothing,1.0,707.88,155.19,Nagpur
101371,11/03/2025,Customer_0640,Table,Furniture,6.0,52365.57,8298.06,Pune
101372,30-06-2025,Customer_1188,Jacket,Clothing,8.0,21494.44,2640.5,Kolhapur
101373,19-10-2025,Customer_1388,Cabinet,Furniture,8.0,67756.3,14233.02,Aurangabad
101374,09-10-2025,Customer_0572,Tablet,Electronics,1.0,18228.74,3334.84,Aurangabad
101375,29-01-2025,Customer_1646,Headphones,Electronics,1.0,2191.9,205.57,Kolhapur
101376,29-05-2025,Customer_0379,Table,Furniture,6.0,54034.53,3415.08,Nashik
101377,2025/09/24,Customer_2390,Monitor,Electronics,4.0,51847.96,7403.07,Kolhapur
101378,23-10-2025,Customer_0093,Bookshelf,Furniture,4.0,20507.72,2098.5,Pune
101379,11-01-2025,Customer_0797,Mixer,Home,7.0,24603.13,3732.39,Nagpur
101380,2025/06/13,Customer_1479,Backpack,Clothing,1.0,1578.82,257.75,Nagpur
101381,23-04-2025,Customer_1582,Table,Furniture,6.0,52618.72,10989.75,Nashik
101382,06-07-2025,Customer_1440,Headphones,Electronics,6.0,16281.97,1497.96,Nashik
101383,2025/10/22,Customer_0884,Vacuum Cleaner,Home,2.0,11560.29,1943.63,Aurangabad
101384,20-08-2025,Customer_1183,Bedsheet,Home,8.0,14658.7,2731.62, Mumbai 
101385,15-08-2025,Customer_2406,Bedsheet,Home,3.0,5786.86,926.09,Kolhapur
101386,06-11-2025,Customer_1243,Smartphone,Electronics,4.0,114591.47,16658.66,nagpur
101387,08-04-2025,Customer_0363,T-Shirt,Clothing,7.0,4331.27,833.87,Pune
101388,2025/02/24,Customer_0717,Lamp,Home,7.0,7774.67,1433.4,Kolhapur
101389,21-04-2025,Customer_0817,Vacuum Cleaner,Home,3.0,22174.08,3802.57,mumbai
101390,01-06-2025,Customer_0173,Lamp,Home,8.0,9876.57,1320.12,Nashik
101391,03-09-2025,Customer_0920,Shoes,Clothing,8.0,19186.46,2234.85,Pune
101392,10-03-2025,Customer_1230,Smartphone,Electronics,5.0,130113.98,23447.02,Aurangabad
101393,08-11-2025,Customer_1709,Mixer,Home,5.0,18437.21,1691.53,Mumbai
101394,16-10-2025,Customer_0489,Cookware,Home,1.0,2196.03,409.92,NASHIK
101395,07-09-2025,Customer_2381,Mixer,Home,6.0,20846.94,3040.73,Nagpur
101396,05-02-2025,Customer_0490,Lamp,Home,8.0,10380.87,1721.17,Nashik
101397,27-08-2025,Customer_2383,Headphones,Electronics,3.0,7296.03,1483.03,Pune
101398,28-05-2025,Customer_0555,Bookshelf,Furniture,8.0,43140.97,9460.06,Nashik
101399,08/15/2025,Customer_1480,Office Chair,Furniture,5.0,33212.09,2072.17,Nagpur
101400,01-09-2025,Customer_1195,T-Shirt,Clothing,5.0,3909.52,387.8,Kolhapur
101401,03-12-2025,Customer_0751,Monitor,Electronics,4.0,59858.95,11358.98,Pune
101402,31-12-2025,Customer_1296,Cabinet,Furniture,6.0,53169.4,11625.76,Aurangabad
101403,07/20/2025,Customer_0393,Jacket,Clothing,6.0,15761.96,2736.89,KOLHAPUR
101404,03-06-2025,Customer_0561,Jeans,Clothing,1.0,1415.39,177.05,Kolhapur
101405,2025/03/14,Customer_1688,Jacket,Clothing,8.0,24738.37,2939.54,Nashik
101406,20-07-2025,Customer_0634,Office Chair,Furniture,4.0,30819.86,4333.39, Kolhapur 
101407,23-10-2025,Customer_1710,Desk,Furniture,2.0,25050.85,5402.54,Nagpur
101408,17-01-2025,Customer_0072,Laptop,Electronics,3.0,143008.91,21713.59,Nagpur
101409,09-05-2025,Customer_0570,Jacket,Clothing,6.0,18629.67,2552.66,Nagpur
101410,08/05/2025,Customer_0118,Jeans,Clothing,5.0,6988.47,1046.08,Aurangabad
101411,02-03-2025,Customer_0584,Smartphone,Electronics,3.0,71221.66,6038.93,aurangabad
101412,14-04-2025,Customer_0860,Bookshelf,Furniture,3.0,19884.79,2852.59,Mumbai
101413,11-02-2025,Customer_0319,Tablet,Electronics,2.0,40679.39,7686.88, Pune 
101414,25-01-2025,Customer_0805,Bedsheet,Home,1.0,1904.2,115.78, Pune 
101415,08-02-2025,Customer_1922,Monitor,Electronics,1.0,13696.86,1254.6,Pune
101416,18-10-2025,Customer_1236,T-Shirt,Clothing,2.0,1572.54,138.28,Aurangabad
101417,11-05-2025,Customer_2465,Laptop,Electronics,2.0,102939.98,14688.91,Mumbai
101418,08/17/2025,Customer_0120,Desk,Furniture,6.0,66888.65,6259.33,Pune
101419,18-04-2025,Customer_1443,Bookshelf,Furniture,6.0,37070.27,2751.68,Mumbai
101420,2025/06/21,Customer_0406,Cabinet,Furniture,2.0,13879.21,1659.39,Kolhapur
101421,12-04-2025,Customer_0785,Monitor,Electronics,4.0,59707.16,8882.58,Nashik
101422,20-12-2025,Customer_0405,Cabinet,Furniture,1.0,7814.9,1176.3,Mumbai
101423,12-01-2025,Customer_1801,Lamp,Home,3.0,3454.69,724.74, Aurangabad 
101424,02-10-2025,Customer_1555,Smartphone,Electronics,6.0,129970.72,21801.63,Nagpur
101425,11-04-2025,Customer_1670,Cabinet,Furniture,4.0,35756.31,6744.41,Pune
101426,13-02-2025,Customer_0452,T-Shirt,Clothing,8.0,5069.19,544.17,Kolhapur
101427,11/01/2025,Customer_1181,Table,Furniture,6.0,57516.18,4226.48,Kolhapur
101428,17-01-2025,Customer_2023,Laptop,Electronics,6.0,360874.31,63162.07,Pune
101429,26-11-2025,Customer_2460,Lamp,Home,8.0,10261.27,780.25,Aurangabad
101430,26-02-2025,Customer_2269,Shoes,Clothing,4.0,10653.28,1797.96,Nagpur
101431,07-11-2025,Customer_0286,Shoes,Clothing,4.0,10992.77,732.73,Nagpur
101432,30-10-2025,Customer_2014,Jeans,Clothing,1.0,1371.09,164.09,Aurangabad
101433,01/12/2025,Customer_2141,Tablet,Electronics,8.0,128827.65,19239.32,Aurangabad
101434,14-11-2025,Customer_1618,Laptop,Electronics,3.0,185658.77,22768.59,Nagpur
101435,21-03-2025,Customer_1490,Smartphone,Electronics,2.0,55174.26,3312.58,Mumbai
101436,04-08-2025,Customer_0503,Jeans,Clothing,7.0,10086.21,654.27,Mumbai
101437,2025/12/05,Customer_2384,Bedsheet,Home,5.0,8536.0,1752.53,Kolhapur
101438,2025/09/21,Customer_1949,Shoes,Clothing,6.0,13186.28,2070.58,Aurangabad
101439,29-05-2025,Customer_0604,Bedsheet,Home,5.0,8869.04,1863.87,Nagpur
101440,22-03-2025,Customer_2005,Laptop,Electronics,5.0,243857.83,22904.21,Nagpur
101441,03-08-2025,Customer_0408,Desk,Furniture,1.0,10306.35,1333.95,Aurangabad
101442,17-07-2025,Customer_0110,Laptop,Electronics,8.0,410673.94,81800.07,Mumbai
101443,19-07-2025,Customer_0626,Vacuum Cleaner,Home,6.0,40227.81,6366.23,Nashik
101444,25-01-2025,Customer_1909,Laptop,Electronics,8.0,444212.21,33180.9,MUMBAI
101445,30-03-2025,Customer_2068,Shoes,Clothing,8.0,19670.11,4325.87,Nashik
101446,25-09-2025,Customer_0130,Backpack,Clothing,1.0,1540.8,312.71,Nagpur
101447,23-05-2025,Customer_1289,Tablet,Electronics,8.0,157963.38,12082.09,Nagpur
101448,28-02-2025,Customer_0135,Bedsheet,Home,1.0,1652.82,99.99,Mumbai
101449,31-12-2025,Customer_1765,Jeans,Clothing,8.0,12045.48,932.05,Mumbai
101450,26-01-2025,Customer_0449,Shoes,Clothing,8.0,19836.76,3339.33,Kolhapur
101451,16-02-2025,Customer_1950,Vacuum Cleaner,Home,8.0,57842.28,10404.37,KOLHAPUR
101452,15-10-2025,Customer_1604,Cabinet,Furniture,1.0,9052.61,621.22,nashik
101453,23-09-2025,Customer_1445,Vacuum Cleaner,Home,7.0,38841.25,6440.43,Nashik
101454,16-01-2025,Customer_2419,T-Shirt,Clothing,1.0,655.76,65.94,Pune
101455,18-07-2025,Customer_2392,Bookshelf,Furniture,6.0,34173.58,3525.6,Pune
101456,10/09/2025,Customer_1754,Shoes,Clothing,2.0,5017.15,654.36, Nashik 
101457,03/27/2025,Customer_0232,Shoes,Clothing,6.0,15055.93,2523.89,Aurangabad
101458,07-09-2025,Customer_1279,Desk,Furniture,-1.0,46374.68,4647.17,Kolhapur
101459,27-09-2025,Customer_0469,Laptop,Electronics,5.0,247461.54,28684.72,Nashik
101460,01-12-2025,Customer_0154,Office Chair,Furniture,6.0,-48264.39,8739.37,Nagpur
101461,27-04-2025,Customer_1093,Vacuum Cleaner,Home,7.0,47778.26,4655.73,pune
101462,07-01-2025,Customer_1297,Vacuum Cleaner,Home,1.0,6671.77,1009.51,Nagpur
101463,05/17/2025,,Lamp,Home,2.0,2388.67,353.52,Pune
101464,06/25/2025,Customer_2060,Bookshelf,Furniture,8.0,47881.79,7204.92,Aurangabad
101465,24-11-2025,Customer_1489,Jeans,Clothing,5.0,8517.21,660.43,Nagpur
101466,11-11-2025,Customer_2195,Table,Furniture,2.0,19347.98,1581.54,Mumbai
101467,03-08-2025,Customer_1218,Jacket,Clothing,1.0,2435.97,526.59,Kolhapur
101468,23-03-2025,Customer_2369,Cookware,Home,2.0,5003.23,348.57,Pune
101469,11-08-2025,Customer_2321,Jacket,Clothing,2.0,5504.67,494.31,Kolhapur
101470,13-04-2025,Customer_1423,Bedsheet,Home,4.0,7168.34,1382.26,pune
101471,30-09-2025,Customer_1774,Backpack,Clothing,5.0,7946.28,1283.17,Aurangabad
101472,14-01-2025,Customer_1648,Jeans,Clothing,7.0,10709.12,1676.32,Nashik
101473,06/08/2025,Customer_0077,Vacuum Cleaner,Home,3.0,18400.21,3782.56,Aurangabad
101474,2025/06/01,Customer_0873,Cabinet,Furniture,8.0,71111.69,10618.19,Aurangabad
101475,18-04-2025,Customer_2319,Lamp,Home,7.0,7958.49,851.1,AURANGABAD
101476,07/07/2025,Customer_1493,Monitor,Electronics,4.0,48161.42,9176.26,Nagpur
101477,28-10-2025,Customer_1230,Desk,Furniture,3.0,35464.14,3972.74,Nagpur
101478,08-04-2025,Customer_0834,Lamp,Home,2.0,2379.2,454.42,Nagpur
101479,11-05-2025,Customer_1051,Jacket,Clothing,3.0,7454.03,1470.12,Aurangabad
101480,20-10-2025,Customer_0466,Table,Furniture,4.0,40293.1,8520.91,Mumbai
101481,20-06-2025,Customer_1272,Office Chair,Furniture,4.0,29077.39,2754.86,nagpur
101482,02-07-2025,Customer_1729,Vacuum Cleaner,Home,7.0,43775.2,4958.24,Aurangabad
101483,30-12-2025,Customer_1118,Smartphone,Electronics,3.0,67713.46,10642.03,Mumbai
101484,2025/02/08,Customer_2256,Headphones,Electronics,5.0,12412.34,2464.0,Mumbai
101485,15-01-2025,Customer_0227,Tablet,Electronics,1.0,15473.39,2522.45,Pune
101486,04-01-2025,Customer_0261,Backpack,Clothing,5.0,7552.19,1370.86,Nagpur
101487,15-12-2025,Customer_0576,T-Shirt,Clothing,7.0,5467.53,965.81,Mumbai
101488,29-07-2025,Customer_2138,Monitor,Electronics,2.0,31593.6,3577.19,
101489,10-06-2025,Customer_0976,Shoes,Clothing,2.0,5004.81,311.56,kolhapur
101490,16-01-2025,Customer_2394,Headphones,Electronics,6.0,12781.31,1257.94,Aurangabad
101491,18-04-2025,Customer_0893,Cookware,Home,7.0,13555.73,1377.72,Mumbai
101492,07-11-2025,Customer_1125,Smartphone,Electronics,4.0,90311.3,5830.79,Nagpur
101493,15-08-2025,Customer_2009,Lamp,Home,1.0,1347.35,82.61,Kolhapur
101494,19-06-2025,Customer_2236,T-Shirt,Clothing,6.0,4497.46,379.33,Nagpur
101495,03-02-2025,Customer_0594,Cookware,Home,5.0,12360.36,2507.27, Nashik 
101496,08-09-2025,Customer_0087,Lamp,Home,5.0,6277.02,1051.76,Aurangabad
101497,04-09-2025,Customer_1037,Laptop,Electronics,4.0,187352.38,40764.03,kolhapur
101498,09/26/2025,Customer_0500,Lamp,Home,6.0,8016.12,1629.01,kolhapur
101499,21-05-2025,Customer_0033,Table,Furniture,7.0,66009.72,7602.07,Nagpur
101500,01-10-2025,Customer_0965,Jacket,Clothing,2.0,6261.33,667.73,nashik
101501,06-04-2025,Customer_1300,Desk,Furniture,8.0,-97806.09,7429.05,aurangabad
101502,15-08-2025,Customer_0329,Mixer,Home,5.0,19715.27,1626.97,nagpur
101503,08-02-2025,Customer_1731,Bedsheet,Home,6.0,9908.67,1479.38,Pune
101504,29-10-2025,Customer_1442,Bookshelf,Furniture,2.0,12950.73,2060.41,nagpur
101505,29-01-2025,Customer_0214,Shoes,Clothing,1.0,2299.1,138.29,aurangabad
101506,14-11-2025,Customer_0013,Table,Furniture,3.0,29082.92,6329.41,Nagpur
101507,2025/09/02,Customer_2359,Bookshelf,Furniture,6.0,39347.06,5258.07,Pune
101508,08/24/2025,Customer_2116,Smartphone,Electronics,4.0,112113.02,14078.66,Aurangabad
101509,04-07-2025,Customer_1309,Cabinet,Furniture,7.0,56418.89,7692.19,Nagpur
101510,29-09-2025,Customer_0711,Cookware,Home,5.0,10827.16,1992.53,Aurangabad
101511,24-08-2025,Customer_0346,Jacket,Clothing,4.0,11289.94,1249.51, Nagpur 
101512,27-08-2025,Customer_1546,Jeans,Clothing,7.0,10387.41,685.98,Kolhapur
101513,2025/09/23,Customer_2288,Office Chair,Furniture,1.0,7687.19,744.07,Aurangabad
101514,25-12-2025,Customer_0813,Office Chair,Furniture,8.0,53666.41,8834.18,nashik
101515,2025/12/06,Customer_1757,Office Chair,Furniture,7.0,55354.05,9982.81,KOLHAPUR
101516,06-03-2025,Customer_1508,Jeans,Clothing,2.0,3203.43,650.45,Mumbai
101517,2025/06/26,Customer_1859,Laptop,Electronics,7.0,435397.59,82368.23, Aurangabad 
101518,03-01-2025,Customer_0833,Mixer,Home,4.0,14569.49,1582.18,Mumbai
101519,22-05-2025,Customer_1565,Jacket,Clothing,8.0,25645.39,2663.58,MUMBAI
101520,07-06-2025,Customer_1160,Cookware,Home,4.0,8015.01,1047.92,Aurangabad
101521,20-11-2025,Customer_1674,Table,Furniture,3.0,23410.41,5069.74,Mumbai
101522,26-05-2025,Customer_0965,Headphones,Electronics,5.0,12831.63,1913.35,KOLHAPUR
101523,20-10-2025,Customer_2388,Cookware,Home,6.0,13816.95,1927.79,Aurangabad
101524,02-06-2025,Customer_1921,Mixer,Home,1.0,3008.67,475.28,Mumbai
101525,07/12/2025,Customer_1571,Shoes,Clothing,4.0,10648.52,1348.95,Aurangabad
101526,14-03-2025,Customer_0300,Vacuum Cleaner,Home,5.0,35008.63,3372.04,Pune
101527,01-11-2025,Customer_0962,Laptop,Electronics,6.0,302406.38,25954.55,Nagpur
101528,10-12-2025,Customer_0022,Backpack,Clothing,1.0,1346.24,263.22,Nashik
101529,20-05-2025,Customer_1520,Lamp,Home,7.0,9226.34,1118.71,Mumbai
101530,06-07-2025,Customer_1067,Monitor,Electronics,3.0,43122.9,7560.76,Mumbai
101531,20-10-2025,Customer_0541,Lamp,Home,8.0,8854.68,769.49,Pune
101532,2025/03/02,Customer_0581,Backpack,Clothing,7.0,11187.96,1776.75,Nashik
101533,17-07-2025,Customer_0524,Headphones,Electronics,1.0,2861.06,326.28,
101534,22-10-2025,Customer_1159,Jacket,Clothing,7.0,20793.83,1988.23,Nashik
101535,15-11-2025,Customer_1785,Backpack,Clothing,6.0,7798.22,1106.6,Mumbai
101536,2025/10/29,Customer_2277,Shoes,Clothing,3.0,7094.14,615.91,Aurangabad
101537,10-12-2025,Customer_0609,Mixer,Home,4.0,13004.1,854.63,Pune
101538,11-01-2025,Customer_1927,Desk,Furniture,1.0,12735.93,1766.97, Nashik 
101539,03-03-2025,Customer_0476,Table,Furniture,7.0,55331.19,4839.88, Nagpur 
101540,2025/11/29,Customer_2298,Tablet,Electronics,6.0,95122.12,15030.71,Nagpur
101541,14-08-2025,Customer_0607,Bedsheet,Home,2.0,3161.75,571.28,Pune
101542,02-06-2025,Customer_1164,T-Shirt,Clothing,4.0,2397.23,239.48,Mumbai
101543,18-07-2025,Customer_2308,Cabinet,Furniture,5.0,44688.0,7818.84,Aurangabad
101544,21-02-2025,Customer_2155,Cabinet,Furniture,1.0,6975.12,1334.9,Kolhapur
101545,17-09-2025,Customer_1009,Table,Furniture,2.0,17962.39,3511.38,Nagpur
101546,28-02-2025,Customer_1165,Headphones,Electronics,1.0,2575.55,435.51,Aurangabad
101547,13-03-2025,Customer_2419,Tablet,Electronics,6.0,123989.45,12048.51,Pune
101548,28-05-2025,Customer_0333,Jeans,Clothing,1.0,1659.49,221.79,Nagpur
101549,15-12-2025,Customer_2434,Bedsheet,Home,5.0,7756.52,483.35,Aurangabad
101550,03/04/2025,Customer_1856,Headphones,Electronics,1.0,2214.42,362.84,Nashik
101551,06-11-2025,,Desk,Furniture,1.0,12241.79,1818.5,Nashik
101552,2025/08/31,Customer_0380,Laptop,Electronics,7.0,330929.46,44704.76,Nagpur
101553,26-11-2025,Customer_1634,Jeans,Clothing,4.0,7215.28,891.91,Pune
101554,17-04-2025,Customer_1592,Smartphone,Electronics,3.0,77810.76,14377.17,Nagpur
101555,14-08-2025,Customer_1223,Jeans,Clothing,2.0,3472.57,496.87,NAGPUR
101556,2025/11/09,Customer_1471,Lamp,Home,3.0,3986.59,488.84, Aurangabad 
101557,06-08-2025,Customer_2006,Headphones,Electronics,4.0,11166.08,1099.15, Nagpur 
101558,29-08-2025,Customer_2307,Bedsheet,Home,5.0,8406.58,575.85,Kolhapur
101559,2025/09/16,Customer_1509,Mixer,Home,7.0,26672.53,3380.18,kolhapur
101560,19-09-2025,Customer_0381,Table,Furniture,7.0,57880.3,5619.39,Pune
101561,05-01-2025,Customer_0636,Shoes,Clothing,4.0,11204.2,2167.19,Nagpur
101562,18-09-2025,Customer_1792,Headphones,Electronics,8.0,20321.19,3222.49,Pune
101563,23-02-2025,Customer_0524,Lamp,Home,3.0,3572.27,438.2, Aurangabad 
101564,16-02-2025,Customer_1211,Jeans,Clothing,7.0,12596.0,1008.92,KOLHAPUR
101565,2025/08/03,Customer_0185,Monitor,Electronics,2.0,27314.95,3144.77,Kolhapur
101566,26-06-2025,Customer_1692,Monitor,Electronics,7.0,97945.63,13048.42,Pune
101567,2025/01/09,Customer_1456,Vacuum Cleaner,Home,5.0,32684.17,2692.75, Nashik 
101568,09-04-2025,Customer_0467,Monitor,Electronics,1.0,14055.19,1388.47,Aurangabad
101569,01/20/2025,Customer_1610,Cookware,Home,3.0,5974.98,420.48,PUNE
101570,29-08-2025,Customer_1286,Tablet,Electronics,5.0,97091.62,12465.66,Kolhapur
101571,02-03-2025,Customer_1399,Bedsheet,Home,5.0,9341.94,1648.06,Mumbai
101572,06/27/2025,Customer_2475,Desk,Furniture,2.0,25291.08,3421.38,Nashik
101573,04-12-2025,Customer_0024,Tablet,Electronics,1.0,17394.65,2090.03,Nagpur
101574,03-03-2025,Customer_1955,Laptop,Electronics,3.0,171932.42,23927.34,Nagpur
101575,25-05-2025,Customer_1241,Vacuum Cleaner,Home,8.0,57446.46,11486.55,Kolhapur
101576,04-08-2025,Customer_0359,Shoes,Clothing,5.0,11264.6,921.41,Mumbai
101577,03-01-2025,Customer_0459,Office Chair,Furniture,4.0,31173.61,3372.86,PUNE
101578,09-06-2025,Customer_1971,Office Chair,Furniture,4.0,25667.14,5189.45,Aurangabad
101579,15-08-2025,Customer_2207,Desk,Furniture,7.0,77117.9,16093.34,Mumbai
101580,26-09-2025,Customer_0607,Headphones,Electronics,8.0,21304.61,3877.96,Nagpur
101581,30-04-2025,Customer_0681,Mixer,Home,2.0,6373.07,621.19, Mumbai 
101582,30-03-2025,Customer_0081,Bedsheet,Home,8.0,14491.88,1268.56,Nagpur
101583,11/25/2025,Customer_2333,Desk,Furniture,5.0,56497.77,6295.77,nagpur
101584,09-03-2025,Customer_0421,Headphones,Electronics,1.0,2244.72,208.38,Aurangabad
101585,23-12-2025,Customer_2371,Bedsheet,Home,8.0,15646.54,1357.36,Kolhapur
101586,08-04-2025,Customer_1638,T-Shirt,Clothing,8.0,4807.81,772.6, Nagpur 
101587,24-09-2025,Customer_2164,Cookware,Home,1.0,2514.15,284.08,Pune
101588,15-04-2025,Customer_2267,Vacuum Cleaner,Home,6.0,34538.27,5224.33,Pune
101589,19-11-2025,Customer_0479,Shoes,Clothing,8.0,22438.13,4161.15,Nagpur
101590,03-05-2025,Customer_0086,Shoes,Clothing,7.0,18143.21,2003.17,Mumbai
101591,01/29/2025,Customer_1409,Jeans,Clothing,8.0,12960.82,966.87,Nagpur
101592,17-05-2025,Customer_2408,Cabinet,Furniture,4.0,33717.88,5934.86,aurangabad
101593,14-07-2025,Customer_0538,Backpack,Clothing,8.0,12762.51,1297.48,Nashik
101594,14-08-2025,Customer_1935,Bedsheet,Home,6.0,9239.8,1361.0,MUMBAI
101595,28-11-2025,Customer_1978,Bookshelf,Furniture,2.0,12744.45,2376.4, Mumbai 
101596,19-06-2025,Customer_2482,Desk,Furniture,3.0,32692.38,3330.71,Nagpur
101597,09-01-2025,Customer_1244,Tablet,Electronics,8.0,144543.93,16318.45,mumbai
101598,09-02-2025,Customer_0075,Cabinet,Furniture,1.0,8865.23,1203.91,Nashik
101599,25-01-2025,Customer_0716,Jacket,Clothing,3.0,9154.94,1399.78,Kolhapur
101600,18-09-2025,Customer_1764,Laptop,Electronics,6.0,357035.92,40426.35,pune
101601,14-08-2025,Customer_1993,Office Chair,Furniture,4.0,32982.75,3427.95,Nashik
101602,05/04/2025,Customer_2282,Jacket,Clothing,1.0,2838.72,267.52,NASHIK
101603,07-02-2025,Customer_0207,Cabinet,Furniture,2.0,15882.53,1761.5,Nagpur
101604,24-11-2025,Customer_2498,Mixer,Home,2.0,6510.08,1397.83,Pune
101605,08-09-2025,Customer_0685,Monitor,Electronics,2.0,25144.62,4676.2,Aurangabad
101606,2025/06/25,Customer_0644,Smartphone,Electronics,6.0,171787.42,10854.26,Aurangabad
101607,31-03-2025,Customer_0407,Shoes,Clothing,8.0,21194.16,2129.29,Mumbai
101608,06-02-2025,Customer_0504,Jacket,Clothing,3.0,7242.03,901.36,Mumbai
101609,12-11-2025,Customer_1005,Bedsheet,Home,1.0,2035.02,125.93, Nagpur 
101610,25-06-2025,Customer_0350,Jacket,Clothing,3.0,8621.47,1208.93,nashik
101611,11-10-2025,Customer_1006,Shoes,Clothing,6.0,16680.23,1225.0,Mumbai
101612,22-03-2025,Customer_1757,Cookware,Home,3.0,6959.42,1174.87,Nagpur
101613,04/24/2025,Customer_0122,Bedsheet,Home,6.0,11347.82,2391.82,Nagpur
101614,09-02-2025,Customer_0348,Office Chair,Furniture,2.0,16453.89,1097.73,Nashik
101615,28-10-2025,Customer_1778,Shoes,Clothing,3.0,7434.94,919.5, Pune 
101616,12-08-2025,Customer_2354,Mixer,Home,3.0,9901.96,1309.18,pune
101617,14-11-2025,Customer_2268,Shoes,Clothing,7.0,16892.02,2182.0,Nashik
101618,15-12-2025,Customer_1146,Jacket,Clothing,1.0,3202.58,237.57, Kolhapur 
101619,2025/04/25,Customer_0841,Table,Furniture,8.0,81120.19,11100.31,Kolhapur
101620,2025/07/05,Customer_0809,Lamp,Home,7.0,8711.83,1679.9,Nashik
101621,19-11-2025,Customer_1598,Laptop,Electronics,6.0,316185.84,40746.08,Aurangabad
101622,25-02-2025,Customer_0876,Cabinet,Furniture,5.0,38914.22,4668.03,Pune
101623,09-02-2025,Customer_0656,Backpack,Clothing,6.0,9472.33,1824.64,Pune
101624,20-12-2025,Customer_0989,Monitor,Electronics,5.0,61789.0,4776.27,Nashik
101625,09-02-2025,Customer_0246,Vacuum Cleaner,Home,2.0,12718.69,963.89,Nashik
101626,13-12-2025,Customer_0508,Backpack,Clothing,6.0,8700.11,722.03,Pune
101627,25-08-2025,,Tablet,Electronics,5.0,90604.08,5540.91,Aurangabad
101628,16-10-2025,Customer_0968,Tablet,Electronics,6.0,102057.72,17181.47,Aurangabad
101629,2025/09/19,Customer_1166,Bookshelf,Furniture,5.0,29856.35,6464.59,Aurangabad
101630,2025/08/04,Customer_0432,Table,Furniture,4.0,40040.32,4702.79,Nashik
101631,05/27/2025,Customer_0402,Bookshelf,Furniture,8.0,41455.01,8096.17,Mumbai
101632,02-12-2025,Customer_0378,Bedsheet,Home,2.0,4044.13,773.64,Pune
101633,06/17/2025,Customer_0880,Cookware,Home,8.0,15635.58,3434.61,Nagpur
101634,2025/04/02,Customer_2410,Headphones,Electronics,,16232.57,2854.87,Kolhapur
101635,19-12-2025,Customer_1735,Lamp,Home,8.0,10775.14,1052.84,Nagpur
101636,28-02-2025,Customer_0592,Bedsheet,Home,3.0,6061.38,663.82,KOLHAPUR
101637,28-02-2025,Customer_0530,Table,Furniture,,82290.53,8640.64,AURANGABAD
101638,31-10-2025,Customer_1939,Smartphone,Electronics,8.0,227206.15,15578.88,PUNE
101639,2025/06/18,Customer_0487,Cabinet,Furniture,6.0,51013.52,7403.99,Kolhapur
101640,26-09-2025,Customer_1514,Mixer,Home,2.0,6953.54,665.86,Kolhapur
101641,29-12-2025,Customer_0483,T-Shirt,Clothing,3.0,2229.53,201.84,Nashik
101642,14-02-2025,Customer_1205,Jacket,Clothing,5.0,14221.94,1429.58,Nagpur
101643,11-12-2025,Customer_2416,Smartphone,Electronics,3.0,85251.48,5505.63,Nagpur
101644,30-06-2025,Customer_0884,Headphones,Electronics,5.0,11373.98,1123.4,MUMBAI
101645,19-06-2025,Customer_2243,Mixer,Home,2.0,6819.54,663.11,Nashik
101646,12/22/2025,Customer_1971,Laptop,Electronics,7.0,384000.82,76644.45,Kolhapur
101647,10-07-2025,Customer_1384,Backpack,Clothing,8.0,11912.53,1820.16,Nagpur
101648,04-06-2025,Customer_0568,Vacuum Cleaner,Home,3.0,17095.67,2924.02,KOLHAPUR
101649,07-07-2025,Customer_0611,Bedsheet,Home,8.0,12958.91,2408.01,Aurangabad
101650,07-01-2025,Customer_1587,T-Shirt,Clothing,7.0,4532.58,574.4,Mumbai
101651,13-05-2025,Customer_1815,Lamp,Home,1.0,1146.17,226.27,AURANGABAD
101652,2025/08/23,Customer_0102,T-Shirt,Clothing,3.0,1864.72,280.65,KOLHAPUR
101653,14-02-2025,Customer_2292,Backpack,Clothing,2.0,2499.33,431.8,Pune
101654,10-11-2025,Customer_2336,Cabinet,Furniture,1.0,8972.19,1162.23,Kolhapur
101655,06-09-2025,Customer_0493,Table,Furniture,-2.0,8967.85,1868.79,Aurangabad
101656,31-01-2025,Customer_0843,Office Chair,Furniture,5.0,37736.15,5208.18,Mumbai
101657,23-01-2025,Customer_1646,Mixer,Home,6.0,21493.47,3659.84,kolhapur
101658,09-06-2025,Customer_1393,Tablet,Electronics,1.0,15877.17,3038.54,Nagpur
101659,12/29/2025,Customer_2163,Table,Furniture,1.0,8825.86,631.72,Nashik
101660,07-06-2025,Customer_0470,Lamp,Home,2.0,2606.05,313.54,Pune
101661,08-02-2025,Customer_0749,Bookshelf,Furniture,3.0,15841.98,2556.97,Nashik
101662,23-03-2025,Customer_1669,Smartphone,Electronics,5.0,139254.93,28135.14,Aurangabad
101663,22-12-2025,Customer_0744,Office Chair,Furniture,-1.0,51178.46,10175.96, Pune 
101664,15-09-2025,Customer_0405,Headphones,Electronics,7.0,14886.24,1798.83,Nashik
101665,25-07-2025,Customer_1057,Table,Furniture,6.0,59160.39,7016.45,Nagpur
101666,18-03-2025,Customer_0982,Laptop,Electronics,4.0,226702.2,35594.67,Kolhapur
101667,12-01-2025,Customer_0472,Table,Furniture,7.0,60448.98,12374.86,Nashik
101668,22-10-2025,Customer_2266,Headphones,Electronics,8.0,20019.37,2689.91,NAGPUR
101669,12-08-2025,Customer_1670,Tablet,Electronics,1.0,20686.57,2874.61, Aurangabad 
101670,13-01-2025,Customer_2270,Office Chair,Furniture,5.0,33881.98,4814.33,Kolhapur
101671,15-02-2025,Customer_1248,Smartphone,Electronics,3.0,82065.38,15124.46,Kolhapur
101672,04-06-2025,,Bedsheet,Home,2.0,3911.67,677.83,Mumbai
101673,23-04-2025,Customer_1005,Bookshelf,Furniture,3.0,16672.78,3300.1,Kolhapur
101674,2025/08/21,Customer_0172,Vacuum Cleaner,Home,8.0,58137.72,5294.28,Pune
101675,17-01-2025,Customer_0686,Vacuum Cleaner,Home,5.0,28896.94,6244.54,PUNE
101676,26-12-2025,Customer_2449,Tablet,Electronics,5.0,99944.75,20280.57,Nashik
101677,11-08-2025,Customer_2397,Lamp,Home,4.0,5356.38,785.62, Kolhapur 
101678,20-12-2025,Customer_2188,T-Shirt,Clothing,3.0,2192.23,322.82,Kolhapur
101679,07-07-2025,Customer_1620,Headphones,Electronics,2.0,4326.81,775.71,Aurangabad
101680,10-12-2025,Customer_1770,Smartphone,Electronics,5.0,125199.95,20486.9,Mumbai
101681,2025/12/31,Customer_1855,Jacket,Clothing,5.0,14011.09,1943.2,Nashik
101682,12-06-2025,Customer_0863,Bookshelf,Furniture,6.0,32455.32,3394.64,Nagpur
101683,22-11-2025,Customer_0009,T-Shirt,Clothing,3.0,1885.08,172.12, Kolhapur 
101684,15-03-2025,Customer_0711,Mixer,Home,1.0,3996.63,337.71,
101685,21-08-2025,Customer_0318,Bedsheet,Home,,3350.81,517.68,Kolhapur
101686,12-08-2025,Customer_1446,Tablet,Electronics,,37189.93,3147.6,Nagpur
101687,2025/11/15,Customer_0035,Shoes,Clothing,3.0,8160.86,1514.92,Pune
101688,01-03-2025,Customer_1821,Lamp,Home,4.0,4421.74,469.53,Pune
101689,01-12-2025,Customer_1466,Office Chair,Furniture,5.0,42427.36,8150.61,Mumbai
101690,10-08-2025,Customer_0906,Monitor,Electronics,5.0,74153.74,5424.89,Mumbai
101691,06-02-2025,Customer_1150,Lamp,Home,1.0,1170.58,174.99,Nagpur
101692,2025/10/05,Customer_1623,Office Chair,Furniture,4.0,27186.7,3580.93,Pune
101693,15-07-2025,Customer_0699,Backpack,Clothing,8.0,11539.45,1296.81,kolhapur
101694,18-12-2025,Customer_0268,Cabinet,Furniture,3.0,26022.8,5060.7,Kolhapur
101695,30-08-2025,Customer_1064,Office Chair,Furniture,3.0,21309.36,4137.96,Kolhapur
101696,20-11-2025,Customer_0786,Cabinet,Furniture,5.0,35242.92,6838.42,Aurangabad
101697,2025/08/07,Customer_2295,Monitor,Electronics,5.0,62707.76,4594.49,Nagpur
101698,07/11/2025,Customer_1324,Tablet,Electronics,1.0,18765.59,2542.92,nagpur
101699,01/17/2025,Customer_2123,Lamp,Home,2.0,2693.68,318.15,Nagpur
101700,12-01-2025,Customer_0920,Lamp,Home,1.0,1123.37,157.4,Pune
101701,12-07-2025,Customer_1296,Shoes,Clothing,8.0,19735.68,2271.74, Pune 
101702,22-01-2025,Customer_0336,Cookware,Home,6.0,13967.22,2535.47,kolhapur
101703,30-04-2025,Customer_0305,Smartphone,Electronics,7.0,193531.66,41736.47,Mumbai
101704,29-07-2025,Customer_1274,Desk,Furniture,6.0,66959.77,11689.5,Pune
101705,02-11-2025,Customer_1770,Laptop,Electronics,8.0,426042.09,71716.99,Pune
101706,27-09-2025,Customer_0442,Jacket,Clothing,4.0,11119.3,2435.17,Nagpur
101707,11-07-2025,Customer_1367,Bookshelf,Furniture,1.0,6412.02,1361.9,Kolhapur
101708,24-06-2025,Customer_0392,Office Chair,Furniture,8.0,66029.45,13500.66,aurangabad
101709,12-10-2025,Customer_0351,Vacuum Cleaner,Home,2.0,14226.23,1898.71,pune
101710,2025/07/23,Customer_0267,Tablet,Electronics,6.0,99957.95,11920.11, Mumbai 
101711,2025/06/13,Customer_1235,Tablet,Electronics,1.0,15409.28,2216.45,Kolhapur
101712,08-09-2025,Customer_0229,Mixer,Home,2.0,7010.62,1009.81,Kolhapur
101713,2025/08/15,Customer_1646,Headphones,Electronics,7.0,19988.66,4114.32,Pune
101714,07-01-2025,Customer_1858,Cookware,Home,1.0,1976.73,235.27,Nagpur
101715,2025/01/29,Customer_1392,Bedsheet,Home,2.0,3517.87,414.0,Aurangabad
101716,2025/02/02,Customer_2408,Tablet,Electronics,6.0,117671.27,16926.54,Mumbai
101717,14-05-2025,Customer_2438,Laptop,Electronics,1.0,56189.65,11040.26,Aurangabad
101718,03/20/2025,Customer_2348,Monitor,Electronics,4.0,61139.59,4961.71,Mumbai
101719,27-02-2025,Customer_1972,Jacket,Clothing,7.0,20857.82,2704.63,Aurangabad
101720,2025/01/26,Customer_0564,Cookware,Home,4.0,8257.87,561.56,PUNE
101721,2025/08/14,Customer_2395,Smartphone,Electronics,5.0,124521.86,14552.85,Nagpur
101722,12-10-2025,Customer_0604,Jacket,Clothing,3.0,7773.81,1330.47,NAGPUR
101723,04-01-2025,Customer_1193,Backpack,Clothing,6.0,9079.1,900.34,Nashik
101724,09-04-2025,Customer_0235,Monitor,Electronics,3.0,36323.04,7112.07,Mumbai
101725,08-02-2025,Customer_0801,Tablet,Electronics,6.0,92122.7,19340.05,mumbai
101726,28-09-2025,Customer_0776,Office Chair,Furniture,6.0,46722.87,5209.39,Aurangabad
101727,12-10-2025,Customer_2370,Bedsheet,Home,6.0,9978.59,613.09,Kolhapur
101728,2025/06/06,Customer_1715,Backpack,Clothing,5.0,6444.49,528.68,Nashik
101729,2025/03/16,Customer_0173,Office Chair,Furniture,8.0,62018.99,5373.78,Nagpur
101730,15-10-2025,Customer_0944,Office Chair,Furniture,4.0,30257.67,4672.35,Nagpur
101731,10-05-2025,Customer_1358,Desk,Furniture,8.0,90183.6,5916.98,Aurangabad
101732,24-06-2025,Customer_0755,Cookware,Home,7.0,13262.11,851.63,Pune
101733,25-03-2025,Customer_1466,T-Shirt,Clothing,2.0,1500.43,166.37,Pune
101734,22-01-2025,Customer_1804,Smartphone,Electronics,5.0,136111.26,17568.87,Mumbai
101735,27-01-2025,Customer_0816,T-Shirt,Clothing,1.0,690.13,98.04, Mumbai 
101736,07/14/2025,Customer_1074,Jeans,Clothing,4.0,6809.02,706.51,Aurangabad
101737,03-12-2025,Customer_0732,Bookshelf,Furniture,4.0,21275.43,3169.38,Mumbai
101738,24-08-2025,Customer_0415,Smartphone,Electronics,5.0,118511.66,15501.16,Pune
101739,02-04-2025,Customer_1387,Table,Furniture,2.0,18793.51,2613.43,Mumbai
101740,21-01-2025,Customer_1515,Shoes,Clothing,4.0,10360.84,1523.79,Nashik
101741,30-10-2025,Customer_0268,Cabinet,Furniture,7.0,60028.58,10381.93, Pune 
101742,23-12-2025,Customer_0786,Desk,Furniture,4.0,48492.33,8176.99,Kolhapur
101743,25-03-2025,Customer_2456,Lamp,Home,6.0,8006.89,1034.2,Nagpur
101744,19-09-2025,,Office Chair,Furniture,4.0,29214.87,5325.27,Nashik
101745,27-05-2025,Customer_0219,Bookshelf,Furniture,4.0,24594.39,1755.08, Aurangabad 
101746,14-09-2025,Customer_0858,Jeans,Clothing,8.0,14305.71,928.8,Aurangabad
101747,27-02-2025,Customer_0686,Tablet,Electronics,2.0,38682.68,7017.31,Kolhapur
101748,15-01-2025,Customer_2043,Vacuum Cleaner,Home,6.0,44301.4,3041.8, Kolhapur 
101749,11-06-2025,Customer_1532,Cookware,Home,6.0,13583.55,1744.87,Kolhapur
101750,12-06-2025,Customer_1100,Bedsheet,Home,8.0,13668.33,1017.62,Kolhapur
101751,16-11-2025,Customer_0849,Vacuum Cleaner,Home,1.0,6622.18,904.9,Mumbai
101752,08-10-2025,Customer_1622,Table,Furniture,4.0,31729.19,5013.16,Mumbai
101753,2025/10/07,Customer_2341,Shoes,Clothing,7.0,18749.25,3426.7,Mumbai
101754,12-01-2025,Customer_0551,Jacket,Clothing,2.0,6281.03,788.37,Pune
101755,01-10-2025,Customer_0943,Shoes,Clothing,6.0,17038.83,3381.67,Kolhapur
101756,2025/09/28,Customer_1746,Tablet,Electronics,6.0,101406.65,8668.78,Nagpur
101757,27-07-2025,Customer_1506,Bedsheet,Home,7.0,12355.77,1535.87,Nagpur
101758,27-01-2025,Customer_0102,Jacket,Clothing,7.0,20045.23,3073.77,Mumbai
101759,13-03-2025,Customer_0311,Cookware,Home,5.0,11824.96,1674.21,Nashik
101760,01-03-2025,Customer_1133,Headphones,Electronics,2.0,4407.23,869.66,Mumbai
101761,25-05-2025,Customer_1476,Laptop,Electronics,2.0,103722.23,22342.56,Pune
101762,03-04-2025,Customer_1349,Bookshelf,Furniture,4.0,21248.59,4532.75,Nashik
101763,05-11-2025,Customer_2475,Jacket,Clothing,4.0,9825.8,952.77,Mumbai
101764,08-01-2025,Customer_1155,T-Shirt,Clothing,5.0,3023.91,522.59,nashik
101765,20-03-2025,Customer_1934,Bedsheet,Home,1.0,1989.16,257.5,Aurangabad
101766,27-01-2025,Customer_0930,Table,Furniture,4.0,40628.04,6274.91,Aurangabad
101767,23-06-2025,Customer_2113,Table,Furniture,4.0,37404.08,7303.78,Kolhapur
101768,19-02-2025,Customer_0352,Bedsheet,Home,6.0,10141.63,1183.35,Nashik
101769,18-07-2025,Customer_0859,Table,Furniture,-1.0,70672.49,14428.08,Nagpur
101770,15-12-2025,Customer_1535,Vacuum Cleaner,Home,1.0,7429.14,1517.73,MUMBAI
101771,30-06-2025,Customer_2048,Bookshelf,Furniture,1.0,5329.27,1022.13,Aurangabad
101772,24-01-2025,Customer_1717,Jacket,Clothing,4.0,10897.06,2381.31,NAGPUR
101773,12-11-2025,Customer_1336,Vacuum Cleaner,Home,5.0,32229.74,4789.78,Kolhapur
101774,15-02-2025,Customer_0570,Monitor,Electronics,1.0,14125.05,1574.63,Mumbai
101775,15-01-2025,Customer_1562,Backpack,Clothing,7.0,8550.56,1738.37,mumbai
101776,02-06-2025,Customer_0772,Mixer,Home,7.0,26724.67,2200.09,NAGPUR
101777,10-08-2025,Customer_1248,Headphones,Electronics,8.0,21660.61,3468.63,Pune
101778,25-07-2025,Customer_0132,Office Chair,Furniture,3.0,21886.72,2202.75,Aurangabad
101779,2025/09/30,Customer_0816,Mixer,Home,3.0,11633.15,2001.25,Pune
101780,24-08-2025,Customer_0955,Lamp,Home,4.0,4868.75,766.98,NASHIK
101781,06-12-2025,Customer_1510,Tablet,Electronics,1.0,15791.76,2144.95,Kolhapur
101782,16-08-2025,Customer_1683,Smartphone,Electronics,6.0,136216.51,12714.64,Nagpur
101783,09-01-2025,Customer_2198,Office Chair,Furniture,3.0,23588.8,4854.6,NAGPUR
101784,15-06-2025,Customer_0846,Mixer,Home,7.0,23792.61,2218.42,MUMBAI
101785,15-11-2025,Customer_1945,Bookshelf,Furniture,7.0,43874.21,8748.08,Mumbai
101786,02-08-2025,Customer_2059,Backpack,Clothing,4.0,6017.18,1197.42,Aurangabad
101787,2025/04/27,Customer_0031,Lamp,Home,4.0,4852.64,874.93,Mumbai
101788,10-12-2025,Customer_2478,Mixer,Home,7.0,21854.47,2529.09,Mumbai
101789,03/13/2025,Customer_1885,Backpack,Clothing,8.0,10828.89,1535.62, Nagpur 
101790,05-03-2025,Customer_1870,Laptop,Electronics,5.0,310398.8,62044.82,Nashik
101791,24-07-2025,Customer_1701,Shoes,Clothing,3.0,6677.68,585.27,Mumbai
101792,07/28/2025,Customer_1876,Cabinet,Furniture,7.0,53608.36,5710.31,Nagpur
101793,13-03-2025,Customer_1612,Cabinet,Furniture,2.0,16550.9,3383.74,AURANGABAD
101794,2025/10/04,Customer_1122,Smartphone,Electronics,3.0,85401.56,14055.09,aurangabad
101795,01-10-2025,Customer_2022,T-Shirt,Clothing,4.0,3084.05,444.2,Nagpur
101796,11/16/2025,Customer_0431,Headphones,Electronics,2.0,4562.49,656.77,Kolhapur
101797,04-12-2025,Customer_0676,Shoes,Clothing,8.0,20330.5,3634.95,nashik
101798,05-04-2025,Customer_1894,Cabinet,Furniture,1.0,7327.72,871.48,Pune
101799,2025/06/15,Customer_1408,Tablet,Electronics,7.0,120860.24,25804.91, Aurangabad 
101800,01-02-2025,Customer_0155,Cookware,Home,7.0,15141.03,2737.73,Pune
101801,11-01-2025,Customer_1340,T-Shirt,Clothing,3.0,2258.01,231.42,Aurangabad
101802,2025/10/28,Customer_0280,Bedsheet,Home,8.0,14710.48,2987.53,PUNE
101803,05-08-2025,Customer_1929,Table,Furniture,3.0,26799.1,5660.47,Nashik
101804,16-10-2025,Customer_2487,Desk,Furniture,1.0,10972.05,788.51,Pune
101805,12-04-2025,Customer_2190,Bookshelf,Furniture,2.0,13409.23,2623.23,AURANGABAD
101806,09/24/2025,Customer_0046,Cookware,Home,2.0,5050.22,851.99,Aurangabad
101807,2025/08/02,Customer_1467,Jeans,Clothing,8.0,14476.88,2784.08,Mumbai
101808,28-06-2025,Customer_1811,Office Chair,Furniture,4.0,33099.84,5000.15,Aurangabad
101809,03/29/2025,Customer_1600,Monitor,Electronics,2.0,-27011.86,5659.78,Aurangabad
101810,10-02-2025,Customer_2451,Shoes,Clothing,1.0,2449.09,358.08,pune
101811,17-03-2025,Customer_1023,Tablet,Electronics,4.0,70836.07,10651.69,Nashik
101812,15-02-2025,Customer_0066,Desk,Furniture,2.0,23787.64,1609.82,nagpur
101813,09-06-2025,Customer_0788,Laptop,Electronics,6.0,367822.77,48222.67,AURANGABAD
101814,21-03-2025,Customer_0688,Smartphone,Electronics,2.0,51334.15,4223.26,AURANGABAD
101815,06-11-2025,Customer_2100,Office Chair,Furniture,7.0,44678.36,4434.17,Pune
101816,27-03-2025,Customer_0849,Jacket,Clothing,4.0,11887.41,901.91,Kolhapur
101817,2025/04/02,Customer_0952,Bedsheet,Home,2.0,4041.6,381.54,Mumbai
101818,28-05-2025,Customer_0712,Headphones,Electronics,6.0,13670.67,1217.25,Pune
101819,10-06-2025,Customer_1595,Lamp,Home,1.0,1025.03,188.08,Mumbai
101820,21-07-2025,Customer_1141,Cookware,Home,2.0,4895.05,774.72,Aurangabad
101821,30-08-2025,Customer_0896,T-Shirt,Clothing,2.0,1269.04,134.07,Nagpur
101822,19-12-2025,Customer_0418,Backpack,Clothing,8.0,11119.11,2364.98,Aurangabad
101823,2025/01/02,Customer_2458,Bookshelf,Furniture,2.0,11090.46,1963.71,NASHIK
101824,13-08-2025,Customer_0719,Cookware,Home,6.0,12960.21,1395.24,Aurangabad
101825,10/16/2025,Customer_1373,Shoes,Clothing,2.0,4933.87,352.24,PUNE
101826,21-08-2025,Customer_2063,Bedsheet,Home,4.0,7845.16,776.11,Kolhapur
101827,18-03-2025,Customer_0509,Smartphone,Electronics,1.0,26690.59,1893.32,Nashik
101828,26-04-2025,Customer_0326,Table,Furniture,4.0,40915.06,3718.46,PUNE
101829,03-06-2025,Customer_1215,Bookshelf,Furniture,8.0,53511.49,10141.27,MUMBAI
101830,13-04-2025,Customer_0156,Table,Furniture,4.0,41052.89,5602.18,Mumbai
101831,2025/07/13,Customer_1140,Lamp,Home,3.0,3845.59,458.83,Nashik
101832,15-06-2025,Customer_1182,Monitor,Electronics,7.0,88720.43,11612.81, Pune 
101833,25-12-2025,Customer_0993,Bookshelf,Furniture,6.0,32390.09,7032.77, Mumbai 
101834,31-03-2025,Customer_2491,Smartphone,Electronics,4.0,87887.39,13558.73,Nagpur
101835,23-06-2025,Customer_0025,Jeans,Clothing,8.0,13285.62,1940.93,Pune
101836,05/02/2025,Customer_0214,Mixer,Home,4.0,14681.18,1153.78,Aurangabad
101837,23-05-2025,Customer_0376,Desk,Furniture,3.0,36594.2,3877.3,Mumbai
101838,16-04-2025,Customer_1746,Desk,Furniture,2.0,27169.27,4942.94, Aurangabad 
101839,01-11-2025,Customer_0810,Lamp,Home,3.0,4110.32,271.32,Mumbai
101840,26-12-2025,Customer_1242,Cookware,Home,4.0,8232.75,751.38,Nashik
101841,13-11-2025,Customer_1971,Cookware,Home,5.0,9386.81,927.16,Pune
101842,03-05-2025,Customer_0688,Shoes,Clothing,7.0,18438.57,1788.07,Nagpur
101843,09-01-2025,Customer_0639,Bedsheet,Home,7.0,12634.03,2552.72,Nagpur
101844,09/19/2025,Customer_0341,Tablet,Electronics,7.0,133324.05,16417.61, Nashik 
101845,2025/03/14,Customer_1054,Cabinet,Furniture,3.0,23081.78,3067.98,Nagpur
101846,12/25/2025,Customer_1161,Lamp,Home,8.0,8669.88,1399.67,Nagpur
101847,11-08-2025,Customer_0560,Mixer,Home,6.0,20144.16,3955.88,Aurangabad
101848,10-02-2025,Customer_0777,Cookware,Home,3.0,7107.97,1120.8,Pune
101849,23-07-2025,Customer_2013,Monitor,Electronics,6.0,80577.9,7541.21, Nagpur 
101850,21-09-2025,Customer_1574,Bedsheet,Home,6.0,11694.73,1611.83,nagpur
101851,24-11-2025,Customer_1675,Backpack,Clothing,2.0,2568.79,234.35,Pune
101852,27-06-2025,Customer_0796,Tablet,Electronics,3.0,48579.49,8955.43,Nagpur
101853,2025/12/14,Customer_1509,Jacket,Clothing,8.0,20578.79,2968.75,Aurangabad
101854,14-11-2025,Customer_1011,Tablet,Electronics,7.0,124168.45,18965.21, Mumbai 
101855,2025/03/25,Customer_0116,Mixer,Home,6.0,23376.08,4648.09,Aurangabad
101856,14-11-2025,Customer_0604,Bookshelf,Furniture,8.0,47295.5,2954.01,Nashik
101857,2025/04/21,Customer_0051,Cabinet,Furniture,3.0,23470.4,3684.64, Pune 
101858,08-09-2025,Customer_2401,Tablet,Electronics,7.0,128183.51,21049.5,Pune
101859,07-01-2025,Customer_1749,Table,Furniture,3.0,24198.01,3955.06,Nashik
101860,25-03-2025,Customer_2401,Backpack,Clothing,7.0,8867.0,1596.8,Nashik
101861,27-07-2025,Customer_2346,Mixer,Home,2.0,6662.08,1156.43,Nashik
101862,2025/11/10,Customer_1631,Bookshelf,Furniture,4.0,20744.63,2598.42,Aurangabad
101863,2025/01/22,Customer_2015,T-Shirt,Clothing,3.0,2229.17,214.67,Pune
101864,03-01-2025,Customer_2151,Laptop,Electronics,7.0,419105.65,67444.48,Nagpur
101865,07-05-2025,Customer_0723,Shoes,Clothing,3.0,7697.01,897.22,Nashik
101866,10/24/2025,Customer_1993,Desk,Furniture,4.0,47747.3,7428.33,Mumbai
101867,2025/07/07,Customer_0761,Tablet,Electronics,4.0,71405.18,12262.42,mumbai
101868,28-12-2025,Customer_1063,Smartphone,Electronics,4.0,98010.91,9052.65,nagpur
101869,01/14/2025,Customer_0681,Vacuum Cleaner,Home,2.0,11884.34,724.1,Pune
101870,12-01-2025,Customer_0511,T-Shirt,Clothing,7.0,4607.41,828.54, Nashik 
101871,28-03-2025,Customer_2399,Headphones,Electronics,1.0,2720.62,251.37,Mumbai
101872,12-01-2025,Customer_0039,Bedsheet,Home,2.0,4095.77,574.98,pune
101873,25-01-2025,Customer_0397,T-Shirt,Clothing,1.0,787.57,136.31, Mumbai 
101874,28-10-2025,Customer_1991,Tablet,Electronics,5.0,96005.7,7066.69,Nagpur
101875,31-08-2025,Customer_1379,Backpack,Clothing,7.0,8976.77,551.27,Nashik
101876,2025/05/02,Customer_1480,Jacket,Clothing,4.0,11926.19,1372.83,Aurangabad
101877,27-05-2025,Customer_1459,Bedsheet,Home,1.0,1954.79,223.3,Nashik
101878,24-02-2025,Customer_1646,Laptop,Electronics,8.0,482152.06,39011.75,Aurangabad
101879,2025/08/26,Customer_2174,Office Chair,Furniture,2.0,13530.18,1549.75,Nashik
101880,22-12-2025,Customer_1947,Bookshelf,Furniture,8.0,46682.22,5405.45,KOLHAPUR
101881,22-06-2025,Customer_1320,Cookware,Home,1.0,2374.01,179.27,Pune
101882,2025/08/09,Customer_1820,T-Shirt,Clothing,6.0,4012.53,778.26,Mumbai
101883,29-04-2025,Customer_1427,Bedsheet,Home,2.0,3132.14,660.18,Nagpur
101884,05-11-2025,Customer_1204,Mixer,Home,7.0,28074.43,2082.31,Kolhapur
101885,02-07-2025,Customer_0524,Desk,Furniture,1.0,11248.58,1345.15,Nagpur
101886,15-10-2025,Customer_0689,Headphones,Electronics,8.0,21658.35,3364.59,Nagpur
101887,03-11-2025,Customer_0997,Tablet,Electronics,4.0,75118.3,13611.55,Mumbai
101888,27-10-2025,Customer_1782,Office Chair,Furniture,2.0,13280.91,2567.38,Aurangabad
101889,23-03-2025,Customer_1571,Smartphone,Electronics,6.0,159252.89,24266.11,Nashik
101890,30-07-2025,Customer_0505,Bookshelf,Furniture,8.0,53612.19,9223.92,Aurangabad
101891,30-05-2025,Customer_0371,Cabinet,Furniture,8.0,58272.64,7503.14,Aurangabad
101892,06-02-2025,Customer_1406,Jeans,Clothing,2.0,3194.28,219.88,Nagpur
101893,18-12-2025,Customer_0956,Vacuum Cleaner,Home,7.0,51705.8,4166.06,mumbai
101894,08-11-2025,Customer_0360,T-Shirt,Clothing,5.0,3707.33,522.72, Pune 
101895,27-12-2025,Customer_0476,Headphones,Electronics,4.0,8576.9,1783.65,kolhapur
101896,28-02-2025,Customer_1558,Jeans,Clothing,6.0,10613.29,1527.05,Kolhapur
101897,11-05-2025,Customer_2417,Headphones,Electronics,1.0,2296.71,182.5,Kolhapur
101898,21-07-2025,Customer_1310,Table,Furniture,7.0,60418.12,6094.29,Nashik
101899,31-08-2025,Customer_0437,Cabinet,Furniture,4.0,32064.24,6881.8, Nagpur 
101900,04-02-2025,Customer_1295,Monitor,Electronics,8.0,114518.44,23177.27,Mumbai
101901,04/03/2025,Customer_1867,Jeans,Clothing,8.0,13379.37,1820.12,Mumbai
101902,26-07-2025,Customer_2454,Jeans,Clothing,1.0,1770.21,239.72,Nashik
101903,19-12-2025,Customer_1121,Backpack,Clothing,2.0,3109.65,331.65,Aurangabad
101904,28-11-2025,Customer_1194,Cookware,Home,8.0,15640.13,3078.77,AURANGABAD
101905,01-11-2025,Customer_0626,Mixer,Home,6.0,21550.72,4358.74,
101906,16-12-2025,Customer_0734,Desk,Furniture,1.0,13576.18,931.06,Nagpur
101907,01-08-2025,Customer_0089,Lamp,Home,3.0,3601.05,432.11,Kolhapur
101908,08-06-2025,Customer_1940,Lamp,Home,7.0,8717.16,1629.89, Nashik 
101909,2025/01/24,Customer_2163,Bedsheet,Home,2.0,3363.04,501.39, Aurangabad 
101910,20-10-2025,Customer_2245,Jacket,Clothing,4.0,11901.33,970.07,nagpur
101911,04-01-2025,Customer_2378,Smartphone,Electronics,6.0,164133.01,25765.2,Pune
101912,08-08-2025,Customer_2365,Shoes,Clothing,3.0,8511.46,973.07,Mumbai
101913,30-12-2025,Customer_0594,Bedsheet,Home,5.0,,1120.14,
101914,2025/01/20,Customer_1484,Desk,Furniture,1.0,10508.92,2260.72,Aurangabad
101915,01-06-2025,Customer_1750,Smartphone,Electronics,7.0,150780.96,27225.1,AURANGABAD
101916,19-02-2025,Customer_1457,Office Chair,Furniture,,15112.96,1798.13,nagpur
101917,26-06-2025,Customer_2112,Office Chair,Furniture,,13046.29,2081.49,Aurangabad
101918,06-04-2025,Customer_0609,Backpack,Clothing,7.0,10050.55,1054.72,Aurangabad
101919,15-04-2025,Customer_0487,Cookware,Home,,2470.75,268.47,MUMBAI
101920,2025/09/07,Customer_2442,Bedsheet,Home,5.0,8864.26,1303.06,Mumbai
101921,27-04-2025,Customer_1566,Mixer,Home,8.0,24641.95,5153.76,Nashik
101922,2025/12/20,Customer_0492,Lamp,Home,1.0,1154.83,84.22, Pune 
101923,16-08-2025,Customer_2088,Laptop,Electronics,8.0,425122.43,66332.88,MUMBAI
101924,2025/03/07,Customer_1122,Monitor,Electronics,8.0,112458.73,19244.69,Aurangabad
101925,01-12-2025,Customer_1573,Monitor,Electronics,3.0,36399.1,3841.07,Nagpur
101926,2025/09/19,Customer_0408,Lamp,Home,3.0,3944.77,287.11,Nashik
101927,22-10-2025,Customer_1661,Monitor,Electronics,3.0,46479.12,3472.15,aurangabad
101928,31-08-2025,Customer_0262,Tablet,Electronics,8.0,158448.42,18653.52,Kolhapur
101929,05-07-2025,Customer_0741,Smartphone,Electronics,2.0,51683.14,4365.26,Kolhapur
101930,03-09-2025,Customer_1288,Office Chair,Furniture,8.0,52191.04,4934.67,PUNE
101931,05-05-2025,Customer_0661,Smartphone,Electronics,4.0,88835.61,9770.58,pune
101932,25-09-2025,,T-Shirt,Clothing,2.0,1406.04,216.81,kolhapur
101933,11-05-2025,Customer_1733,Jacket,Clothing,3.0,9130.47,1506.51,AURANGABAD
101934,25-08-2025,Customer_0190,Smartphone,Electronics,5.0,129078.44,16249.06, Kolhapur 
101935,2025/01/18,Customer_0573,Backpack,Clothing,8.0,11112.0,1403.7, Kolhapur 
101936,02/09/2025,Customer_2483,Lamp,Home,6.0,7939.08,768.5,kolhapur
101937,21-01-2025,Customer_0972,Office Chair,Furniture,1.0,6387.87,1048.96,Pune
101938,13-08-2025,Customer_0882,Desk,Furniture,5.0,54644.32,11061.02,Mumbai
101939,12/21/2025,Customer_1137,Cabinet,Furniture,6.0,53170.27,3842.95,Mumbai
101940,09-10-2025,Customer_1068,Mixer,Home,5.0,15433.54,2148.77, Nagpur 
101941,08-01-2025,Customer_0342,Table,Furniture,8.0,74359.21,7732.27,Nashik
101942,10-04-2025,Customer_0290,Cookware,Home,4.0,9372.35,1454.46,Aurangabad
101943,28-08-2025,Customer_2309,Jeans,Clothing,6.0,9095.49,582.65,Aurangabad
101944,28-03-2025,Customer_1296,Table,Furniture,3.0,29026.22,2738.93,NAGPUR
101945,25-10-2025,Customer_0318,Mixer,Home,4.0,15404.79,1960.2,Nashik
101946,14-01-2025,Customer_2247,Monitor,Electronics,2.0,28647.45,5720.09,Nagpur
101947,11/30/2025,Customer_1487,Headphones,Electronics,2.0,5545.43,662.36,NASHIK
101948,02-01-2025,Customer_1121,Jeans,Clothing,4.0,5841.07,1074.89,Pune
101949,10/20/2025,Customer_1551,Tablet,Electronics,4.0,70554.53,6401.18,pune
101950,21-11-2025,Customer_2412,Smartphone,Electronics,5.0,140165.95,12852.75,Nagpur
101951,10-02-2025,Customer_2344,Monitor,Electronics,6.0,72050.34,4556.81,Nashik
101952,14-11-2025,Customer_0197,Backpack,Clothing,2.0,2902.74,481.47,MUMBAI
101953,2025/11/12,Customer_1414,Shoes,Clothing,3.0,7074.84,786.74,aurangabad
101954,2025/04/21,Customer_1062,Bedsheet,Home,3.0,5139.98,867.76,Pune
101955,14-01-2025,Customer_1552,Desk,Furniture,3.0,31227.84,6515.96,kolhapur
101956,2025/08/19,Customer_1021,T-Shirt,Clothing,6.0,,846.88, Aurangabad 
101957,25-03-2025,Customer_1798,Bedsheet,Home,3.0,4867.87,893.0,NASHIK
101958,05/10/2025,Customer_1130,Vacuum Cleaner,Home,5.0,29803.27,2173.72,Nagpur
101959,19-08-2025,Customer_1252,Bookshelf,Furniture,2.0,13349.76,2635.25,Nagpur
101960,22-11-2025,Customer_0315,T-Shirt,Clothing,2.0,1359.5,234.36,Aurangabad
101961,25-05-2025,Customer_2357,Office Chair,Furniture,3.0,22885.2,4496.32,Pune
101962,11-12-2025,Customer_0044,Headphones,Electronics,8.0,18890.34,2716.2,Nagpur
101963,28-01-2025,Customer_2110,Table,Furniture,8.0,71684.04,8360.15,Aurangabad
101964,07-03-2025,Customer_0779,Tablet,Electronics,1.0,20113.86,1740.66,Aurangabad
101965,2025/06/12,Customer_1001,Tablet,Electronics,6.0,96644.08,14719.43,Aurangabad
101966,17-08-2025,Customer_0691,Monitor,Electronics,8.0,117291.81,10689.87,aurangabad
101967,18-09-2025,Customer_1504,Desk,Furniture,2.0,23213.17,4908.43,Mumbai
101968,13-06-2025,Customer_2030,T-Shirt,Clothing,7.0,4527.53,755.82,Nagpur
101969,28-10-2025,Customer_1385,Bookshelf,Furniture,2.0,12864.54,1694.27,Aurangabad
101970,10/30/2025,Customer_1189,Cabinet,Furniture,2.0,18100.12,3219.38,Nashik
101971,14-10-2025,Customer_0873,Lamp,Home,5.0,5924.26,895.12, Pune 
101972,10-01-2025,Customer_2112,Cookware,Home,5.0,11635.62,1800.62,Pune
101973,14-07-2025,Customer_0236,Vacuum Cleaner,Home,8.0,57907.68,6781.12, Nashik 
101974,28-04-2025,Customer_1346,Monitor,Electronics,8.0,105276.16,9918.51,Nashik
101975,27-09-2025,Customer_1433,T-Shirt,Clothing,1.0,602.93,40.33,Aurangabad
101976,21-03-2025,Customer_0037,Table,Furniture,6.0,59994.89,10111.71,Pune
101977,03-04-2025,Customer_0348,Bedsheet,Home,4.0,7546.75,1194.97,Kolhapur
101978,23-09-2025,Customer_1997,Table,Furniture,2.0,19885.78,2721.22,PUNE
101979,28-11-2025,Customer_1928,Bookshelf,Furniture,4.0,26666.96,3133.67,nagpur
101980,16-12-2025,Customer_1755,Jacket,Clothing,6.0,18950.61,3255.43,Mumbai
101981,27-12-2025,Customer_1800,T-Shirt,Clothing,8.0,5192.06,780.13,MUMBAI
101982,14-09-2025,Customer_0024,Bookshelf,Furniture,7.0,42416.19,3480.83,NASHIK
101983,13-05-2025,Customer_1167,Office Chair,Furniture,4.0,30821.19,3401.6,pune
101984,03-10-2025,Customer_1357,Table,Furniture,7.0,54539.39,11550.62,Pune
101985,21-09-2025,Customer_1089,Desk,Furniture,8.0,100074.92,20045.71,Pune
101986,20-06-2025,Customer_0522,Bedsheet,Home,8.0,15160.56,1775.57,Nashik
101987,01-01-2025,Customer_0539,Vacuum Cleaner,Home,7.0,45673.19,7678.55,Pune
101988,11/09/2025,Customer_0638,Laptop,Electronics,3.0,187782.49,18888.5,Nashik
101989,05-03-2025,Customer_1402,Smartphone,Electronics,1.0,27812.33,5780.86,Nagpur
101990,11-10-2025,Customer_1186,Tablet,Electronics,8.0,151361.95,31635.05,Nashik
101991,01-05-2025,Customer_1015,Mixer,Home,7.0,23749.41,5046.34,Kolhapur
101992,17-04-2025,Customer_1022,Cabinet,Furniture,3.0,25460.04,1698.72,Nashik
101993,24-06-2025,Customer_1758,Headphones,Electronics,4.0,11220.62,1543.01,Mumbai
101994,23-07-2025,Customer_0773,Mixer,Home,3.0,10375.03,1562.84,Kolhapur
101995,2025/06/14,Customer_0542,Desk,Furniture,,21475.57,2900.63,nagpur
101996,01-11-2025,Customer_0599,Headphones,Electronics,4.0,10993.38,686.84,Nagpur
101997,30-04-2025,Customer_0373,Monitor,Electronics,4.0,52185.01,3151.6,pune
101998,13-02-2025,Customer_0948,Bedsheet,Home,5.0,8772.42,1548.6,mumbai
101999,08-11-2025,Customer_0252,Shoes,Clothing,8.0,21792.63,4603.27,Kolhapur
102000,05-06-2025,Customer_0451,Mixer,Home,5.0,18069.65,1820.34,NASHIK
102001,26-07-2025,Customer_1713,Jacket,Clothing,6.0,18937.71,3485.49,Mumbai
102002,18-04-2025,Customer_0168,T-Shirt,Clothing,3.0,2146.89,367.77,Pune
102003,08-09-2025,Customer_1169,Headphones,Electronics,4.0,11272.95,1961.3,Nagpur
102004,30-11-2025,Customer_1765,Backpack,Clothing,2.0,2689.43,468.19,mumbai
102005,10-05-2025,Customer_1370,Shoes,Clothing,6.0,12931.25,1575.37,Nashik
102006,20-10-2025,Customer_2261,Laptop,Electronics,1.0,53454.33,4634.18,MUMBAI
102007,20-01-2025,Customer_2413,Jacket,Clothing,6.0,14396.35,1171.01,Kolhapur
102008,09-10-2025,Customer_0861,Jeans,Clothing,5.0,8371.09,1576.83,Kolhapur
102009,2025/10/12,Customer_0535,Mixer,Home,2.0,8025.23,926.26,Aurangabad
102010,01-01-2025,Customer_0791,Laptop,Electronics,,226559.03,47564.53,Aurangabad
102011,29-04-2025,Customer_2239,Mixer,Home,2.0,6300.79,1101.52,Kolhapur
102012,2025/02/04,Customer_0828,Jacket,Clothing,8.0,24113.46,1790.09, Kolhapur 
102013,07/17/2025,Customer_0786,Office Chair,Furniture,3.0,24938.43,4740.72,Nagpur
102014,02-09-2025,Customer_1500,Backpack,Clothing,6.0,7224.18,538.73,Nagpur
102015,2025/02/28,Customer_1978,Tablet,Electronics,2.0,31130.57,3535.16,nagpur
102016,21-11-2025,Customer_0529,Smartphone,Electronics,5.0,125348.34,18197.52,Nashik
102017,10-06-2025,Customer_0780,Monitor,Electronics,1.0,13024.2,2681.1,aurangabad
102018,28-06-2025,Customer_0678,Bedsheet,Home,2.0,3457.72,232.66,NAGPUR
102019,2025/07/25,Customer_1642,Vacuum Cleaner,Home,7.0,42773.1,6201.14,KOLHAPUR
102020,12-01-2025,Customer_0015,Jeans,Clothing,3.0,4667.84,484.59,Mumbai
102021,03-10-2025,Customer_2101,Cabinet,Furniture,1.0,7115.18,1359.47,Nagpur
102022,30-06-2025,Customer_1214,Jacket,Clothing,4.0,12867.05,1450.46,Aurangabad
102023,2025/08/30,Customer_0701,Backpack,Clothing,2.0,2700.56,429.08,Mumbai
102024,04-08-2025,Customer_1196,Monitor,Electronics,4.0,59669.82,7322.96,PUNE
102025,09/08/2025,Customer_1108,Bookshelf,Furniture,3.0,20186.62,3019.93,Pune
102026,10/26/2025,Customer_0006,Desk,Furniture,2.0,23642.81,3864.83,Aurangabad
102027,2025/05/06,Customer_1330,Backpack,Clothing,6.0,9541.07,1785.4,Pune
102028,08/05/2025,Customer_1208,Jeans,Clothing,7.0,9654.44,1092.59,Nashik
102029,02-11-2025,Customer_0899,Laptop,Electronics,6.0,327083.92,36084.82,Aurangabad
102030,2025/10/12,Customer_0065,Jeans,Clothing,5.0,8480.45,1629.97, Kolhapur 
102031,04-07-2025,Customer_2476,Tablet,Electronics,5.0,96246.32,21009.93,KOLHAPUR
102032,08-02-2025,Customer_1329,Table,Furniture,4.0,33543.51,6708.65,Nashik
102033,2025/08/11,Customer_0638,Cabinet,Furniture,7.0,60479.26,7133.44,Nagpur
102034,03-07-2025,Customer_0608,Table,Furniture,6.0,57792.82,4429.94, Nagpur 
102035,27-06-2025,Customer_1882,Tablet,Electronics,3.0,58687.2,8519.79,Mumbai
102036,21-10-2025,Customer_0739,Desk,Furniture,8.0,90017.96,14846.15,AURANGABAD
102037,06-12-2025,Customer_0668,T-Shirt,Clothing,5.0,3648.7,341.22,Mumbai
102038,31-05-2025,Customer_0285,Vacuum Cleaner,Home,4.0,22337.1,2889.97,Mumbai
102039,2025/05/06,Customer_1864,Tablet,Electronics,4.0,73501.46,14719.17,Aurangabad
102040,28-10-2025,Customer_0049,Mixer,Home,3.0,11848.88,1713.45,Kolhapur
102041,04-11-2025,Customer_0085,Tablet,Electronics,7.0,135593.77,17666.31,Pune
102042,02-12-2025,Customer_1018,Laptop,Electronics,3.0,177181.07,16436.78,Pune
102043,22-08-2025,Customer_0039,Jeans,Clothing,1.0,1538.11,248.37, Pune 
102044,08-01-2025,Customer_0571,T-Shirt,Clothing,4.0,2395.25,420.59,Nagpur
102045,07-12-2025,,Cookware,Home,5.0,12107.27,1499.64,Nagpur
102046,09-05-2025,Customer_2227,Desk,Furniture,1.0,11812.59,2317.69, Aurangabad 
102047,21-09-2025,,Backpack,Clothing,2.0,3031.55,321.66, Pune 
102048,06-06-2025,Customer_0421,Monitor,Electronics,5.0,66303.5,11180.13, Kolhapur 
102049,2025/12/18,Customer_0919,Cookware,Home,1.0,2241.71,192.69,Pune
102050,24-12-2025,Customer_0604,Table,Furniture,7.0,59407.68,12119.01, Nashik 
102051,05-01-2025,Customer_0461,Jeans,Clothing,7.0,11832.27,2576.55,Nagpur
102052,27-03-2025,Customer_0417,Office Chair,Furniture,4.0,32403.11,6827.85,Nashik
102053,2025/06/24,Customer_0485,T-Shirt,Clothing,6.0,3842.4,704.84,Nashik
102054,10/17/2025,Customer_0730,Laptop,Electronics,3.0,141250.77,23634.3,Nagpur
102055,12-07-2025,Customer_1742,Backpack,Clothing,3.0,4161.3,480.55,Mumbai
102056,2025/11/07,Customer_1427,Backpack,Clothing,5.0,7761.05,1526.47,Pune
102057,29-04-2025,Customer_1088,Shoes,Clothing,6.0,12850.36,2024.2,Aurangabad
102058,06-08-2025,Customer_0601,Laptop,Electronics,3.0,158457.7,20045.81, Nashik 
102059,24-04-2025,Customer_1960,Table,Furniture,8.0,79172.08,8675.23,Pune
102060,25-05-2025,Customer_1141,Monitor,Electronics,7.0,111025.64,9852.57,Mumbai
102061,26-01-2025,Customer_0745,Headphones,Electronics,3.0,7866.13,1317.87,Nagpur
102062,16-05-2025,Customer_1737,Jacket,Clothing,8.0,20734.75,2321.46,Nagpur
102063,30-10-2025,Customer_0567,Vacuum Cleaner,Home,6.0,42917.14,7806.15,aurangabad
102064,20-08-2025,Customer_2251,Table,Furniture,7.0,59769.91,8692.52,Nagpur
102065,17-03-2025,Customer_1576,Vacuum Cleaner,Home,4.0,22581.11,2109.06,Pune
102066,24-11-2025,Customer_0358,Vacuum Cleaner,Home,4.0,25889.4,1909.49,Mumbai
102067,11-12-2025,Customer_0071,T-Shirt,Clothing,4.0,3088.4,540.1,Nashik
102068,29-10-2025,Customer_0245,Cookware,Home,2.0,4985.6,852.31,Nashik
102069,16-10-2025,Customer_1886,Jeans,Clothing,5.0,9056.96,1346.97, Mumbai 
102070,01-01-2025,Customer_0920,Cookware,Home,4.0,9064.58,1960.81, Pune 
102071,27-05-2025,Customer_1547,Office Chair,Furniture,3.0,23459.37,1523.12,Aurangabad
102072,14-10-2025,Customer_0222,Tablet,Electronics,6.0,115251.21,23612.09,Aurangabad
102073,22-05-2025,Customer_1954,Monitor,Electronics,2.0,30482.87,4676.48,Kolhapur
102074,22-02-2025,Customer_1497,Office Chair,Furniture,3.0,23656.3,5167.26,MUMBAI
102075,31-10-2025,Customer_0052,Smartphone,Electronics,2.0,43859.93,7314.05,kolhapur
102076,10-03-2025,Customer_1925,Cookware,Home,3.0,6171.13,1002.28,Aurangabad
102077,27-12-2025,Customer_1926,Cabinet,Furniture,5.0,41291.48,3491.32,NAGPUR
102078,03/31/2025,Customer_1175,Shoes,Clothing,1.0,2280.06,363.58,PUNE
102079,08-08-2025,Customer_2475,Office Chair,Furniture,1.0,6663.52,682.54,Mumbai
102080,11-07-2025,Customer_1736,Office Chair,Furniture,7.0,57780.12,6490.71,Aurangabad
102081,04-03-2025,Customer_2344,Vacuum Cleaner,Home,5.0,32383.59,6819.42,Kolhapur
102082,14-03-2025,Customer_0643,Jeans,Clothing,7.0,10283.22,1258.05,Nashik
102083,10-06-2025,Customer_0513,Monitor,Electronics,7.0,101129.86,18289.76,Aurangabad
102084,18-06-2025,Customer_0897,Table,Furniture,1.0,10084.46,2082.2,nagpur
102085,30-03-2025,Customer_1919,Cabinet,Furniture,2.0,17327.87,1672.71,Nagpur
102086,25-06-2025,Customer_0676,Shoes,Clothing,7.0,,1821.69,Pune
102087,26-09-2025,Customer_1106,Shoes,Clothing,4.0,8924.65,1549.87,Pune
102088,14-03-2025,Customer_2471,Laptop,Electronics,6.0,345951.93,23191.05,Nashik
102089,02-09-2025,Customer_0667,Smartphone,Electronics,5.0,137622.27,13734.55,kolhapur
102090,18-03-2025,Customer_2446,Laptop,Electronics,4.0,215526.99,35964.86,Pune
102091,08-06-2025,Customer_0133,Jeans,Clothing,4.0,6264.48,818.18,mumbai
102092,20-11-2025,Customer_2310,T-Shirt,Clothing,1.0,608.78,75.63,NAGPUR
102093,08-04-2025,Customer_0382,Laptop,Electronics,6.0,356219.94,73533.85,Nashik
102094,12-04-2025,Customer_1631,Headphones,Electronics,5.0,12175.61,1555.72,Kolhapur
102095,12-05-2025,Customer_1458,Bookshelf,Furniture,7.0,44553.1,9393.73,Mumbai
102096,12-04-2025,Customer_2063,Headphones,Electronics,7.0,16277.07,2122.91,Pune
102097,19-01-2025,Customer_1954,Office Chair,Furniture,7.0,57161.58,9005.86,Kolhapur
102098,23-03-2025,Customer_0621,Headphones,Electronics,3.0,6623.82,1062.71,Aurangabad
102099,06-10-2025,Customer_0949,Mixer,Home,2.0,6342.17,898.27,Mumbai
102100,2025/12/05,Customer_1833,Desk,Furniture,6.0,72628.63,14539.71, Mumbai 
102101,12/31/2025,Customer_1765,Jacket,Clothing,6.0,16610.97,1739.35,Pune
102102,11/27/2025,Customer_2486,Cookware,Home,4.0,8089.75,1616.98,Pune
102103,09-05-2025,Customer_0399,Cabinet,Furniture,8.0,57683.41,7391.49,Pune
102104,12/10/2025,Customer_2044,Bookshelf,Furniture,2.0,10873.82,1997.83,Pune
102105,06-11-2025,Customer_1211,Lamp,Home,3.0,3572.32,415.04,Mumbai
102106,30-03-2025,Customer_1448,Headphones,Electronics,6.0,14374.95,2822.58,Pune
102107,08/01/2025,Customer_1057,Smartphone,Electronics,8.0,203226.44,35535.94,Nagpur
102108,23-05-2025,Customer_0508,Shoes,Clothing,3.0,8393.34,1714.58,Kolhapur
102109,2025/03/06,Customer_1175,Mixer,Home,6.0,19919.61,4230.77,Nagpur
102110,17-03-2025,Customer_1806,Vacuum Cleaner,Home,3.0,16720.52,2011.37,Nashik
102111,18-07-2025,Customer_1693,Jacket,Clothing,2.0,6264.94,651.19,Kolhapur
102112,23-05-2025,Customer_0234,Lamp,Home,1.0,1118.31,121.25,Aurangabad
102113,12-11-2025,Customer_0634,Cabinet,Furniture,1.0,8269.55,1076.14,Pune
102114,03-04-2025,Customer_2336,Shoes,Clothing,3.0,8010.15,1627.55,Nagpur
102115,01-11-2025,Customer_1894,Smartphone,Electronics,7.0,184145.47,17072.99,aurangabad
102116,12-08-2025,Customer_1919,Headphones,Electronics,8.0,22596.09,2312.01,Aurangabad
102117,18-10-2025,Customer_0739,Mixer,Home,2.0,6264.78,466.07,Aurangabad
102118,2025/04/12,Customer_0818,Tablet,Electronics,7.0,128395.91,10040.82,Nagpur
102119,24-09-2025,Customer_1403,T-Shirt,Clothing,6.0,3744.86,404.46,Kolhapur
102120,21-12-2025,Customer_0469,Cookware,Home,8.0,16447.13,2576.91,Nashik
102121,20-04-2025,Customer_1925,Mixer,Home,3.0,11497.75,2090.47,Mumbai
102122,26-11-2025,Customer_2463,Bookshelf,Furniture,1.0,5572.47,553.07,Nagpur
102123,22-09-2025,Customer_1940,Headphones,Electronics,7.0,19945.41,1223.01,Mumbai
102124,03-01-2025,Customer_1733,Smartphone,Electronics,1.0,27847.9,2560.8,Nashik
102125,26-03-2025,Customer_0581,Jeans,Clothing,2.0,3629.39,416.54,PUNE
102126,09-10-2025,Customer_1222,Shoes,Clothing,2.0,4910.53,850.21,Aurangabad
102127,2025/11/24,Customer_1063,Bedsheet,Home,4.0,7389.37,819.26,Mumbai
102128,2025/10/31,Customer_1401,Laptop,Electronics,7.0,391217.47,69211.5,NASHIK
102129,27-04-2025,Customer_1717,Desk,Furniture,6.0,62114.43,3838.17, Nagpur 
102130,09-08-2025,Customer_1790,Vacuum Cleaner,Home,,19254.69,1561.44,Nashik
102131,03-06-2025,Customer_0319,Mixer,Home,4.0,14690.25,1384.53,aurangabad
102132,06/02/2025,Customer_0059,Bookshelf,Furniture,6.0,35274.79,3232.14,MUMBAI
102133,12-01-2025,Customer_1297,Cookware,Home,8.0,17855.99,1402.92,Pune
102134,13-05-2025,Customer_1846,Lamp,Home,1.0,1028.32,70.11,Mumbai
102135,31-10-2025,Customer_0150,Vacuum Cleaner,Home,2.0,14771.61,1222.58,Mumbai
102136,10/20/2025,Customer_2462,Table,Furniture,3.0,28688.67,2033.11,NAGPUR
102137,27-10-2025,Customer_0783,Bookshelf,Furniture,4.0,21178.75,2995.1,Aurangabad
102138,16-08-2025,Customer_0067,Headphones,Electronics,6.0,14841.92,3150.24,Nashik
102139,28-09-2025,Customer_2045,Backpack,Clothing,2.0,3173.66,586.29, Aurangabad 
102140,12-02-2025,Customer_1441,Bedsheet,Home,7.0,12985.94,1724.45,Nashik
102141,2025/12/09,Customer_0465,Vacuum Cleaner,Home,6.0,37317.29,7893.88,Mumbai
102142,22-11-2025,Customer_0725,Bedsheet,Home,6.0,11133.42,1699.54,Kolhapur
102143,29-10-2025,Customer_1563,Cabinet,Furniture,7.0,51495.94,3474.52,nashik
102144,30-12-2025,Customer_0359,Lamp,Home,2.0,2720.54,299.8,pune
102145,21-01-2025,Customer_0425,Laptop,Electronics,7.0,378369.03,29642.33,nagpur
102146,17-04-2025,Customer_1188,Tablet,Electronics,1.0,19819.39,1276.79,NAGPUR
102147,2025/12/02,Customer_2260,Desk,Furniture,8.0,105618.93,8707.82,Nagpur
102148,30-10-2025,Customer_0510,Smartphone,Electronics,8.0,223193.85,39452.55,Nashik
102149,27-04-2025,Customer_0032,Bedsheet,Home,7.0,11332.45,1705.88,Nashik
102150,04-05-2025,Customer_1097,Cabinet,Furniture,5.0,37751.88,3341.69,Aurangabad
102151,10/08/2025,Customer_0990,Jacket,Clothing,7.0,21711.99,2704.52,PUNE
102152,19-10-2025,Customer_0108,Mixer,Home,1.0,3393.47,295.85,Mumbai
102153,22-07-2025,Customer_1373,Backpack,Clothing,6.0,8105.33,1616.68,Mumbai
102154,20-02-2025,Customer_0790,Cookware,Home,7.0,14767.65,3134.53,kolhapur
102155,28-09-2025,Customer_0528,Mixer,Home,7.0,27780.37,2310.88,Aurangabad
102156,20-11-2025,Customer_1304,Cookware,Home,7.0,13909.18,2754.4,Kolhapur
102157,04-10-2025,Customer_0408,Table,Furniture,4.0,34841.82,2114.89,Aurangabad
102158,21-05-2025,Customer_2364,Cabinet,Furniture,2.0,,2321.02,Nagpur
102159,02-10-2025,Customer_1321,Backpack,Clothing,3.0,4577.08,372.31,MUMBAI
102160,17-10-2025,Customer_1792,Laptop,Electronics,1.0,48573.93,10080.78, Pune 
102161,30-11-2025,Customer_2343,Office Chair,Furniture,2.0,16130.17,2489.93,Nagpur
102162,21-02-2025,Customer_1467,Smartphone,Electronics,8.0,216151.21,27800.65,Mumbai
102163,01/27/2025,Customer_0794,Desk,Furniture,5.0,64652.2,7725.19,Kolhapur
102164,06-06-2025,Customer_0212,Table,Furniture,5.0,41545.28,7338.65,NASHIK
102165,27-08-2025,Customer_2374,Smartphone,Electronics,1.0,24397.54,5294.76,Pune
102166,05-06-2025,Customer_0439,Tablet,Electronics,2.0,34374.44,7131.88,Mumbai
102167,18-10-2025,Customer_0381,Jacket,Clothing,3.0,9491.07,936.73,Pune
102168,16-05-2025,Customer_1601,Lamp,Home,4.0,5229.44,676.12,pune
102169,24-05-2025,Customer_0302,Mixer,Home,7.0,27568.81,3639.63,Nagpur
102170,16-04-2025,Customer_1538,Smartphone,Electronics,7.0,187825.95,25302.93,nashik
102171,06/07/2025,Customer_1224,Cookware,Home,3.0,6061.05,556.99,PUNE
102172,26-05-2025,Customer_0481,Cabinet,Furniture,1.0,7821.03,1414.66,Nashik
102173,2025/01/02,Customer_0649,Shoes,Clothing,1.0,2578.8,438.86,Kolhapur
102174,18-03-2025,Customer_2483,T-Shirt,Clothing,4.0,2617.15,358.63,Pune
102175,12-05-2025,Customer_0886,Monitor,Electronics,3.0,36259.38,6918.48,nashik
102176,31-03-2025,Customer_1342,Smartphone,Electronics,1.0,28674.19,3587.16,Mumbai
102177,12/11/2025,Customer_1097,Office Chair,Furniture,3.0,19199.0,1673.52,Nashik
102178,16-12-2025,Customer_1428,Cookware,Home,2.0,4601.34,726.7,Aurangabad
102179,20-09-2025,Customer_1787,Shoes,Clothing,8.0,21727.19,2186.22,KOLHAPUR
102180,17-12-2025,Customer_0709,Cookware,Home,5.0,11869.99,2018.82,Mumbai
102181,18-04-2025,Customer_2391,Shoes,Clothing,2.0,4734.22,697.25,Kolhapur
102182,15-03-2025,Customer_1999,Jeans,Clothing,4.0,5722.77,757.75,Nagpur
102183,08-02-2025,Customer_1306,Bedsheet,Home,5.0,10029.23,1277.63,Kolhapur
102184,08-06-2025,Customer_1759,Monitor,Electronics,7.0,107983.26,16676.99,mumbai
102185,12-03-2025,Customer_1841,Jacket,Clothing,2.0,5082.35,777.48,Mumbai
102186,2025/11/08,Customer_2404,Monitor,Electronics,5.0,70125.65,8680.34, Nagpur 
102187,29-08-2025,Customer_1632,Backpack,Clothing,6.0,7441.47,942.64,PUNE
102188,25-10-2025,Customer_1759,Smartphone,Electronics,6.0,130774.31,9913.09,Mumbai
102189,05-02-2025,Customer_0882,Jeans,Clothing,,3119.28,339.57,Aurangabad
102190,25-03-2025,Customer_1288,Jacket,Clothing,3.0,9472.37,1137.75,Pune
102191,20-09-2025,Customer_1348,Headphones,Electronics,1.0,2693.39,390.11,Mumbai
102192,06-11-2025,Customer_0953,Vacuum Cleaner,Home,6.0,41387.8,4205.77,Kolhapur
102193,2025/06/21,Customer_2465,Tablet,Electronics,5.0,101931.43,14761.11,Mumbai
102194,22-06-2025,Customer_2490,Office Chair,Furniture,5.0,41227.4,4881.63,Aurangabad
102195,28-12-2025,Customer_1783,Monitor,Electronics,7.0,86246.21,14471.59, Nashik 
102196,16-02-2025,Customer_0204,Jeans,Clothing,4.0,5454.9,742.12,Nagpur
102197,2025/05/21,Customer_1726,Mixer,Home,5.0,15887.21,2547.99,Pune
102198,28-04-2025,Customer_2464,Tablet,Electronics,3.0,61766.6,8295.53,NASHIK
102199,04-10-2025,Customer_1168,Cookware,Home,1.0,2409.55,340.34,Pune
102200,02-08-2025,Customer_0537,Tablet,Electronics,5.0,89887.68,18774.64,Nagpur
102201,08-08-2025,Customer_1382,Monitor,Electronics,1.0,15637.86,2904.39,AURANGABAD
102202,01/26/2025,Customer_0390,Laptop,Electronics,,413105.76,60809.72,Nagpur
102203,09-01-2025,Customer_1417,Jacket,Clothing,6.0,15408.44,2018.92,Nagpur
102204,28-09-2025,Customer_2023,Monitor,Electronics,6.0,83602.17,16140.44,Kolhapur
102205,10-01-2025,Customer_1862,Tablet,Electronics,5.0,100692.77,12721.44,Nagpur
102206,01-05-2025,Customer_0120,Headphones,Electronics,2.0,4276.56,846.26,Mumbai
102207,05-05-2025,Customer_0431,Laptop,Electronics,3.0,148876.79,23746.01,Nashik
102208,2025/06/19,Customer_0361,Cookware,Home,3.0,5659.44,701.32,Mumbai
102209,13-03-2025,Customer_0216,Backpack,Clothing,1.0,1604.1,122.09,Nashik
102210,01-06-2025,Customer_1247,Laptop,Electronics,1.0,53740.94,5865.5,pune
102211,27-07-2025,Customer_1106,Jacket,Clothing,7.0,21981.92,4376.48,Aurangabad
102212,2025/02/18,Customer_0492,Desk,Furniture,8.0,88445.72,6455.66,Mumbai
102213,03-06-2025,Customer_1831,Jeans,Clothing,,11627.19,1323.39,Aurangabad
102214,13-12-2025,Customer_2368,Monitor,Electronics,4.0,58891.02,3836.11,nagpur
102215,20-10-2025,Customer_1978,Lamp,Home,6.0,6408.14,1088.23,Mumbai
102216,09-03-2025,Customer_0340,Headphones,Electronics,5.0,11421.39,2252.46,Nashik
102217,19-02-2025,Customer_0308,Desk,Furniture,2.0,20821.85,1967.19,Nagpur
102218,2025/06/01,Customer_0886,Smartphone,Electronics,1.0,28739.2,3715.75,Nagpur
102219,19-01-2025,Customer_0429,Cookware,Home,8.0,18671.66,1666.0,Nashik
102220,10-04-2025,Customer_1278,Cabinet,Furniture,6.0,49582.11,8735.23,AURANGABAD
102221,01-03-2025,Customer_0533,Cookware,Home,2.0,4155.11,800.37,Mumbai
102222,16-06-2025,Customer_2104,Shoes,Clothing,8.0,20620.51,2521.06,Mumbai
102223,21-07-2025,Customer_1139,Cookware,Home,2.0,4476.09,681.63, Nagpur 
102224,12/11/2025,Customer_0604,Bookshelf,Furniture,2.0,10795.93,1343.41,Nagpur
102225,26-05-2025,Customer_0068,Laptop,Electronics,4.0,209666.42,26028.92,Nagpur
102226,13-06-2025,Customer_1951,Bookshelf,Furniture,1.0,6470.0,887.72,AURANGABAD
102227,30-08-2025,,Lamp,Home,5.0,6792.57,726.72,KOLHAPUR
102228,03/10/2025,Customer_0869,Headphones,Electronics,7.0,17057.44,3171.2,Mumbai
102229,24-06-2025,Customer_2081,Vacuum Cleaner,Home,7.0,46128.24,6805.05,Nashik
102230,18-02-2025,Customer_1515,Tablet,Electronics,5.0,77940.18,9647.12,Pune
102231,18-04-2025,Customer_0795,Tablet,Electronics,7.0,117333.74,25800.94,Nashik
102232,14-08-2025,Customer_2434,Table,Furniture,3.0,25447.68,5128.2,Nashik
102233,10-06-2025,Customer_0448,Vacuum Cleaner,Home,7.0,47905.59,5487.42,aurangabad
102234,29-04-2025,Customer_0900,Smartphone,Electronics,2.0,50653.02,9851.29, Pune 
102235,29-05-2025,Customer_0978,Laptop,Electronics,5.0,306627.88,26266.67, Pune 
102236,05/30/2025,Customer_1658,Headphones,Electronics,4.0,9518.72,1081.67,Nagpur
102237,2025/10/20,Customer_1099,Mixer,Home,4.0,12076.59,1880.54,Nagpur
102238,23-05-2025,Customer_1424,Desk,Furniture,4.0,53109.41,6428.99,Aurangabad
102239,2025/06/09,Customer_0013,Backpack,Clothing,5.0,7504.08,1203.89,PUNE
102240,11-01-2025,Customer_1251,Cabinet,Furniture,8.0,61612.46,5087.31,Aurangabad
102241,18-05-2025,Customer_0285,Desk,Furniture,6.0,76521.4,15054.09,Mumbai
102242,19-03-2025,Customer_0581,Bookshelf,Furniture,8.0,50676.3,3185.54,pune
102243,2025/03/18,Customer_0086,Bedsheet,Home,6.0,9880.59,702.68,Mumbai
102244,2025/09/11,Customer_0040,T-Shirt,Clothing,3.0,2144.34,388.2,Kolhapur
102245,15-09-2025,Customer_2001,Shoes,Clothing,1.0,2207.93,428.64,mumbai
102246,16-11-2025,Customer_0072,Mixer,Home,1.0,3558.28,606.31,Kolhapur
102247,18-10-2025,Customer_0601,Jeans,Clothing,3.0,5478.82,402.08,PUNE
102248,20-09-2025,Customer_1854,Headphones,Electronics,6.0,16805.51,1347.41,Nagpur
102249,26-03-2025,Customer_1993,Backpack,Clothing,5.0,6775.21,1329.5,Nashik
102250,26-05-2025,Customer_1445,Shoes,Clothing,1.0,2804.69,395.52,NASHIK
102251,19-11-2025,Customer_0462,Backpack,Clothing,8.0,11516.19,1995.8,Nashik
102252,11-02-2025,Customer_0903,Smartphone,Electronics,7.0,192469.83,15290.15,Aurangabad
102253,05-05-2025,Customer_0127,Bookshelf,Furniture,8.0,52465.0,7187.92,Mumbai
102254,16-06-2025,Customer_0366,Lamp,Home,4.0,4728.9,604.47,mumbai
102255,29-08-2025,Customer_2232,Mixer,Home,5.0,17548.36,3706.36,Nagpur
102256,07-10-2025,Customer_1357,Bookshelf,Furniture,6.0,36520.6,7760.93,Nagpur
102257,07/07/2025,Customer_0781,Lamp,Home,5.0,5424.52,953.97,Pune
102258,29-10-2025,Customer_1776,Backpack,Clothing,2.0,3062.28,516.49,Nagpur
102259,01/19/2025,Customer_0035,Jacket,Clothing,2.0,5779.63,869.08,Nagpur
102260,09-03-2025,Customer_2143,Table,Furniture,3.0,29923.54,5729.26,Nashik
102261,08/06/2025,Customer_1181,Bookshelf,Furniture,8.0,42560.96,8332.33,Pune
102262,12-04-2025,Customer_0168,T-Shirt,Clothing,8.0,5455.64,548.79,Mumbai
102263,11-02-2025,Customer_0218,Backpack,Clothing,2.0,3110.61,401.65,Nagpur
102264,15-10-2025,Customer_1443,T-Shirt,Clothing,7.0,5353.3,546.81,aurangabad
102265,16-06-2025,Customer_0565,Laptop,Electronics,5.0,234074.17,32600.32,nashik
102266,19-04-2025,Customer_0353,Backpack,Clothing,3.0,3696.29,667.92,Aurangabad
102267,05-02-2025,Customer_1770,Jeans,Clothing,4.0,5970.06,781.98, Kolhapur 
102268,20-08-2025,Customer_0132,Headphones,Electronics,4.0,8761.1,927.5,Nagpur
102269,17-08-2025,Customer_1731,Jeans,Clothing,7.0,12145.81,1023.33,NAGPUR
102270,19-12-2025,Customer_2446,Headphones,Electronics,5.0,13051.85,2698.97,NASHIK
102271,13-06-2025,Customer_1321,Cabinet,Furniture,7.0,59021.26,11200.08,Kolhapur
102272,03/14/2025,Customer_0556,Desk,Furniture,5.0,52961.49,5302.35,Nagpur
102273,2025/05/16,Customer_0351,Bookshelf,Furniture,5.0,33550.85,5851.84,Nashik
102274,19-12-2025,Customer_1540,Vacuum Cleaner,Home,3.0,20316.39,3376.64,Nagpur
102275,2025/03/11,Customer_1284,Smartphone,Electronics,8.0,194852.03,13080.23,KOLHAPUR
102276,15-07-2025,Customer_1752,Shoes,Clothing,6.0,16279.99,2744.71,Nagpur
102277,26-09-2025,Customer_0114,Bedsheet,Home,8.0,14282.52,2913.08, Kolhapur 
102278,18-02-2025,Customer_0576,Tablet,Electronics,2.0,34230.52,3665.8,Kolhapur
102279,12-11-2025,Customer_0522,Jeans,Clothing,6.0,10673.65,2001.5,Kolhapur
102280,10-05-2025,Customer_0516,T-Shirt,Clothing,7.0,4922.02,398.28,Nagpur
102281,05-01-2025,Customer_0223,Tablet,Electronics,,131691.09,21728.57,Pune
102282,27-01-2025,Customer_1366,Headphones,Electronics,2.0,4827.56,935.75,Kolhapur
102283,09-06-2025,Customer_1358,Headphones,Electronics,8.0,22699.73,4288.02,pune
102284,29-05-2025,Customer_0840,Monitor,Electronics,1.0,13485.69,2510.9,Kolhapur
102285,21-09-2025,Customer_0559,Cabinet,Furniture,8.0,61147.68,5303.71,Mumbai
102286,18-08-2025,Customer_0027,Bookshelf,Furniture,5.0,25800.54,3140.3,NAGPUR
102287,19-07-2025,Customer_0001,Office Chair,Furniture,2.0,16816.02,1651.97,mumbai
102288,02/19/2025,Customer_1013,Monitor,Electronics,2.0,25534.71,5494.34,Mumbai
102289,08-03-2025,Customer_2072,Tablet,Electronics,1.0,15435.02,2866.67,Nagpur
102290,27-10-2025,Customer_1229,Mixer,Home,2.0,6624.88,437.23,Nagpur
102291,27-02-2025,Customer_2240,Cookware,Home,4.0,9903.0,815.44,Nashik
102292,16-09-2025,Customer_1771,Vacuum Cleaner,Home,2.0,13201.94,1371.0,Mumbai
102293,12/08/2025,Customer_0986,Smartphone,Electronics,3.0,65216.84,4433.94, Mumbai 
102294,22-11-2025,Customer_1188,Table,Furniture,-2.0,63696.02,4549.09,Nashik
102295,10-05-2025,Customer_1505,Monitor,Electronics,8.0,120754.75,16626.79,Aurangabad
102296,03-08-2025,Customer_0440,Shoes,Clothing,7.0,16675.18,2116.73,Nagpur
102297,21-06-2025,Customer_0115,Bedsheet,Home,3.0,6094.89,1253.84,Nashik
102298,15-09-2025,Customer_0046,Mixer,Home,7.0,26085.22,5257.46,kolhapur
102299,12-04-2025,Customer_0175,T-Shirt,Clothing,8.0,5297.01,640.82,Nashik
102300,28-07-2025,Customer_1135,Table,Furniture,8.0,74456.18,11896.62,Pune
102301,18-10-2025,Customer_1429,Bookshelf,Furniture,4.0,23868.24,2962.17,Aurangabad
102302,20-12-2025,Customer_0715,Vacuum Cleaner,Home,2.0,14896.1,2850.81,Aurangabad
102303,13-10-2025,Customer_1883,Bookshelf,Furniture,6.0,35297.79,6225.36,Aurangabad
102304,26-04-2025,Customer_1614,Bookshelf,Furniture,5.0,27926.06,2123.14,PUNE
102305,21-09-2025,Customer_2482,Bedsheet,Home,8.0,13762.5,1713.1,Aurangabad
102306,30-05-2025,Customer_0531,Cabinet,Furniture,5.0,34198.45,6510.25,Aurangabad
102307,2025/10/27,Customer_2395,Backpack,Clothing,6.0,8045.17,1229.84,Kolhapur
102308,05-02-2025,Customer_0121,Mixer,Home,1.0,3052.66,268.63,AURANGABAD
102309,29-11-2025,Customer_0436,Desk,Furniture,2.0,26805.79,4218.96, Nagpur 
102310,14-10-2025,Customer_0970,Lamp,Home,4.0,5448.41,1197.56, Pune 
102311,30-10-2025,Customer_0264,Table,Furniture,7.0,60578.16,6530.84,pune
102312,07-11-2025,Customer_0299,T-Shirt,Clothing,1.0,775.25,170.38,Nagpur
102313,27-07-2025,Customer_0713,Backpack,Clothing,1.0,1454.45,272.31,Nashik
102314,16-04-2025,Customer_0546,Tablet,Electronics,7.0,136649.99,15968.15,Aurangabad
102315,2025/06/07,Customer_2012,Desk,Furniture,5.0,61336.87,11855.75,Nagpur
102316,01-05-2025,Customer_0664,Jeans,Clothing,4.0,6761.18,428.57,Nagpur
102317,2025/02/24,Customer_0395,Office Chair,Furniture,1.0,7132.59,592.83,Mumbai
102318,12-01-2025,Customer_1473,Smartphone,Electronics,1.0,22997.29,4711.65,NAGPUR
102319,25-05-2025,Customer_2164,Headphones,Electronics,3.0,6458.01,614.6,Nagpur
102320,16-05-2025,Customer_2052,Desk,Furniture,8.0,90515.6,14364.96, Nashik 
102321,03-01-2025,Customer_0276,Backpack,Clothing,3.0,4242.97,402.76, Nagpur 
102322,24-05-2025,Customer_2332,Bedsheet,Home,2.0,3237.38,316.9, Pune 
102323,30-01-2025,Customer_0414,Cabinet,Furniture,5.0,40030.36,4138.68,Pune
102324,2025/08/25,Customer_2464,Cookware,Home,1.0,2495.42,334.93,kolhapur
102325,06-10-2025,Customer_1188,T-Shirt,Clothing,4.0,2429.39,429.23,NASHIK
102326,14-12-2025,Customer_0647,Lamp,Home,2.0,2276.77,374.66,Nashik
102327,25-04-2025,Customer_2121,Monitor,Electronics,4.0,52297.19,7913.56,Kolhapur
102328,14-04-2025,Customer_2237,Shoes,Clothing,1.0,2704.11,563.76,Aurangabad
102329,28-04-2025,Customer_1078,Monitor,Electronics,8.0,103973.87,11809.05,AURANGABAD
102330,05-01-2025,Customer_1727,Laptop,Electronics,6.0,326462.38,68017.77,Nashik
102331,26-12-2025,Customer_0571,Bookshelf,Furniture,1.0,6722.5,500.02, Mumbai 
102332,05-09-2025,Customer_2022,T-Shirt,Clothing,4.0,2490.82,346.93,Pune
102333,30-12-2025,Customer_1705,Headphones,Electronics,2.0,4409.93,508.43,Kolhapur
102334,2025/11/17,Customer_0531,Monitor,Electronics,8.0,100185.75,16206.69, Nashik 
102335,01-05-2025,Customer_2035,Laptop,Electronics,1.0,62416.67,13699.05,Kolhapur
102336,13-10-2025,Customer_1957,Bookshelf,Furniture,7.0,40428.04,6300.39,Nashik
102337,29-05-2025,Customer_0108,Office Chair,Furniture,1.0,8301.6,654.12,Mumbai
102338,25-03-2025,Customer_0214,Mixer,Home,8.0,29592.34,3711.32,Nagpur
102339,19-08-2025,Customer_1749,Cookware,Home,7.0,14042.4,1747.44,kolhapur
102340,15-10-2025,Customer_0484,Office Chair,Furniture,8.0,52367.29,8968.69,kolhapur
102341,2025/06/10,Customer_1406,Jacket,Clothing,4.0,10369.22,1138.8,Nagpur
102342,29-09-2025,Customer_0377,Smartphone,Electronics,4.0,88632.44,17579.84,Kolhapur
102343,07-02-2025,Customer_2197,Smartphone,Electronics,7.0,174655.82,26467.96,Kolhapur
102344,14-08-2025,Customer_0233,Laptop,Electronics,,224582.56,28225.29, Pune 
102345,22-05-2025,Customer_0740,Smartphone,Electronics,8.0,181551.79,32537.94,Nashik
102346,19-10-2025,Customer_2468,Headphones,Electronics,6.0,13321.75,1020.71,Aurangabad
102347,31-05-2025,Customer_2483,Bookshelf,Furniture,-2.0,19134.78,1787.46,Nagpur
102348,24-04-2025,Customer_0313,Mixer,Home,2.0,6594.22,897.05,Nashik
102349,25-08-2025,Customer_0903,Table,Furniture,6.0,53179.49,9219.87,Nagpur
102350,07-03-2025,Customer_1001,Jacket,Clothing,5.0,14518.41,2368.0,Kolhapur
102351,27-12-2025,Customer_0222,Jacket,Clothing,2.0,5959.61,636.59,Nashik
102352,07-12-2025,Customer_1146,Vacuum Cleaner,Home,8.0,49228.4,6403.61,Pune
102353,15-09-2025,Customer_1250,Desk,Furniture,4.0,45227.46,9841.04,Aurangabad
102354,06-09-2025,Customer_0582,Office Chair,Furniture,6.0,49239.7,4251.59,Pune
102355,27-11-2025,Customer_0468,Table,Furniture,8.0,61320.83,4099.01,Pune
102356,11/19/2025,Customer_1139,Mixer,Home,5.0,16156.33,1264.82,Kolhapur
102357,29-06-2025,Customer_0245,Lamp,Home,2.0,2424.0,478.21,Nashik
102358,07/09/2025,Customer_1568,Bedsheet,Home,1.0,1927.85,182.18,Nagpur
102359,03-06-2025,Customer_0843,Mixer,Home,4.0,13577.06,1917.94,Nagpur
102360,2025/07/15,Customer_1250,Table,Furniture,1.0,9837.56,1911.04,Pune
102361,07-11-2025,Customer_1076,T-Shirt,Clothing,6.0,4716.25,667.25,kolhapur
102362,19-09-2025,Customer_1778,Office Chair,Furniture,6.0,47622.71,3709.24,Nagpur
102363,23-05-2025,Customer_1178,Laptop,Electronics,7.0,392540.87,39171.92,Kolhapur
102364,08-12-2025,Customer_0666,Bedsheet,Home,5.0,8815.64,1423.27,NAGPUR
102365,12-11-2025,Customer_0063,Cookware,Home,3.0,6118.83,418.22,Nashik
102366,2025/04/11,Customer_2224,T-Shirt,Clothing,4.0,2388.6,151.78,NASHIK
102367,01-09-2025,Customer_0159,Backpack,Clothing,7.0,8354.55,648.79,KOLHAPUR
102368,12-01-2025,Customer_1027,Jacket,Clothing,5.0,12905.85,1231.16,Aurangabad
102369,27-08-2025,Customer_2329,Laptop,Electronics,5.0,315160.72,34340.22,Aurangabad
102370,2025/02/18,Customer_1818,Jacket,Clothing,3.0,7461.1,1098.95, Nagpur 
102371,11-02-2025,Customer_1911,Tablet,Electronics,1.0,19932.97,3358.5,Pune
102372,15-06-2025,Customer_1674,Shoes,Clothing,4.0,9388.25,1406.91,pune
102373,23-03-2025,Customer_0263,Headphones,Electronics,6.0,15966.85,2818.1,Nagpur
102374,18-10-2025,Customer_1064,Bookshelf,Furniture,5.0,31498.85,6278.65,Nagpur
102375,07-06-2025,Customer_0602,Desk,Furniture,3.0,39997.14,6104.76,Kolhapur
102376,08/04/2025,Customer_0158,Smartphone,Electronics,2.0,48947.85,7961.43,Mumbai
102377,07-06-2025,Customer_0172,Vacuum Cleaner,Home,6.0,42723.08,2602.02,Kolhapur
102378,14-05-2025,Customer_1055,Office Chair,Furniture,5.0,43034.97,3841.43,Pune
102379,08-03-2025,Customer_2460,Backpack,Clothing,1.0,1387.5,276.84,Mumbai
102380,02-12-2025,Customer_2077,T-Shirt,Clothing,2.0,1284.52,175.06, Nagpur 
102381,07-01-2025,Customer_0971,Monitor,Electronics,2.0,24913.69,3069.67,Mumbai
102382,14-01-2025,Customer_1704,Backpack,Clothing,6.0,7586.38,896.56,Pune
102383,14-03-2025,Customer_0102,Lamp,Home,3.0,3463.34,758.15, Nashik 
102384,12-06-2025,Customer_1535,Jacket,Clothing,7.0,22509.5,1763.98,Nagpur
102385,07-03-2025,Customer_0657,Backpack,Clothing,1.0,1494.91,102.07,nashik
102386,13-12-2025,Customer_2422,Headphones,Electronics,3.0,6442.93,495.16,Pune
102387,10-05-2025,Customer_1283,Monitor,Electronics,4.0,63820.16,13436.58,Kolhapur
102388,2025/07/25,Customer_2387,Jeans,Clothing,7.0,10171.6,873.41,pune
102389,03-10-2025,Customer_0317,Table,Furniture,2.0,16598.89,2365.13,Mumbai
102390,2025/09/13,Customer_2162,Vacuum Cleaner,Home,2.0,13271.85,1266.86,Pune
102391,23-09-2025,Customer_1299,Vacuum Cleaner,Home,8.0,56003.32,6133.96,Nashik
102392,25-01-2025,Customer_1000,Cabinet,Furniture,5.0,45065.58,7439.23,Nashik
102393,08-10-2025,Customer_1868,Bookshelf,Furniture,4.0,23541.73,4387.85,Nashik
102394,10-09-2025,Customer_1680,Smartphone,Electronics,8.0,219074.88,23326.45,Nashik
102395,06-11-2025,Customer_1484,Headphones,Electronics,2.0,4759.57,998.33,Aurangabad
102396,16-10-2025,Customer_1839,Vacuum Cleaner,Home,4.0,23384.98,1560.81,Nagpur
102397,13-06-2025,Customer_2203,Cabinet,Furniture,3.0,23669.2,4454.39,Mumbai
102398,05-04-2025,Customer_2481,Vacuum Cleaner,Home,3.0,21089.26,4368.11,Nashik
102399,27-09-2025,Customer_0484,Jacket,Clothing,6.0,16967.33,1289.69,Pune
102400,17-11-2025,Customer_2360,Bedsheet,Home,3.0,5543.68,1023.05,Nagpur
102401,04/20/2025,Customer_0064,Desk,Furniture,8.0,84287.85,7385.74,mumbai
102402,02-12-2025,Customer_2272,Tablet,Electronics,,76831.85,11907.74,aurangabad
102403,06-11-2025,Customer_0140,Mixer,Home,3.0,11718.21,1960.53,Nagpur
102404,26-08-2025,Customer_0543,Smartphone,Electronics,2.0,57230.6,4011.03,Kolhapur
102405,25-01-2025,Customer_0523,Bedsheet,Home,6.0,12105.72,2303.13,Nagpur
102406,2025/05/21,Customer_1380,Bookshelf,Furniture,2.0,11331.27,2444.88,Nashik
102407,27-04-2025,Customer_1454,Laptop,Electronics,2.0,103001.95,20836.14,Nagpur
102408,25-01-2025,Customer_1185,Bedsheet,Home,7.0,14039.23,2544.26,Nagpur
102409,20-03-2025,Customer_0624,Desk,Furniture,2.0,24456.99,1937.0,Pune
102410,09-03-2025,Customer_1313,Shoes,Clothing,7.0,17667.85,2068.68,
102411,22-06-2025,Customer_0397,Cabinet,Furniture,5.0,43506.6,7887.78,Mumbai
102412,12-01-2025,Customer_0198,Shoes,Clothing,6.0,16847.76,1050.84,Kolhapur
102413,15-10-2025,Customer_1574,Lamp,Home,6.0,7867.66,1653.42,NASHIK
102414,08-05-2025,Customer_0863,Desk,Furniture,1.0,13041.48,1054.16,NAGPUR
102415,06-04-2025,Customer_0408,Backpack,Clothing,6.0,7344.82,465.19,nashik
102416,02-04-2025,Customer_1180,Jeans,Clothing,2.0,3323.6,534.26,nashik
102417,21-05-2025,Customer_0694,Bedsheet,Home,4.0,8251.73,1020.63,Nashik
102418,01/31/2025,Customer_0949,Backpack,Clothing,2.0,2658.8,425.16,Aurangabad
102419,30-11-2025,Customer_0848,Jeans,Clothing,2.0,3512.58,737.23,Kolhapur
102420,01/20/2025,Customer_2212,Office Chair,Furniture,1.0,8182.03,1049.49,Kolhapur
102421,26-05-2025,Customer_0106,Office Chair,Furniture,8.0,62428.46,12298.9,Nashik
102422,12-11-2025,Customer_1823,Bookshelf,Furniture,7.0,41881.68,3964.93,Kolhapur
102423,09-06-2025,Customer_0449,Table,Furniture,5.0,40541.27,2433.5,Aurangabad
102424,15-12-2025,Customer_2021,Tablet,Electronics,7.0,134249.4,10441.32,
102425,12-02-2025,Customer_0478,Smartphone,Electronics,5.0,115393.97,12423.34,Nashik
102426,11-09-2025,Customer_1340,Smartphone,Electronics,2.0,50905.7,6295.67,Mumbai
102427,2025/05/10,Customer_2101,Jacket,Clothing,8.0,23573.81,1624.29,AURANGABAD
102428,01-03-2025,Customer_1776,Headphones,Electronics,1.0,2217.95,310.23,PUNE
102429,31-05-2025,Customer_0033,Jeans,Clothing,1.0,1521.74,163.33, Mumbai 
102430,14-10-2025,Customer_0902,Cabinet,Furniture,7.0,48726.07,9906.74,
102431,2025/01/05,Customer_0621,Bookshelf,Furniture,8.0,50762.19,4033.51,Nagpur
102432,23-09-2025,Customer_0540,Table,Furniture,5.0,39128.12,8450.88,MUMBAI
102433,11-12-2025,Customer_0014,Monitor,Electronics,4.0,59043.7,7486.33,NAGPUR
102434,10-05-2025,Customer_0730,Tablet,Electronics,4.0,76357.39,13821.69,Pune
102435,24-09-2025,Customer_2392,Lamp,Home,7.0,9105.5,1242.54,Mumbai
102436,27-06-2025,Customer_1230,Shoes,Clothing,3.0,7342.24,453.49, Mumbai 
102437,10-09-2025,Customer_1607,Shoes,Clothing,8.0,22559.34,3531.2,KOLHAPUR
102438,25-02-2025,,Backpack,Clothing,8.0,10202.6,2113.33,pune
102439,24-03-2025,Customer_1719,Office Chair,Furniture,5.0,42167.98,9203.98, Nagpur 
102440,09-04-2025,Customer_0475,Jeans,Clothing,7.0,12456.83,2736.09,MUMBAI
102441,29-05-2025,Customer_1424,Lamp,Home,2.0,2216.17,431.62,Aurangabad
102442,25-11-2025,Customer_2004,Cookware,Home,8.0,19305.59,1871.69,Kolhapur
102443,05-06-2025,Customer_1192,Cookware,Home,1.0,1934.97,419.32,NASHIK
102444,09-07-2025,Customer_2304,Table,Furniture,1.0,8449.27,1684.3,Nashik
102445,20-09-2025,Customer_1604,Jacket,Clothing,7.0,16684.27,1057.18,Nagpur
102446,21-03-2025,Customer_0224,Bedsheet,Home,5.0,8907.85,874.7,Nashik
102447,09/09/2025,Customer_0187,Cookware,Home,6.0,13951.77,2099.61,Nashik
102448,07-04-2025,Customer_2345,Bedsheet,Home,4.0,6287.37,540.84,Mumbai
102449,17-09-2025,Customer_0530,Office Chair,Furniture,6.0,43488.67,3900.79,Kolhapur
102450,09/17/2025,Customer_0370,Laptop,Electronics,7.0,418751.68,53001.92,AURANGABAD
102451,13-04-2025,Customer_0202,Jacket,Clothing,2.0,4916.97,676.06,Kolhapur
102452,09-02-2025,,Bookshelf,Furniture,4.0,21054.03,1697.59,Kolhapur
102453,30-09-2025,Customer_0662,Cookware,Home,5.0,10140.71,2003.04,NASHIK
102454,11-04-2025,Customer_2265,Shoes,Clothing,4.0,11273.84,2166.85,aurangabad
102455,25-12-2025,Customer_0083,Office Chair,Furniture,1.0,7126.67,738.26,Kolhapur
102456,04-11-2025,Customer_1987,Monitor,Electronics,7.0,99445.18,17452.28,Pune
102457,2025/08/09,Customer_0100,Bookshelf,Furniture,5.0,34440.36,2791.44,Mumbai
102458,11/04/2025,Customer_0507,Office Chair,Furniture,5.0,32429.53,5548.59,Nagpur
102459,04-05-2025,Customer_0348,Cookware,Home,5.0,12096.35,2363.82,PUNE
102460,19-08-2025,Customer_0083,Monitor,Electronics,7.0,103246.83,21954.67,pune
102461,06/27/2025,Customer_0796,Office Chair,Furniture,7.0,52673.33,10861.79,kolhapur
102462,04-03-2025,Customer_2099,Jacket,Clothing,7.0,22350.74,4370.58,aurangabad
102463,26-04-2025,Customer_1880,Headphones,Electronics,5.0,11786.59,1077.23,mumbai
102464,10-07-2025,Customer_1543,Headphones,Electronics,8.0,20288.72,2687.9,nashik
102465,03-03-2025,Customer_1665,Mixer,Home,4.0,15586.59,1184.66,KOLHAPUR
102466,13-09-2025,Customer_2185,Shoes,Clothing,5.0,11591.53,2089.81,Kolhapur
102467,07-01-2025,Customer_2036,Table,Furniture,1.0,7906.46,880.17,Aurangabad
102468,04-06-2025,Customer_1853,Lamp,Home,2.0,2318.75,370.11,Mumbai
102469,02-04-2025,Customer_1832,Tablet,Electronics,4.0,64615.67,12774.3,Nashik
102470,14-01-2025,Customer_1273,Vacuum Cleaner,Home,2.0,12795.41,2645.11,Nashik
102471,2025/08/17,Customer_2298,Office Chair,Furniture,2.0,14855.41,1545.06,Mumbai
102472,27-03-2025,Customer_0344,Table,Furniture,4.0,32131.75,1947.16,Mumbai
102473,13-05-2025,Customer_2144,Vacuum Cleaner,Home,8.0,52501.66,4050.24,Aurangabad
102474,2025/07/02,Customer_1033,Office Chair,Furniture,8.0,58051.1,8956.33,Nagpur
102475,03-03-2025,Customer_0150,Jacket,Clothing,3.0,7834.73,689.74,Nashik
102476,07-08-2025,Customer_0857,Mixer,Home,5.0,18942.29,4006.04,Kolhapur
102477,03-09-2025,Customer_1283,Vacuum Cleaner,Home,8.0,45766.87,3885.35,AURANGABAD
102478,18-08-2025,Customer_1979,Bookshelf,Furniture,8.0,54624.18,3607.68,Kolhapur
102479,20-03-2025,Customer_0318,Laptop,Electronics,7.0,440166.53,26737.09,Nagpur
102480,29-05-2025,Customer_2130,Office Chair,Furniture,3.0,25022.26,2731.73,AURANGABAD
102481,18-05-2025,Customer_1793,Smartphone,Electronics,4.0,113157.67,12527.83,Pune
102482,10-11-2025,Customer_0700,Tablet,Electronics,8.0,150666.03,10969.27,AURANGABAD
102483,2025/03/06,Customer_1636,Cookware,Home,7.0,14209.56,2611.56, Pune 
102484,13-01-2025,Customer_1206,T-Shirt,Clothing,7.0,4942.17,1030.32,Aurangabad
102485,01-08-2025,Customer_1523,Backpack,Clothing,6.0,8220.45,1637.27,Kolhapur
102486,30-08-2025,Customer_2144,Desk,Furniture,5.0,59081.2,12801.7,Aurangabad
102487,01-08-2025,Customer_2128,Cabinet,Furniture,6.0,54621.62,6153.77,kolhapur
102488,30-06-2025,Customer_0863,Shoes,Clothing,8.0,22315.54,4365.32,Nashik
102489,04-12-2025,Customer_0041,Desk,Furniture,8.0,87667.6,14016.86, Nashik 
102490,22-06-2025,Customer_1928,Cookware,Home,3.0,5753.91,1115.53,Pune
102491,2025/06/09,Customer_0817,Headphones,Electronics,4.0,9023.64,643.66,Aurangabad
102492,2025/06/13,Customer_1356,Monitor,Electronics,8.0,108647.36,16547.81,Pune
102493,07/07/2025,Customer_2435,Monitor,Electronics,8.0,123925.21,26752.83,MUMBAI
102494,10-07-2025,Customer_1413,Headphones,Electronics,4.0,9818.48,684.07,Aurangabad
102495,04-11-2025,Customer_1165,Smartphone,Electronics,5.0,134341.83,20208.74, Nagpur 
102496,13-09-2025,Customer_1044,Jacket,Clothing,7.0,19293.6,2112.32,Kolhapur
102497,02-07-2025,Customer_0422,Office Chair,Furniture,3.0,22516.19,2571.1,Aurangabad
102498,04/27/2025,Customer_1077,Bookshelf,Furniture,3.0,19387.86,2850.46,Kolhapur
102499,09-10-2025,Customer_1353,Smartphone,Electronics,7.0,194784.51,28626.9,Kolhapur
102500,15-07-2025,Customer_0858,Backpack,Clothing,8.0,10320.56,2024.63,Mumbai
102501,03-02-2025,Customer_0375,Smartphone,Electronics,4.0,101716.57,9469.26,Kolhapur
102502,21-02-2025,Customer_1948,Desk,Furniture,,37333.88,4376.83,Pune
102503,22-04-2025,Customer_0562,T-Shirt,Clothing,1.0,772.33,102.35,Kolhapur
102504,09-09-2025,Customer_1340,Bedsheet,Home,8.0,15378.23,1157.76,Nashik
102505,23-03-2025,Customer_1546,Smartphone,Electronics,7.0,169541.28,36844.48,Nagpur
102506,20-08-2025,Customer_2139,Lamp,Home,5.0,6555.23,561.07,Nashik
102507,15-08-2025,Customer_0681,Monitor,Electronics,4.0,52266.44,5894.11,Aurangabad
102508,21-08-2025,Customer_2296,Jeans,Clothing,7.0,11705.23,2120.04, Nagpur 
102509,09-08-2025,Customer_2286,Lamp,Home,2.0,2579.66,365.23,nagpur
102510,11-02-2025,Customer_1498,Jeans,Clothing,1.0,1749.19,227.28,Nagpur
102511,01/21/2025,Customer_2293,Shoes,Clothing,4.0,8871.64,1333.5,Mumbai
102512,11-02-2025,Customer_0044,Lamp,Home,3.0,4088.49,764.05,mumbai
102513,23-04-2025,Customer_0023,Lamp,Home,4.0,4913.33,803.27,kolhapur
102514,15-04-2025,Customer_1511,Jacket,Clothing,2.0,6323.34,812.77,NASHIK
102515,11-07-2025,Customer_0138,Monitor,Electronics,5.0,66459.28,14379.04,Aurangabad
102516,17-01-2025,,Shoes,Clothing,7.0,19408.08,2167.63,Aurangabad
102517,30-04-2025,Customer_2344,Jacket,Clothing,1.0,2769.58,350.11,Pune
102518,2025/05/09,Customer_2009,Vacuum Cleaner,Home,8.0,46525.89,9921.7,Mumbai
102519,10-05-2025,Customer_0157,Vacuum Cleaner,Home,2.0,12626.82,2526.03,Nashik
102520,01-03-2025,Customer_0725,Monitor,Electronics,3.0,38085.89,5623.74,Mumbai
102521,17-02-2025,Customer_0230,Tablet,Electronics,2.0,30858.78,5624.79,Nagpur
102522,29-01-2025,Customer_2229,Headphones,Electronics,2.0,5121.37,819.9,Nashik
102523,07-04-2025,Customer_1363,Cabinet,Furniture,1.0,6924.13,649.25,Aurangabad
102524,10-01-2025,Customer_2115,Jeans,Clothing,6.0,8374.07,889.55,Pune
102525,30-08-2025,Customer_0267,Bedsheet,Home,1.0,1868.82,281.42,Mumbai
102526,10-11-2025,Customer_0707,Bookshelf,Furniture,2.0,12403.74,1834.27,Nagpur
102527,20-08-2025,Customer_2071,Headphones,Electronics,4.0,9319.09,923.72,Nagpur
102528,04-10-2025,Customer_1122,Office Chair,Furniture,5.0,33416.92,6544.75,Kolhapur
102529,11-10-2025,Customer_1910,T-Shirt,Clothing,6.0,4346.76,390.52, Kolhapur 
102530,22-07-2025,Customer_0362,Monitor,Electronics,8.0,101154.24,20199.05,pune
102531,04-09-2025,Customer_0761,Smartphone,Electronics,2.0,53640.96,8877.79, Nashik 
102532,17-10-2025,Customer_0891,Smartphone,Electronics,1.0,24301.48,2476.71,Aurangabad
102533,2025/09/21,Customer_1011,Shoes,Clothing,2.0,5719.18,1072.68,Nashik
102534,02-08-2025,Customer_0219,Desk,Furniture,5.0,56432.03,11038.69,NAGPUR
102535,19-07-2025,Customer_0576,Jeans,Clothing,5.0,8621.44,927.09,Kolhapur
102536,20-03-2025,Customer_0772,Shoes,Clothing,4.0,9779.66,877.75,Nashik
102537,09-12-2025,Customer_1063,Desk,Furniture,5.0,52998.94,9308.84,Aurangabad
102538,10-12-2025,Customer_2007,Lamp,Home,2.0,2232.61,426.9, Nashik 
102539,22-06-2025,Customer_0699,Jacket,Clothing,8.0,25730.49,1859.26,Pune
102540,10-03-2025,Customer_1778,Cookware,Home,4.0,8728.81,1643.9, Nashik 
102541,28-03-2025,Customer_2064,Jeans,Clothing,6.0,10432.18,1894.48,KOLHAPUR
102542,04/11/2025,Customer_1058,T-Shirt,Clothing,4.0,2673.16,354.5,Mumbai
102543,08-01-2025,Customer_0473,Lamp,Home,1.0,1234.19,266.38,Kolhapur
102544,29-11-2025,Customer_1914,Table,Furniture,3.0,25603.13,5317.85,Kolhapur
102545,19-07-2025,Customer_2411,Jacket,Clothing,7.0,18243.82,3981.75,pune
102546,03/28/2025,Customer_0033,T-Shirt,Clothing,6.0,4414.53,592.26,mumbai
102547,12-02-2025,Customer_1380,Bedsheet,Home,6.0,11167.38,1157.0,Aurangabad
102548,19-04-2025,Customer_1255,Smartphone,Electronics,6.0,139837.82,10930.94,mumbai
102549,01-06-2025,Customer_0090,Vacuum Cleaner,Home,3.0,17242.19,1993.67,Nagpur
102550,17-01-2025,Customer_1636,Vacuum Cleaner,Home,7.0,49087.98,7720.33,Nagpur
102551,13-05-2025,Customer_2462,Bookshelf,Furniture,6.0,31707.91,6226.1,NASHIK
102552,28-05-2025,Customer_0165,Bedsheet,Home,5.0,9273.69,1982.13, Mumbai 
102553,04-10-2025,Customer_1104,Tablet,Electronics,7.0,,11657.81,KOLHAPUR
102554,20-08-2025,Customer_0672,Vacuum Cleaner,Home,1.0,6448.88,1056.07,Kolhapur
102555,10-11-2025,Customer_2327,Bookshelf,Furniture,4.0,20603.51,1285.36,MUMBAI
102556,16-08-2025,Customer_0371,Bookshelf,Furniture,1.0,5332.93,534.71,Nashik
102557,19-05-2025,Customer_1622,Bookshelf,Furniture,8.0,46985.51,6483.55,Mumbai
102558,30-07-2025,Customer_0821,Mixer,Home,3.0,9359.79,1570.04, Mumbai 
102559,28-01-2025,Customer_0757,Jacket,Clothing,2.0,5761.51,617.14,Mumbai
102560,20-02-2025,Customer_1003,Table,Furniture,2.0,15373.76,1113.42,Mumbai
102561,18-09-2025,Customer_0653,T-Shirt,Clothing,8.0,5418.05,458.56,Nashik
102562,18-09-2025,Customer_0871,Tablet,Electronics,7.0,121343.78,19476.8,Nagpur
102563,16-12-2025,Customer_0393,Bedsheet,Home,4.0,7302.03,708.21,Nagpur
102564,18-12-2025,Customer_1638,Bookshelf,Furniture,3.0,17156.64,2714.95,NASHIK
102565,08-01-2025,Customer_2188,Shoes,Clothing,7.0,19394.49,3500.98,Pune
102566,16-11-2025,Customer_0909,Shoes,Clothing,1.0,2540.05,299.64,Kolhapur
102567,18-05-2025,Customer_1484,Desk,Furniture,6.0,69085.11,13865.85,nashik
102568,07-02-2025,Customer_0317,Monitor,Electronics,7.0,84453.76,18417.44,Aurangabad
102569,21-04-2025,Customer_0770,Desk,Furniture,8.0,100734.01,17022.24,Pune
102570,08-08-2025,Customer_0381,Bookshelf,Furniture,7.0,36178.77,5675.9,Nashik
102571,2025/12/03,Customer_0618,Cookware,Home,7.0,15329.67,1179.23,Nashik
102572,11-08-2025,Customer_0143,Shoes,Clothing,8.0,18667.53,3779.25,Nashik
102573,2025/05/16,Customer_1632,Cookware,Home,3.0,6698.98,845.05,Aurangabad
102574,2025/09/13,Customer_1419,Tablet,Electronics,2.0,31384.97,5469.13,Aurangabad
102575,12/26/2025,Customer_0659,Tablet,Electronics,1.0,19095.39,3021.79,Nashik
102576,25-11-2025,Customer_1863,Cabinet,Furniture,7.0,56172.41,7269.02,Pune
102577,18-02-2025,Customer_0224,Bedsheet,Home,7.0,12952.56,1260.85,Nashik
102578,19-10-2025,Customer_2473,Lamp,Home,2.0,2717.71,419.09,Nagpur
102579,20-11-2025,Customer_2192,Shoes,Clothing,6.0,14150.37,1867.12,Nashik
102580,19-03-2025,Customer_2178,Smartphone,Electronics,7.0,191048.45,16403.15,Nagpur
102581,15-04-2025,Customer_1381,Smartphone,Electronics,1.0,23446.27,3955.88,Aurangabad
102582,18-06-2025,Customer_1782,Jeans,Clothing,8.0,12091.48,2258.69,Pune
102583,2025/08/05,Customer_0498,Lamp,Home,1.0,1066.96,194.22,Nagpur
102584,29-04-2025,Customer_2455,Lamp,Home,1.0,1044.61,64.78, Aurangabad 
102585,09-07-2025,Customer_1383,Jacket,Clothing,7.0,21941.55,3357.37,Aurangabad
102586,12-09-2025,Customer_0733,T-Shirt,Clothing,5.0,3344.42,325.13,Nashik
102587,2025/09/23,Customer_1830,Shoes,Clothing,1.0,2587.66,366.0,Nashik
102588,29-05-2025,Customer_1464,T-Shirt,Clothing,2.0,1606.47,349.11,aurangabad
102589,2025/06/13,Customer_1019,Monitor,Electronics,7.0,101969.72,13343.68,Mumbai
102590,20-05-2025,Customer_0517,Monitor,Electronics,2.0,27925.58,4724.92,aurangabad
102591,2025/12/13,Customer_1126,Table,Furniture,7.0,55469.76,6242.36,Nashik
102592,15-09-2025,Customer_2145,Vacuum Cleaner,Home,4.0,22687.12,1627.52,Kolhapur
102593,26-09-2025,Customer_1338,Mixer,Home,2.0,6361.26,875.57,Nashik
102594,30-06-2025,Customer_1565,Smartphone,Electronics,2.0,54271.61,7472.08,KOLHAPUR
102595,2025/06/09,Customer_1731,Headphones,Electronics,5.0,11883.04,869.56,Nagpur
102596,17-12-2025,Customer_0325,Smartphone,Electronics,5.0,126886.08,13120.4,Nagpur
102597,15-10-2025,Customer_1242,Smartphone,Electronics,5.0,129310.03,27976.23,Kolhapur
102598,15-10-2025,Customer_2349,Office Chair,Furniture,6.0,39752.74,3734.38,Nagpur
102599,14-08-2025,Customer_0761,Table,Furniture,5.0,44636.78,9595.93,Nashik
102600,11-01-2025,Customer_0743,Monitor,Electronics,7.0,105991.21,21592.18,AURANGABAD
102601,2025/01/10,Customer_1668,Jacket,Clothing,1.0,2660.32,581.88,Mumbai
102602,28-09-2025,Customer_1126,Tablet,Electronics,3.0,47565.89,3257.11,Nashik
102603,09/30/2025,Customer_0398,Vacuum Cleaner,Home,6.0,43160.55,8993.04,Mumbai
102604,02-07-2025,,Office Chair,Furniture,6.0,39472.9,3084.74,Pune
102605,02-06-2025,Customer_2409,Backpack,Clothing,8.0,9631.47,738.94,Nagpur
102606,2025/11/11,Customer_1949,Backpack,Clothing,7.0,8945.69,1925.22,Kolhapur
102607,2025/11/30,Customer_1310,Headphones,Electronics,6.0,15755.37,2907.94,NASHIK
102608,2025/05/04,Customer_2044,Cookware,Home,8.0,19058.02,2775.07,Mumbai
102609,2025/04/24,Customer_1651,Table,Furniture,5.0,49016.1,7613.63,Pune
102610,05-10-2025,Customer_0341,Tablet,Electronics,6.0,101991.29,15276.01,Mumbai
102611,01-08-2025,Customer_1292,Jacket,Clothing,5.0,14140.74,2711.52,Nagpur
102612,21-06-2025,Customer_2396,Mixer,Home,3.0,12017.44,1511.4,Mumbai
102613,15-10-2025,Customer_1702,Backpack,Clothing,7.0,10574.37,803.25,Pune
102614,23-06-2025,Customer_0962,Backpack,Clothing,8.0,12130.15,1448.66,Nagpur
102615,23-04-2025,Customer_0398,Table,Furniture,2.0,15512.71,1832.35,Nagpur
102616,02-05-2025,Customer_2338,Desk,Furniture,2.0,24796.63,1960.92,Nashik
102617,01-02-2025,Customer_2254,Desk,Furniture,7.0,94685.67,6857.85,NAGPUR
102618,10-08-2025,Customer_2455,Jeans,Clothing,7.0,12644.82,2189.35,Nashik
102619,29-04-2025,Customer_1302,Jacket,Clothing,,5313.92,651.06,Kolhapur
102620,08-02-2025,Customer_2027,Cookware,Home,7.0,16512.54,2579.84, Nagpur 
102621,25-09-2025,Customer_0728,Shoes,Clothing,3.0,7886.2,964.22,Nagpur
102622,08/21/2025,Customer_1901,T-Shirt,Clothing,6.0,4184.64,913.84,Aurangabad
102623,18-01-2025,Customer_2377,Office Chair,Furniture,7.0,47994.29,6088.41,Aurangabad
102624,2025/05/29,Customer_0774,Bedsheet,Home,7.0,11813.09,2154.92,Aurangabad
102625,29-05-2025,Customer_0568,Monitor,Electronics,4.0,60435.41,6453.97,Kolhapur
102626,2025/05/06,Customer_0094,Monitor,Electronics,7.0,85692.88,5298.32,Nashik
102627,29-10-2025,Customer_0373,Desk,Furniture,8.0,93910.58,11800.24,Nashik
102628,26-12-2025,Customer_2262,Monitor,Electronics,7.0,112358.66,15187.33,Kolhapur
102629,26-08-2025,Customer_1512,Desk,Furniture,8.0,88984.85,18028.04,Aurangabad
102630,15-05-2025,Customer_0819,Desk,Furniture,8.0,95742.76,14923.24,Nashik
102631,31-05-2025,Customer_0127,Bookshelf,Furniture,2.0,10544.41,1278.68,Mumbai
102632,24-08-2025,Customer_2471,Bedsheet,Home,4.0,8159.52,1259.18,Nagpur
102633,12-08-2025,Customer_2049,Desk,Furniture,8.0,91521.65,14653.23,Aurangabad
102634,22-07-2025,Customer_0653,Monitor,Electronics,6.0,94342.36,9796.37,Mumbai
102635,13-09-2025,Customer_0133,Mixer,Home,1.0,3505.37,748.01,AURANGABAD
102636,27-03-2025,Customer_1579,Vacuum Cleaner,Home,8.0,46889.38,8212.5,Pune
102637,05/30/2025,Customer_2487,Lamp,Home,2.0,2482.43,418.9,Aurangabad
102638,23-08-2025,Customer_0245,Tablet,Electronics,8.0,137572.69,15163.36,Nashik
102639,11-12-2025,Customer_1637,Mixer,Home,6.0,22160.52,2093.88,AURANGABAD
102640,22-01-2025,Customer_0425,Bedsheet,Home,2.0,3513.23,316.57,mumbai
102641,14-12-2025,Customer_0693,Backpack,Clothing,2.0,2386.98,513.7,Nashik
102642,12-10-2025,Customer_0996,Lamp,Home,3.0,3526.24,758.48, Nagpur 
102643,09/26/2025,Customer_1352,Bookshelf,Furniture,2.0,10705.16,1648.37,Aurangabad
102644,15-09-2025,Customer_1003,Tablet,Electronics,8.0,131082.08,24435.25,NASHIK
102645,29-01-2025,Customer_1355,Jacket,Clothing,8.0,24306.48,1896.32,Nagpur
102646,01-08-2025,Customer_2435,Backpack,Clothing,5.0,7865.34,716.85,Pune
102647,10-10-2025,Customer_0107,Desk,Furniture,5.0,62033.59,13504.8,Mumbai
102648,2025/02/19,Customer_1193,Backpack,Clothing,6.0,9363.64,1994.93,Nashik
102649,2025/04/05,Customer_1947,Cabinet,Furniture,5.0,38111.19,2930.45,Aurangabad
102650,29-03-2025,Customer_0527,Lamp,Home,3.0,3263.41,457.14, Mumbai 
102651,2025/02/13,Customer_0934,Shoes,Clothing,5.0,13599.61,1142.7,Pune
102652,05-10-2025,Customer_0608,Cabinet,Furniture,5.0,41916.78,4685.14,Kolhapur
102653,20-06-2025,Customer_2084,Headphones,Electronics,6.0,14285.41,2370.05, Aurangabad 
102654,08-07-2025,Customer_1410,Bedsheet,Home,3.0,5346.54,1015.44,Aurangabad
102655,19-12-2025,Customer_2144,Cabinet,Furniture,6.0,43045.23,8023.27,NASHIK
102656,03-07-2025,Customer_2152,Bedsheet,Home,3.0,4694.06,427.39,Nagpur
102657,03-01-2025,Customer_0059,Table,Furniture,7.0,65951.23,12978.42,AURANGABAD
102658,2025/07/10,Customer_1267,Headphones,Electronics,4.0,9258.04,1040.15,mumbai
102659,04/28/2025,Customer_2493,Desk,Furniture,5.0,60668.17,5693.81,Aurangabad
102660,19-01-2025,Customer_2044,Smartphone,Electronics,6.0,164002.03,30140.6,NAGPUR
102661,23-01-2025,Customer_0830,Monitor,Electronics,4.0,50040.9,6716.13,Nashik
102662,30-01-2025,Customer_1350,Tablet,Electronics,2.0,38968.14,4441.31,Kolhapur
102663,22-10-2025,Customer_0230,Headphones,Electronics,2.0,5199.66,353.75, Nagpur 
102664,18-04-2025,Customer_0749,Desk,Furniture,5.0,61956.4,5230.64,Aurangabad
102665,08-10-2025,Customer_0727,Desk,Furniture,8.0,105520.8,12332.42,Pune
102666,08-05-2025,Customer_0375,Backpack,Clothing,5.0,6541.26,1272.55,Aurangabad
102667,17-08-2025,Customer_2141,Office Chair,Furniture,3.0,19463.47,2402.91,Nashik
102668,2025/04/21,Customer_1000,Smartphone,Electronics,4.0,96100.11,10145.1,Kolhapur
102669,2025/05/16,Customer_2200,Bedsheet,Home,2.0,4044.69,728.65,Pune
102670,28-12-2025,Customer_1960,T-Shirt,Clothing,4.0,2433.7,424.31,Pune
102671,05-07-2025,Customer_0809,Mixer,Home,8.0,28229.31,5762.7,Pune
102672,24-05-2025,Customer_1229,Cabinet,Furniture,8.0,60408.56,9174.0,Kolhapur
102673,13-03-2025,Customer_0457,Monitor,Electronics,7.0,98022.21,13559.39,Aurangabad
102674,09-05-2025,Customer_0003,Cookware,Home,8.0,17368.24,1613.52,Nashik
102675,30-12-2025,Customer_2018,Vacuum Cleaner,Home,5.0,34993.17,4626.58,Aurangabad
102676,18-09-2025,Customer_2107,Bookshelf,Furniture,8.0,54602.63,5554.69,Nashik
102677,03-01-2025,Customer_1398,Jacket,Clothing,4.0,11814.02,2487.03,Nashik
102678,14-04-2025,Customer_0747,Shoes,Clothing,2.0,5245.19,1045.91,Nagpur
102679,12-08-2025,Customer_2031,Headphones,Electronics,8.0,21964.89,2583.48,Mumbai
102680,16-11-2025,Customer_1248,Office Chair,Furniture,7.0,54076.95,4596.64,PUNE
102681,28-12-2025,Customer_0793,Lamp,Home,3.0,3638.37,352.44,PUNE
102682,20-12-2025,Customer_2056,Desk,Furniture,5.0,64387.26,9303.27,Nashik
102683,10-01-2025,Customer_0422,Backpack,Clothing,8.0,10901.72,1122.96,Aurangabad
102684,29-10-2025,Customer_2339,Backpack,Clothing,4.0,6437.81,460.13,Aurangabad
102685,19-08-2025,Customer_0787,Bookshelf,Furniture,3.0,15535.23,1472.14,Nagpur
102686,07-08-2025,Customer_1334,Desk,Furniture,3.0,41087.58,8902.78,Kolhapur
102687,07-03-2025,Customer_1104,Vacuum Cleaner,Home,7.0,47614.76,9561.86,Mumbai
102688,22-04-2025,Customer_1519,Shoes,Clothing,5.0,11427.36,2462.9,Mumbai
102689,01/13/2025,Customer_1292,Jacket,Clothing,6.0,14999.64,1142.67, Nagpur 
102690,2025/03/27,Customer_1709,Shoes,Clothing,7.0,15464.11,2345.91,Pune
102691,22-08-2025,Customer_1449,Mixer,Home,7.0,26565.16,3152.4,AURANGABAD
102692,03/31/2025,Customer_0080,Table,Furniture,5.0,51451.6,6663.35,Aurangabad
102693,10-11-2025,Customer_1208,Desk,Furniture,5.0,53708.07,7226.67,Nashik
102694,23-02-2025,Customer_1567,Headphones,Electronics,7.0,18439.95,3561.79,Nashik
102695,2025/01/12,Customer_1123,Desk,Furniture,8.0,94812.53,14693.77,Pune
102696,28-07-2025,,Smartphone,Electronics,3.0,69765.26,11395.92, Aurangabad 
102697,14-01-2025,Customer_0189,Vacuum Cleaner,Home,8.0,59581.16,4042.5, Aurangabad 
102698,01-05-2025,Customer_1148,Bedsheet,Home,4.0,8034.91,1204.96,kolhapur
102699,20-01-2025,Customer_0230,Mixer,Home,2.0,6479.41,1378.7,AURANGABAD
102700,16-03-2025,Customer_1795,Jacket,Clothing,6.0,16716.11,1890.1,Nashik
102701,31-08-2025,Customer_0304,Tablet,Electronics,3.0,48840.26,4840.67,Nashik
102702,11-08-2025,Customer_2416,Cookware,Home,3.0,7259.04,1149.15,Nashik
102703,11-03-2025,Customer_1796,Cabinet,Furniture,2.0,17983.58,1746.47,Mumbai
102704,2025/11/08,Customer_2281,Backpack,Clothing,5.0,6204.39,378.31,Kolhapur
102705,30-07-2025,Customer_0279,T-Shirt,Clothing,3.0,2104.95,462.52,Aurangabad
102706,2025/04/11,Customer_0880,Jacket,Clothing,8.0,23710.17,2592.54,Mumbai
102707,05-07-2025,Customer_1888,Shoes,Clothing,4.0,11130.58,2060.0,Nashik
102708,12-05-2025,Customer_1046,Jeans,Clothing,5.0,6837.0,1303.8,Kolhapur
102709,21-04-2025,Customer_1683,Smartphone,Electronics,2.0,47007.9,3946.21,Nagpur
102710,12-05-2025,Customer_2165,Bedsheet,Home,1.0,1652.22,223.0, Pune 
102711,20-01-2025,Customer_0132,T-Shirt,Clothing,7.0,4789.56,508.76,Kolhapur
102712,24-01-2025,Customer_1158,Backpack,Clothing,8.0,10098.65,1837.52,Kolhapur
102713,08/15/2025,Customer_2316,T-Shirt,Clothing,2.0,1605.85,296.19,pune
102714,03-06-2025,Customer_2104,Monitor,Electronics,3.0,39428.81,3910.13,PUNE
102715,20-10-2025,Customer_0300,Vacuum Cleaner,Home,4.0,23797.79,1948.35, Aurangabad 
102716,18-08-2025,Customer_1849,Lamp,Home,8.0,9747.83,1529.08,Aurangabad
102717,06-11-2025,Customer_0745,Bookshelf,Furniture,2.0,12739.81,2150.91,Aurangabad
102718,25-12-2025,,Shoes,Clothing,7.0,16409.75,1851.84,Nagpur
102719,2025/07/21,Customer_0078,T-Shirt,Clothing,7.0,5166.83,598.9,pune
102720,02/07/2025,Customer_0617,Bookshelf,Furniture,7.0,38379.05,4601.41,nashik
102721,17-09-2025,Customer_2181,Cabinet,Furniture,6.0,44718.01,3314.95,Nagpur
102722,07-07-2025,Customer_2363,Cabinet,Furniture,6.0,52754.0,10366.05,MUMBAI
102723,26-02-2025,Customer_1264,Desk,Furniture,4.0,43964.4,3093.49,Mumbai
102724,20-01-2025,Customer_0522,Laptop,Electronics,,58940.65,5531.26,Kolhapur
102725,30-09-2025,Customer_1292,T-Shirt,Clothing,6.0,4065.73,285.66,mumbai
102726,29-04-2025,Customer_0669,Desk,Furniture,5.0,55072.85,10291.15,Nagpur
102727,12-03-2025,Customer_1456,Jeans,Clothing,4.0,6984.44,650.49,Pune
102728,04-01-2025,Customer_1537,Table,Furniture,2.0,17113.93,1394.41, Pune 
102729,09-08-2025,Customer_0202,Cookware,Home,7.0,13432.68,2938.36,Nagpur
102730,14-01-2025,Customer_0843,Bedsheet,Home,4.0,7536.08,1105.81,nagpur
102731,03-01-2025,Customer_2076,Laptop,Electronics,3.0,178142.18,34633.04,Kolhapur
102732,04-08-2025,Customer_0493,Smartphone,Electronics,,109201.44,6841.07,Nagpur
102733,2025/08/17,Customer_0783,Jacket,Clothing,7.0,17758.43,2926.32,Mumbai
102734,02-12-2025,Customer_1958,Monitor,Electronics,6.0,80869.14,17564.55,Nashik
102735,05-07-2025,Customer_0030,Tablet,Electronics,1.0,18893.19,4025.15,Nagpur
102736,24-02-2025,Customer_1453,Bedsheet,Home,2.0,3277.56,649.72,Nashik
102737,2025/09/11,Customer_1232,T-Shirt,Clothing,7.0,4637.39,1012.48,Mumbai
102738,24-01-2025,Customer_0065,Tablet,Electronics,8.0,129212.15,18427.51,Nashik
102739,11-06-2025,Customer_1020,T-Shirt,Clothing,3.0,2284.49,295.21,mumbai
102740,07-06-2025,Customer_0575,Smartphone,Electronics,3.0,74281.89,16179.85,Aurangabad
102741,23-03-2025,Customer_2443,Mixer,Home,1.0,3421.57,535.99,Mumbai
102742,08-06-2025,Customer_0646,Jacket,Clothing,7.0,16980.69,3307.05,NAGPUR
102743,07-07-2025,Customer_0744,Desk,Furniture,3.0,37600.21,4686.61,Nashik
102744,03/01/2025,Customer_2038,Smartphone,Electronics,1.0,21371.27,3305.43,Mumbai
102745,01-11-2025,Customer_1087,Shoes,Clothing,6.0,12806.96,770.88,Kolhapur
102746,15-11-2025,Customer_1359,T-Shirt,Clothing,1.0,724.38,65.37,PUNE
102747,30-07-2025,Customer_1670,Mixer,Home,3.0,9529.45,1567.82,Pune
102748,01-06-2025,Customer_0648,Vacuum Cleaner,Home,3.0,16889.13,1860.25,Pune
102749,19-04-2025,Customer_0378,Headphones,Electronics,4.0,8948.3,1367.55,Nagpur
102750,17-03-2025,Customer_1903,Laptop,Electronics,8.0,461353.0,80912.89,Nagpur
102751,30-01-2025,Customer_1276,Cookware,Home,1.0,2038.45,151.42,Nagpur
102752,10-11-2025,Customer_1323,Lamp,Home,3.0,3144.98,403.14,aurangabad
102753,04/27/2025,Customer_1958,Backpack,Clothing,2.0,3174.51,301.06,Nagpur
102754,2025/12/22,Customer_2109,Desk,Furniture,4.0,44497.08,3388.11, Mumbai 
102755,11-07-2025,Customer_0389,Desk,Furniture,2.0,24760.11,4179.0,Aurangabad
102756,19-01-2025,Customer_1024,Lamp,Home,2.0,2502.91,495.03,Mumbai
102757,22-06-2025,Customer_1347,Jeans,Clothing,5.0,7967.42,649.45,aurangabad
102758,16-08-2025,Customer_0540,Vacuum Cleaner,Home,5.0,30446.7,5053.81,Nashik
102759,16-12-2025,Customer_2374,Lamp,Home,3.0,3722.17,539.57,Aurangabad
102760,02-07-2025,,Tablet,Electronics,1.0,18988.01,3075.73,Mumbai
102761,23-04-2025,Customer_0975,Smartphone,Electronics,1.0,27859.94,4283.82,Mumbai
102762,02-07-2025,Customer_2344,Lamp,Home,1.0,1300.3,129.76,nagpur
102763,2025/05/26,Customer_2365,Lamp,Home,4.0,5056.58,1033.32,nagpur
102764,15-11-2025,Customer_1077,Cookware,Home,8.0,16996.67,3138.55,KOLHAPUR
102765,26-04-2025,Customer_2108,Mixer,Home,5.0,,1298.72, Nashik 
102766,2025/04/23,Customer_1397,Jeans,Clothing,5.0,8195.62,662.45,Nagpur
102767,08-09-2025,Customer_2127,Mixer,Home,6.0,23944.11,4545.2,Nashik
102768,08-09-2025,Customer_0105,Headphones,Electronics,7.0,15451.05,1228.05, Kolhapur 
102769,30-10-2025,Customer_1874,Office Chair,Furniture,4.0,30850.26,3553.4, Pune 
102770,09-11-2025,Customer_0518,Monitor,Electronics,5.0,60233.02,8833.93,Nashik
102771,28-04-2025,Customer_2267,Shoes,Clothing,7.0,16911.19,1288.16,Pune
102772,2025/10/28,Customer_0581,Table,Furniture,4.0,39260.74,8103.9,Aurangabad
102773,2025/06/10,Customer_1450,Office Chair,Furniture,4.0,32309.35,6190.07,Kolhapur
102774,07/17/2025,Customer_2184,Cabinet,Furniture,1.0,7319.58,747.85,NASHIK
102775,17-09-2025,Customer_1534,Cabinet,Furniture,3.0,21901.4,3995.04,mumbai
102776,28-05-2025,Customer_0623,Smartphone,Electronics,4.0,113437.51,19816.85,Kolhapur
102777,28-08-2025,Customer_0201,Cookware,Home,5.0,12258.84,1988.28,Nagpur
102778,16-02-2025,Customer_1952,Shoes,Clothing,7.0,16910.21,2166.57,Nagpur
102779,17-07-2025,Customer_0002,Jeans,Clothing,5.0,6980.77,453.98,Pune
102780,16-02-2025,Customer_0856,Backpack,Clothing,5.0,7410.5,964.47, Aurangabad 
102781,19-03-2025,Customer_0575,Laptop,Electronics,7.0,391030.84,58351.89,MUMBAI
102782,04-05-2025,Customer_1603,Cookware,Home,4.0,8212.27,1118.04,MUMBAI
102783,2025/03/16,Customer_1019,Bedsheet,Home,4.0,7136.84,871.75,Nashik
102784,25-12-2025,Customer_0576,Smartphone,Electronics,5.0,137025.33,18112.86,Nagpur
102785,17-05-2025,Customer_0844,Monitor,Electronics,3.0,43305.92,8803.37,Nagpur
102786,31-03-2025,Customer_0045,Bookshelf,Furniture,6.0,39955.32,8089.66,Aurangabad
102787,11/21/2025,Customer_2148,Monitor,Electronics,5.0,65170.1,4274.98,Pune
102788,02-03-2025,Customer_1224,Cookware,Home,8.0,16338.43,1708.89,Pune
102789,18-05-2025,Customer_1399,Cookware,Home,2.0,4940.36,809.62,Nashik
102790,2025/02/19,Customer_0463,Tablet,Electronics,5.0,78706.01,6427.18,Aurangabad
102791,09/16/2025,Customer_1996,Bedsheet,Home,3.0,4842.2,778.95, Nashik 
102792,17-04-2025,Customer_0363,Cabinet,Furniture,2.0,17129.99,3383.91,Aurangabad
102793,23-04-2025,Customer_1772,Jeans,Clothing,8.0,14492.04,1337.22,Nagpur
102794,12/16/2025,Customer_1130,Laptop,Electronics,5.0,259306.23,25529.13,NASHIK
102795,11-09-2025,Customer_1461,Shoes,Clothing,5.0,11970.36,2470.04,Pune
102796,28-04-2025,Customer_0995,Laptop,Electronics,8.0,449914.86,80134.65,Kolhapur
102797,17-07-2025,Customer_1089,Cookware,Home,7.0,15354.35,992.16,Pune
102798,03-12-2025,Customer_2485,Vacuum Cleaner,Home,7.0,39551.27,5777.16,Kolhapur
102799,31-12-2025,Customer_2419,Mixer,Home,2.0,7459.46,704.57,Aurangabad
102800,20-02-2025,Customer_0482,Monitor,Electronics,2.0,29864.04,5665.4,Mumbai
102801,02-09-2025,Customer_1613,Backpack,Clothing,7.0,9540.98,1711.91,Aurangabad
102802,04-02-2025,Customer_1888,Headphones,Electronics,8.0,19424.18,3273.68,Kolhapur
102803,2025/10/29,Customer_0106,Tablet,Electronics,7.0,135979.09,29739.75,Mumbai
102804,10-03-2025,Customer_0405,Office Chair,Furniture,6.0,42912.85,5397.0,NASHIK
102805,15-12-2025,Customer_1039,Mixer,Home,8.0,25191.21,2334.01,NASHIK
102806,16-11-2025,Customer_1134,Jacket,Clothing,4.0,11849.81,2449.68,Nagpur
102807,18-02-2025,Customer_1078,Headphones,Electronics,8.0,19367.63,1719.36,Mumbai
102808,03/15/2025,Customer_1644,Cabinet,Furniture,6.0,44905.43,5963.81,Nashik
102809,11-07-2025,Customer_1368,Table,Furniture,2.0,16869.51,1642.63,Nashik
102810,09/18/2025,Customer_0415,Bookshelf,Furniture,5.0,32123.86,1967.75,Aurangabad
102811,22-12-2025,Customer_2037,Tablet,Electronics,6.0,109271.07,20433.98,Aurangabad
102812,11-03-2025,Customer_1085,Table,Furniture,4.0,33475.27,5239.77,aurangabad
102813,31-03-2025,Customer_1794,Lamp,Home,6.0,7564.82,1246.71,Nashik
102814,17-09-2025,Customer_0066,Desk,Furniture,6.0,70830.35,8177.54,Pune
102815,06-05-2025,Customer_2074,Cabinet,Furniture,5.0,44031.09,7985.1,Aurangabad
102816,2025/08/19,Customer_1631,Backpack,Clothing,3.0,3974.78,304.0,Kolhapur
102817,22-10-2025,Customer_0371,Smartphone,Electronics,2.0,43577.11,3271.95,Aurangabad
102818,09-05-2025,Customer_1394,Lamp,Home,3.0,3689.5,251.87,Kolhapur
102819,07-10-2025,Customer_1578,Shoes,Clothing,3.0,7133.09,1287.61,PUNE
102820,09-11-2025,Customer_1327,Backpack,Clothing,2.0,2627.25,478.5,Mumbai
102821,2025/04/10,Customer_2245,Mixer,Home,4.0,15030.96,1493.06,mumbai
102822,22-11-2025,Customer_0920,T-Shirt,Clothing,8.0,5984.42,1075.07,Aurangabad
102823,2025/10/24,Customer_1804,Desk,Furniture,4.0,46523.34,4357.71,Aurangabad
102824,01-07-2025,Customer_1216,Desk,Furniture,1.0,12076.57,2504.97,Mumbai
102825,23-06-2025,Customer_1798,Monitor,Electronics,8.0,116691.12,10230.03,Nagpur
102826,12-11-2025,Customer_2125,Table,Furniture,3.0,28480.33,3655.52,kolhapur
102827,30-12-2025,Customer_1072,Vacuum Cleaner,Home,7.0,46749.37,8295.69,Aurangabad
102828,07-07-2025,Customer_1517,Jacket,Clothing,7.0,19687.89,3745.37,Nashik
102829,26-02-2025,Customer_0316,Bookshelf,Furniture,6.0,38399.28,6082.9,Aurangabad
102830,31-01-2025,Customer_2205,Bookshelf,Furniture,4.0,21485.71,4162.9, Kolhapur 
102831,2025/03/25,Customer_2193,Office Chair,Furniture,8.0,67846.3,5557.59,NASHIK
102832,01-06-2025,Customer_1427,Monitor,Electronics,4.0,55802.45,5659.61,Aurangabad
102833,05-02-2025,,Table,Furniture,5.0,48436.06,8498.63,Pune
102834,01-08-2025,Customer_2037,Vacuum Cleaner,Home,8.0,46397.81,9294.61,Kolhapur
102835,2025/12/30,Customer_0091,Mixer,Home,3.0,9495.07,1780.91,Kolhapur
102836,2025/04/16,Customer_1424,Vacuum Cleaner,Home,1.0,6416.11,721.96,Nagpur
102837,08-12-2025,Customer_0268,Office Chair,Furniture,6.0,40386.23,3506.26,Aurangabad
102838,08-08-2025,Customer_0113,Backpack,Clothing,5.0,7339.97,1086.82,Aurangabad
102839,12-06-2025,Customer_1624,Bedsheet,Home,3.0,4787.78,373.6,Mumbai
102840,08-08-2025,Customer_1354,Lamp,Home,5.0,5230.16,936.21,Mumbai
102841,27-09-2025,Customer_0028,Cookware,Home,6.0,14039.05,973.59,Kolhapur
102842,30-04-2025,Customer_0291,Headphones,Electronics,2.0,5090.41,374.39,Kolhapur
102843,02-12-2025,Customer_0661,Monitor,Electronics,7.0,109870.13,22538.62,Aurangabad
102844,01-07-2025,Customer_0743,Desk,Furniture,3.0,38140.92,7940.57,pune
102845,16-04-2025,Customer_0365,Mixer,Home,6.0,22962.15,4421.73,Pune
102846,05-08-2025,Customer_1670,Vacuum Cleaner,Home,7.0,46451.51,5061.8, Nagpur 
102847,24-07-2025,Customer_0750,Cookware,Home,6.0,12082.48,1357.49,Pune
102848,11-03-2025,Customer_1763,Jacket,Clothing,3.0,8723.81,764.42,Nashik
102849,13-02-2025,Customer_1068,Mixer,Home,3.0,9739.72,1313.79, Nagpur 
102850,25-11-2025,Customer_0335,Desk,Furniture,6.0,66233.88,10212.14,Nashik
102851,2025/10/28,Customer_0084,Mixer,Home,5.0,19721.67,3543.87,Kolhapur
102852,16-08-2025,Customer_1529,Monitor,Electronics,1.0,14698.99,2252.41,Pune
102853,07/03/2025,Customer_0020,Office Chair,Furniture,1.0,7472.88,671.44,Nashik
102854,2025/04/17,Customer_2327,Lamp,Home,1.0,1342.1,133.9,Kolhapur
102855,25-03-2025,Customer_0773,T-Shirt,Clothing,3.0,1842.52,331.66,Aurangabad
102856,04-12-2025,Customer_1415,Cookware,Home,4.0,7943.63,949.29,Pune
102857,07-09-2025,Customer_2352,Cabinet,Furniture,6.0,41207.3,3376.15,MUMBAI
102858,29-12-2025,Customer_1824,Cookware,Home,3.0,5952.94,409.0,Pune
102859,21-01-2025,Customer_1277,Monitor,Electronics,2.0,29315.92,5684.98,Nashik
102860,15-07-2025,Customer_2418,Headphones,Electronics,3.0,7214.96,1442.5,KOLHAPUR
102861,27-06-2025,Customer_0792,Office Chair,Furniture,8.0,54840.24,6145.53,kolhapur
102862,07-01-2025,Customer_1863,Cabinet,Furniture,6.0,42970.61,6844.77,aurangabad
102863,2025/03/11,Customer_2272,Bedsheet,Home,2.0,3513.46,555.57,Pune
102864,07-05-2025,Customer_0580,Jeans,Clothing,6.0,10353.62,1525.22,Mumbai
102865,09-06-2025,Customer_0171,Cookware,Home,7.0,15989.65,3352.07,Nashik
102866,05-09-2025,Customer_2130,Tablet,Electronics,2.0,33829.89,3973.87,PUNE
102867,22-07-2025,Customer_2238,Backpack,Clothing,7.0,10440.05,1647.53,Aurangabad
102868,28-05-2025,Customer_0555,Bookshelf,Furniture,6.0,32528.16,3909.35,Nagpur
102869,23-05-2025,Customer_1656,Bookshelf,Furniture,7.0,41594.76,5286.79,nagpur
102870,2025/07/18,Customer_0098,Mixer,Home,8.0,25297.51,5259.57, Nagpur 
102871,06/03/2025,Customer_2498,Headphones,Electronics,8.0,21573.91,2955.99,nagpur
102872,22-05-2025,Customer_0226,Shoes,Clothing,5.0,13175.23,2682.02,Kolhapur
102873,09-11-2025,Customer_1258,Smartphone,Electronics,2.0,44542.61,4456.92,Kolhapur
102874,14-06-2025,Customer_2189,Bookshelf,Furniture,1.0,6076.86,1141.49,Pune
102875,10-11-2025,Customer_0772,Headphones,Electronics,7.0,15065.34,3275.85,Nashik
102876,21-01-2025,Customer_2084,Tablet,Electronics,3.0,53269.49,6257.94,Nashik
102877,23-03-2025,Customer_1873,Smartphone,Electronics,2.0,46890.87,4121.57,Mumbai
102878,10-03-2025,Customer_0834,Bookshelf,Furniture,2.0,13049.67,2777.83,Nagpur
102879,11-05-2025,Customer_0186,Cabinet,Furniture,1.0,7792.75,1655.08,Nagpur
102880,28-03-2025,Customer_0020,Office Chair,Furniture,5.0,41142.72,5635.24,Mumbai
102881,08/06/2025,Customer_0936,Jeans,Clothing,7.0,11784.73,1527.27,Nashik
102882,01-11-2025,Customer_0581,Mixer,Home,3.0,10684.98,740.33,Kolhapur
102883,12/11/2025,Customer_1732,Cabinet,Furniture,5.0,42355.16,2899.29,Aurangabad
102884,07-12-2025,Customer_1677,Jeans,Clothing,5.0,8761.0,1682.04,Aurangabad
102885,10-06-2025,Customer_1545,Tablet,Electronics,7.0,116061.52,12974.06,nashik
102886,27-06-2025,Customer_2459,Table,Furniture,5.0,44747.69,6956.75,Pune
102887,27-04-2025,Customer_0528,Mixer,Home,8.0,26213.77,4057.83,Aurangabad
102888,15-07-2025,Customer_0473,Office Chair,Furniture,2.0,14090.04,970.5,Mumbai
102889,23-11-2025,Customer_2200,Mixer,Home,3.0,8932.96,680.55,Nashik
102890,2025/03/27,Customer_1167,Bookshelf,Furniture,7.0,45682.36,9768.21,Kolhapur
102891,16-10-2025,Customer_0445,Jacket,Clothing,5.0,13693.26,1944.85,Pune
102892,22-03-2025,Customer_2273,Cookware,Home,2.0,3933.84,582.86,Nagpur
102893,01-06-2025,Customer_1921,Desk,Furniture,1.0,10720.76,1691.67,nagpur
102894,02-03-2025,Customer_0156,Laptop,Electronics,4.0,248595.07,22699.66,Nagpur
102895,02-03-2025,Customer_0991,Office Chair,Furniture,2.0,16190.54,1032.31,Nagpur
102896,12/20/2025,Customer_1811,Shoes,Clothing,3.0,7219.87,561.13,Kolhapur
102897,28-01-2025,Customer_0862,Monitor,Electronics,4.0,53521.59,4697.37,AURANGABAD
102898,12-02-2025,Customer_0626,T-Shirt,Clothing,1.0,673.39,85.39,nashik
102899,18-06-2025,Customer_1893,Jeans,Clothing,6.0,9025.7,1489.78,Mumbai
102900,27-03-2025,Customer_0628,Tablet,Electronics,7.0,141832.61,17600.75,Nashik
102901,26-06-2025,Customer_0797,Smartphone,Electronics,3.0,68077.72,7033.49,Nashik
102902,17-01-2025,Customer_0285,Mixer,Home,8.0,30973.61,4691.34,Mumbai
102903,08-04-2025,Customer_0588,Backpack,Clothing,3.0,4143.31,347.8,kolhapur
102904,07/17/2025,Customer_0267,T-Shirt,Clothing,2.0,1378.89,144.17,Nagpur
102905,08-04-2025,Customer_1318,Monitor,Electronics,3.0,47583.86,9585.83,Nashik
102906,06-03-2025,Customer_0958,Smartphone,Electronics,2.0,43758.54,6242.79,Pune
102907,26-11-2025,Customer_1588,Mixer,Home,1.0,3211.31,403.74,Kolhapur
102908,07-12-2025,Customer_2309,Smartphone,Electronics,1.0,27826.36,4018.19,Kolhapur
102909,2025/01/05,Customer_2341,Laptop,Electronics,8.0,418116.42,38994.43, Aurangabad 
102910,02-01-2025,Customer_1842,Lamp,Home,7.0,9156.82,1464.38,Aurangabad
102911,22-01-2025,Customer_1414,Table,Furniture,5.0,44568.88,4225.02,Aurangabad
102912,22-04-2025,Customer_1861,Bedsheet,Home,3.0,5131.48,1095.96,Kolhapur
102913,26-02-2025,Customer_1175,Jeans,Clothing,3.0,4828.93,599.33,Aurangabad
102914,07-03-2025,Customer_0657,Table,Furniture,5.0,45289.2,8362.11,Nashik
102915,2025/11/26,Customer_0590,Tablet,Electronics,5.0,85682.94,7590.91, Pune 
102916,08-04-2025,Customer_1648,Bedsheet,Home,4.0,7383.46,1228.85,Mumbai
102917,24-05-2025,Customer_1725,Jeans,Clothing,7.0,11914.73,2396.27,nagpur
102918,05-05-2025,Customer_1592,Bedsheet,Home,8.0,13843.47,997.52,Nagpur
102919,16-06-2025,Customer_1634,Jacket,Clothing,6.0,19110.08,2476.7,Mumbai
102920,27-03-2025,Customer_0783,Desk,Furniture,4.0,49774.91,8292.94,Kolhapur
102921,17-03-2025,Customer_1898,Cabinet,Furniture,6.0,48669.8,4518.56,Kolhapur
102922,10-12-2025,,Lamp,Home,5.0,6459.26,1218.22,Nagpur
102923,21-10-2025,Customer_2224,Table,Furniture,2.0,18286.07,2526.58,aurangabad
102924,2025/02/28,Customer_0209,Lamp,Home,7.0,7427.12,545.39,Mumbai
102925,18-05-2025,Customer_1575,Bookshelf,Furniture,3.0,17133.65,1880.17,Kolhapur
102926,09-04-2025,Customer_0098,Cookware,Home,8.0,19995.31,3706.72,Aurangabad
102927,11-07-2025,Customer_1120,Table,Furniture,3.0,28295.39,4041.25,aurangabad
102928,08/31/2025,Customer_0618,Table,Furniture,4.0,32407.57,7017.96,Nagpur
102929,15-11-2025,Customer_0535,Shoes,Clothing,4.0,9625.12,742.17,Nagpur
102930,18-02-2025,Customer_0398,Backpack,Clothing,1.0,1397.4,279.26,PUNE
102931,01-02-2025,Customer_0217,Laptop,Electronics,1.0,61390.3,3791.13,Nashik
102932,04-10-2025,Customer_0832,Headphones,Electronics,6.0,16738.33,1731.37,Aurangabad
102933,20-01-2025,Customer_0271,Desk,Furniture,5.0,51701.5,10115.22,Nashik
102934,2025/06/03,Customer_1946,Backpack,Clothing,8.0,12422.59,1930.43,Nashik
102935,09-03-2025,Customer_0416,Bookshelf,Furniture,5.0,30669.9,5830.33,Kolhapur
102936,02-08-2025,Customer_1701,Desk,Furniture,3.0,39092.14,7912.91,pune
102937,23-05-2025,Customer_1152,Cookware,Home,8.0,17878.51,3840.72,Aurangabad
102938,20-08-2025,Customer_1823,Office Chair,Furniture,3.0,25848.99,2032.95,Pune
102939,01-08-2025,Customer_1937,Smartphone,Electronics,7.0,193351.05,27063.65,nagpur
102940,20-03-2025,Customer_2401,Cookware,Home,1.0,2125.79,336.07,Aurangabad
102941,02-08-2025,Customer_1833,Shoes,Clothing,3.0,6500.92,916.85,Pune
102942,26-04-2025,Customer_1392,Vacuum Cleaner,Home,6.0,43339.42,4080.57,Pune
102943,02-04-2025,Customer_0553,T-Shirt,Clothing,3.0,2053.63,431.91,Kolhapur
102944,27-09-2025,Customer_0455,Shoes,Clothing,3.0,7339.27,861.18,AURANGABAD
102945,17-06-2025,Customer_0341,Bookshelf,Furniture,5.0,29464.83,4216.78,Nashik
102946,2025/02/27,Customer_0693,Mixer,Home,7.0,25470.14,4791.21,Nashik
102947,2025/10/11,Customer_2132,Jeans,Clothing,5.0,7885.05,1504.44,Pune
102948,26-01-2025,Customer_0214,Lamp,Home,3.0,3636.42,415.12,Aurangabad
102949,2025/03/07,Customer_1839,Bookshelf,Furniture,5.0,31421.56,5493.61,Nagpur
102950,09/05/2025,Customer_1877,T-Shirt,Clothing,5.0,3560.95,245.91,Aurangabad
102951,11-09-2025,Customer_0536,Headphones,Electronics,1.0,2252.41,237.96,KOLHAPUR
102952,13-02-2025,Customer_1240,Monitor,Electronics,1.0,13087.03,2195.31,Nagpur
102953,2025/04/07,Customer_1591,Table,Furniture,7.0,53896.79,9750.42,pune
102954,2025/02/11,Customer_1503,Shoes,Clothing,6.0,13944.04,1528.32,Kolhapur
102955,15-08-2025,Customer_0543,Bedsheet,Home,6.0,10890.43,1029.67,Nashik
102956,19-09-2025,Customer_2003,Backpack,Clothing,4.0,6245.91,460.07,Nashik
102957,16-06-2025,Customer_0348,T-Shirt,Clothing,8.0,5506.56,1078.78,Aurangabad
102958,06-10-2025,Customer_0095,Backpack,Clothing,2.0,2897.31,309.35,Mumbai
102959,30-03-2025,Customer_0726,Smartphone,Electronics,2.0,48811.4,8447.84,Nashik
102960,27-06-2025,Customer_0358,Smartphone,Electronics,4.0,114197.82,23170.99,Pune
102961,16-07-2025,Customer_0289,Laptop,Electronics,6.0,314400.85,69077.53,Mumbai
102962,03-11-2025,Customer_0500,Lamp,Home,2.0,2042.52,131.58, Pune 
102963,24-09-2025,Customer_0761,Desk,Furniture,2.0,26331.65,2420.25,Pune
102964,25-09-2025,Customer_0955,Laptop,Electronics,7.0,334268.85,32739.53,Mumbai
102965,15-03-2025,Customer_1313,Laptop,Electronics,7.0,376464.57,66593.04,Aurangabad
102966,2025/01/08,Customer_2029,Table,Furniture,4.0,37342.82,3660.32,Kolhapur
102967,10/24/2025,Customer_2425,Table,Furniture,5.0,45044.15,9377.93, Pune 
102968,13-06-2025,Customer_0326,Cookware,Home,1.0,2407.91,268.99,Mumbai
102969,26-03-2025,Customer_2221,Bookshelf,Furniture,3.0,20604.23,3572.35,Kolhapur
102970,13-03-2025,Customer_0771,Office Chair,Furniture,2.0,13031.02,855.17,Mumbai
102971,24-02-2025,Customer_1617,Jeans,Clothing,3.0,4322.51,762.74,Aurangabad
102972,16-02-2025,Customer_2076,Backpack,Clothing,7.0,8870.19,1258.13,AURANGABAD
102973,2025/08/26,Customer_1028,Jeans,Clothing,7.0,9833.35,2038.87,Nashik
102974,14-04-2025,Customer_1031,Cabinet,Furniture,1.0,7625.51,1565.52,Nashik
102975,29-07-2025,Customer_0258,Office Chair,Furniture,1.0,8500.97,518.39,Nagpur
102976,02/11/2025,Customer_0328,T-Shirt,Clothing,7.0,,309.96,Aurangabad
102977,2025/11/12,Customer_1305,Mixer,Home,2.0,7858.25,1123.3,kolhapur
102978,25-09-2025,Customer_2332,Backpack,Clothing,2.0,2442.95,189.68,Nashik
102979,20-09-2025,Customer_1968,Shoes,Clothing,6.0,14475.79,3046.25, Nashik 
102980,02-12-2025,,Lamp,Home,8.0,10155.58,2019.12,Kolhapur
102981,31-12-2025,Customer_0175,Desk,Furniture,3.0,34557.73,2312.4,Aurangabad
102982,16-09-2025,Customer_1891,Shoes,Clothing,8.0,22845.91,1433.53,Nashik
102983,10-10-2025,Customer_1853,Bedsheet,Home,8.0,16333.86,1943.54,Mumbai
102984,24-04-2025,Customer_0101,Table,Furniture,7.0,53740.71,9150.17,Mumbai
102985,29-12-2025,Customer_1637,Shoes,Clothing,3.0,8581.22,1840.67,Nashik
102986,09-02-2025,Customer_0619,Tablet,Electronics,3.0,48507.18,4317.12,Kolhapur
102987,2025/08/08,Customer_0068,Desk,Furniture,2.0,24471.88,3963.68,Nagpur
102988,2025/05/09,Customer_1382,Cookware,Home,5.0,11790.08,1048.94,Mumbai
102989,08-01-2025,Customer_0649,Tablet,Electronics,7.0,143350.47,23251.2,NASHIK
102990,2025/04/11,Customer_1993,Jeans,Clothing,4.0,7066.33,1034.59,Kolhapur
102991,25-06-2025,Customer_0655,Bedsheet,Home,7.0,12275.97,2655.9,Nagpur
102992,17-04-2025,Customer_0275,Headphones,Electronics,2.0,5123.18,1017.98,Nashik
102993,11-04-2025,Customer_0580,Vacuum Cleaner,Home,5.0,36919.6,6204.59,Mumbai
102994,17-09-2025,Customer_2010,Cookware,Home,7.0,15626.1,946.34,Pune
102995,03-09-2025,Customer_1273,Jeans,Clothing,6.0,8275.26,762.45,Aurangabad
102996,2025/10/02,Customer_2454,Vacuum Cleaner,Home,2.0,11775.43,1186.51,Mumbai
102997,01-02-2025,Customer_0525,Jacket,Clothing,6.0,15816.87,1860.23,Nashik
102998,17-05-2025,Customer_1832,Mixer,Home,1.0,3416.56,259.04,Nashik
102999,2025/01/12,Customer_1337,Cookware,Home,4.0,7591.84,1274.15,Aurangabad
103000,2025/10/29,Customer_1150,Bookshelf,Furniture,8.0,48537.62,6361.49,Kolhapur
103001,16-01-2025,Customer_0797,Backpack,Clothing,6.0,8738.79,1681.59,Mumbai
103002,09-05-2025,Customer_2429,Backpack,Clothing,4.0,5478.52,890.69,kolhapur
103003,04-03-2025,Customer_2308,Desk,Furniture,8.0,109062.88,21195.27,NAGPUR
103004,19-04-2025,Customer_1574,Headphones,Electronics,2.0,4889.0,797.66,Mumbai
103005,21-01-2025,,T-Shirt,Clothing,8.0,5057.48,757.02,Kolhapur
103006,07-06-2025,Customer_1596,T-Shirt,Clothing,8.0,6408.63,915.99,Mumbai
103007,26-09-2025,Customer_0242,Jeans,Clothing,6.0,10831.6,1355.83,Nagpur
103008,06/11/2025,Customer_1341,Desk,Furniture,1.0,13795.84,2106.28,Nashik
103009,17-09-2025,Customer_1118,Vacuum Cleaner,Home,3.0,16822.27,2588.62,Nashik
103010,12-04-2025,Customer_0771,Lamp,Home,4.0,4475.38,291.78,KOLHAPUR
103011,11-08-2025,Customer_0799,Headphones,Electronics,1.0,2740.64,285.35,Kolhapur
103012,28-02-2025,Customer_1733,Jeans,Clothing,7.0,12196.4,1294.22, Aurangabad 
103013,09/04/2025,Customer_0837,Headphones,Electronics,5.0,11353.72,2450.47,mumbai
103014,08-05-2025,Customer_1727,T-Shirt,Clothing,1.0,670.95,104.82,Pune
103015,10-10-2025,Customer_1830,Shoes,Clothing,3.0,7747.46,1159.61,Aurangabad
103016,21-11-2025,Customer_2433,Vacuum Cleaner,Home,3.0,21925.97,3681.6,Nagpur
103017,2025/01/25,Customer_1868,T-Shirt,Clothing,5.0,3398.92,672.92,NASHIK
103018,11-05-2025,Customer_1167,Cabinet,Furniture,8.0,57876.41,8512.34,Mumbai
103019,19-12-2025,Customer_0508,Bookshelf,Furniture,1.0,6810.99,1090.19,Pune
103020,15-07-2025,Customer_1511,Backpack,Clothing,8.0,12265.01,2018.45,Mumbai
103021,08-10-2025,Customer_1779,Shoes,Clothing,1.0,2754.53,581.53,Aurangabad
103022,03-06-2025,Customer_1338,Shoes,Clothing,,6989.07,609.07,Kolhapur
103023,13-05-2025,Customer_2317,Headphones,Electronics,6.0,14927.96,2572.06,Kolhapur
103024,15-08-2025,Customer_0541,Monitor,Electronics,1.0,12854.2,779.69,NAGPUR
103025,08-07-2025,Customer_0621,Laptop,Electronics,3.0,157225.29,33806.19,Pune
103026,22-09-2025,Customer_1476,Desk,Furniture,2.0,25403.77,3155.45,NASHIK
103027,14-05-2025,,T-Shirt,Clothing,7.0,4448.09,520.31,Pune
103028,30-07-2025,Customer_2150,Bedsheet,Home,1.0,1621.71,124.89,Nagpur
103029,01-03-2025,Customer_0849,Cookware,Home,2.0,4936.9,1084.26,NAGPUR
103030,30-12-2025,Customer_0932,Office Chair,Furniture,5.0,33721.29,2317.45,mumbai
103031,30-12-2025,Customer_0215,Monitor,Electronics,1.0,13284.87,1778.39,Aurangabad
103032,01-08-2025,Customer_0173,Table,Furniture,1.0,8203.02,887.8,Mumbai
103033,04-08-2025,Customer_2051,Desk,Furniture,3.0,32769.4,6025.69,nashik
103034,14-08-2025,Customer_0079,Shoes,Clothing,7.0,18616.03,3008.21,Kolhapur
103035,11-05-2025,Customer_1700,Shoes,Clothing,1.0,2415.41,496.24,Kolhapur
103036,17-03-2025,Customer_2416,Laptop,Electronics,4.0,250989.15,22032.4,Pune
103037,13-10-2025,Customer_0030,Desk,Furniture,8.0,88022.76,12684.17,Nashik
103038,04-10-2025,Customer_2086,Monitor,Electronics,6.0,73699.51,9568.54,Mumbai
103039,05-06-2025,Customer_2197,Cookware,Home,3.0,6761.95,970.55,Pune
103040,05-09-2025,Customer_2093,Jacket,Clothing,6.0,15947.78,2341.0,Nagpur
103041,2025/08/06,Customer_1371,Desk,Furniture,5.0,68258.42,6345.49,MUMBAI
103042,09-07-2025,Customer_0489,Jacket,Clothing,7.0,20510.41,1373.04,Aurangabad
103043,12-06-2025,Customer_1825,Shoes,Clothing,1.0,2174.81,322.51,Kolhapur
103044,29-06-2025,Customer_0462,Cookware,Home,3.0,5817.78,369.87,PUNE
103045,2025/02/03,Customer_0820,Mixer,Home,4.0,12620.35,1897.8,Kolhapur
103046,10-02-2025,Customer_1479,Jeans,Clothing,5.0,8488.02,784.26,nagpur
103047,03-11-2025,Customer_0889,Smartphone,Electronics,5.0,131309.73,11712.33,kolhapur
103048,04-12-2025,Customer_0887,Headphones,Electronics,1.0,2585.09,325.5,Mumbai
103049,10-11-2025,Customer_1592,Jeans,Clothing,8.0,13390.59,2935.33,Aurangabad
103050,16-03-2025,Customer_2466,Shoes,Clothing,7.0,19798.54,1201.48,Mumbai
103051,10/06/2025,Customer_1018,Bedsheet,Home,5.0,10040.68,709.26,pune
103052,25-06-2025,Customer_0205,Laptop,Electronics,1.0,62475.27,6565.66,Pune
103053,30-05-2025,Customer_1823,T-Shirt,Clothing,5.0,3376.14,252.07,Nagpur
103054,2025/09/30,Customer_1508,Office Chair,Furniture,1.0,6627.61,1168.31,Mumbai
103055,21-11-2025,Customer_0312,Table,Furniture,6.0,61198.18,9652.16,Nashik
103056,04/18/2025,Customer_0144,Mixer,Home,5.0,18633.21,3389.66,Pune
103057,19-05-2025,Customer_1872,Jeans,Clothing,5.0,7430.75,499.62, Mumbai 
103058,16-12-2025,Customer_0716,Laptop,Electronics,8.0,374247.2,43451.55,Pune
103059,28-09-2025,Customer_1865,Laptop,Electronics,4.0,202936.64,14199.65,Kolhapur
103060,12/13/2025,Customer_2307,Jacket,Clothing,1.0,2530.8,202.26,nagpur
103061,10/16/2025,Customer_0267,Smartphone,Electronics,4.0,112446.35,9270.39,Nagpur
103062,2025/07/31,Customer_2038,Mixer,Home,1.0,3539.53,548.26,Nagpur
103063,29-09-2025,Customer_0055,Bedsheet,Home,3.0,5470.45,414.93,Kolhapur
103064,07-03-2025,Customer_1154,Laptop,Electronics,5.0,260050.86,17736.31,Aurangabad
103065,05-09-2025,Customer_0100,Cookware,Home,5.0,10655.71,960.89,Aurangabad
103066,05-06-2025,Customer_1835,Jeans,Clothing,4.0,6518.33,1113.65,
103067,16-02-2025,Customer_2290,Monitor,Electronics,7.0,98944.32,12811.1,Aurangabad
103068,20-07-2025,Customer_1174,Cookware,Home,1.0,2125.64,413.8, Nashik 
103069,28-05-2025,Customer_1869,Monitor,Electronics,6.0,76928.08,13652.81,Nagpur
103070,04-05-2025,Customer_2257,Bookshelf,Furniture,6.0,38780.81,4927.96,Kolhapur
103071,01-01-2025,Customer_1668,Bookshelf,Furniture,6.0,33810.85,4574.16,mumbai
103072,04-09-2025,Customer_1424,Lamp,Home,8.0,8428.46,567.65,Nashik
103073,09-12-2025,Customer_1476,Table,Furniture,7.0,55659.3,5006.18,Nagpur
103074,08-05-2025,Customer_0564,Monitor,Electronics,5.0,70087.71,13727.51,Nashik
103075,10-07-2025,Customer_2209,Shoes,Clothing,8.0,18413.85,3860.02,aurangabad
103076,08-03-2025,Customer_2075,Office Chair,Furniture,6.0,51141.26,10914.81,Aurangabad
103077,01/04/2025,Customer_2213,Cabinet,Furniture,6.0,52860.9,6248.79,Aurangabad
103078,30-10-2025,Customer_0844,Cabinet,Furniture,3.0,20923.32,3159.65,Aurangabad
103079,21-10-2025,Customer_0459,Mixer,Home,7.0,24931.31,4886.44,Kolhapur
103080,23-05-2025,Customer_2358,Monitor,Electronics,2.0,32166.32,4545.27,pune
103081,10-07-2025,Customer_0929,Backpack,Clothing,3.0,4004.96,359.42,aurangabad
103082,21-01-2025,Customer_1334,Shoes,Clothing,2.0,4257.2,602.22,Aurangabad
103083,15-08-2025,Customer_2143,Backpack,Clothing,7.0,9963.22,1912.84,Aurangabad
103084,09-11-2025,Customer_1672,Cookware,Home,6.0,13218.12,2731.33,Aurangabad
103085,27-04-2025,Customer_0638,Smartphone,Electronics,8.0,207685.01,40385.14,Aurangabad
103086,2025/10/29,Customer_2029,Office Chair,Furniture,2.0,13417.36,2641.26,Mumbai
103087,22-05-2025,Customer_1664,Headphones,Electronics,4.0,10525.43,918.21, Nashik 
103088,08-02-2025,Customer_0783,Cabinet,Furniture,2.0,14510.87,3021.74,PUNE
103089,12/21/2025,Customer_0496,Laptop,Electronics,5.0,236407.77,31679.96,Mumbai
103090,09-09-2025,Customer_1039,Office Chair,Furniture,2.0,14160.64,2356.51,Nagpur
103091,29-11-2025,Customer_1651,Tablet,Electronics,6.0,119003.99,14002.07,Pune
103092,26-07-2025,Customer_1536,Jacket,Clothing,7.0,19170.18,4161.98,Mumbai
103093,29-07-2025,Customer_2431,Shoes,Clothing,8.0,21703.5,4417.8,Pune
103094,25-04-2025,Customer_1310,Mixer,Home,8.0,27485.6,2678.53,Nashik
103095,13-08-2025,Customer_1572,Headphones,Electronics,8.0,19471.18,3399.18,Kolhapur
103096,14-05-2025,Customer_2009,Tablet,Electronics,6.0,95345.55,9846.82,Pune
103097,08-09-2025,Customer_0356,Mixer,Home,8.0,24191.74,3124.98,Nagpur
103098,07-08-2025,Customer_0340,Backpack,Clothing,2.0,3075.05,196.64,Mumbai
103099,01-04-2025,Customer_1382,Tablet,Electronics,7.0,132627.23,27745.53, Mumbai 
103100,20-12-2025,Customer_1269,Mixer,Home,6.0,19342.65,3307.24,Kolhapur
103101,15-02-2025,Customer_0389,Cookware,Home,7.0,17594.97,3764.7,Pune
103102,07-02-2025,Customer_2074,Cabinet,Furniture,1.0,7363.83,560.04,Nagpur
103103,22-05-2025,Customer_1898,Monitor,Electronics,3.0,37568.36,6473.99,Nashik
103104,10-04-2025,Customer_1038,Vacuum Cleaner,Home,1.0,6940.23,1165.11,Kolhapur
103105,24-11-2025,Customer_0713,Monitor,Electronics,8.0,106492.23,9282.32,Nagpur
103106,09-07-2025,Customer_1190,Jeans,Clothing,1.0,1638.77,225.15,Kolhapur
103107,04-02-2025,Customer_0635,Shoes,Clothing,2.0,5343.25,697.92,Pune
103108,27-05-2025,Customer_1021,Table,Furniture,8.0,68514.62,7328.09,PUNE
103109,30-01-2025,Customer_0180,Cookware,Home,7.0,14066.99,1442.14,Nashik
103110,2025/11/30,Customer_2391,Desk,Furniture,6.0,63248.34,7305.0,Nagpur
103111,03/25/2025,Customer_0416,Table,Furniture,2.0,15497.48,1392.08,Mumbai
103112,08-10-2025,Customer_1795,Desk,Furniture,1.0,12888.37,1444.46,Nagpur
103113,10-12-2025,Customer_2152,Shoes,Clothing,1.0,2626.18,458.8,Aurangabad
103114,27-09-2025,Customer_1715,Backpack,Clothing,2.0,2868.2,612.05,Nagpur
103115,06/03/2025,Customer_2283,Headphones,Electronics,7.0,14987.56,2670.55,Aurangabad
103116,12-04-2025,Customer_0358,Mixer,Home,2.0,7963.45,1576.47,Nashik
103117,03-08-2025,Customer_2078,Shoes,Clothing,7.0,15756.44,1769.31,Mumbai
103118,30-05-2025,Customer_0664,Office Chair,Furniture,1.0,6763.02,1056.45,Pune
103119,24-03-2025,Customer_2237,Desk,Furniture,8.0,102111.01,11306.94,Nashik
103120,20-04-2025,Customer_0760,Shoes,Clothing,2.0,5059.26,862.84,Kolhapur
103121,02-10-2025,Customer_0952,Mixer,Home,1.0,3417.41,672.01,Mumbai
103122,20-07-2025,Customer_1601,Bookshelf,Furniture,3.0,19466.37,1369.39,Pune
103123,11-10-2025,Customer_0462,T-Shirt,Clothing,1.0,725.44,70.84,Kolhapur
103124,06/22/2025,Customer_1243,Backpack,Clothing,1.0,1424.16,303.49,Mumbai
103125,11/23/2025,Customer_0875,Jeans,Clothing,8.0,14255.6,1778.0,Mumbai
103126,25-07-2025,Customer_0878,Bedsheet,Home,8.0,13499.34,1316.25,Pune
103127,04-03-2025,Customer_0599,Table,Furniture,,18175.58,1422.78,Aurangabad
103128,14-03-2025,Customer_0279,Cabinet,Furniture,3.0,24354.78,1466.48,Nagpur
103129,08-09-2025,Customer_1012,Monitor,Electronics,3.0,39780.51,3786.69,aurangabad
103130,04-05-2025,Customer_1076,Lamp,Home,4.0,5478.56,966.19,Nagpur
103131,01-05-2025,Customer_1313,Tablet,Electronics,1.0,17188.13,1286.62,Nagpur
103132,02-10-2025,Customer_1601,Smartphone,Electronics,6.0,150756.03,14193.93,Nagpur
103133,30-04-2025,Customer_2088,Desk,Furniture,8.0,97049.17,18794.35,Nagpur
103134,13-11-2025,Customer_2037,Desk,Furniture,5.0,62084.27,10020.78,Pune
103135,13-06-2025,Customer_1710,Vacuum Cleaner,Home,1.0,6580.01,1371.03, Pune 
103136,13-10-2025,Customer_1514,Smartphone,Electronics,1.0,28239.27,4010.98,Nashik
103137,22-09-2025,Customer_1399,Lamp,Home,8.0,9040.59,1207.23,Nashik
103138,16-11-2025,Customer_2095,Jacket,Clothing,8.0,20293.67,3283.82,Nagpur
103139,10-06-2025,Customer_1923,Vacuum Cleaner,Home,3.0,19500.54,1492.34,NASHIK
103140,04-11-2025,Customer_2183,Tablet,Electronics,6.0,98203.79,13428.5,Kolhapur
103141,2025/03/30,Customer_1112,Headphones,Electronics,5.0,13953.46,2101.71,Nashik
103142,22-05-2025,Customer_0981,Bookshelf,Furniture,6.0,37960.58,4336.79, Kolhapur 
103143,22-07-2025,Customer_0786,Bookshelf,Furniture,5.0,30642.7,4031.99,Nashik
103144,05-11-2025,Customer_2449,Lamp,Home,5.0,6286.43,428.06,Nagpur
103145,15-08-2025,Customer_1209,Cabinet,Furniture,3.0,23951.76,2571.43,Mumbai
103146,30-11-2025,Customer_0838,Backpack,Clothing,6.0,7961.99,1701.85,Nagpur
103147,10-08-2025,Customer_1012,Office Chair,Furniture,5.0,33930.32,3725.52, Mumbai 
103148,10-02-2025,Customer_1536,Jeans,Clothing,8.0,12837.99,2543.0,Mumbai
103149,15-07-2025,Customer_2328,Bedsheet,Home,5.0,8775.01,1570.89, Nagpur 
103150,09-03-2025,Customer_2483,Jeans,Clothing,5.0,8855.3,970.56, Pune 
103151,21-09-2025,Customer_2256,T-Shirt,Clothing,,4742.34,555.09,Nagpur
103152,02-01-2025,Customer_1044,Laptop,Electronics,4.0,241968.48,16235.0,Nagpur
103153,27-12-2025,Customer_2094,Vacuum Cleaner,Home,5.0,30632.11,5167.8,Kolhapur
103154,05-05-2025,Customer_0209,Cookware,Home,5.0,11215.96,1455.9,Nagpur
103155,20-04-2025,Customer_1952,Vacuum Cleaner,Home,2.0,13155.8,1205.25,Nagpur
103156,27-03-2025,Customer_0573,Lamp,Home,2.0,2350.12,329.66,Mumbai
103157,30-04-2025,Customer_0169,Headphones,Electronics,1.0,2800.89,284.94,Pune
103158,07-05-2025,Customer_0522,T-Shirt,Clothing,5.0,3886.22,633.76,Pune
103159,12-09-2025,Customer_2321,Cookware,Home,1.0,1883.42,331.37,Pune
103160,02-07-2025,Customer_1136,Laptop,Electronics,6.0,284019.64,62365.31,Nashik
103161,16-01-2025,Customer_0903,Cookware,Home,4.0,9783.76,1052.49,Kolhapur
103162,03-03-2025,Customer_0969,Backpack,Clothing,6.0,7788.68,942.67,Mumbai
103163,06/07/2025,Customer_0901,Monitor,Electronics,6.0,80375.41,9610.81,Mumbai
103164,25-09-2025,Customer_0657,Cookware,Home,1.0,2080.06,331.52,PUNE
103165,04-02-2025,Customer_0392,Shoes,Clothing,2.0,4496.4,878.4,mumbai
103166,24-09-2025,Customer_1883,Cookware,Home,4.0,9624.74,1311.25,Kolhapur
103167,05-03-2025,Customer_1145,Desk,Furniture,4.0,53079.31,5283.69,Pune
103168,02/19/2025,Customer_1783,Smartphone,Electronics,5.0,106908.7,17006.32,Kolhapur
103169,12-09-2025,Customer_0952,Bedsheet,Home,4.0,7109.08,1071.67,Pune
103170,2025/05/29,Customer_1813,Tablet,Electronics,8.0,161251.46,34699.39,Mumbai
103171,21-11-2025,Customer_0095,Vacuum Cleaner,Home,7.0,47335.29,8626.8,KOLHAPUR
103172,2025/10/31,Customer_1789,Jeans,Clothing,8.0,11201.82,960.16,Kolhapur
103173,03-10-2025,Customer_2045,Jacket,Clothing,1.0,2995.89,386.53,Kolhapur
103174,2025/12/23,Customer_1528,Bedsheet,Home,4.0,7083.28,774.75,Mumbai
103175,21-06-2025,Customer_0690,Monitor,Electronics,7.0,101156.28,9066.27,NAGPUR
103176,20-07-2025,Customer_1447,Desk,Furniture,6.0,74741.39,6562.88,Nagpur
103177,20-11-2025,Customer_0946,Jeans,Clothing,5.0,6953.18,784.72,Nagpur
103178,04-02-2025,Customer_0265,Mixer,Home,4.0,12870.79,2602.97,Nagpur
103179,04-08-2025,Customer_1473,Tablet,Electronics,6.0,93580.49,8259.24, Nagpur 
103180,06-03-2025,Customer_1825,Tablet,Electronics,7.0,127841.6,17510.56,NAGPUR
103181,08-01-2025,Customer_1427,Tablet,Electronics,5.0,77738.0,4754.49,Mumbai
103182,10/28/2025,Customer_1961,Jacket,Clothing,5.0,16049.89,2654.87,Mumbai
103183,09-12-2025,Customer_0149,Desk,Furniture,4.0,46061.85,6230.75,Nagpur
103184,28-11-2025,Customer_0369,T-Shirt,Clothing,4.0,2603.9,299.92,Aurangabad
103185,17-03-2025,Customer_1026,Office Chair,Furniture,1.0,7835.35,1576.86,PUNE
103186,23-06-2025,Customer_1201,Shoes,Clothing,3.0,6789.29,1320.23,Mumbai
103187,2025/02/16,Customer_0939,Lamp,Home,3.0,3191.28,301.25, Nagpur 
103188,15-01-2025,Customer_0950,Jeans,Clothing,2.0,2755.69,227.43,Pune
103189,27-12-2025,Customer_1181,Monitor,Electronics,3.0,47258.02,6309.43,Kolhapur
103190,27-05-2025,Customer_0968,Bedsheet,Home,3.0,4715.82,1007.09,Pune
103191,26-01-2025,Customer_0276,Cabinet,Furniture,2.0,17819.16,3220.8,Pune
103192,04-11-2025,Customer_1895,Jeans,Clothing,2.0,3616.13,344.33,Kolhapur
103193,03-04-2025,Customer_2186,Jeans,Clothing,3.0,5284.37,900.45,Mumbai
103194,20-08-2025,Customer_0704,Office Chair,Furniture,6.0,49991.75,9373.75,NASHIK
103195,21-01-2025,Customer_1614,Monitor,Electronics,1.0,13355.28,2456.09,Mumbai
103196,2025/11/03,Customer_0639,Office Chair,Furniture,8.0,55724.21,6273.14,Mumbai
103197,07-02-2025,Customer_2351,Cabinet,Furniture,6.0,42353.84,8877.88,Nashik
103198,03-10-2025,Customer_0718,Cookware,Home,8.0,16496.5,2363.94,Aurangabad
103199,06-06-2025,Customer_2483,Smartphone,Electronics,3.0,72554.99,15496.91,Pune
103200,28-06-2025,Customer_0003,Tablet,Electronics,3.0,51327.8,9473.43,NASHIK
103201,05/12/2025,Customer_1618,Vacuum Cleaner,Home,8.0,57544.49,7463.35,Kolhapur
103202,07-11-2025,Customer_2129,Vacuum Cleaner,Home,8.0,50099.48,8999.84,Nashik
103203,14-12-2025,Customer_0684,Lamp,Home,7.0,9440.5,1706.74,Kolhapur
103204,01/28/2025,Customer_0848,Cookware,Home,1.0,2019.9,408.28,Pune
103205,17-09-2025,Customer_2476,Jacket,Clothing,2.0,5411.14,823.56, Nagpur 
103206,17-03-2025,Customer_1531,Bedsheet,Home,5.0,9894.88,891.96,Pune
103207,08-03-2025,Customer_0066,Shoes,Clothing,4.0,10853.53,1686.49,Mumbai
103208,08-12-2025,Customer_2419,Cookware,Home,8.0,19676.84,1722.02,Aurangabad
103209,13-07-2025,Customer_1002,Bookshelf,Furniture,7.0,41000.6,7923.57,Mumbai
103210,11-06-2025,Customer_1036,Smartphone,Electronics,8.0,171153.9,13341.83,NAGPUR
103211,13-12-2025,Customer_1522,Bedsheet,Home,8.0,16519.24,1732.26,Mumbai
103212,2025/12/27,Customer_0211,Cookware,Home,7.0,17597.01,1569.74,Mumbai
103213,14-09-2025,Customer_1533,Office Chair,Furniture,5.0,35937.31,6485.22,PUNE
103214,2025/03/13,Customer_1776,Shoes,Clothing,7.0,18328.34,2803.86,Pune
103215,2025/03/28,Customer_0166,Jacket,Clothing,8.0,22600.92,4406.06,Nagpur
103216,19-09-2025,Customer_0793,Headphones,Electronics,6.0,13807.27,1805.93,Nashik
103217,02-08-2025,Customer_0598,Office Chair,Furniture,2.0,13449.54,2089.39,AURANGABAD
103218,2025/06/02,Customer_2087,T-Shirt,Clothing,1.0,647.61,73.45,Mumbai
103219,29-07-2025,Customer_1653,T-Shirt,Clothing,8.0,5551.7,356.88,Nashik
103220,02-03-2025,Customer_1168,Lamp,Home,6.0,6318.59,1072.57,NASHIK
103221,2025/09/25,Customer_1796,Monitor,Electronics,2.0,27403.35,5435.9,Nagpur
103222,19-09-2025,Customer_2245,Vacuum Cleaner,Home,1.0,6879.61,421.69,Aurangabad
103223,08/06/2025,Customer_1353,Smartphone,Electronics,7.0,181127.4,13583.83,AURANGABAD
103224,10-10-2025,Customer_0583,Lamp,Home,3.0,3903.41,853.45,Mumbai
103225,16-05-2025,Customer_1130,Monitor,Electronics,7.0,98917.24,16741.22,Nagpur
103226,28-12-2025,Customer_1241,Office Chair,Furniture,1.0,6908.96,898.27,pune
103227,03-04-2025,Customer_2332,Desk,Furniture,7.0,92973.6,8068.96,Mumbai
103228,19-04-2025,Customer_2241,Cookware,Home,7.0,14316.77,1879.35, Kolhapur 
103229,2025/08/29,Customer_0272,Jeans,Clothing,1.0,1701.88,204.47,Mumbai
103230,21-12-2025,Customer_0271,Headphones,Electronics,8.0,22566.39,1695.03,Mumbai
103231,22-05-2025,Customer_0468,Cookware,Home,8.0,16917.85,2934.11,Pune
103232,18-10-2025,Customer_1921,Lamp,Home,6.0,6608.13,1090.51,Nashik
103233,08/25/2025,Customer_2416,Jacket,Clothing,3.0,7553.83,520.89,Kolhapur
103234,06-12-2025,Customer_0927,Backpack,Clothing,4.0,4963.31,1036.33,Pune
103235,08-11-2025,Customer_1345,Bedsheet,Home,5.0,9139.73,1712.92,kolhapur
103236,26-06-2025,Customer_0211,Shoes,Clothing,7.0,16621.44,2573.42,Kolhapur
103237,21-05-2025,Customer_0607,Jacket,Clothing,2.0,5591.52,1181.59, Kolhapur 
103238,08-07-2025,Customer_1902,Desk,Furniture,4.0,51565.07,9121.18,Mumbai
103239,18-02-2025,Customer_1691,Monitor,Electronics,6.0,72568.1,10736.24,Aurangabad
103240,29-10-2025,Customer_1226,Bedsheet,Home,6.0,10693.05,2229.02,Pune
103241,09-07-2025,Customer_0272,Desk,Furniture,8.0,89011.45,9183.61,Nashik
103242,16-05-2025,Customer_1771,Tablet,Electronics,7.0,122648.89,12134.78,Mumbai
103243,12-02-2025,Customer_1368,Bedsheet,Home,1.0,1599.76,315.45, Nashik 
103244,12/19/2025,Customer_1993,Headphones,Electronics,4.0,10174.83,2012.76,Nagpur
103245,2025/03/31,Customer_1661,Vacuum Cleaner,Home,4.0,28582.85,3004.82,NAGPUR
103246,22-10-2025,Customer_0676,Bookshelf,Furniture,4.0,24343.71,1784.75,NASHIK
103247,12/07/2025,Customer_2431,Cabinet,Furniture,6.0,53979.63,6730.29,Nagpur
103248,2025/09/02,Customer_0338,Laptop,Electronics,2.0,106491.31,11548.01,aurangabad
103249,11-07-2025,Customer_2018,Smartphone,Electronics,7.0,172934.85,17342.17,Pune
103250,11/14/2025,Customer_1931,Office Chair,Furniture,1.0,7218.42,1357.0,Mumbai
103251,04/16/2025,Customer_1503,Smartphone,Electronics,5.0,137534.58,14945.77,Aurangabad
103252,29-12-2025,Customer_0166,Backpack,Clothing,2.0,2773.97,554.27,Mumbai
103253,06-11-2025,Customer_0160,Jacket,Clothing,2.0,4848.49,980.67,Kolhapur
103254,21-08-2025,Customer_0788,Laptop,Electronics,1.0,50366.54,8490.1,Mumbai
103255,22-09-2025,Customer_1095,Bedsheet,Home,2.0,3689.16,547.73,Kolhapur
103256,10-12-2025,Customer_1166,Backpack,Clothing,2.0,3101.86,236.52,Mumbai
103257,06-02-2025,Customer_0645,Tablet,Electronics,5.0,85869.76,12547.33,Aurangabad
103258,11/01/2025,Customer_1163,Tablet,Electronics,4.0,78723.84,7449.71, Pune 
103259,10-02-2025,Customer_1937,Lamp,Home,3.0,3927.16,486.74, Nagpur 
103260,17-01-2025,Customer_1203,Backpack,Clothing,5.0,6346.72,1151.53,Aurangabad
103261,10-12-2025,Customer_1267,Bedsheet,Home,4.0,6316.34,899.21,Aurangabad
103262,04-10-2025,Customer_1890,Jeans,Clothing,4.0,5562.64,650.98,Mumbai
103263,03-11-2025,Customer_0241,Office Chair,Furniture,2.0,15454.85,2302.44,KOLHAPUR
103264,28-02-2025,Customer_1839,Smartphone,Electronics,2.0,48569.83,6248.4,Mumbai
103265,02-07-2025,Customer_1363,Office Chair,Furniture,5.0,34426.16,4576.66,Aurangabad
103266,10-02-2025,Customer_1973,Backpack,Clothing,4.0,6361.47,1247.31,Nagpur
103267,08-02-2025,Customer_0860,Mixer,Home,5.0,15637.47,1012.76,Nagpur
103268,11-07-2025,Customer_1601,Headphones,Electronics,3.0,8475.43,1222.83,Mumbai
103269,24-09-2025,Customer_0129,T-Shirt,Clothing,1.0,707.95,130.91,nashik
103270,27-05-2025,Customer_1899,Cookware,Home,8.0,16621.56,2278.9,Aurangabad
103271,11/29/2025,Customer_0545,Lamp,Home,8.0,10949.75,1834.56,Nashik
103272,2025/05/07,Customer_0031,Lamp,Home,3.0,3226.04,262.33,Mumbai
103273,02/15/2025,Customer_1995,Shoes,Clothing,2.0,4556.4,832.33,Nashik
103274,14-02-2025,Customer_0984,Office Chair,Furniture,3.0,21118.79,1339.4,Kolhapur
103275,01-01-2025,Customer_0740,Lamp,Home,4.0,5439.61,474.08, Nagpur 
103276,17-06-2025,Customer_1405,Laptop,Electronics,6.0,281446.26,27565.14,Kolhapur
103277,18-04-2025,Customer_0429,Jacket,Clothing,1.0,2577.42,328.68,Nagpur
103278,19-01-2025,Customer_1362,Desk,Furniture,3.0,40540.21,8135.19,aurangabad
103279,11/28/2025,Customer_2166,Backpack,Clothing,7.0,9673.27,1216.36,kolhapur
103280,03/13/2025,Customer_1864,Table,Furniture,1.0,9148.52,905.27,Aurangabad
103281,19-04-2025,Customer_0183,Backpack,Clothing,8.0,9695.34,2038.7,Nashik
103282,2025/09/25,Customer_2414,T-Shirt,Clothing,7.0,4439.45,407.29,Aurangabad
103283,28-08-2025,Customer_1899,Tablet,Electronics,7.0,124959.0,17326.58,Kolhapur
103284,28-10-2025,Customer_1841,Bookshelf,Furniture,4.0,20532.73,1718.03,Nashik
103285,31-03-2025,Customer_2374,T-Shirt,Clothing,4.0,2697.65,456.97,NASHIK
103286,13-04-2025,Customer_2174,Lamp,Home,1.0,1102.23,140.74,Mumbai
103287,07-09-2025,Customer_0979,Smartphone,Electronics,8.0,203440.7,41130.58, Nagpur 
103288,2025/01/08,Customer_0312,Tablet,Electronics,1.0,17060.78,1388.22,NASHIK
103289,02-06-2025,Customer_2459,Mixer,Home,5.0,17443.68,3130.71, Aurangabad 
103290,12/13/2025,Customer_2188,Tablet,Electronics,4.0,63572.97,8134.12,Aurangabad
103291,23-06-2025,Customer_1594,T-Shirt,Clothing,4.0,2394.94,156.56,Kolhapur
103292,09-12-2025,Customer_0059,Jeans,Clothing,,6367.27,685.83,Aurangabad
103293,07-06-2025,Customer_1006,Mixer,Home,6.0,23174.18,3623.16,NAGPUR
103294,03-08-2025,Customer_1058,Laptop,Electronics,3.0,162719.68,20383.84,Mumbai
103295,26-06-2025,Customer_0663,Jacket,Clothing,7.0,19583.8,1301.74,Nagpur
103296,24-06-2025,Customer_0400,Desk,Furniture,6.0,80484.34,17684.7, Nashik 
103297,2025/12/06,Customer_0313,Backpack,Clothing,2.0,2532.45,200.73,MUMBAI
103298,04-12-2025,Customer_0271,Laptop,Electronics,4.0,196476.11,32568.73,Nashik
103299,26-05-2025,Customer_1383,Office Chair,Furniture,8.0,62905.94,12308.67, Pune 
103300,20-11-2025,Customer_1972,Vacuum Cleaner,Home,2.0,13982.12,1844.95,Aurangabad
103301,10-06-2025,Customer_0377,T-Shirt,Clothing,6.0,4342.2,738.72,NASHIK
103302,2025/05/07,Customer_2234,Table,Furniture,4.0,36137.55,4918.47,Nashik
103303,23-03-2025,Customer_0260,Monitor,Electronics,2.0,29218.82,4359.33,Mumbai
103304,27-05-2025,Customer_2139,Bookshelf,Furniture,3.0,18777.29,2967.88, Aurangabad 
103305,27-08-2025,Customer_0123,Table,Furniture,6.0,57550.98,9372.09,Nashik
103306,25-03-2025,Customer_2099,Bedsheet,Home,2.0,3621.32,612.32,Nagpur
103307,23-04-2025,Customer_1981,Desk,Furniture,4.0,47272.54,4664.26,Kolhapur
103308,13-08-2025,Customer_2284,Smartphone,Electronics,8.0,170085.09,25443.75,nagpur
103309,2025/11/28,Customer_0816,Lamp,Home,6.0,7395.82,1594.0,pune
103310,31-08-2025,Customer_0016,Tablet,Electronics,4.0,69007.93,8492.21,Kolhapur
103311,05/23/2025,Customer_1388,T-Shirt,Clothing,6.0,3824.27,272.61,Nagpur
103312,10-02-2025,Customer_0350,Headphones,Electronics,8.0,21636.83,2162.58,Mumbai
103313,15-09-2025,Customer_2429,Monitor,Electronics,2.0,28914.8,4916.78,Mumbai
103314,12-10-2025,Customer_0491,Bedsheet,Home,6.0,10706.81,2143.68,Kolhapur
103315,2025/04/15,Customer_1279,Headphones,Electronics,4.0,9831.38,1038.05,KOLHAPUR
103316,21-07-2025,Customer_0437,Lamp,Home,1.0,1342.57,265.63,Pune
103317,2025/11/03,Customer_1555,Jeans,Clothing,5.0,7193.7,461.5,Mumbai
103318,27-11-2025,Customer_0305,Jacket,Clothing,7.0,17189.12,1819.43,Kolhapur
103319,23-09-2025,Customer_1264,T-Shirt,Clothing,8.0,6393.4,954.93,Aurangabad
103320,2025/07/29,Customer_0108,Shoes,Clothing,1.0,2404.95,486.27,Nashik
103321,20-02-2025,Customer_0563,Jeans,Clothing,2.0,3155.01,348.43,Kolhapur
103322,28-04-2025,Customer_0390,Headphones,Electronics,2.0,5661.83,1109.28,Nashik
103323,07/20/2025,Customer_0749,Jacket,Clothing,2.0,6177.36,876.97,Kolhapur
103324,08-02-2025,Customer_0949,Cabinet,Furniture,2.0,17389.3,1542.37,Pune
103325,28-01-2025,Customer_2249,Jacket,Clothing,2.0,5723.01,1244.27,Kolhapur
103326,16-09-2025,Customer_0412,Backpack,Clothing,5.0,6561.01,1227.54,Nagpur
103327,2025/03/25,Customer_0381,Headphones,Electronics,7.0,17450.01,1158.14,Aurangabad
103328,04-06-2025,Customer_0561,Jacket,Clothing,1.0,3020.94,262.73,Pune
103329,27-04-2025,Customer_0438,Monitor,Electronics,1.0,14552.19,1072.59,Nagpur
103330,02-01-2025,Customer_1663,Tablet,Electronics,6.0,122478.5,13065.5,Kolhapur
103331,03-04-2025,Customer_2421,Headphones,Electronics,3.0,6884.55,555.32,Kolhapur
103332,15-06-2025,Customer_0690,Office Chair,Furniture,6.0,51021.03,8872.79,Mumbai
103333,16-12-2025,Customer_0895,Laptop,Electronics,8.0,471899.24,66020.94, Aurangabad 
103334,23-10-2025,Customer_1671,Desk,Furniture,4.0,47636.08,3696.72,Pune
103335,15-09-2025,Customer_2018,Backpack,Clothing,4.0,5700.53,567.24,KOLHAPUR
103336,22-03-2025,Customer_0865,Office Chair,Furniture,7.0,60015.04,11250.0,Kolhapur
103337,25-09-2025,Customer_1411,Cookware,Home,5.0,10712.87,902.18,Mumbai
103338,08/23/2025,Customer_2369,Vacuum Cleaner,Home,7.0,49394.78,3928.3, Nashik 
103339,17-11-2025,Customer_1722,Jeans,Clothing,2.0,2901.76,272.31,Nashik
103340,07-11-2025,Customer_1662,Mixer,Home,2.0,7119.47,1323.72,KOLHAPUR
103341,10/28/2025,Customer_2362,Bookshelf,Furniture,3.0,16997.3,1250.1,Mumbai
103342,2025/12/23,Customer_0165,Smartphone,Electronics,3.0,74202.12,13333.94,Mumbai
103343,01-08-2025,Customer_1617,Office Chair,Furniture,2.0,-13747.49,1308.59,Mumbai
103344,03-03-2025,Customer_2354,Bookshelf,Furniture,2.0,13610.02,2894.37,Pune
103345,18-02-2025,Customer_1694,Office Chair,Furniture,1.0,8603.55,1628.01,Pune
103346,07-05-2025,Customer_0592,Jeans,Clothing,8.0,11602.63,1089.68,Mumbai
103347,11-08-2025,Customer_1684,Headphones,Electronics,6.0,14281.01,1583.78,Nagpur
103348,06-10-2025,Customer_0598,Shoes,Clothing,4.0,11369.58,2117.61,Mumbai
103349,21-10-2025,Customer_0995,Lamp,Home,4.0,5122.57,459.77,Nagpur
103350,11-10-2025,Customer_0201,Lamp,Home,7.0,9432.0,1815.28,Nashik
103351,10/04/2025,Customer_0650,Tablet,Electronics,8.0,129469.33,25814.53,Pune
103352,17-04-2025,Customer_0835,Tablet,Electronics,5.0,83850.68,6116.0, Nagpur 
103353,05/26/2025,Customer_1161,Headphones,Electronics,3.0,7852.85,1292.65,Nashik
103354,2025/04/09,Customer_1939,Table,Furniture,1.0,7906.32,877.73,Kolhapur
103355,14-03-2025,Customer_1425,Monitor,Electronics,8.0,128558.57,21668.32,Nashik
103356,05/02/2025,Customer_1129,Table,Furniture,4.0,38484.81,3620.14,Nagpur
103357,2025/01/30,Customer_1968,Lamp,Home,3.0,3145.08,328.05,mumbai
103358,07-07-2025,Customer_0961,Cookware,Home,1.0,2034.27,198.4, Aurangabad 
103359,30-12-2025,Customer_2260,Bedsheet,Home,4.0,6536.35,993.27,Kolhapur
103360,20-12-2025,Customer_1519,Office Chair,Furniture,5.0,35566.16,6802.21,Kolhapur
103361,15-10-2025,Customer_2116,T-Shirt,Clothing,5.0,3168.14,425.61,Nashik
103362,14-07-2025,Customer_2324,Mixer,Home,2.0,5978.68,819.49,Pune
103363,05-06-2025,Customer_1001,Bookshelf,Furniture,5.0,26002.54,5627.88,Aurangabad
103364,21-06-2025,Customer_0611,Table,Furniture,1.0,9784.6,1354.36,Pune
103365,01-12-2025,Customer_2327,Backpack,Clothing,7.0,8584.57,1328.82,Nashik
103366,10-02-2025,Customer_0768,Tablet,Electronics,4.0,77589.3,7022.98,Pune
103367,04-03-2025,Customer_1114,Shoes,Clothing,5.0,12755.78,2427.09, Kolhapur 
103368,23-01-2025,Customer_0394,Table,Furniture,6.0,58345.61,10996.91,Nagpur
103369,26-12-2025,Customer_1004,Vacuum Cleaner,Home,4.0,28958.72,6082.18,Nashik
103370,16-03-2025,Customer_1931,Headphones,Electronics,6.0,14574.85,2200.85,MUMBAI
103371,17-02-2025,Customer_1765,Shoes,Clothing,4.0,10871.98,1865.0,Kolhapur
103372,09-06-2025,Customer_2315,Laptop,Electronics,2.0,126352.17,7857.64,Mumbai
103373,2025/11/09,Customer_0840,Table,Furniture,1.0,8608.86,903.62,nagpur
103374,28-04-2025,Customer_0421,Vacuum Cleaner,Home,2.0,12073.03,1154.24,aurangabad
103375,10-04-2025,Customer_0879,Cookware,Home,4.0,9352.09,687.95,Mumbai
103376,16-06-2025,Customer_1051,T-Shirt,Clothing,1.0,750.74,128.34,Pune
103377,17-10-2025,Customer_2412,Mixer,Home,5.0,16191.72,1626.51,Nagpur
103378,05-06-2025,Customer_0970,Office Chair,Furniture,6.0,46739.62,8504.15,Kolhapur
103379,07-01-2025,Customer_2451,Laptop,Electronics,5.0,306060.06,60092.55,Kolhapur
103380,15-07-2025,Customer_1135,Office Chair,Furniture,8.0,68367.89,10461.76,kolhapur
103381,25-02-2025,Customer_0887,Office Chair,Furniture,8.0,67355.8,12754.64,NAGPUR
103382,17-11-2025,Customer_2064,T-Shirt,Clothing,2.0,1565.76,96.86,Kolhapur
103383,12-07-2025,Customer_0001,Cabinet,Furniture,5.0,45590.84,6189.63,Nagpur
103384,16-02-2025,Customer_2279,Jacket,Clothing,8.0,24403.79,1960.91,Aurangabad
103385,28-05-2025,Customer_2342,Office Chair,Furniture,2.0,14531.73,1503.07,Pune
103386,02-10-2025,Customer_0643,Jeans,Clothing,3.0,4499.99,358.74,Mumbai
103387,06-06-2025,Customer_0857,Smartphone,Electronics,4.0,109172.91,6711.82,Mumbai
103388,21-07-2025,Customer_0251,Bookshelf,Furniture,8.0,45300.08,3982.13,aurangabad
103389,2025/05/06,Customer_0129,Cookware,Home,3.0,6776.3,682.24,Pune
103390,01-11-2025,Customer_1769,Bookshelf,Furniture,5.0,27830.99,3844.41,Mumbai
103391,10/21/2025,Customer_1549,Smartphone,Electronics,8.0,209161.34,16609.24,Pune
103392,05-03-2025,Customer_2184,Bookshelf,Furniture,1.0,5415.92,539.14,Mumbai
103393,21-11-2025,Customer_0646,Mixer,Home,2.0,7994.87,987.72,Mumbai
103394,25-06-2025,Customer_0445,Smartphone,Electronics,7.0,180196.98,17775.86, Nagpur 
103395,26-04-2025,Customer_2131,Desk,Furniture,5.0,59828.27,4299.2,Aurangabad
103396,23-07-2025,Customer_2435,Shoes,Clothing,3.0,6453.17,871.16,Kolhapur
103397,17-11-2025,Customer_0706,Table,Furniture,7.0,61084.66,5002.89,Kolhapur
103398,2025/01/31,Customer_1066,Lamp,Home,6.0,7605.22,1664.51,kolhapur
103399,23-04-2025,Customer_1663,Office Chair,Furniture,4.0,29060.82,4647.68,Nashik
103400,2025/12/31,Customer_0373,Vacuum Cleaner,Home,8.0,59222.42,11432.63,Kolhapur
103401,11/21/2025,Customer_0942,Smartphone,Electronics,1.0,24726.64,4401.3,Aurangabad
103402,10-12-2025,Customer_1617,Monitor,Electronics,8.0,99505.34,14123.45,Aurangabad
103403,08-03-2025,Customer_2208,Office Chair,Furniture,3.0,21008.66,1802.25,Mumbai
103404,16-03-2025,Customer_2083,Desk,Furniture,1.0,11734.61,950.06,Kolhapur
103405,14-02-2025,Customer_1390,Smartphone,Electronics,2.0,52984.78,7046.89,Kolhapur
103406,17-09-2025,Customer_1361,Headphones,Electronics,5.0,-12616.79,1052.49, Kolhapur 
103407,03-06-2025,Customer_1752,Desk,Furniture,1.0,10703.18,1641.29,Nagpur
103408,06/04/2025,Customer_0367,Desk,Furniture,4.0,54984.14,4145.81,Kolhapur
103409,29-12-2025,Customer_0293,Cabinet,Furniture,8.0,59886.04,11924.12,Nagpur
103410,22-08-2025,Customer_0675,Headphones,Electronics,8.0,17433.63,3489.2, Aurangabad 
103411,20-02-2025,Customer_0136,Jacket,Clothing,1.0,2820.4,353.46,Pune
103412,02-11-2025,Customer_0343,Laptop,Electronics,1.0,51859.73,5576.93,Nashik
103413,19-09-2025,Customer_0339,Cabinet,Furniture,2.0,15067.85,3037.2,Aurangabad
103414,11-11-2025,Customer_1799,Table,Furniture,2.0,19208.49,3210.81,Kolhapur
103415,05-05-2025,Customer_0614,T-Shirt,Clothing,1.0,762.74,77.14,Nashik
103416,02-09-2025,Customer_2065,Shoes,Clothing,2.0,5177.06,691.71,Aurangabad
103417,01/30/2025,Customer_0653,Jacket,Clothing,5.0,15186.25,1662.61,Pune
103418,05/02/2025,Customer_1177,Cabinet,Furniture,8.0,66749.03,13426.83,NAGPUR
103419,05-05-2025,Customer_1184,Smartphone,Electronics,3.0,72798.39,5143.9, Kolhapur 
103420,06-02-2025,Customer_1921,Headphones,Electronics,7.0,17584.27,2028.44,Pune
103421,19-06-2025,Customer_0181,Bedsheet,Home,1.0,1893.0,401.63,Kolhapur
103422,2025/05/04,Customer_1007,Laptop,Electronics,5.0,273812.69,36852.57,nagpur
103423,23-12-2025,Customer_1481,Jacket,Clothing,2.0,5859.7,448.62, Aurangabad 
103424,04-02-2025,Customer_1660,Backpack,Clothing,3.0,3889.42,805.25,NAGPUR
103425,2025/03/28,Customer_0612,Smartphone,Electronics,7.0,183921.99,11430.94,Nashik
103426,14-05-2025,Customer_0201,Bookshelf,Furniture,6.0,32809.96,5553.21,nashik
103427,15-07-2025,Customer_0172,Jeans,Clothing,7.0,12088.38,2349.71,Kolhapur
103428,01-10-2025,Customer_1666,Tablet,Electronics,1.0,16877.75,3526.85,Mumbai
103429,2025/07/20,Customer_1455,Table,Furniture,8.0,73143.65,12540.2, Pune 
103430,12-10-2025,Customer_0249,Desk,Furniture,2.0,24696.52,1966.79,Nashik
103431,03/18/2025,Customer_1036,Laptop,Electronics,7.0,438489.74,34930.13, Kolhapur 
103432,28-02-2025,Customer_1072,Monitor,Electronics,1.0,12970.5,2466.74,Aurangabad
103433,06-05-2025,Customer_2042,Jeans,Clothing,8.0,13255.41,2572.93,mumbai
103434,19-04-2025,Customer_2165,Table,Furniture,4.0,36169.95,4351.93,aurangabad
103435,2025/08/12,Customer_0993,Tablet,Electronics,5.0,101389.83,6671.49,Mumbai
103436,10/05/2025,Customer_1209,Smartphone,Electronics,7.0,193696.84,18775.2,Aurangabad
103437,09-03-2025,Customer_1670,Cabinet,Furniture,5.0,44184.84,3635.15,Nashik
103438,10-03-2025,Customer_1720,Office Chair,Furniture,4.0,30721.97,6208.83,Aurangabad
103439,14-06-2025,Customer_0877,Bookshelf,Furniture,7.0,41666.6,7477.1,PUNE
103440,01-11-2025,Customer_1893,Jacket,Clothing,2.0,6111.85,1086.93,Pune
103441,11-06-2025,Customer_0642,Lamp,Home,7.0,9471.83,1245.48,Nashik
103442,31-12-2025,Customer_0765,Jacket,Clothing,1.0,2525.43,170.84,Nagpur
103443,08-12-2025,Customer_2227,Bookshelf,Furniture,6.0,33261.77,2757.79,Aurangabad
103444,05-11-2025,Customer_0096,Bookshelf,Furniture,4.0,24417.23,2187.57,Aurangabad
103445,09-12-2025,Customer_1261,Tablet,Electronics,7.0,108571.69,7139.5,Nagpur
103446,11-02-2025,Customer_0926,Jacket,Clothing,1.0,3078.52,476.04,AURANGABAD
103447,2025/12/20,Customer_2278,Headphones,Electronics,4.0,9574.26,1944.31,Aurangabad
103448,19-04-2025,Customer_0550,Bookshelf,Furniture,6.0,31358.12,6800.06,Nagpur
103449,20-02-2025,Customer_1187,Headphones,Electronics,1.0,2587.22,231.18,Aurangabad
103450,07-09-2025,Customer_0839,Headphones,Electronics,4.0,10537.21,1919.26,Mumbai
103451,07-12-2025,Customer_2156,Bookshelf,Furniture,4.0,23491.27,4648.01,Nashik
103452,21-01-2025,Customer_0909,T-Shirt,Clothing,7.0,4386.58,458.9,Mumbai
103453,27-10-2025,Customer_2458,Laptop,Electronics,2.0,96585.25,9053.95,Nagpur
103454,19-05-2025,Customer_2485,Mixer,Home,1.0,3225.67,667.14, Mumbai 
103455,12/25/2025,Customer_0811,Cabinet,Furniture,2.0,13974.93,1794.19,Nagpur
103456,20-11-2025,Customer_1324,Desk,Furniture,7.0,84816.45,17284.82,mumbai
103457,02-04-2025,Customer_0315,Tablet,Electronics,1.0,20687.56,3734.98,Pune
103458,07-10-2025,Customer_0391,Lamp,Home,7.0,9586.39,1782.46, Nagpur 
103459,05-05-2025,Customer_0044,Vacuum Cleaner,Home,1.0,7403.25,1281.97,Mumbai
103460,21-04-2025,Customer_2401,Office Chair,Furniture,1.0,6554.47,814.77,Pune
103461,12/20/2025,Customer_2252,Shoes,Clothing,2.0,5219.9,606.11,Mumbai
103462,2025/05/19,Customer_1368,Smartphone,Electronics,7.0,163102.66,24854.22,Nagpur
103463,09/30/2025,Customer_2442,Lamp,Home,5.0,6780.3,444.77,pune
103464,04/09/2025,Customer_1605,Mixer,Home,4.0,15130.77,2657.51,Nashik
103465,2025/09/09,Customer_0313,Jeans,Clothing,1.0,1822.7,380.79,Nashik
103466,04-12-2025,Customer_0446,Laptop,Electronics,5.0,296634.19,42497.42,Kolhapur
103467,14-04-2025,Customer_1627,Jeans,Clothing,4.0,5832.19,858.72,Kolhapur
103468,02-08-2025,Customer_2403,Lamp,Home,1.0,1295.53,263.39,Mumbai
103469,06-09-2025,Customer_0646,Cookware,Home,3.0,7173.63,654.54,Mumbai
103470,01-06-2025,Customer_1849,Office Chair,Furniture,4.0,30897.18,3495.95,Nashik
103471,07-09-2025,Customer_0315,Jacket,Clothing,7.0,16714.13,1538.29,PUNE
103472,02-10-2025,Customer_0533,T-Shirt,Clothing,5.0,3093.88,602.8,Kolhapur
103473,14-06-2025,Customer_0088,Mixer,Home,6.0,19478.59,2056.0,Nashik
103474,2025/12/07,Customer_1756,Table,Furniture,7.0,71692.8,8650.01,Nagpur
103475,08-01-2025,Customer_0478,Monitor,Electronics,2.0,23880.52,2517.37,Aurangabad
103476,11-10-2025,Customer_0173,Table,Furniture,1.0,7972.11,609.46,Mumbai
103477,05-01-2025,Customer_1480,Monitor,Electronics,4.0,48901.79,7575.94,Nagpur
103478,25-05-2025,Customer_0112,Vacuum Cleaner,Home,2.0,11788.46,1388.67,Nagpur
103479,11-04-2025,Customer_1313,Table,Furniture,2.0,19954.9,2552.11,Aurangabad
103480,13-06-2025,Customer_0896,Office Chair,Furniture,3.0,25305.92,3534.48,Nashik
103481,27-05-2025,Customer_1761,Jacket,Clothing,1.0,2715.02,488.87,Kolhapur
103482,05-03-2025,Customer_1989,Table,Furniture,2.0,15695.15,1166.41,Aurangabad
103483,01-04-2025,Customer_0864,Bedsheet,Home,3.0,5646.2,778.67,Kolhapur
103484,27-04-2025,Customer_0475,Jacket,Clothing,1.0,3043.95,628.89,Mumbai
103485,20-12-2025,Customer_2162,Backpack,Clothing,1.0,1353.11,210.31,Nagpur
103486,24-09-2025,Customer_0973,Bookshelf,Furniture,5.0,30006.27,6513.09,Nagpur
103487,06-11-2025,Customer_0869,Table,Furniture,1.0,9893.93,2036.94,Mumbai
103488,22-06-2025,Customer_0219,Backpack,Clothing,2.0,2593.65,476.2,Pune
103489,16-02-2025,Customer_2481,Shoes,Clothing,1.0,2324.1,217.07,Pune
103490,20-05-2025,Customer_1186,Backpack,Clothing,2.0,3173.18,200.19,NASHIK
103491,03-09-2025,Customer_1046,Office Chair,Furniture,8.0,68377.0,5735.59,Kolhapur
103492,29-05-2025,Customer_2346,Table,Furniture,7.0,69037.38,7190.08,Nagpur
103493,2025/09/03,Customer_0368,Backpack,Clothing,8.0,10698.36,1012.93, Kolhapur 
103494,05-01-2025,Customer_2373,Jeans,Clothing,6.0,9846.28,1139.17,Nagpur
103495,03-07-2025,Customer_2316,Desk,Furniture,-2.0,75399.69,4712.75,Pune
103496,20-01-2025,Customer_2333,T-Shirt,Clothing,5.0,3042.59,231.07,KOLHAPUR
103497,15-02-2025,Customer_0444,Desk,Furniture,4.0,46833.51,8915.57,Mumbai
103498,2025/01/12,Customer_1761,Bookshelf,Furniture,3.0,20096.16,1992.93,Nagpur
103499,11-03-2025,Customer_2286,Tablet,Electronics,1.0,18401.6,3366.36,Nagpur
103500,2025/01/17,Customer_1873,Table,Furniture,,16859.68,2114.9,Nagpur
103501,27-05-2025,Customer_0885,Tablet,Electronics,3.0,54388.38,4437.0,nashik
103502,03-06-2025,Customer_1335,Cabinet,Furniture,4.0,27449.43,2318.07,Aurangabad
103503,31-10-2025,Customer_2299,Jeans,Clothing,3.0,4982.67,357.65,Pune
103504,18-04-2025,Customer_1670,T-Shirt,Clothing,6.0,3809.02,434.44,Aurangabad
103505,24-08-2025,Customer_1399,Smartphone,Electronics,7.0,152838.18,13858.13, Pune 
103506,04-11-2025,Customer_2231,Table,Furniture,6.0,60662.57,3827.07,Aurangabad
103507,18-12-2025,Customer_0383,Table,Furniture,5.0,47071.33,5719.42,Kolhapur
103508,11-03-2025,Customer_1412,Vacuum Cleaner,Home,7.0,47856.66,7379.05,Nagpur
103509,02-07-2025,Customer_2302,Smartphone,Electronics,1.0,22926.24,4483.31,Nagpur
103510,07-09-2025,Customer_0780,Mixer,Home,3.0,10474.61,2007.0,Kolhapur
103511,2025/08/16,Customer_0493,Backpack,Clothing,6.0,8163.15,1775.89,Nashik
103512,12-04-2025,Customer_2218,Bookshelf,Furniture,7.0,45408.17,9742.41,MUMBAI
103513,16-03-2025,Customer_2085,Cabinet,Furniture,5.0,40171.92,5454.97,Nashik
103514,2025/08/04,Customer_1960,Laptop,Electronics,3.0,177644.96,35679.39,Mumbai
103515,22-07-2025,Customer_2460,Laptop,Electronics,7.0,438608.84,49092.74,Nagpur
103516,11-07-2025,Customer_0479,Mixer,Home,1.0,3813.64,357.35,Nagpur
103517,2025/09/06,Customer_0792,Office Chair,Furniture,2.0,15205.08,1349.84,Kolhapur
103518,30-08-2025,Customer_0272,T-Shirt,Clothing,1.0,667.95,139.61,Nagpur
103519,28-06-2025,Customer_0329,Monitor,Electronics,5.0,62567.9,10084.95,Nashik
103520,07-08-2025,Customer_1857,Headphones,Electronics,1.0,2569.72,203.83, Nagpur 
103521,23-03-2025,Customer_2386,Cabinet,Furniture,4.0,30329.4,4551.75,NAGPUR
103522,04/02/2025,Customer_1509,Cookware,Home,1.0,1993.54,374.98,MUMBAI
103523,24-06-2025,Customer_2029,Jacket,Clothing,1.0,3196.61,301.64,NAGPUR
103524,27-08-2025,Customer_1601,Vacuum Cleaner,Home,5.0,29447.39,3910.31,Mumbai
103525,17-09-2025,Customer_1652,Tablet,Electronics,3.0,58013.8,6094.7,Nagpur
103526,2025/12/31,Customer_1412,Cabinet,Furniture,3.0,20543.14,3011.53,Pune
103527,12-06-2025,Customer_1575,Tablet,Electronics,8.0,163725.14,20073.41,Pune
103528,17-02-2025,Customer_1080,Cabinet,Furniture,2.0,15616.65,3357.96,Pune
103529,25-11-2025,Customer_0276,Vacuum Cleaner,Home,5.0,34397.42,6021.87,Mumbai
103530,24-11-2025,Customer_0951,Desk,Furniture,8.0,97805.82,21119.94,Pune
103531,26-04-2025,Customer_0702,Bookshelf,Furniture,6.0,38039.76,7729.88,Mumbai
103532,03-12-2025,Customer_1914,Shoes,Clothing,2.0,5299.07,941.21, Kolhapur 
103533,03-12-2025,Customer_0840,Tablet,Electronics,1.0,16868.22,1831.16,mumbai
103534,13-08-2025,Customer_0002,Laptop,Electronics,3.0,179007.74,19238.5, Nagpur 
103535,2025/12/18,Customer_0975,Smartphone,Electronics,7.0,178295.43,17811.07,Kolhapur
103536,24-11-2025,Customer_2031,Jeans,Clothing,8.0,14017.22,1088.86,Kolhapur
103537,27-05-2025,Customer_0780,Shoes,Clothing,2.0,5494.17,859.49,Mumbai
103538,04-03-2025,Customer_1258,Mixer,Home,5.0,15856.28,2326.52,Nashik
103539,21-10-2025,Customer_0196,Smartphone,Electronics,6.0,140212.45,15669.41,Mumbai
103540,19-11-2025,Customer_0388,Lamp,Home,1.0,1146.55,80.41,Nagpur
103541,2025/11/21,Customer_0969,Jacket,Clothing,1.0,3208.21,208.68,Nagpur
103542,13-01-2025,Customer_1632,Bookshelf,Furniture,2.0,12584.99,1502.6,Nagpur
103543,08-07-2025,Customer_2047,Smartphone,Electronics,8.0,208760.62,24424.93,aurangabad
103544,14-10-2025,Customer_0058,Desk,Furniture,2.0,25251.0,4461.29,MUMBAI
103545,27-07-2025,Customer_0420,Tablet,Electronics,3.0,57086.95,4466.14,Aurangabad
103546,24-04-2025,Customer_0703,Bookshelf,Furniture,7.0,43976.85,4608.69,KOLHAPUR
103547,22-01-2025,Customer_0958,Shoes,Clothing,8.0,17172.81,2170.18,Nagpur
103548,2025/12/15,Customer_0471,Cabinet,Furniture,4.0,31362.01,4225.96,KOLHAPUR
103549,02-08-2025,Customer_1673,Cabinet,Furniture,6.0,50949.47,5574.64,Pune
103550,20-06-2025,Customer_0094,Jeans,Clothing,8.0,12090.68,842.58,Nagpur
103551,11/19/2025,Customer_1858,Bedsheet,Home,2.0,3801.77,573.5,Nagpur
103552,23-02-2025,Customer_0967,Tablet,Electronics,8.0,137495.16,23763.32,Nagpur
103553,25-10-2025,Customer_0010,Office Chair,Furniture,6.0,45504.33,6146.69,Nagpur
103554,16-11-2025,Customer_0740,Office Chair,Furniture,3.0,22576.44,3653.22,Mumbai
103555,2025/05/06,Customer_0354,Jacket,Clothing,3.0,8803.21,935.19,Nagpur
103556,2025/10/04,Customer_2209,T-Shirt,Clothing,6.0,3747.34,318.75,Nagpur
103557,23-07-2025,Customer_2333,Headphones,Electronics,7.0,18231.8,3640.16,Mumbai
103558,13-07-2025,Customer_0298,Monitor,Electronics,3.0,40859.65,3559.82,Kolhapur
103559,18-06-2025,Customer_1871,Bookshelf,Furniture,7.0,45233.19,8738.98,Kolhapur
103560,2025/06/01,Customer_0964,Monitor,Electronics,5.0,77992.23,12252.04,Nagpur
103561,04-02-2025,Customer_0649,Backpack,Clothing,1.0,1551.51,96.92,Mumbai
103562,03-07-2025,Customer_2479,Headphones,Electronics,1.0,2205.43,164.99,Aurangabad
103563,13-10-2025,Customer_2451,Cabinet,Furniture,7.0,59571.76,4237.52,Aurangabad
103564,26-02-2025,Customer_0533,Backpack,Clothing,5.0,6992.37,948.4,Nashik
103565,2025/08/10,Customer_0345,Backpack,Clothing,2.0,2640.99,526.26,Nashik
103566,30-10-2025,Customer_0147,Shoes,Clothing,8.0,18022.6,2097.72,Aurangabad
103567,12-06-2025,Customer_0734,Mixer,Home,6.0,22727.28,1474.26,Mumbai
103568,19-01-2025,Customer_1957,Bedsheet,Home,7.0,13253.75,2526.48,Mumbai
103569,21-09-2025,Customer_1126,Office Chair,Furniture,8.0,67780.82,13570.23,Nagpur
103570,09-10-2025,Customer_1890,Monitor,Electronics,2.0,26482.83,4073.54,NAGPUR
103571,23-04-2025,Customer_2354,Bedsheet,Home,3.0,4715.22,477.46,NAGPUR
103572,23-11-2025,Customer_1312,Cookware,Home,3.0,5796.56,640.11,Kolhapur
103573,30-01-2025,Customer_2180,Table,Furniture,1.0,10013.01,1156.97,nashik
103574,15-05-2025,Customer_0973,Tablet,Electronics,3.0,55002.75,7114.11,Nashik
103575,08-03-2025,Customer_1477,Headphones,Electronics,1.0,2469.19,531.2,Nagpur
103576,06-03-2025,Customer_1871,Vacuum Cleaner,Home,6.0,36615.01,5872.02,Kolhapur
103577,19-10-2025,Customer_0688,Laptop,Electronics,2.0,107362.07,7492.09,Nashik
103578,25-01-2025,Customer_1100,Bookshelf,Furniture,6.0,35884.77,6822.95,Nashik
103579,06-02-2025,Customer_1887,Cabinet,Furniture,7.0,49259.05,3504.03,Kolhapur
103580,01-01-2025,Customer_1446,Cookware,Home,3.0,5914.19,1078.18,Kolhapur
103581,06-02-2025,Customer_0546,Jeans,Clothing,4.0,6830.07,1027.26,aurangabad
103582,21-05-2025,Customer_0797,Shoes,Clothing,4.0,9904.68,2002.05,Kolhapur
103583,2025/08/20,Customer_0674,Headphones,Electronics,7.0,18900.16,3589.34,Nashik
103584,16-05-2025,Customer_2184,Headphones,Electronics,3.0,8204.84,1336.03,Nashik
103585,07-07-2025,Customer_1594,Cookware,Home,6.0,13033.74,2585.22,Mumbai
103586,2025/05/08,Customer_0911,Table,Furniture,4.0,40600.88,2590.7,Nashik
103587,20-07-2025,Customer_2067,T-Shirt,Clothing,4.0,2423.31,517.13,Pune
103588,07-05-2025,Customer_0106,Lamp,Home,6.0,6718.67,1341.98,Aurangabad
103589,14-09-2025,Customer_1583,Vacuum Cleaner,Home,5.0,31415.75,2483.6,kolhapur
103590,13-06-2025,Customer_1998,T-Shirt,Clothing,6.0,3671.36,312.22, Aurangabad 
103591,02/04/2025,Customer_0032,Jacket,Clothing,4.0,10359.64,1431.32,Mumbai
103592,2025/07/13,Customer_2099,Backpack,Clothing,2.0,2969.26,646.78,Kolhapur
103593,10-07-2025,Customer_2454,Laptop,Electronics,8.0,432278.89,61776.8,Nagpur
103594,14-04-2025,Customer_2137,Office Chair,Furniture,4.0,30196.34,4418.01,Aurangabad
103595,23-01-2025,Customer_1103,Backpack,Clothing,4.0,5629.8,345.69,pune
103596,22-09-2025,Customer_1616,Headphones,Electronics,4.0,8505.17,643.22,Nashik
103597,10/17/2025,Customer_1859,Headphones,Electronics,5.0,11005.84,1901.63, Pune 
103598,17-09-2025,Customer_0440,Jacket,Clothing,4.0,10208.52,2073.9,Mumbai
103599,24-12-2025,Customer_1719,Bookshelf,Furniture,4.0,27085.97,5854.44,Nagpur
103600,16-03-2025,Customer_1833,Smartphone,Electronics,7.0,198051.77,20498.78,Nashik
103601,21-12-2025,Customer_0614,Laptop,Electronics,5.0,275806.59,24291.06, Aurangabad 
103602,13-03-2025,Customer_0145,Headphones,Electronics,2.0,5459.31,1103.6,nashik
103603,2025/09/16,Customer_2168,Table,Furniture,7.0,69639.36,9007.06,Pune
103604,07/07/2025,Customer_2479,Vacuum Cleaner,Home,1.0,7004.41,529.62,Aurangabad
103605,22-06-2025,Customer_1113,Table,Furniture,1.0,7758.66,1400.58,Nashik
103606,17-10-2025,Customer_1648,Desk,Furniture,6.0,70387.67,15435.16,mumbai
103607,14-02-2025,,Bookshelf,Furniture,7.0,36925.4,7270.63,Pune
103608,02-03-2025,Customer_1843,Backpack,Clothing,7.0,9741.15,1873.65,Kolhapur
103609,24-03-2025,Customer_0687,Lamp,Home,5.0,6570.83,1357.26, Mumbai 
103610,03-05-2025,Customer_1146,Lamp,Home,6.0,6763.36,1433.61,Kolhapur
103611,24-12-2025,Customer_1490,Backpack,Clothing,7.0,8775.9,641.65,Nashik
103612,16-01-2025,Customer_1248,Jeans,Clothing,3.0,4701.53,905.19,Kolhapur
103613,07-03-2025,Customer_1362,Laptop,Electronics,7.0,381930.14,73592.54,Pune
103614,25-05-2025,Customer_0176,Office Chair,Furniture,1.0,8016.8,749.64,Mumbai
103615,11-06-2025,Customer_2402,Jacket,Clothing,4.0,12708.24,886.08,Aurangabad
103616,22-08-2025,Customer_0538,Office Chair,Furniture,4.0,33584.52,3651.0,Aurangabad
103617,24-05-2025,Customer_0284,Headphones,Electronics,6.0,15000.67,1913.73,Mumbai
103618,2025/12/24,Customer_1969,Headphones,Electronics,6.0,13523.26,1586.33,Pune
103619,07-07-2025,Customer_0412,Table,Furniture,3.0,24512.77,2270.42, Nashik 
103620,11/18/2025,Customer_1581,Jacket,Clothing,7.0,17759.89,2455.18,Kolhapur
103621,2025/01/13,Customer_0910,Cookware,Home,8.0,19173.08,2895.81,Nagpur
103622,03-07-2025,Customer_1693,Bedsheet,Home,5.0,10061.66,1628.45,mumbai
103623,21-04-2025,Customer_2111,Smartphone,Electronics,6.0,158520.31,26443.91,Aurangabad
103624,17-10-2025,Customer_0857,Bookshelf,Furniture,5.0,29545.13,5031.37,Pune
103625,10/22/2025,Customer_0548,Desk,Furniture,2.0,20901.9,4129.72,mumbai
103626,03-08-2025,Customer_2485,Smartphone,Electronics,4.0,108334.36,10750.75,Mumbai
103627,30-04-2025,Customer_0242,Headphones,Electronics,2.0,5402.05,335.05, Nagpur 
103628,24-02-2025,Customer_1702,Laptop,Electronics,4.0,201338.27,14178.64,Nashik
103629,2025/01/27,Customer_2265,Cookware,Home,4.0,9539.8,1726.13,Nagpur
103630,28-04-2025,Customer_1932,T-Shirt,Clothing,3.0,2297.59,139.5,NAGPUR
103631,09-08-2025,Customer_0741,Tablet,Electronics,3.0,54019.97,9333.24,Nashik
103632,19-08-2025,Customer_1067,Bedsheet,Home,6.0,9683.5,1587.77,Aurangabad
103633,22-02-2025,Customer_1982,Backpack,Clothing,5.0,6126.63,545.34,Mumbai
103634,22-10-2025,Customer_1333,Cookware,Home,1.0,2184.03,359.43,Mumbai
103635,17-11-2025,Customer_1567,Monitor,Electronics,8.0,100101.2,8972.64,Aurangabad
103636,08/21/2025,Customer_0218,Office Chair,Furniture,7.0,47845.03,4698.01,Kolhapur
103637,2025/06/07,Customer_1921,Table,Furniture,2.0,16523.39,2036.08,MUMBAI
103638,26-09-2025,Customer_0813,Tablet,Electronics,4.0,75321.86,9798.25,Nagpur
103639,2025/01/21,Customer_0120,Cabinet,Furniture,3.0,25987.01,4549.88,Nashik
103640,22-02-2025,Customer_2362,Desk,Furniture,3.0,31966.49,2167.8,Kolhapur
103641,02-10-2025,Customer_0413,Table,Furniture,3.0,30061.33,2187.65,Aurangabad
103642,09-11-2025,Customer_1242,Lamp,Home,2.0,2146.8,136.41,Mumbai
103643,08-10-2025,Customer_1332,Desk,Furniture,3.0,37386.03,5726.77,aurangabad
103644,2025/08/02,Customer_1312,Jeans,Clothing,4.0,7334.86,1480.97,Kolhapur
103645,31-01-2025,Customer_0501,Jacket,Clothing,7.0,19075.76,2278.67,Nagpur
103646,03-12-2025,Customer_0662,Bedsheet,Home,4.0,6761.2,570.54,Nagpur
103647,02-07-2025,Customer_2339,Jeans,Clothing,1.0,1426.28,115.76,NASHIK
103648,23-01-2025,Customer_0478,Jacket,Clothing,8.0,19806.85,1950.62,Mumbai
103649,2025/02/01,Customer_0012,Vacuum Cleaner,Home,8.0,48984.03,10475.36,Mumbai
103650,15-03-2025,Customer_0664,Table,Furniture,2.0,18423.76,4016.66,Pune
103651,10-01-2025,Customer_2159,Jeans,Clothing,8.0,12310.27,1639.98,Nagpur
103652,23-02-2025,Customer_1339,Smartphone,Electronics,8.0,189474.72,16912.9,Mumbai
103653,21-02-2025,Customer_0116,Desk,Furniture,3.0,32146.18,6789.68,Aurangabad
103654,28-05-2025,Customer_1627,Smartphone,Electronics,6.0,171906.48,11549.63,Aurangabad
103655,09-06-2025,Customer_0710,Monitor,Electronics,4.0,50125.81,6404.27,PUNE
103656,14-01-2025,Customer_2485,Headphones,Electronics,8.0,18118.0,2141.93,AURANGABAD
103657,06/27/2025,Customer_1431,Vacuum Cleaner,Home,8.0,46213.9,6148.38,Aurangabad
103658,22-02-2025,Customer_0757,Bookshelf,Furniture,6.0,33534.3,3900.2,Mumbai
103659,01-12-2025,Customer_0828,Mixer,Home,1.0,3074.03,395.01,Pune
103660,22-01-2025,Customer_1589,Jacket,Clothing,4.0,12823.75,1444.12,Aurangabad
103661,30-01-2025,Customer_0449,Monitor,Electronics,6.0,93486.02,18221.53,Nagpur
103662,10-07-2025,Customer_0861,Headphones,Electronics,3.0,8517.13,1587.74,Aurangabad
103663,17-09-2025,Customer_2365,Laptop,Electronics,3.0,172900.04,34070.56,Mumbai
103664,24-07-2025,Customer_1241,T-Shirt,Clothing,2.0,1221.77,163.78,Mumbai
103665,28-02-2025,Customer_0233,Lamp,Home,4.0,5504.53,1008.08,Kolhapur
103666,21-09-2025,Customer_1926,Office Chair,Furniture,7.0,59777.69,11043.42,Pune
103667,12-01-2025,Customer_0381,Cabinet,Furniture,8.0,71197.73,12320.39,kolhapur
103668,29-04-2025,Customer_0199,Smartphone,Electronics,7.0,188676.36,27114.39,AURANGABAD
103669,17-10-2025,Customer_0849,Desk,Furniture,2.0,27054.51,5194.63,Mumbai
103670,2025/12/04,Customer_1912,Tablet,Electronics,7.0,138998.85,23307.53,Aurangabad
103671,05-09-2025,Customer_2482,Office Chair,Furniture,2.0,14120.61,927.73,Aurangabad
103672,20-12-2025,Customer_1568,Laptop,Electronics,2.0,124376.62,19126.54,NAGPUR
103673,07-05-2025,Customer_0172,Smartphone,Electronics,,70458.22,5908.74,Pune
103674,16-03-2025,Customer_1405,Tablet,Electronics,3.0,59338.28,11502.32, Aurangabad 
103675,27-12-2025,Customer_0877,Cookware,Home,4.0,9630.3,1571.79,Pune
103676,23-07-2025,Customer_1768,Backpack,Clothing,4.0,5374.91,583.99,Nagpur
103677,18-02-2025,Customer_0733,Jeans,Clothing,1.0,1364.11,263.79,Nagpur
103678,2025/03/20,Customer_0613,Backpack,Clothing,2.0,2453.44,394.81,Nashik
103679,29-08-2025,Customer_1166,Office Chair,Furniture,2.0,15018.34,2166.7,PUNE
103680,15-12-2025,Customer_1381,Vacuum Cleaner,Home,3.0,21996.27,1431.04,Pune
103681,03-06-2025,Customer_2443,Jeans,Clothing,3.0,5193.68,354.88,Nashik
103682,01-10-2025,Customer_2423,Cookware,Home,1.0,1895.18,244.04,Mumbai
103683,06-04-2025,Customer_0271,Jacket,Clothing,7.0,17030.88,3172.22,AURANGABAD
103684,02-08-2025,Customer_0526,Smartphone,Electronics,6.0,151330.34,9782.93, Aurangabad 
103685,21-10-2025,Customer_0938,Mixer,Home,2.0,6035.05,953.7,Nagpur
103686,28-07-2025,Customer_0782,Smartphone,Electronics,5.0,136479.19,17748.84,Nagpur
103687,09-12-2025,Customer_2211,Backpack,Clothing,6.0,8537.54,1604.83,Nashik
103688,29-03-2025,Customer_0869,Lamp,Home,3.0,3719.35,356.91, Pune 
103689,02-11-2025,Customer_0106,T-Shirt,Clothing,3.0,2171.22,348.53,Mumbai
103690,21-09-2025,Customer_0505,Mixer,Home,7.0,26220.69,4178.0,Nashik
103691,21-11-2025,Customer_2284,Table,Furniture,4.0,41067.82,3760.42,Nagpur
103692,16-11-2025,Customer_2454,T-Shirt,Clothing,3.0,2384.19,348.41,KOLHAPUR
103693,06-06-2025,Customer_1767,Tablet,Electronics,2.0,37857.13,2873.88,Nagpur
103694,05-06-2025,Customer_0533,Tablet,Electronics,4.0,69420.44,12710.93,Mumbai
103695,19-05-2025,Customer_1403,Backpack,Clothing,2.0,2973.81,197.53,Nashik
103696,01-05-2025,Customer_0909,Jeans,Clothing,1.0,1622.37,120.26,aurangabad
103697,06-03-2025,Customer_0241,T-Shirt,Clothing,4.0,3216.52,654.78,Pune
103698,17-04-2025,Customer_1662,Monitor,Electronics,6.0,71931.23,14198.07, Nagpur 
103699,27-05-2025,Customer_1263,Lamp,Home,7.0,9456.96,1102.38,Kolhapur
103700,05/17/2025,Customer_2418,Headphones,Electronics,8.0,21317.01,2786.91,Aurangabad
103701,11-06-2025,Customer_1742,Jacket,Clothing,5.0,14651.98,1676.93,mumbai
103702,10-04-2025,Customer_0436,Bookshelf,Furniture,8.0,45444.85,5812.82,Mumbai
103703,04-12-2025,Customer_0012,Shoes,Clothing,7.0,15639.23,3018.09,Pune
103704,03-11-2025,Customer_0486,Monitor,Electronics,1.0,13364.53,1657.52,Kolhapur
103705,21-05-2025,Customer_0110,Laptop,Electronics,4.0,246007.6,34308.17,Aurangabad
103706,24-03-2025,Customer_0412,Vacuum Cleaner,Home,4.0,26345.18,5612.57,Nagpur
103707,06/26/2025,Customer_2003,Lamp,Home,2.0,2678.44,233.33,Mumbai
103708,17-07-2025,Customer_2230,Vacuum Cleaner,Home,1.0,6447.77,1388.9,Pune
103709,22-04-2025,Customer_0440,Headphones,Electronics,8.0,19234.2,2297.56,Mumbai
103710,25-02-2025,Customer_0250,Laptop,Electronics,6.0,299807.99,23472.48,nagpur
103711,28-06-2025,Customer_1674,Smartphone,Electronics,1.0,26802.29,4910.31,NAGPUR
103712,05-07-2025,Customer_1893,Smartphone,Electronics,1.0,28517.6,5240.02,Aurangabad
103713,06-08-2025,Customer_0196,Bookshelf,Furniture,2.0,11076.07,735.66,Nashik
103714,12-11-2025,Customer_2016,Backpack,Clothing,5.0,8019.42,918.0,Nashik
103715,05-08-2025,Customer_0468,Table,Furniture,3.0,25476.97,5221.58,Aurangabad
103716,04/30/2025,Customer_2315,Office Chair,Furniture,1.0,7691.47,725.92,nagpur
103717,24-06-2025,Customer_1831,Bookshelf,Furniture,6.0,40202.24,8801.79,NAGPUR
103718,23-01-2025,Customer_2033,Vacuum Cleaner,Home,5.0,28470.12,5635.95,Pune
103719,01-08-2025,Customer_1368,Office Chair,Furniture,1.0,7253.66,1043.45, Mumbai 
103720,23-08-2025,Customer_0642,Cabinet,Furniture,7.0,62968.91,13584.95,Nagpur
103721,13-01-2025,Customer_1790,Shoes,Clothing,7.0,16251.36,1528.54, Mumbai 
103722,11-04-2025,Customer_2149,Headphones,Electronics,2.0,4370.77,655.13,Mumbai
103723,2025/01/24,Customer_0132,Table,Furniture,1.0,7686.73,967.79,Pune
103724,30-12-2025,Customer_1744,Shoes,Clothing,7.0,15260.27,1905.03,Pune
103725,11-01-2025,Customer_0278,Jacket,Clothing,1.0,2413.54,467.35,Pune
103726,30-09-2025,Customer_1915,Tablet,Electronics,8.0,131460.72,14793.2,Pune
103727,08-10-2025,Customer_1076,T-Shirt,Clothing,1.0,777.71,139.52,Kolhapur
103728,04/04/2025,Customer_2306,Cabinet,Furniture,2.0,14651.38,1047.63, Aurangabad 
103729,20-07-2025,Customer_1291,Backpack,Clothing,1.0,1490.58,182.61,mumbai
103730,2025/01/21,Customer_0174,Headphones,Electronics,3.0,8098.68,1062.93,Nashik
103731,06-12-2025,Customer_2450,Monitor,Electronics,5.0,66766.05,8826.0, Nagpur 
103732,30-07-2025,Customer_0917,Vacuum Cleaner,Home,8.0,55877.52,11418.86,Aurangabad
103733,20-05-2025,Customer_2418,Smartphone,Electronics,8.0,172986.03,24885.4,Nagpur
103734,2025/10/20,Customer_2470,Tablet,Electronics,7.0,108341.18,14620.16,Kolhapur
103735,2025/10/25,Customer_1565,T-Shirt,Clothing,7.0,5466.37,644.24,pune
103736,11-04-2025,Customer_1175,Desk,Furniture,8.0,108454.57,17450.05,pune
103737,10/31/2025,Customer_1017,Bedsheet,Home,5.0,10172.22,1842.66,Mumbai
103738,25-12-2025,Customer_0750,Bookshelf,Furniture,7.0,37003.28,3588.73,Mumbai
103739,28-01-2025,Customer_1828,Backpack,Clothing,2.0,2711.1,236.45,Pune
103740,10-02-2025,Customer_1765,Headphones,Electronics,3.0,7488.55,1014.09,Aurangabad
103741,12/21/2025,Customer_1914,Office Chair,Furniture,4.0,34106.33,4413.24,Pune
103742,30-10-2025,Customer_0433,Vacuum Cleaner,Home,3.0,21170.92,4460.83,pune
103743,26-05-2025,Customer_0113,Mixer,Home,3.0,11687.51,1091.46,Aurangabad
103744,13-09-2025,Customer_0964,T-Shirt,Clothing,2.0,1398.33,161.7,Nashik
103745,15-08-2025,Customer_0343,Cookware,Home,2.0,4267.81,502.45,Nagpur
103746,24-08-2025,Customer_2082,Monitor,Electronics,5.0,76853.54,10170.97,Pune
103747,27-12-2025,Customer_1066,Monitor,Electronics,7.0,98696.61,21436.07,Nashik
103748,13-01-2025,Customer_1849,Desk,Furniture,2.0,20831.85,2876.32,Nashik
103749,29-07-2025,Customer_2077,Cabinet,Furniture,8.0,69261.98,5830.88, Nashik 
103750,2025/08/17,Customer_0253,Mixer,Home,3.0,10851.32,1066.84,PUNE
103751,10-04-2025,Customer_1716,Backpack,Clothing,1.0,1554.31,174.6,Nagpur
103752,31-01-2025,Customer_0737,Shoes,Clothing,2.0,4743.59,738.63,MUMBAI
103753,2025/01/16,Customer_1227,Vacuum Cleaner,Home,2.0,11765.9,1242.27,Kolhapur
103754,2025/05/17,Customer_0647,Mixer,Home,2.0,6824.93,795.66,Kolhapur
103755,25-11-2025,Customer_0678,Vacuum Cleaner,Home,5.0,32742.55,5105.95, Kolhapur 
103756,2025/06/15,Customer_1898,Vacuum Cleaner,Home,3.0,19890.0,3275.23,Aurangabad
103757,06-11-2025,Customer_0205,Vacuum Cleaner,Home,8.0,49000.89,3931.25,Nashik
103758,10-04-2025,Customer_0940,Monitor,Electronics,6.0,90572.35,17763.49,Aurangabad
103759,19-04-2025,Customer_2380,Headphones,Electronics,2.0,4635.51,580.06, Nagpur 
103760,09-12-2025,Customer_0181,Headphones,Electronics,7.0,17492.49,2542.22,Nagpur
103761,22-06-2025,Customer_1164,Desk,Furniture,8.0,100593.32,6705.2,aurangabad
103762,25-08-2025,Customer_1451,Bookshelf,Furniture,7.0,44790.61,3131.55,Pune
103763,11-06-2025,Customer_0745,Vacuum Cleaner,Home,7.0,45067.14,8672.15,Nashik
103764,08/04/2025,Customer_1160,Monitor,Electronics,7.0,96565.73,8097.46,Kolhapur
103765,21-09-2025,Customer_1085,Bedsheet,Home,4.0,8247.67,1668.39,Kolhapur
103766,20-09-2025,Customer_1856,Mixer,Home,5.0,18924.4,2381.48,Kolhapur
103767,19-10-2025,Customer_1819,Jeans,Clothing,2.0,2896.49,610.08,Pune
103768,2025/10/01,Customer_0419,Cabinet,Furniture,6.0,48465.86,9517.57,Nagpur
103769,03-01-2025,Customer_2376,Desk,Furniture,6.0,68589.25,7794.9,Mumbai
103770,28-01-2025,Customer_0002,Lamp,Home,3.0,4124.38,591.82,Kolhapur
103771,22-11-2025,Customer_2182,Bookshelf,Furniture,7.0,37472.76,3565.46,Aurangabad
103772,29-05-2025,Customer_1786,Cabinet,Furniture,1.0,7956.67,531.47,Mumbai
103773,28-01-2025,Customer_0620,Shoes,Clothing,8.0,19775.2,2512.05, Kolhapur 
103774,06-11-2025,Customer_1741,Vacuum Cleaner,Home,2.0,14089.41,1645.51,Pune
103775,06-03-2025,Customer_0303,Laptop,Electronics,5.0,314810.27,27993.93,Mumbai
103776,22-12-2025,Customer_1466,Monitor,Electronics,4.0,57528.58,4277.36,Aurangabad
103777,21-01-2025,Customer_0443,Desk,Furniture,7.0,89893.37,19701.08,Mumbai
103778,09-09-2025,Customer_0002,Table,Furniture,7.0,69031.72,10279.69,Nashik
103779,2025/08/23,Customer_1043,Desk,Furniture,1.0,11945.07,2312.62,Nashik
103780,15-08-2025,Customer_0090,Tablet,Electronics,6.0,122125.56,26656.72,Mumbai
103781,13-01-2025,Customer_2030,Jacket,Clothing,5.0,13565.46,2964.69, Mumbai 
103782,11/09/2025,Customer_1757,T-Shirt,Clothing,2.0,1255.49,126.26,Nashik
103783,18-02-2025,Customer_1121,Smartphone,Electronics,5.0,109588.1,11339.98,Pune
103784,28-04-2025,Customer_1926,Bedsheet,Home,2.0,3889.37,764.14, Aurangabad 
103785,23-02-2025,Customer_1060,Mixer,Home,3.0,11378.51,1831.61,KOLHAPUR
103786,18-05-2025,Customer_1642,Monitor,Electronics,1.0,14058.66,2437.67,Nagpur
103787,22-02-2025,Customer_0327,Office Chair,Furniture,5.0,36271.88,7058.85,Nagpur
103788,13-02-2025,Customer_0928,Shoes,Clothing,2.0,5265.79,903.87,Nashik
103789,10/30/2025,Customer_1086,Table,Furniture,7.0,63679.19,12840.06,Kolhapur
103790,02/22/2025,Customer_2383,Vacuum Cleaner,Home,4.0,24065.71,2911.56,Nagpur
103791,2025/03/15,Customer_2324,Lamp,Home,7.0,9099.66,1263.4,NASHIK
103792,15-02-2025,Customer_2410,Headphones,Electronics,6.0,16751.46,1933.52,Nashik
103793,2025/01/13,Customer_0509,T-Shirt,Clothing,2.0,1345.12,271.98, Kolhapur 
103794,14-06-2025,Customer_0240,Cabinet,Furniture,3.0,23743.47,3385.34,Aurangabad
103795,12-04-2025,Customer_1563,Lamp,Home,4.0,4559.18,475.37,Aurangabad
103796,07-10-2025,Customer_0289,Headphones,Electronics,2.0,5233.92,414.39,Nagpur
103797,15-09-2025,Customer_0931,Tablet,Electronics,1.0,20048.07,3702.33,Kolhapur
103798,03-12-2025,Customer_1288,Cookware,Home,7.0,13971.26,2389.69,Mumbai
103799,12/22/2025,Customer_2109,Cookware,Home,2.0,4535.48,406.04,Kolhapur
103800,18-05-2025,Customer_2456,Jacket,Clothing,6.0,15656.95,1963.97,Pune
103801,12-06-2025,Customer_0202,Bedsheet,Home,1.0,1907.59,309.4,Pune
103802,21-04-2025,Customer_2173,Jeans,Clothing,5.0,8077.36,1477.72,
103803,12-04-2025,Customer_1202,Jeans,Clothing,1.0,1723.81,273.84,Nagpur
103804,17-01-2025,Customer_1767,Lamp,Home,7.0,9123.22,1035.32,Nagpur
103805,25-09-2025,Customer_1786,Mixer,Home,6.0,23401.87,3706.52,Nashik
103806,01-07-2025,Customer_1290,Office Chair,Furniture,5.0,41126.59,6062.25,Nagpur
103807,24-01-2025,Customer_1393,Shoes,Clothing,8.0,18310.63,2687.74,Kolhapur
103808,29-01-2025,Customer_1264,Monitor,Electronics,8.0,107669.35,18476.04,Nashik
103809,06/20/2025,Customer_1742,Desk,Furniture,1.0,11912.86,2308.45,Mumbai
103810,16-08-2025,Customer_1657,Bookshelf,Furniture,5.0,31602.65,5357.51,Nagpur
103811,07-07-2025,Customer_1379,Desk,Furniture,7.0,76872.31,16718.19,Aurangabad
103812,12-12-2025,Customer_1625,T-Shirt,Clothing,2.0,1543.5,287.46,Aurangabad
103813,2025/08/18,Customer_0938,Backpack,Clothing,6.0,7972.14,1161.55,Pune
103814,17-11-2025,Customer_0765,Tablet,Electronics,3.0,48121.07,7033.19, Pune 
103815,06-12-2025,Customer_0742,Desk,Furniture,5.0,53626.01,7962.71,Nagpur
103816,29-04-2025,Customer_1273,Bedsheet,Home,8.0,15042.48,1841.67,Nagpur
103817,05-06-2025,Customer_1599,Bookshelf,Furniture,2.0,11994.76,2400.21,pune
103818,29-09-2025,Customer_1151,Laptop,Electronics,3.0,145623.88,27184.67,Aurangabad
103819,2025/06/24,Customer_2062,Laptop,Electronics,6.0,297404.7,19591.02, Nashik 
103820,14-04-2025,Customer_2199,Mixer,Home,1.0,3169.85,578.2,Pune
103821,02-04-2025,Customer_1971,Tablet,Electronics,7.0,122413.77,24434.19,Aurangabad
103822,05-07-2025,Customer_0803,Vacuum Cleaner,Home,3.0,19644.54,1248.61,Pune
103823,10-10-2025,Customer_1819,Cabinet,Furniture,6.0,51120.68,3968.87,Pune
103824,2025/06/30,Customer_1674,Shoes,Clothing,3.0,8151.1,708.3,Nashik
103825,19-06-2025,Customer_0604,Table,Furniture,2.0,17165.41,3120.73,AURANGABAD
103826,06-07-2025,Customer_0836,Smartphone,Electronics,1.0,28406.74,3392.6,Kolhapur
103827,24-06-2025,Customer_1402,Jeans,Clothing,8.0,14064.9,1273.25,Mumbai
103828,10-08-2025,Customer_2181,Lamp,Home,7.0,9174.09,1515.55,Pune
103829,21-08-2025,Customer_0692,Vacuum Cleaner,Home,6.0,35405.1,3837.94,Nashik
103830,11-06-2025,Customer_1269,Backpack,Clothing,3.0,3736.03,453.09,Mumbai
103831,14-05-2025,Customer_2063,Monitor,Electronics,4.0,51021.3,8318.5,Nashik
103832,12-08-2025,Customer_0194,Jacket,Clothing,5.0,16076.92,995.51,Pune
103833,02-06-2025,Customer_1505,Lamp,Home,5.0,6073.66,921.9,NASHIK
103834,02-02-2025,Customer_0807,Lamp,Home,3.0,4047.35,570.52,Pune
103835,24-02-2025,Customer_0632,Smartphone,Electronics,4.0,101311.04,13724.04,Aurangabad
103836,07-01-2025,Customer_0348,Lamp,Home,8.0,8934.44,616.16,Nagpur
103837,01-09-2025,Customer_0995,Bedsheet,Home,4.0,7002.7,479.09,Aurangabad
103838,09-11-2025,Customer_0696,Jeans,Clothing,8.0,12993.89,1418.5,Pune
103839,06-05-2025,Customer_0696,Cabinet,Furniture,7.0,56564.52,4609.3,Pune
103840,2025/01/12,Customer_2224,Lamp,Home,1.0,1355.75,275.38,Pune
103841,01/16/2025,Customer_1012,Monitor,Electronics,7.0,88885.9,10217.53,Pune
103842,27-07-2025,Customer_0136,Jacket,Clothing,4.0,11581.34,872.19,Nagpur
103843,12-02-2025,Customer_1093,Bookshelf,Furniture,3.0,17214.67,1724.53,Kolhapur
103844,05/15/2025,Customer_1252,Bookshelf,Furniture,4.0,26991.72,5301.22,Pune
103845,16-08-2025,Customer_1624,Laptop,Electronics,2.0,112634.48,16135.5,Nagpur
103846,21-04-2025,Customer_2107,Vacuum Cleaner,Home,5.0,36699.58,7677.13,pune
103847,03-11-2025,Customer_1143,Lamp,Home,3.0,4106.88,328.8,Nashik
103848,09-06-2025,Customer_1073,Jacket,Clothing,5.0,12574.34,2115.98,Nagpur
103849,27-11-2025,Customer_2192,Monitor,Electronics,4.0,56696.1,3569.28,Nashik
103850,21-09-2025,Customer_1845,Tablet,Electronics,4.0,62538.66,12638.62,Aurangabad
103851,13-08-2025,Customer_0987,Laptop,Electronics,6.0,366518.21,42942.5,Aurangabad
103852,05-08-2025,Customer_2058,Smartphone,Electronics,8.0,223463.04,34634.09,Kolhapur
103853,2025/02/14,Customer_2327,Backpack,Clothing,7.0,10699.36,1373.68,Kolhapur
103854,02-08-2025,Customer_2453,Vacuum Cleaner,Home,3.0,17238.38,2230.58,pune
103855,28-02-2025,Customer_2371,Jacket,Clothing,8.0,22113.05,3276.07,Aurangabad
103856,12-05-2025,Customer_1124,Table,Furniture,2.0,15870.15,3469.6,NAGPUR
103857,14-04-2025,Customer_0953,Bookshelf,Furniture,7.0,38776.12,3558.42,Pune
103858,14-07-2025,Customer_1035,Monitor,Electronics,7.0,98788.01,14418.44,Mumbai
103859,06-06-2025,Customer_2281,Jeans,Clothing,4.0,6284.46,1153.21,Aurangabad
103860,08-04-2025,Customer_0667,Cabinet,Furniture,8.0,64319.76,10133.66,Kolhapur
103861,14-08-2025,Customer_0619,Desk,Furniture,2.0,25610.97,1639.21,Pune
103862,24-07-2025,Customer_0644,Mixer,Home,7.0,25019.23,5040.65,Kolhapur
103863,03/20/2025,Customer_2368,Desk,Furniture,1.0,10262.6,1281.07,Kolhapur
103864,04-05-2025,Customer_0497,Desk,Furniture,3.0,40603.26,4730.47,pune
103865,06-08-2025,Customer_0943,Laptop,Electronics,0.0,162957.08,35369.28,Mumbai
103866,04-01-2025,Customer_2139,Laptop,Electronics,2.0,100077.69,7049.56,Nagpur
103867,31-03-2025,Customer_0470,Bedsheet,Home,7.0,13958.62,2777.13,pune
103868,14-04-2025,Customer_1583,Monitor,Electronics,8.0,111061.82,15801.11,Pune
103869,29-04-2025,Customer_1211,Monitor,Electronics,2.0,30820.77,5491.32,mumbai
103870,13-05-2025,Customer_1183,Shoes,Clothing,2.0,4647.72,291.43, Pune 
103871,08-11-2025,Customer_1308,Cabinet,Furniture,5.0,39756.4,7848.95,Aurangabad
103872,06-04-2025,Customer_1977,Office Chair,Furniture,1.0,8390.63,1787.17,NASHIK
103873,2025/11/27,Customer_0799,Vacuum Cleaner,Home,3.0,21720.44,3319.04,Nashik
103874,23-05-2025,Customer_0401,Shoes,Clothing,6.0,14750.73,2713.78,Pune
103875,15-10-2025,Customer_1873,Smartphone,Electronics,1.0,26798.66,3915.36,Nagpur
103876,28-01-2025,Customer_1143,Office Chair,Furniture,6.0,39428.92,8208.04,Nashik
103877,05-10-2025,Customer_1358,Bedsheet,Home,2.0,3552.05,419.62,Pune
103878,21-08-2025,Customer_1598,Tablet,Electronics,7.0,130897.65,21966.47,Nagpur
103879,17-01-2025,,T-Shirt,Clothing,2.0,1278.49,247.91,Aurangabad
103880,28-02-2025,Customer_0355,Lamp,Home,5.0,5621.89,505.24,Aurangabad
103881,31-03-2025,Customer_0007,Smartphone,Electronics,5.0,121489.99,21490.32,NAGPUR
103882,2025/07/18,Customer_2423,T-Shirt,Clothing,7.0,5584.22,1058.13,Nashik
103883,2025/12/28,Customer_1505,Mixer,Home,1.0,3962.37,326.88,Kolhapur
103884,26-01-2025,Customer_2246,Table,Furniture,7.0,54895.24,8192.17,Mumbai
103885,25-01-2025,Customer_1548,Backpack,Clothing,3.0,3935.77,757.59,Kolhapur
103886,28-10-2025,Customer_2486,Cookware,Home,7.0,16194.58,3486.96,Nagpur
103887,12/05/2025,Customer_2212,Monitor,Electronics,4.0,51880.51,7145.27,Nagpur
103888,24-09-2025,Customer_0298,Tablet,Electronics,8.0,144053.59,14155.9,Nashik
103889,06/30/2025,Customer_0740,Headphones,Electronics,7.0,17972.99,2353.13, Nashik 
103890,26-12-2025,Customer_1545,Mixer,Home,8.0,27552.46,3252.23,Pune
103891,09-03-2025,Customer_0357,Desk,Furniture,1.0,10260.95,1472.81,mumbai
103892,17-12-2025,Customer_2139,Lamp,Home,8.0,9125.51,549.46, Kolhapur 
103893,17-11-2025,Customer_1240,Table,Furniture,1.0,8481.45,886.99,Pune
103894,18-02-2025,Customer_0571,Monitor,Electronics,6.0,81314.89,6594.34,Pune
103895,06/24/2025,Customer_2091,Lamp,Home,6.0,7216.6,1232.53,Nashik
103896,2025/02/21,Customer_1872,Tablet,Electronics,8.0,149624.02,28219.21,Nashik
103897,12-04-2025,Customer_1216,Smartphone,Electronics,8.0,197120.5,28199.01,Nagpur
103898,04-08-2025,Customer_2220,Office Chair,Furniture,2.0,16396.81,2105.88,Aurangabad
103899,07/07/2025,Customer_2493,Bookshelf,Furniture,2.0,12725.76,1648.45,Aurangabad
103900,26-02-2025,Customer_1091,Cookware,Home,7.0,15019.94,2728.12,Mumbai
103901,16-02-2025,Customer_1370,Desk,Furniture,8.0,86635.3,9891.48,Kolhapur
103902,08-06-2025,Customer_1083,Tablet,Electronics,1.0,16510.53,1939.29,Aurangabad
103903,23-06-2025,Customer_0432,Jacket,Clothing,3.0,7720.54,1178.96,Kolhapur
103904,30-08-2025,Customer_1992,Jacket,Clothing,6.0,18302.78,3401.72,PUNE
103905,09-10-2025,Customer_0012,Shoes,Clothing,3.0,7195.13,1569.99,Kolhapur
103906,2025/08/29,Customer_2036,Desk,Furniture,6.0,74027.25,9172.28, Pune 
103907,05-01-2025,Customer_1636,Laptop,Electronics,2.0,121072.8,21403.23,Mumbai
103908,25-03-2025,Customer_0217,Shoes,Clothing,5.0,13434.78,1227.7,Nagpur
103909,04-11-2025,Customer_1141,Desk,Furniture,3.0,35657.9,7056.43,Nagpur
103910,27-12-2025,Customer_2294,Cabinet,Furniture,3.0,24029.07,4069.38,Kolhapur
103911,05-09-2025,Customer_0240,Jacket,Clothing,1.0,2873.86,559.76,Pune
103912,02/23/2025,Customer_0660,Vacuum Cleaner,Home,3.0,18239.68,2773.82,Aurangabad
103913,10-06-2025,Customer_0370,Shoes,Clothing,4.0,8869.7,1511.7,Mumbai
103914,2025/08/14,Customer_2222,Mixer,Home,7.0,26204.96,1751.91, Nashik 
103915,15-01-2025,Customer_0242,Tablet,Electronics,2.0,37898.54,4788.5,Nashik
103916,08/12/2025,Customer_2353,Laptop,Electronics,2.0,97595.2,12412.67,Nashik
103917,2025/03/02,Customer_1900,Monitor,Electronics,3.0,38147.33,4825.24,PUNE
103918,02-05-2025,Customer_1751,Headphones,Electronics,3.0,7239.76,1289.71,Pune
103919,2025/10/04,Customer_1805,Headphones,Electronics,4.0,10822.65,1700.5,PUNE
103920,15-02-2025,Customer_0135,Desk,Furniture,1.0,10281.67,2148.49,Nagpur
103921,21-10-2025,Customer_0061,Tablet,Electronics,6.0,114033.96,7465.95,Pune
103922,03-03-2025,Customer_2066,Lamp,Home,2.0,2629.56,242.03,Kolhapur
103923,2025/03/27,Customer_1201,Backpack,Clothing,6.0,8599.64,1158.04,Mumbai
103924,29-07-2025,Customer_1693,Cabinet,Furniture,8.0,62460.9,12639.23,Kolhapur
103925,19-03-2025,Customer_0539,Table,Furniture,6.0,52985.25,3817.86,kolhapur
103926,21-07-2025,Customer_0474,Jacket,Clothing,8.0,25401.41,5265.35,Nagpur
103927,2025/10/29,Customer_1943,Monitor,Electronics,3.0,44323.85,5977.64,Mumbai
103928,2025/08/11,Customer_0874,Backpack,Clothing,2.0,2458.0,458.47,Aurangabad
103929,10-08-2025,Customer_1362,Laptop,Electronics,5.0,239976.93,17032.64, Pune 
103930,03-01-2025,Customer_0909,Bookshelf,Furniture,7.0,42471.04,3636.39,Aurangabad
103931,06-01-2025,Customer_1216,Office Chair,Furniture,8.0,51139.14,6530.37,Mumbai
103932,03-04-2025,Customer_2147,Shoes,Clothing,5.0,11139.56,954.47,Mumbai
103933,08-01-2025,Customer_2171,Jeans,Clothing,7.0,9778.42,907.58,Pune
103934,23-08-2025,Customer_0160,Lamp,Home,7.0,8943.02,1694.06,AURANGABAD
103935,18-04-2025,Customer_2410,Bedsheet,Home,4.0,7097.47,1001.09,Kolhapur
103936,10-06-2025,Customer_2220,Bookshelf,Furniture,5.0,25793.9,1833.7,Kolhapur
103937,07/28/2025,Customer_0725,Cabinet,Furniture,5.0,37090.81,5453.23,Nashik
103938,28-08-2025,Customer_1663,Table,Furniture,5.0,48233.94,7563.11,Mumbai
103939,27-11-2025,Customer_0218,Headphones,Electronics,6.0,14514.58,1145.66,Nagpur
103940,29-11-2025,Customer_1612,Lamp,Home,1.0,1301.08,153.79,Nashik
103941,19-02-2025,Customer_1444,Vacuum Cleaner,Home,6.0,41761.83,5933.38,Pune
103942,11-01-2025,Customer_0844,Shoes,Clothing,3.0,8036.99,1648.92, Kolhapur 
103943,17-12-2025,Customer_2216,Office Chair,Furniture,1.0,8447.32,1230.07,NASHIK
103944,05-06-2025,Customer_2021,T-Shirt,Clothing,1.0,702.42,72.0,Aurangabad
103945,11-03-2025,Customer_0957,T-Shirt,Clothing,2.0,1583.04,210.97,Pune
103946,2025/06/18,Customer_2079,Laptop,Electronics,8.0,390842.04,50509.61,nagpur
103947,29-09-2025,Customer_0583,Monitor,Electronics,1.0,12433.62,1745.74,nashik
103948,09-03-2025,Customer_0222,Shoes,Clothing,7.0,17821.7,2032.4,Aurangabad
103949,21-12-2025,Customer_1664,Desk,Furniture,1.0,10457.94,2206.21,Aurangabad
103950,09-09-2025,Customer_1098,Jeans,Clothing,6.0,10387.26,2017.42,Aurangabad
103951,2025/02/17,Customer_0339,Smartphone,Electronics,1.0,24001.51,4361.87,Aurangabad
103952,03-07-2025,Customer_1286,Desk,Furniture,8.0,95578.74,8809.81,KOLHAPUR
103953,16-11-2025,Customer_0647,T-Shirt,Clothing,1.0,621.13,71.56,Nagpur
103954,07/06/2025,Customer_0455,Laptop,Electronics,6.0,294117.66,64624.43,Nashik
103955,31-03-2025,Customer_2410,Desk,Furniture,6.0,62262.48,8130.42,Nashik
103956,28-11-2025,Customer_0132,Vacuum Cleaner,Home,6.0,38439.49,4155.35, Nagpur 
103957,19-05-2025,Customer_0410,T-Shirt,Clothing,8.0,5719.87,480.45,Nagpur
103958,23-12-2025,Customer_2437,Desk,Furniture,8.0,104176.68,11791.93,Kolhapur
103959,2025/03/30,Customer_0115,Headphones,Electronics,6.0,15411.04,2689.26,Mumbai
103960,2025/10/01,Customer_1609,Laptop,Electronics,1.0,61419.19,11898.49,nashik
103961,19-01-2025,Customer_0833,Bookshelf,Furniture,1.0,6194.96,756.67,AURANGABAD
103962,07-11-2025,Customer_1427,Laptop,Electronics,5.0,275264.39,50372.71,Mumbai
103963,24-12-2025,Customer_0187,Smartphone,Electronics,7.0,194821.14,14924.29,Kolhapur
103964,03-06-2025,Customer_2224,T-Shirt,Clothing,2.0,1351.64,248.94,Nashik
103965,09/17/2025,Customer_0714,Smartphone,Electronics,6.0,146924.33,16625.43,Kolhapur
103966,18-04-2025,Customer_1532,Jacket,Clothing,4.0,10902.04,1705.68,aurangabad
103967,12-10-2025,Customer_1481,Jeans,Clothing,1.0,1839.91,255.52,nagpur
103968,28-02-2025,Customer_1670,Laptop,Electronics,1.0,50190.16,4319.14,Nagpur
103969,05-05-2025,Customer_2340,Laptop,Electronics,7.0,332141.4,49625.5,Nagpur
103970,20-12-2025,Customer_1800,Laptop,Electronics,7.0,390148.08,36220.34,Nagpur
103971,30-09-2025,Customer_1962,T-Shirt,Clothing,4.0,2964.08,529.32,Kolhapur
103972,2025/04/17,Customer_0794,Jeans,Clothing,4.0,5937.47,683.14,Kolhapur
103973,26-10-2025,Customer_0922,Jacket,Clothing,6.0,19271.98,2310.37,Pune
103974,02-09-2025,Customer_1878,Tablet,Electronics,8.0,155266.63,20562.9,Nagpur
103975,02-12-2025,Customer_0033,Bookshelf,Furniture,6.0,39168.12,7169.48, Mumbai 
103976,04-09-2025,Customer_0299,Bookshelf,Furniture,1.0,6301.96,1240.0,Nagpur
103977,2025/01/08,Customer_1045,Table,Furniture,6.0,61115.34,9338.26,Mumbai
103978,21-05-2025,Customer_0434,Cookware,Home,5.0,10133.65,1254.35, Nagpur 
103979,28-12-2025,Customer_0766,Jeans,Clothing,1.0,1723.99,282.98,Aurangabad
103980,08-01-2025,Customer_1261,Desk,Furniture,4.0,43360.3,2957.1,Nashik
103981,18-12-2025,Customer_0131,Laptop,Electronics,1.0,58018.87,5811.9,Kolhapur
103982,04-04-2025,Customer_1459,Tablet,Electronics,1.0,17998.22,3230.31,Mumbai
103983,2025/11/17,Customer_2091,Monitor,Electronics,7.0,99842.4,7321.29,Nashik
103984,08-02-2025,Customer_0478,Office Chair,Furniture,3.0,20377.67,1937.76,Pune
103985,22-03-2025,Customer_0901,Bedsheet,Home,8.0,13353.97,2009.3,Mumbai
103986,06-07-2025,Customer_1870,Headphones,Electronics,6.0,15017.85,1389.23,Nashik
103987,2025/03/25,Customer_0360,Lamp,Home,3.0,3132.96,273.91,Mumbai
103988,2025/03/29,Customer_1619,Lamp,Home,3.0,4123.13,556.49,Pune
103989,30-08-2025,Customer_0734,Desk,Furniture,7.0,93257.11,18259.78,Pune
103990,12/08/2025,Customer_1449,Table,Furniture,6.0,54186.62,9378.08,Kolhapur
103991,03-04-2025,Customer_1893,Office Chair,Furniture,5.0,34043.46,5792.27,Nagpur
103992,27-03-2025,Customer_0005,Monitor,Electronics,3.0,39132.05,7557.57,Nagpur
103993,2025/02/13,Customer_0664,Laptop,Electronics,6.0,288788.69,53051.11,Mumbai
103994,17-05-2025,Customer_1768,Smartphone,Electronics,4.0,87998.11,17686.76, Aurangabad 
103995,03/15/2025,Customer_0277,Office Chair,Furniture,3.0,21178.38,3488.14,Nashik
103996,05-02-2025,Customer_0018,Monitor,Electronics,8.0,111580.08,13234.35,Aurangabad
103997,11-04-2025,Customer_1777,Backpack,Clothing,2.0,2922.17,618.34,PUNE
103998,05-06-2025,Customer_0867,Monitor,Electronics,7.0,84513.33,17495.65,Kolhapur
103999,12-09-2025,Customer_2411,Jacket,Clothing,2.0,5783.26,1094.02,Nashik
104000,20-06-2025,Customer_0386,Bedsheet,Home,3.0,5211.88,706.18,Nagpur
104001,04-08-2025,Customer_0969,Laptop,Electronics,6.0,366516.22,46318.74,Nagpur
104002,19-06-2025,Customer_2494,Office Chair,Furniture,7.0,53045.89,3354.15,Mumbai
104003,2025/09/09,Customer_1359,Cookware,Home,5.0,9873.37,1606.1,Nashik
104004,26-12-2025,Customer_0689,Laptop,Electronics,3.0,175740.36,26926.26,Aurangabad
104005,18-11-2025,Customer_0222,Cookware,Home,1.0,1964.58,257.88,Mumbai
104006,24-02-2025,Customer_2199,Cabinet,Furniture,5.0,38261.14,5330.0,Mumbai
104007,01-04-2025,Customer_0243,Desk,Furniture,3.0,39999.55,7365.43,Nashik
104008,10/05/2025,Customer_1996,Headphones,Electronics,5.0,10939.96,2214.79,Nashik
104009,11-04-2025,Customer_0271,Desk,Furniture,2.0,23796.72,4260.04, Nagpur 
104010,06/04/2025,Customer_0042,Backpack,Clothing,4.0,4995.27,835.78,Aurangabad
104011,2025/12/15,Customer_0148,Office Chair,Furniture,3.0,20720.2,2696.55,Aurangabad
104012,30-12-2025,Customer_0612,Office Chair,Furniture,5.0,32064.71,2701.7,Mumbai
104013,21-05-2025,Customer_2040,Desk,Furniture,8.0,84251.92,8286.94,Nashik
104014,2025/06/22,Customer_1528,Office Chair,Furniture,4.0,26400.16,4506.66,Aurangabad
104015,10-01-2025,Customer_2062,Office Chair,Furniture,3.0,19321.02,3068.92,Pune
104016,08/16/2025,Customer_1668,Lamp,Home,1.0,1070.65,226.15,Nashik
104017,22-09-2025,Customer_0236,Cookware,Home,1.0,2485.84,238.84,Nashik
104018,05-09-2025,Customer_1883,Table,Furniture,8.0,74471.5,4801.99,Nashik
104019,04-09-2025,,Vacuum Cleaner,Home,2.0,14683.98,2109.76,Mumbai
104020,04-06-2025,Customer_0664,Office Chair,Furniture,1.0,6472.25,743.01,Kolhapur
104021,03-02-2025,Customer_1924,Tablet,Electronics,2.0,31429.97,3861.84,Nashik
104022,05/09/2025,Customer_0652,Vacuum Cleaner,Home,1.0,6831.36,923.48,kolhapur
104023,09-06-2025,Customer_1080,Office Chair,Furniture,1.0,7238.37,572.3,MUMBAI
104024,30-03-2025,Customer_1606,T-Shirt,Clothing,7.0,4525.06,344.01,mumbai
104025,03-04-2025,Customer_0832,Cabinet,Furniture,2.0,17475.99,1426.71,Pune
104026,23-11-2025,Customer_2053,Bedsheet,Home,1.0,1851.5,212.62,Pune
104027,29-08-2025,Customer_1711,Shoes,Clothing,6.0,13766.9,2234.57,Nagpur
104028,19-11-2025,Customer_0958,Mixer,Home,7.0,24183.97,2999.37,AURANGABAD
104029,27-04-2025,Customer_2337,Cookware,Home,2.0,4522.56,626.84,Kolhapur
104030,04/04/2025,Customer_0248,Lamp,Home,6.0,6775.53,1012.6,Nashik
104031,12-06-2025,Customer_0149,Jacket,Clothing,5.0,14711.89,945.55,Nagpur
104032,04/09/2025,Customer_1255,Bedsheet,Home,4.0,7126.28,493.35,Kolhapur
104033,23-04-2025,Customer_1409,Desk,Furniture,7.0,76097.42,11390.37,Pune
104034,25-12-2025,Customer_0686,Backpack,Clothing,7.0,10876.6,2188.9,nagpur
104035,01-04-2025,Customer_1579,Desk,Furniture,3.0,31355.4,3983.92,Mumbai
104036,12-12-2025,Customer_1211,Mixer,Home,2.0,7174.31,599.28, Mumbai 
104037,25-07-2025,Customer_0563,Jeans,Clothing,7.0,12091.85,2165.38,Aurangabad
104038,17-01-2025,Customer_1092,Backpack,Clothing,6.0,9416.42,577.77, Aurangabad 
104039,01-10-2025,Customer_2187,Office Chair,Furniture,1.0,6862.54,1320.01,aurangabad
104040,22-06-2025,Customer_1670,Vacuum Cleaner,Home,2.0,13665.26,2775.45,Mumbai
104041,26-04-2025,Customer_2461,Bookshelf,Furniture,2.0,10405.85,1618.26,Kolhapur
104042,15-12-2025,Customer_0824,Lamp,Home,4.0,4899.43,321.93,Kolhapur
104043,30-06-2025,Customer_1154,Jeans,Clothing,3.0,4819.47,759.18,Nagpur
104044,2025/04/01,Customer_1494,Bookshelf,Furniture,1.0,5444.33,564.75,Kolhapur
104045,2025/03/23,Customer_1068,Desk,Furniture,4.0,50021.0,6749.24,Mumbai
104046,20-11-2025,Customer_0323,Smartphone,Electronics,2.0,55370.2,6355.45,Aurangabad
104047,24-04-2025,Customer_1662,Backpack,Clothing,8.0,10415.98,2266.29,Pune
104048,14-09-2025,Customer_1913,Jacket,Clothing,6.0,18872.12,1219.87,Aurangabad
104049,27-02-2025,Customer_2046,Vacuum Cleaner,Home,5.0,35139.6,2728.72,Nashik
104050,03-06-2025,Customer_1375,Bedsheet,Home,5.0,7724.21,801.71,mumbai
104051,31-12-2025,Customer_1519,Jeans,Clothing,7.0,10425.0,1992.12,Kolhapur
104052,26-04-2025,Customer_1584,Lamp,Home,7.0,8930.88,1938.51,aurangabad
104053,09-12-2025,Customer_0855,Mixer,Home,7.0,26054.62,3306.88,Nashik
104054,23-09-2025,Customer_1406,Office Chair,Furniture,3.0,23842.76,5243.34,NASHIK
104055,11-11-2025,Customer_2346,T-Shirt,Clothing,1.0,744.13,135.33,Nashik
104056,22-07-2025,Customer_1400,Backpack,Clothing,2.0,3168.23,247.71,Mumbai
104057,10-02-2025,Customer_1324,Vacuum Cleaner,Home,3.0,20697.99,4059.47,nashik
104058,15-04-2025,Customer_1830,Bedsheet,Home,5.0,10226.82,958.82,Mumbai
104059,12-07-2025,Customer_1857,Smartphone,Electronics,1.0,25029.47,4227.2,NASHIK
104060,05-10-2025,Customer_2411,Desk,Furniture,6.0,66545.3,10386.1,Pune
104061,20-12-2025,Customer_0502,Jeans,Clothing,7.0,10385.46,1177.22,Nashik
104062,25-08-2025,Customer_1016,Headphones,Electronics,4.0,9824.56,1421.32,Mumbai
104063,09-08-2025,Customer_1298,Mixer,Home,5.0,17234.17,2394.02,Nashik
104064,09-03-2025,Customer_2321,Office Chair,Furniture,8.0,56374.6,4816.33,Nagpur
104065,16-07-2025,Customer_0428,Table,Furniture,4.0,31111.38,2842.23,Aurangabad
104066,13-09-2025,Customer_2031,Laptop,Electronics,2.0,112704.14,20938.0,Kolhapur
104067,19-05-2025,Customer_0493,Jeans,Clothing,3.0,4323.72,334.52,Pune
104068,08-11-2025,Customer_0379,Backpack,Clothing,8.0,12037.62,1310.0,Kolhapur
104069,29-05-2025,Customer_0857,Jacket,Clothing,3.0,9537.78,1662.35,nashik
104070,09-04-2025,Customer_2071,Jeans,Clothing,7.0,10617.9,1128.97,nagpur
104071,17-03-2025,Customer_0200,Jacket,Clothing,8.0,22559.25,1639.23,PUNE
104072,10/09/2025,Customer_0104,Cookware,Home,3.0,5843.0,514.99,Aurangabad
104073,19-04-2025,Customer_0912,Lamp,Home,3.0,3896.7,554.18,Nagpur
104074,07-07-2025,Customer_2365,Bedsheet,Home,3.0,4607.12,772.9,Nagpur
104075,18-07-2025,Customer_0772,Lamp,Home,7.0,8207.7,1163.33, Mumbai 
104076,30-10-2025,Customer_1142,Mixer,Home,2.0,6399.64,948.97,PUNE
104077,23-11-2025,Customer_1800,Headphones,Electronics,3.0,8578.09,615.49, Kolhapur 
104078,03-06-2025,Customer_1334,Laptop,Electronics,6.0,308607.82,30515.02,Aurangabad
104079,09-02-2025,Customer_0623,Laptop,Electronics,1.0,50851.06,6132.28, Nagpur 
104080,13-05-2025,Customer_1267,Desk,Furniture,2.0,26290.39,5417.33,Mumbai
104081,12-05-2025,Customer_0492,Shoes,Clothing,4.0,9106.65,1337.51,Nagpur
104082,06-10-2025,Customer_0929,Monitor,Electronics,5.0,72874.88,10456.99, Kolhapur 
104083,28-12-2025,Customer_2168,Smartphone,Electronics,7.0,171539.01,15561.35, Aurangabad 
104084,2025/03/25,Customer_0144,Tablet,Electronics,3.0,53809.15,6682.79,Mumbai
104085,30-08-2025,Customer_1417,Smartphone,Electronics,7.0,190517.08,34707.77,Nashik
104086,2025/04/26,Customer_0721,Cabinet,Furniture,7.0,49851.18,3697.12,Aurangabad
104087,19-04-2025,Customer_2358,Monitor,Electronics,3.0,47142.74,6867.82,Aurangabad
104088,09-08-2025,Customer_0524,Cookware,Home,6.0,14616.89,1013.01, Aurangabad 
104089,10-02-2025,Customer_0874,Backpack,Clothing,6.0,8466.82,1238.77,Mumbai
104090,27-05-2025,Customer_1814,Desk,Furniture,3.0,39895.58,3016.81,Mumbai
104091,22-04-2025,Customer_0006,Cabinet,Furniture,3.0,22131.21,2767.42,Nashik
104092,13-04-2025,Customer_1451,Shoes,Clothing,4.0,11097.52,2332.94,Mumbai
104093,2025/02/15,Customer_1749,Desk,Furniture,7.0,96416.66,20582.16,Pune
104094,20-11-2025,Customer_1627,T-Shirt,Clothing,8.0,4769.98,322.61,Pune
104095,28-09-2025,Customer_0187,Monitor,Electronics,8.0,100159.59,11600.28, Kolhapur 
104096,14-07-2025,Customer_0495,Table,Furniture,8.0,79126.23,16048.78,Kolhapur
104097,2025/10/07,Customer_0159,Desk,Furniture,7.0,76108.23,12112.34,Pune
104098,2025/10/10,Customer_0639,Tablet,Electronics,2.0,40507.51,5435.99,Nagpur
104099,09-02-2025,Customer_2287,Headphones,Electronics,4.0,8810.63,1174.02,Aurangabad
104100,08-07-2025,Customer_1781,Office Chair,Furniture,8.0,57764.31,8804.74,aurangabad
104101,2025/06/13,Customer_1649,Backpack,Clothing,5.0,6871.18,431.34,Nagpur
104102,24-01-2025,Customer_1076,Bookshelf,Furniture,8.0,55113.57,8099.84,Mumbai
104103,01/24/2025,Customer_0626,Desk,Furniture,4.0,47620.28,10130.68,Mumbai
104104,04-01-2025,Customer_0435,Cabinet,Furniture,1.0,7174.06,647.66,Kolhapur
104105,19-11-2025,Customer_1418,Jacket,Clothing,3.0,9176.2,933.52,Kolhapur
104106,17-10-2025,Customer_1449,Desk,Furniture,3.0,39231.65,4058.33,Nagpur
104107,30-06-2025,Customer_1383,Tablet,Electronics,3.0,46437.64,6627.69,Mumbai
104108,05-09-2025,Customer_0993,T-Shirt,Clothing,7.0,4454.13,807.33,AURANGABAD
104109,04/26/2025,Customer_0470,Cookware,Home,2.0,4586.38,952.94,kolhapur
104110,06-10-2025,Customer_2015,Headphones,Electronics,7.0,18985.69,1688.29,Nashik
104111,12/31/2025,Customer_1989,Smartphone,Electronics,1.0,27251.19,4433.17,aurangabad
104112,10-03-2025,Customer_0500,Jeans,Clothing,5.0,8405.48,1623.62,Aurangabad
104113,2025/12/17,Customer_0294,Jeans,Clothing,1.0,1635.44,220.07,mumbai
104114,11-09-2025,Customer_0235,Cookware,Home,7.0,16031.28,1726.14,Kolhapur
104115,2025/06/30,Customer_2339,Shoes,Clothing,4.0,9047.79,1435.47,Aurangabad
104116,14-11-2025,Customer_0260,Lamp,Home,7.0,7729.3,562.59,Nashik
104117,18-06-2025,Customer_1481,Shoes,Clothing,1.0,2125.42,334.39,Nashik
104118,2025/11/09,Customer_0714,Backpack,Clothing,2.0,2684.2,484.15,Aurangabad
104119,06-09-2025,Customer_1754,Headphones,Electronics,2.0,4812.76,663.01,Aurangabad
104120,2025/07/07,Customer_2320,T-Shirt,Clothing,2.0,1360.98,223.33,AURANGABAD
104121,23-02-2025,Customer_1113,Jacket,Clothing,,18754.1,4017.18,Pune
104122,22-11-2025,Customer_2427,Monitor,Electronics,0.0,110822.72,21686.28,Mumbai
104123,23-12-2025,Customer_1466,Shoes,Clothing,8.0,22521.8,2969.78,Mumbai
104124,09-11-2025,Customer_0562,Tablet,Electronics,1.0,18196.72,3252.39,Pune
104125,18-05-2025,Customer_0649,Jeans,Clothing,7.0,11859.05,2401.56, Aurangabad 
104126,2025/06/17,Customer_0394,Laptop,Electronics,8.0,468555.7,102923.67,Mumbai
104127,13-04-2025,Customer_0301,Smartphone,Electronics,5.0,119318.97,23061.93,Mumbai
104128,26-03-2025,Customer_1896,Table,Furniture,7.0,66735.3,11386.5,Kolhapur
104129,13-11-2025,Customer_2320,Bedsheet,Home,1.0,1705.95,316.79,Kolhapur
104130,2025/07/31,Customer_0676,Cookware,Home,2.0,4928.5,468.05,NAGPUR
104131,03-01-2025,Customer_0328,Bedsheet,Home,4.0,7471.07,917.01,Kolhapur
104132,28-06-2025,Customer_1595,Desk,Furniture,8.0,110098.99,15040.98, Aurangabad 
104133,08-12-2025,Customer_2363,Tablet,Electronics,6.0,99197.57,12012.55,Kolhapur
104134,30-10-2025,Customer_1444,Vacuum Cleaner,Home,7.0,47599.89,3435.49,Mumbai
104135,28-11-2025,Customer_0832,Cabinet,Furniture,5.0,41243.22,8619.67,Pune
104136,07-02-2025,Customer_1265,Tablet,Electronics,6.0,119351.75,8453.42,Mumbai
104137,27-08-2025,Customer_0745,Monitor,Electronics,6.0,96433.42,16566.91,Mumbai
104138,18-06-2025,Customer_0650,Smartphone,Electronics,1.0,22467.11,1392.66,Pune
104139,09-12-2025,Customer_1430,Headphones,Electronics,1.0,2253.46,437.42,Nagpur
104140,10-11-2025,Customer_2307,Lamp,Home,5.0,5138.95,500.04,aurangabad
104141,02-11-2025,Customer_0029,Lamp,Home,8.0,10341.04,1590.22,AURANGABAD
104142,30-01-2025,Customer_1724,Laptop,Electronics,3.0,178995.42,32108.93,Kolhapur
104143,07/09/2025,Customer_1267,Bedsheet,Home,5.0,7786.62,1579.14,kolhapur
104144,23-12-2025,Customer_1220,Bedsheet,Home,7.0,11568.18,1718.37,Kolhapur
104145,25-01-2025,Customer_1268,Vacuum Cleaner,Home,8.0,54250.9,4718.77,Pune
104146,22-04-2025,Customer_1424,Cookware,Home,7.0,17600.19,2430.67,Nagpur
104147,25-07-2025,Customer_0136,Headphones,Electronics,6.0,13009.39,2731.48,Pune
104148,07/04/2025,Customer_1290,Cookware,Home,6.0,13541.62,2327.41,Aurangabad
104149,16-02-2025,Customer_0155,Table,Furniture,4.0,36271.9,7020.72,Kolhapur
104150,16-08-2025,Customer_0764,Lamp,Home,7.0,7223.5,743.59,Nagpur
104151,08-02-2025,Customer_2317,Mixer,Home,2.0,6936.26,501.19,Aurangabad
104152,01/16/2025,Customer_0913,Jeans,Clothing,7.0,11891.85,1462.53,nashik
104153,22-01-2025,Customer_2432,Office Chair,Furniture,6.0,41931.02,2538.53,Nagpur
104154,01-08-2025,Customer_1433,Smartphone,Electronics,6.0,159892.36,30924.7,Pune
104155,06-11-2025,,Cabinet,Furniture,3.0,23244.29,3493.03,Nagpur
104156,29-05-2025,Customer_0962,Table,Furniture,5.0,41323.77,6593.27,Pune
104157,29-08-2025,,Backpack,Clothing,,5975.49,825.71,Kolhapur
104158,09/29/2025,Customer_1429,Backpack,Clothing,7.0,10223.96,2115.45,Nashik
104159,28-02-2025,Customer_1223,Bedsheet,Home,4.0,6943.69,1266.74,nashik
104160,14-10-2025,Customer_1260,Jacket,Clothing,4.0,11528.23,2401.58,Aurangabad
104161,21-07-2025,Customer_0497,T-Shirt,Clothing,5.0,3393.3,376.84,Nagpur
104162,02/01/2025,Customer_1059,Cabinet,Furniture,4.0,35716.56,2424.41,Nashik
104163,11-06-2025,Customer_2355,Lamp,Home,4.0,4276.39,312.97,NASHIK
104164,2025/09/12,Customer_2154,Lamp,Home,1.0,1323.52,81.66,aurangabad
104165,11-09-2025,Customer_0196,Desk,Furniture,4.0,53207.86,7034.23, Kolhapur 
104166,09-01-2025,Customer_0526,Backpack,Clothing,7.0,8341.83,1036.58,Kolhapur
104167,19-05-2025,Customer_0409,Cookware,Home,5.0,9966.44,1593.67,MUMBAI
104168,10-01-2025,Customer_2339,Office Chair,Furniture,1.0,7903.56,1090.73,Nagpur
104169,02-08-2025,Customer_0472,Office Chair,Furniture,3.0,19398.51,3200.38,NAGPUR
104170,2025/09/30,Customer_1235,Tablet,Electronics,6.0,119082.06,20869.35,Kolhapur
104171,20-11-2025,Customer_1691,Jeans,Clothing,5.0,8791.9,809.57,Nashik
104172,17-02-2025,Customer_0515,Shoes,Clothing,3.0,8375.0,934.24,Pune
104173,21-04-2025,Customer_1237,Office Chair,Furniture,1.0,6405.16,1248.64,Nashik
104174,02-06-2025,Customer_0263,Lamp,Home,7.0,9513.39,1568.66,Mumbai
104175,03-05-2025,Customer_0113,Cabinet,Furniture,1.0,7355.45,737.6,Mumbai
104176,23-12-2025,Customer_0471,T-Shirt,Clothing,3.0,2078.95,423.39,Mumbai
104177,12-04-2025,Customer_1460,Lamp,Home,7.0,7516.99,1444.43,kolhapur
104178,29-08-2025,Customer_2386,Cookware,Home,6.0,12373.56,2343.23,Nashik
104179,17-11-2025,Customer_0324,Mixer,Home,7.0,27588.99,3542.4,KOLHAPUR
104180,10-07-2025,Customer_1477,Office Chair,Furniture,5.0,35981.82,6777.37,Kolhapur
104181,05-08-2025,Customer_1341,Jeans,Clothing,5.0,8070.76,1368.09,NAGPUR
104182,20-02-2025,Customer_0297,Cookware,Home,2.0,4562.13,385.33,MUMBAI
104183,19-10-2025,Customer_1215,T-Shirt,Clothing,4.0,3089.62,282.16,Mumbai
104184,22-03-2025,Customer_0556,Table,Furniture,3.0,30501.49,3052.94,
104185,29-03-2025,Customer_1874,Desk,Furniture,5.0,64209.86,6777.02,nashik
104186,07/13/2025,Customer_0852,Bookshelf,Furniture,7.0,39704.1,4351.58,AURANGABAD
104187,14-04-2025,Customer_0951,Laptop,Electronics,5.0,295451.11,44048.93,Aurangabad
104188,28-09-2025,Customer_2067,Vacuum Cleaner,Home,7.0,50727.3,5538.39,Aurangabad
104189,06-04-2025,Customer_0134,Vacuum Cleaner,Home,1.0,6874.39,1240.63,Kolhapur
104190,17-07-2025,Customer_1563,Jeans,Clothing,5.0,7163.56,888.96,Kolhapur
104191,01-01-2025,Customer_1996,Smartphone,Electronics,2.0,49742.26,5815.37,Nagpur
104192,16-06-2025,Customer_1080,T-Shirt,Clothing,8.0,5301.15,900.28,Mumbai
104193,06-05-2025,Customer_1305,Headphones,Electronics,4.0,9147.6,1587.13,PUNE
104194,09-11-2025,Customer_0193,Desk,Furniture,6.0,81396.95,12244.67,Mumbai
104195,22-03-2025,Customer_1730,Cabinet,Furniture,5.0,41337.21,2936.15,Nagpur
104196,08-09-2025,Customer_1380,Jeans,Clothing,8.0,14199.59,1500.49,Aurangabad
104197,18-06-2025,Customer_0547,Desk,Furniture,4.0,49656.74,10758.53,Kolhapur
104198,14-03-2025,Customer_0039,Cabinet,Furniture,4.0,32916.82,5791.83,Mumbai
104199,21-05-2025,Customer_1644,Smartphone,Electronics,6.0,147539.38,10277.38,Kolhapur
104200,11-03-2025,Customer_0041,Smartphone,Electronics,4.0,108927.98,7145.66,Mumbai
104201,19-09-2025,Customer_1039,Smartphone,Electronics,4.0,106019.73,6750.01, Nagpur 
104202,2025/12/06,Customer_0504,Bedsheet,Home,2.0,3991.29,340.14, Aurangabad 
104203,04-11-2025,Customer_0044,Bedsheet,Home,6.0,10846.24,1687.07,Nagpur
104204,02-09-2025,Customer_2498,Cookware,Home,8.0,17375.84,1989.92,Kolhapur
104205,03-01-2025,Customer_0233,Jacket,Clothing,4.0,11091.86,1218.18,Mumbai
104206,12/03/2025,Customer_0230,Jacket,Clothing,4.0,10992.09,1290.76,pune
104207,04-03-2025,Customer_1998,Desk,Furniture,5.0,61191.69,6000.94, Mumbai 
104208,18-02-2025,Customer_1110,Office Chair,Furniture,4.0,34397.91,4820.5,Aurangabad
104209,03/17/2025,Customer_2213,Office Chair,Furniture,3.0,20435.59,2786.0,Nashik
104210,24-06-2025,Customer_0373,Mixer,Home,1.0,3884.74,246.64,Nagpur
104211,19-04-2025,Customer_1199,Desk,Furniture,3.0,37939.18,5602.66,Pune
104212,02-07-2025,Customer_1695,T-Shirt,Clothing,8.0,5044.86,962.54,Nashik
104213,11-07-2025,Customer_2029,Mixer,Home,8.0,26898.63,2878.38,NASHIK
104214,06-03-2025,Customer_2461,Shoes,Clothing,2.0,5492.19,890.64,mumbai
104215,03-12-2025,Customer_1474,T-Shirt,Clothing,7.0,5485.44,881.96,Aurangabad
104216,28-09-2025,Customer_0632,Cabinet,Furniture,8.0,68623.7,13301.42,Aurangabad
104217,04/10/2025,Customer_2072,Cookware,Home,6.0,11436.77,2106.28,Pune
104218,01-02-2025,Customer_2453,Desk,Furniture,6.0,74456.06,5295.41,Pune
104219,18-12-2025,Customer_2187,Shoes,Clothing,7.0,17545.03,1284.18,Nashik
104220,2025/05/08,Customer_1014,Backpack,Clothing,3.0,4497.29,663.08, Nagpur 
104221,05-12-2025,Customer_2349,Desk,Furniture,8.0,109062.92,9739.5,Pune
104222,12-02-2025,Customer_0347,Office Chair,Furniture,3.0,23215.73,2178.87,Pune
104223,19-03-2025,Customer_2104,Laptop,Electronics,8.0,455056.58,79918.83, Pune 
104224,10-11-2025,Customer_0205,Bookshelf,Furniture,7.0,44801.03,8530.65,AURANGABAD
104225,16-10-2025,Customer_1986,Tablet,Electronics,1.0,19909.17,1440.7,nashik
104226,27-09-2025,Customer_1444,Smartphone,Electronics,3.0,71473.51,12146.18,Pune
104227,2025/06/11,Customer_2451,Jacket,Clothing,3.0,8396.44,759.95,Nashik
104228,08-07-2025,Customer_0708,Tablet,Electronics,2.0,36569.26,4578.1,Mumbai
104229,04-09-2025,Customer_1043,Table,Furniture,7.0,60921.72,11548.36,Mumbai
104230,04-08-2025,Customer_0745,Cabinet,Furniture,8.0,62225.89,3996.94,MUMBAI
104231,11-11-2025,Customer_0613,Headphones,Electronics,5.0,10842.74,2136.01, Mumbai 
104232,05-12-2025,Customer_1544,Tablet,Electronics,3.0,61461.73,10457.44,Aurangabad
104233,17-06-2025,Customer_0788,Jacket,Clothing,7.0,18802.49,3951.83,Mumbai
104234,05-12-2025,Customer_0829,Monitor,Electronics,4.0,58735.09,11458.83,Nashik
104235,12-07-2025,Customer_0076,Jacket,Clothing,8.0,24186.53,2918.4,Nashik
104236,10-10-2025,Customer_0049,Vacuum Cleaner,Home,6.0,38750.82,3479.09,Nashik
104237,02-12-2025,,Mixer,Home,3.0,9844.84,1816.37,Nashik
104238,13-01-2025,Customer_0293,Vacuum Cleaner,Home,6.0,43609.55,7671.52,Kolhapur
104239,28-08-2025,Customer_2036,Jeans,Clothing,8.0,12666.27,935.3,NASHIK
104240,16-11-2025,Customer_0857,Table,Furniture,7.0,54626.32,6549.26,Mumbai
104241,27-05-2025,Customer_1098,Shoes,Clothing,4.0,9891.47,1557.5,MUMBAI
104242,23-07-2025,Customer_1307,Bedsheet,Home,8.0,12268.03,2678.79,Mumbai
104243,21-03-2025,Customer_0072,Bookshelf,Furniture,3.0,17265.27,3378.73,Nagpur
104244,02/12/2025,Customer_2224,Tablet,Electronics,6.0,109132.92,8825.61,Pune
104245,30-03-2025,Customer_0114,Cabinet,Furniture,3.0,26142.47,4537.61,Aurangabad
104246,28-05-2025,Customer_0619,Backpack,Clothing,3.0,4234.57,602.7,Kolhapur
104247,05-04-2025,Customer_1322,T-Shirt,Clothing,2.0,1226.74,202.33,Nagpur
104248,31-05-2025,Customer_2423,Office Chair,Furniture,3.0,25275.9,1893.65,nashik
104249,02-01-2025,Customer_0953,Backpack,Clothing,7.0,9104.72,1860.73,Nagpur
104250,22-01-2025,Customer_1674,Table,Furniture,3.0,25253.19,4157.46,MUMBAI
104251,09-11-2025,Customer_1768,Jeans,Clothing,1.0,1616.71,251.26,Nagpur
104252,11/24/2025,Customer_2107,Headphones,Electronics,5.0,12184.21,1315.88,Pune
104253,07-01-2025,Customer_0839,T-Shirt,Clothing,4.0,2420.77,433.52,Aurangabad
104254,25-07-2025,Customer_0179,Smartphone,Electronics,1.0,26845.7,4491.72,nashik
104255,24-04-2025,Customer_0343,Desk,Furniture,2.0,25034.16,2478.25,Mumbai
104256,29-09-2025,Customer_0313,Office Chair,Furniture,3.0,19275.83,3650.74,Nashik
104257,24-03-2025,Customer_1526,Backpack,Clothing,2.0,2792.56,304.65,Kolhapur
104258,28-06-2025,Customer_2195,Table,Furniture,7.0,55476.51,3885.32,Nagpur
104259,29-07-2025,Customer_0426,Lamp,Home,1.0,1145.59,216.24,Kolhapur
104260,24-11-2025,Customer_1074,Monitor,Electronics,6.0,94551.84,19239.43,Kolhapur
104261,04-05-2025,Customer_1252,Tablet,Electronics,5.0,101340.02,20798.63,Mumbai
104262,23-04-2025,Customer_0728,Laptop,Electronics,7.0,388144.46,36915.06, Kolhapur 
104263,12-01-2025,Customer_1002,Bedsheet,Home,8.0,15687.56,1477.68,Nashik
104264,06-05-2025,Customer_1155,Shoes,Clothing,7.0,16277.84,1584.17,Nagpur
104265,22-02-2025,Customer_0530,T-Shirt,Clothing,7.0,4922.02,548.77,mumbai
104266,27-11-2025,Customer_0578,Jeans,Clothing,2.0,2867.99,380.03,Aurangabad
104267,10-10-2025,Customer_0308,Cookware,Home,3.0,7340.34,1110.51,Mumbai
104268,20-05-2025,Customer_0262,Office Chair,Furniture,5.0,41756.28,3814.0,Pune
104269,07-04-2025,Customer_2179,Jeans,Clothing,5.0,7200.74,1095.18,Mumbai
104270,05-01-2025,Customer_2094,Headphones,Electronics,8.0,19779.97,3276.11,Kolhapur
104271,2025/02/26,Customer_1829,Laptop,Electronics,8.0,478890.74,86300.5,mumbai
104272,2025/11/30,Customer_2357,Vacuum Cleaner,Home,5.0,36812.05,4554.42,Aurangabad
104273,10-03-2025,Customer_0455,Smartphone,Electronics,4.0,91191.6,13509.67,Aurangabad
104274,28-04-2025,Customer_1770,Laptop,Electronics,4.0,194309.05,20638.76,Nagpur
104275,28-02-2025,Customer_0009,Mixer,Home,3.0,9579.85,1182.63,Pune
104276,02/02/2025,Customer_0661,Headphones,Electronics,4.0,8833.65,575.02,Kolhapur
104277,11/14/2025,,Jeans,Clothing,7.0,11726.83,1848.62,Pune
104278,19-02-2025,Customer_1338,Headphones,Electronics,1.0,2656.27,440.04,MUMBAI
104279,19-01-2025,Customer_2253,Jeans,Clothing,4.0,5659.45,603.14,AURANGABAD
104280,02-08-2025,Customer_1712,Headphones,Electronics,3.0,6666.43,1299.13,Kolhapur
104281,16-07-2025,Customer_0245,Cabinet,Furniture,1.0,8592.57,792.62,Nagpur
104282,16-02-2025,Customer_0672,Vacuum Cleaner,Home,7.0,43333.87,9301.98,Nagpur
104283,16-06-2025,Customer_0727,Cookware,Home,4.0,9048.58,1702.81,Kolhapur
104284,16-10-2025,Customer_0835,Cabinet,Furniture,7.0,52045.13,4871.86,MUMBAI
104285,21-05-2025,Customer_2072,Bedsheet,Home,2.0,3906.63,663.11,Nashik
104286,25-03-2025,Customer_0726,Monitor,Electronics,7.0,103320.75,15335.02,Nagpur
104287,01-07-2025,Customer_1778,Mixer,Home,4.0,14267.03,2535.42,Kolhapur
104288,20-03-2025,Customer_0305,T-Shirt,Clothing,1.0,651.7,75.89,Mumbai
104289,03-08-2025,Customer_0824,Cabinet,Furniture,3.0,26675.78,2918.82,Mumbai
104290,14-01-2025,Customer_1431,Office Chair,Furniture,4.0,30416.79,5244.53,Mumbai
104291,03-08-2025,Customer_2165,Vacuum Cleaner,Home,2.0,14949.71,1938.18,Nagpur
104292,08-05-2025,Customer_1976,T-Shirt,Clothing,7.0,4794.3,934.0,Nagpur
104293,06-11-2025,Customer_1731,Mixer,Home,1.0,3820.78,676.17,Aurangabad
104294,05-09-2025,Customer_0026,Backpack,Clothing,3.0,4153.67,464.51,Aurangabad
104295,29-01-2025,Customer_0308,Headphones,Electronics,4.0,10326.19,2067.26,KOLHAPUR
104296,07-10-2025,Customer_1679,Table,Furniture,8.0,80289.59,6211.18, Pune 
104297,04-12-2025,Customer_1444,Vacuum Cleaner,Home,2.0,12720.57,1709.08,Kolhapur
104298,15-11-2025,Customer_2217,Vacuum Cleaner,Home,4.0,29725.4,5008.13,Aurangabad
104299,21-07-2025,Customer_0730,Jacket,Clothing,8.0,21776.7,1397.39,Aurangabad
104300,27-12-2025,Customer_1544,Smartphone,Electronics,7.0,-178432.72,13448.86, Nashik 
104301,26-02-2025,Customer_0700,Vacuum Cleaner,Home,7.0,50065.24,9031.92,Kolhapur
104302,06-08-2025,Customer_0567,Backpack,Clothing,2.0,2766.83,356.02,Nashik
104303,03-03-2025,Customer_2078,Cookware,Home,5.0,12311.22,1306.88,kolhapur
104304,06-06-2025,Customer_0916,Bookshelf,Furniture,6.0,33289.42,6999.82,Kolhapur
104305,21-07-2025,Customer_1821,Shoes,Clothing,1.0,2731.93,522.62,Aurangabad
104306,17-01-2025,Customer_1823,Jeans,Clothing,1.0,1453.69,120.55, Nashik 
104307,18-11-2025,Customer_1733,Cookware,Home,7.0,13210.26,1293.64,KOLHAPUR
104308,2025/01/06,,T-Shirt,Clothing,8.0,6060.64,596.4,Kolhapur
104309,27-02-2025,Customer_2304,Bedsheet,Home,1.0,1923.72,192.96,Pune
104310,2025/11/21,Customer_1045,Lamp,Home,8.0,9298.44,2020.61,Kolhapur
104311,14-11-2025,Customer_1662,Backpack,Clothing,5.0,6464.1,777.11,Nashik
104312,18-06-2025,Customer_2492,Monitor,Electronics,4.0,52658.26,4083.12, Kolhapur 
104313,23-03-2025,Customer_1893,T-Shirt,Clothing,7.0,4885.14,589.1,Mumbai
104314,07-08-2025,Customer_0845,Shoes,Clothing,6.0,15876.99,3029.57,Nagpur
104315,2025/06/26,Customer_2394,Tablet,Electronics,5.0,91194.74,5941.47,Kolhapur
104316,23-07-2025,Customer_1295,Headphones,Electronics,5.0,-12945.96,891.49,Pune
104317,12-03-2025,Customer_0041,Cabinet,Furniture,7.0,57954.79,9829.41,Nashik
104318,23-09-2025,Customer_0672,Office Chair,Furniture,1.0,6819.98,1303.27,Nagpur
104319,2025/04/08,Customer_1625,Table,Furniture,1.0,10109.93,1921.84,Nagpur
104320,11-12-2025,Customer_0075,Backpack,Clothing,1.0,1318.15,202.81,Kolhapur
104321,18-10-2025,Customer_1469,Bookshelf,Furniture,5.0,33733.34,3754.73,Kolhapur
104322,2025/07/27,Customer_2279,Smartphone,Electronics,1.0,27400.21,1685.55,Kolhapur
104323,02-01-2025,Customer_1977,Office Chair,Furniture,6.0,38299.23,6953.37,NASHIK
104324,04-05-2025,Customer_1073,Cabinet,Furniture,8.0,69019.79,12853.99,Aurangabad
104325,07-10-2025,Customer_1704,Monitor,Electronics,6.0,94836.68,7479.3,Mumbai
104326,15-03-2025,Customer_1518,Smartphone,Electronics,8.0,183919.1,37629.11,pune
104327,15-06-2025,Customer_0189,Laptop,Electronics,4.0,198697.59,33611.03,aurangabad
104328,2025/01/22,Customer_0418,Shoes,Clothing,7.0,17659.93,1294.67, Kolhapur 
104329,03-06-2025,Customer_1465,Jeans,Clothing,1.0,1496.93,214.45, Nagpur 
104330,22-10-2025,Customer_2316,T-Shirt,Clothing,5.0,3869.97,670.3,Mumbai
104331,07-08-2025,Customer_1770,Vacuum Cleaner,Home,5.0,33688.36,4694.99,Nagpur
104332,2025/06/06,,Monitor,Electronics,-2.0,105235.78,8321.96,Aurangabad
104333,08/18/2025,Customer_0664,Monitor,Electronics,8.0,108944.95,7033.81,Nagpur
104334,20-01-2025,Customer_0836,Laptop,Electronics,2.0,100464.84,12979.79,NAGPUR
104335,10-02-2025,Customer_0946,T-Shirt,Clothing,1.0,682.91,45.81,NASHIK
104336,28-05-2025,Customer_0539,Jacket,Clothing,5.0,14374.05,2126.63,kolhapur
104337,18-04-2025,Customer_1124,Tablet,Electronics,8.0,125774.11,26526.52,Aurangabad
104338,25-03-2025,Customer_1533,Shoes,Clothing,7.0,15396.76,3029.67,Mumbai
104339,18-11-2025,Customer_0581,T-Shirt,Clothing,7.0,4165.46,837.94,Mumbai
104340,05-11-2025,Customer_2447,Headphones,Electronics,6.0,12838.74,2327.02,Nagpur
104341,17-10-2025,Customer_1743,Cookware,Home,6.0,12652.3,2253.56,Mumbai
104342,19-11-2025,Customer_2495,Desk,Furniture,2.0,23292.57,1661.81,Pune
104343,05/14/2025,Customer_1208,Jeans,Clothing,4.0,6913.61,493.63,nagpur
104344,2025/07/26,Customer_1259,Headphones,Electronics,8.0,22532.72,1535.74,Nagpur
104345,10-10-2025,Customer_1334,Lamp,Home,5.0,5962.79,1047.58,Nashik
104346,23-09-2025,Customer_1337,Cabinet,Furniture,7.0,54206.54,5136.47,Mumbai
104347,14-03-2025,Customer_1281,Smartphone,Electronics,4.0,107772.73,19990.46,Pune
104348,18-12-2025,Customer_1178,Mixer,Home,3.0,11831.49,1421.98,Nashik
104349,2025/02/17,Customer_0681,Jeans,Clothing,2.0,3206.0,378.63,Aurangabad
104350,22-11-2025,Customer_1616,Laptop,Electronics,4.0,203967.4,36747.84,Mumbai
104351,21-08-2025,Customer_1935,Office Chair,Furniture,2.0,14278.43,1834.83,Mumbai
104352,10-04-2025,Customer_0644,Table,Furniture,8.0,69919.35,12167.77,Nagpur
104353,2025/02/28,Customer_1420,Backpack,Clothing,4.0,6301.9,1050.41,Kolhapur
104354,09/15/2025,Customer_0701,Jacket,Clothing,6.0,16656.78,3076.05,Mumbai
104355,06-03-2025,Customer_0574,Jeans,Clothing,6.0,10006.0,697.39,Aurangabad
104356,24-03-2025,Customer_0474,T-Shirt,Clothing,7.0,4305.63,284.46,Kolhapur
104357,03-06-2025,Customer_0345,Shoes,Clothing,6.0,14805.67,2844.71,Nagpur
104358,23-09-2025,Customer_0214,Laptop,Electronics,6.0,311495.23,37835.96,Kolhapur
104359,05-11-2025,Customer_2455,Headphones,Electronics,5.0,14035.54,2721.55,pune
104360,20-03-2025,Customer_1259,Shoes,Clothing,8.0,20990.29,2155.46,Nashik
104361,11-11-2025,Customer_0880,Cookware,Home,6.0,11683.48,731.03,NASHIK
104362,30-05-2025,Customer_2167,Bookshelf,Furniture,8.0,42340.95,4522.67,Aurangabad
104363,17-02-2025,Customer_0488,T-Shirt,Clothing,8.0,5687.01,399.46,NASHIK
104364,05-09-2025,Customer_0817,Backpack,Clothing,8.0,9977.73,887.75,Nashik
104365,10/05/2025,Customer_0151,Backpack,Clothing,4.0,5821.73,922.9,Nashik
104366,2025/12/22,Customer_0911,Table,Furniture,1.0,9137.07,914.44,Mumbai
104367,08-04-2025,Customer_1726,Monitor,Electronics,4.0,53834.81,4062.93,pune
104368,25-01-2025,Customer_2135,Smartphone,Electronics,4.0,91793.82,18692.24,Kolhapur
104369,11-10-2025,Customer_2102,Table,Furniture,1.0,10295.17,1684.55,Nagpur
104370,28-10-2025,Customer_1445,Cabinet,Furniture,2.0,18000.75,2931.22,MUMBAI
104371,09-03-2025,Customer_0805,Vacuum Cleaner,Home,8.0,44717.87,9814.77, Pune 
104372,07-01-2025,Customer_0754,Backpack,Clothing,7.0,8620.92,1458.86,Nashik
104373,11/01/2025,Customer_0501,Headphones,Electronics,3.0,6943.88,852.13,Nagpur
104374,17-05-2025,Customer_0872,Shoes,Clothing,6.0,15656.7,2032.83,Nashik
104375,13-06-2025,Customer_0416,Table,Furniture,1.0,8326.47,945.15,kolhapur
104376,24-03-2025,Customer_1960,Headphones,Electronics,7.0,16668.13,3558.51,Mumbai
104377,18-05-2025,Customer_2034,Jacket,Clothing,7.0,21355.84,2848.18,Pune
104378,14-03-2025,Customer_0666,Bedsheet,Home,7.0,11465.32,2175.69, Kolhapur 
104379,25-08-2025,Customer_1272,Vacuum Cleaner,Home,2.0,11663.01,1092.52,Mumbai
104380,2025/02/15,Customer_2408,Table,Furniture,3.0,25914.71,5205.12,kolhapur
104381,04/16/2025,Customer_1074,Shoes,Clothing,7.0,15566.88,1238.46,Nashik
104382,15-10-2025,Customer_0152,Monitor,Electronics,1.0,13974.69,1456.52,Pune
104383,19-09-2025,Customer_1965,Monitor,Electronics,6.0,85731.94,11339.07,Mumbai
104384,25-06-2025,Customer_1395,Monitor,Electronics,4.0,54907.31,4278.14,MUMBAI
104385,15-06-2025,Customer_2139,Laptop,Electronics,7.0,343541.24,65744.37,Nashik
104386,25-05-2025,Customer_1597,Jeans,Clothing,5.0,8926.12,870.74,Nashik
104387,26-11-2025,Customer_2388,Backpack,Clothing,8.0,9901.23,678.7,Nashik
104388,10-10-2025,Customer_2009,Cookware,Home,6.0,13628.86,2377.64,Nashik
104389,2025/02/23,Customer_2124,Backpack,Clothing,3.0,4039.74,681.7,Aurangabad
104390,27-06-2025,Customer_0734,Monitor,Electronics,1.0,14894.43,3122.69, Mumbai 
104391,01-09-2025,Customer_2207,Tablet,Electronics,8.0,125202.54,11364.22,Kolhapur
104392,07-12-2025,Customer_2167,Smartphone,Electronics,5.0,108819.72,21641.96,Kolhapur
104393,07-05-2025,Customer_0336,Cabinet,Furniture,8.0,69617.67,10577.9,Nagpur
104394,09/28/2025,Customer_1076,Headphones,Electronics,5.0,10938.74,1134.68, Nashik 
104395,12-05-2025,Customer_1743,Headphones,Electronics,4.0,9393.16,1406.33,
104396,04/03/2025,Customer_2144,Cabinet,Furniture,7.0,51935.14,3722.38,pune
104397,03/14/2025,Customer_0122,Smartphone,Electronics,4.0,106922.87,11531.93, Mumbai 
104398,05-09-2025,Customer_0336,Shoes,Clothing,2.0,4928.56,396.39, Kolhapur 
104399,14-12-2025,Customer_2207,Cabinet,Furniture,8.0,69808.93,10505.2,Pune
104400,30-09-2025,Customer_0093,Jacket,Clothing,1.0,3137.33,436.95, Aurangabad 
104401,12-02-2025,Customer_1917,Office Chair,Furniture,8.0,67945.66,13772.51,kolhapur
104402,10-02-2025,Customer_0606,Headphones,Electronics,6.0,15344.07,3213.4,Kolhapur
104403,19-06-2025,Customer_0906,Bedsheet,Home,-1.0,6817.87,807.94,Nashik
104404,31-07-2025,Customer_1904,Headphones,Electronics,1.0,2159.11,333.09,Aurangabad
104405,17-06-2025,Customer_0519,Headphones,Electronics,4.0,10665.77,1959.97,aurangabad
104406,08-02-2025,Customer_0500,Mixer,Home,2.0,6264.61,821.07,KOLHAPUR
104407,02-09-2025,Customer_0043,Cabinet,Furniture,2.0,14448.94,2397.66,Mumbai
104408,31-05-2025,Customer_1260,Cabinet,Furniture,8.0,57432.57,11754.51,Mumbai
104409,21-04-2025,Customer_0997,Jacket,Clothing,2.0,5147.47,548.85,Aurangabad
104410,16-02-2025,Customer_2176,Mixer,Home,1.0,3868.45,515.88,Nashik
104411,04-03-2025,Customer_0175,Monitor,Electronics,2.0,24001.57,3339.43,Nashik
104412,13-08-2025,Customer_1227,T-Shirt,Clothing,3.0,1838.26,400.11,MUMBAI
104413,2025/03/10,Customer_0286,Cookware,Home,7.0,15807.08,1597.23,Nashik
104414,26-10-2025,Customer_1647,Cookware,Home,7.0,15694.38,1134.68,Mumbai
104415,17-10-2025,Customer_1429,Mixer,Home,4.0,15259.54,3174.79,Kolhapur
104416,23-10-2025,Customer_0857,Vacuum Cleaner,Home,4.0,28920.67,3316.66,Nashik
104417,22-07-2025,Customer_0030,Cabinet,Furniture,1.0,7581.84,497.48,Aurangabad
104418,02-03-2025,Customer_1763,Backpack,Clothing,6.0,8781.53,1278.46,Pune
104419,14-11-2025,Customer_1009,Jacket,Clothing,8.0,22126.81,4540.88,Pune
104420,10-11-2025,Customer_0981,Shoes,Clothing,7.0,15756.36,969.75,Kolhapur
104421,10-06-2025,Customer_1463,Vacuum Cleaner,Home,3.0,17003.9,1627.94,Nashik
104422,27-11-2025,Customer_1189,Laptop,Electronics,7.0,331094.48,46503.87,mumbai
104423,16-01-2025,Customer_0549,Vacuum Cleaner,Home,1.0,6137.48,545.48,Kolhapur
104424,04-12-2025,Customer_0745,Table,Furniture,8.0,77401.82,7176.09,Nagpur
104425,04-04-2025,Customer_1550,Smartphone,Electronics,7.0,184849.27,21420.77,Nagpur
104426,2025/10/31,Customer_1209,Headphones,Electronics,4.0,10035.48,2101.62,Mumbai
104427,18-05-2025,Customer_1051,Tablet,Electronics,5.0,77508.49,10854.47,Pune
104428,12/04/2025,Customer_0430,Mixer,Home,1.0,3872.14,596.6,Kolhapur
104429,07-02-2025,Customer_1372,Lamp,Home,4.0,4478.69,553.7,KOLHAPUR
104430,05/07/2025,Customer_0176,Shoes,Clothing,5.0,13176.0,2668.53,NASHIK
104431,02-10-2025,Customer_2295,Laptop,Electronics,4.0,189710.38,13554.09,Kolhapur
104432,13-06-2025,Customer_0877,Smartphone,Electronics,8.0,189503.09,18428.18, Pune 
104433,15-11-2025,,Jeans,Clothing,8.0,11897.33,1135.04,Mumbai
104434,18-03-2025,Customer_1079,Cookware,Home,2.0,3998.49,323.48,Aurangabad
104435,2025/06/23,Customer_0476,Jacket,Clothing,8.0,25316.17,2103.02, Kolhapur 
104436,24-12-2025,Customer_0866,Cabinet,Furniture,6.0,43743.41,4348.21,Pune
104437,17-11-2025,Customer_1714,Vacuum Cleaner,Home,1.0,7344.38,1328.7,Nagpur
104438,01-04-2025,Customer_2334,Lamp,Home,1.0,1304.29,100.12,Mumbai
104439,26-08-2025,Customer_2086,Cabinet,Furniture,5.0,44035.72,5518.16,Nagpur
104440,21-09-2025,Customer_0459,Jacket,Clothing,6.0,15604.63,2373.78,Aurangabad
104441,28-06-2025,Customer_0557,Bookshelf,Furniture,8.0,52639.43,9716.42,Nagpur
104442,28-07-2025,Customer_0806,Tablet,Electronics,5.0,100529.93,20960.61,Pune
104443,14-03-2025,Customer_0433,Vacuum Cleaner,Home,2.0,11978.68,1531.08,NAGPUR
104444,17-04-2025,Customer_1250,T-Shirt,Clothing,4.0,2392.29,480.11,Mumbai
104445,11-12-2025,Customer_0842,Monitor,Electronics,8.0,100393.62,19861.47,Kolhapur
104446,22-10-2025,Customer_2098,Bedsheet,Home,6.0,10247.21,1218.41,Mumbai
104447,2025/10/11,Customer_1164,Desk,Furniture,7.0,72386.13,8129.01, Nagpur 
104448,19-12-2025,Customer_0387,Mixer,Home,5.0,19538.91,1252.2,mumbai
104449,01-07-2025,Customer_0462,Monitor,Electronics,1.0,13606.58,884.75,Nashik
104450,06-02-2025,Customer_0095,Cabinet,Furniture,7.0,53831.51,4716.85,Mumbai
104451,17-05-2025,Customer_1429,Table,Furniture,3.0,24992.97,5008.98,Nashik
104452,2025/12/04,Customer_0278,Office Chair,Furniture,5.0,36780.55,3818.1, Aurangabad 
104453,2025/02/25,Customer_0143,Desk,Furniture,2.0,24643.24,2038.91,Aurangabad
104454,06-07-2025,Customer_0549,Shoes,Clothing,8.0,18556.35,2735.2,Pune
104455,07-12-2025,Customer_0081,Jacket,Clothing,2.0,5159.04,870.13,Pune
104456,15-09-2025,Customer_0409,Vacuum Cleaner,Home,5.0,32417.04,5949.12, Kolhapur 
104457,02/27/2025,Customer_1521,Desk,Furniture,5.0,68068.4,5345.33,Mumbai
104458,29-12-2025,Customer_1268,Laptop,Electronics,8.0,418175.78,46470.98,Pune
104459,03-05-2025,Customer_2229,Desk,Furniture,5.0,53721.29,10188.16,NAGPUR
104460,07-07-2025,Customer_0619,Monitor,Electronics,8.0,120731.92,16601.61,Aurangabad
104461,18-08-2025,Customer_0839,Lamp,Home,7.0,8495.18,590.65, Mumbai 
104462,17-06-2025,Customer_2032,Bookshelf,Furniture,2.0,12199.83,2276.67,Nashik
104463,24-04-2025,Customer_0058,Desk,Furniture,5.0,61328.9,6283.09,NASHIK
104464,09-09-2025,Customer_0409,Desk,Furniture,7.0,88222.22,10395.94,Pune
104465,04/17/2025,Customer_1252,Laptop,Electronics,4.0,222961.64,30771.04,Nagpur
104466,06-02-2025,Customer_0882,Mixer,Home,7.0,23626.64,4135.15,Pune
104467,2025/12/01,Customer_2238,Mixer,Home,3.0,11709.21,712.32,Nagpur
104468,02-04-2025,Customer_0621,Cookware,Home,1.0,2486.19,352.65,Pune
104469,18-01-2025,Customer_0969,Monitor,Electronics,6.0,89058.44,17535.6,Nagpur
104470,20-12-2025,Customer_2340,Cookware,Home,2.0,4356.58,843.42,nashik
104471,04-03-2025,Customer_0041,Table,Furniture,1.0,8129.57,694.81,Nashik
104472,30-05-2025,Customer_0123,Bedsheet,Home,6.0,11310.21,2253.25,Pune
104473,19-05-2025,Customer_0560,Tablet,Electronics,4.0,80476.41,13117.53,Nashik
104474,05-07-2025,Customer_0886,Laptop,Electronics,8.0,443364.58,50110.35,Kolhapur
104475,04-07-2025,Customer_0142,Mixer,Home,4.0,16016.0,1780.2,AURANGABAD
104476,24-07-2025,Customer_0384,Cookware,Home,3.0,7083.49,1027.94,Pune
104477,17-09-2025,Customer_2320,Cabinet,Furniture,7.0,57823.01,7109.74,Pune
104478,02-08-2025,Customer_2031,Mixer,Home,7.0,27916.45,4228.48,Mumbai
104479,13-09-2025,Customer_1040,Office Chair,Furniture,1.0,8485.02,519.41,Nashik
104480,15-05-2025,Customer_2032,Shoes,Clothing,2.0,5109.01,892.8,pune
104481,2025/03/02,Customer_1942,Cabinet,Furniture,2.0,17176.38,3517.66,Pune
104482,29-12-2025,Customer_1004,Lamp,Home,5.0,5107.92,306.75,Nagpur
104483,06-11-2025,Customer_1236,Smartphone,Electronics,4.0,99167.9,6414.87,Nashik
104484,29-03-2025,Customer_0591,Desk,Furniture,6.0,82249.9,7857.37,Pune
104485,11/20/2025,Customer_1403,Mixer,Home,3.0,10413.89,726.7,Mumbai
104486,26-07-2025,Customer_0338,Cabinet,Furniture,5.0,40264.58,4863.68,Mumbai
104487,09-05-2025,Customer_1250,Monitor,Electronics,5.0,60437.86,6866.94,Aurangabad
104488,07-11-2025,Customer_1540,Bedsheet,Home,3.0,5224.13,1140.88,KOLHAPUR
104489,03-01-2025,Customer_1724,Smartphone,Electronics,3.0,68427.43,10070.11,Aurangabad
104490,30-08-2025,Customer_0921,Jacket,Clothing,2.0,6418.69,1198.52,Mumbai
104491,01-05-2025,Customer_1908,Bedsheet,Home,2.0,4132.84,888.26,Kolhapur
104492,12-04-2025,Customer_0549,Backpack,Clothing,1.0,1395.61,239.24,Nashik
104493,07-02-2025,Customer_0459,Jacket,Clothing,6.0,14836.63,1937.42,Nagpur
104494,07-12-2025,Customer_0436,Smartphone,Electronics,2.0,54635.28,7695.58,Kolhapur
104495,2025/05/13,Customer_0700,Headphones,Electronics,2.0,5304.05,951.12, Nagpur 
104496,21-07-2025,Customer_1046,Lamp,Home,7.0,7778.74,1556.62,Nagpur
104497,14-12-2025,Customer_0520,Vacuum Cleaner,Home,7.0,44951.58,4208.8,Mumbai
104498,21-01-2025,Customer_0040,Bedsheet,Home,1.0,1997.32,253.36,kolhapur
104499,30-08-2025,Customer_1061,Jacket,Clothing,8.0,24082.1,3556.57,Pune
104500,19-04-2025,Customer_2313,Table,Furniture,2.0,17362.11,3291.51,Pune
104501,30-10-2025,Customer_2324,Tablet,Electronics,5.0,92280.69,11303.46,Mumbai
104502,25-03-2025,Customer_0179,Tablet,Electronics,5.0,79459.14,16151.76,Pune
104503,2025/03/24,Customer_1610,Vacuum Cleaner,Home,4.0,22376.66,4433.04,Kolhapur
104504,18-10-2025,Customer_0944,Desk,Furniture,6.0,68975.17,11194.27,NASHIK
104505,10-03-2025,Customer_1108,Backpack,Clothing,7.0,11041.27,930.48,Nagpur
104506,09-05-2025,Customer_0481,Monitor,Electronics,3.0,42843.58,7810.78,Mumbai
104507,2025/07/15,Customer_1769,Lamp,Home,5.0,6463.65,931.42,Mumbai
104508,20-05-2025,Customer_0271,Office Chair,Furniture,3.0,23341.99,4229.67,Mumbai
104509,10-10-2025,Customer_0060,Table,Furniture,3.0,29762.32,5413.47,Nashik
104510,08-11-2025,Customer_0893,T-Shirt,Clothing,4.0,2677.36,587.62, Pune 
104511,2025/08/22,Customer_2247,Laptop,Electronics,1.0,53919.29,3446.22,Kolhapur
104512,23-01-2025,Customer_1652,Cookware,Home,5.0,10546.64,848.43,Nagpur
104513,02-06-2025,Customer_0020,Cabinet,Furniture,2.0,14182.92,1489.85,Pune
104514,04-10-2025,Customer_0488,Laptop,Electronics,5.0,238153.48,40524.66, Nagpur 
104515,02-03-2025,Customer_1575,Laptop,Electronics,2.0,95941.63,8877.13,Kolhapur
104516,15-11-2025,Customer_2026,Desk,Furniture,3.0,31603.32,2215.61,Mumbai
104517,21-02-2025,Customer_0184,Vacuum Cleaner,Home,8.0,48376.93,7329.29,Nagpur
104518,10-12-2025,Customer_1230,Monitor,Electronics,6.0,95710.08,19150.54,KOLHAPUR
104519,06/02/2025,Customer_1967,Monitor,Electronics,7.0,109052.46,9615.23,Nashik
104520,25-08-2025,Customer_0208,Cookware,Home,1.0,2044.84,147.68,Pune
104521,07-11-2025,Customer_1780,Jeans,Clothing,4.0,6934.66,493.54,Pune
104522,29-10-2025,Customer_0338,Smartphone,Electronics,8.0,203401.74,20271.04,Pune
104523,01-02-2025,Customer_2475,Headphones,Electronics,2.0,4615.17,1008.49,Kolhapur
104524,24-02-2025,Customer_2054,Jacket,Clothing,6.0,18094.17,3508.65,Mumbai
104525,2025/12/18,Customer_0775,Jeans,Clothing,1.0,1634.55,325.87,Aurangabad
104526,05-02-2025,Customer_1487,T-Shirt,Clothing,2.0,1461.11,308.86,Mumbai
104527,20-04-2025,Customer_1692,Jeans,Clothing,5.0,7475.21,1160.54,nagpur
104528,26-06-2025,Customer_1537,Tablet,Electronics,6.0,114160.26,14026.87,Kolhapur
104529,28-12-2025,Customer_1657,Jacket,Clothing,5.0,15594.77,3380.46,Nagpur
104530,10-11-2025,Customer_0392,Cookware,Home,1.0,2195.89,269.0,Pune
104531,22-10-2025,Customer_0571,Bookshelf,Furniture,1.0,5949.49,1168.7,Aurangabad
104532,02-12-2025,Customer_0565,Monitor,Electronics,3.0,43832.9,2943.97,aurangabad
104533,07-04-2025,Customer_2444,Cabinet,Furniture,8.0,64809.66,4067.97, Nashik 
104534,2025/08/01,Customer_0577,Smartphone,Electronics,7.0,189623.11,21338.28,Pune
104535,13-11-2025,Customer_2036,Backpack,Clothing,2.0,2776.49,521.39,Nashik
104536,17-05-2025,Customer_0932,Jeans,Clothing,8.0,11058.36,944.02,Nashik
104537,06-01-2025,Customer_0655,Table,Furniture,5.0,43622.47,4222.13,MUMBAI
104538,04/19/2025,Customer_0035,Shoes,Clothing,1.0,2378.43,522.56,Nashik
104539,04-02-2025,Customer_2294,Smartphone,Electronics,2.0,54881.22,11054.41,mumbai
104540,08-02-2025,Customer_1715,T-Shirt,Clothing,2.0,1583.56,181.4,Pune
104541,30-05-2025,Customer_2313,Bookshelf,Furniture,6.0,33808.43,3294.63,PUNE
104542,04/28/2025,Customer_0130,Shoes,Clothing,2.0,5495.18,927.19,Pune
104543,18-09-2025,Customer_0898,Vacuum Cleaner,Home,3.0,17956.61,2160.52,Pune
104544,28-03-2025,Customer_0097,Shoes,Clothing,7.0,17535.24,2533.88,Pune
104545,17-03-2025,Customer_2140,Smartphone,Electronics,4.0,111661.83,13498.86,Mumbai
104546,09-11-2025,Customer_0368,Mixer,Home,1.0,3928.95,513.19,aurangabad
104547,02-08-2025,Customer_2326,Desk,Furniture,3.0,38660.82,8073.95,Aurangabad
104548,2025/10/12,Customer_0367,Mixer,Home,6.0,23567.73,1628.82,Mumbai
104549,27-08-2025,Customer_0048,Headphones,Electronics,6.0,13675.67,1864.06,nagpur
104550,14-06-2025,Customer_0920,Bedsheet,Home,6.0,10578.24,1719.41,Aurangabad
104551,28-03-2025,Customer_0189,Jacket,Clothing,7.0,22214.89,1732.42,Nashik
104552,21-05-2025,Customer_1717,Desk,Furniture,8.0,94613.53,8589.56,Mumbai
104553,2025/06/09,Customer_0439,Shoes,Clothing,1.0,2795.58,599.18, Kolhapur 
104554,15-02-2025,Customer_0029,Headphones,Electronics,4.0,9936.11,761.52,Nashik
104555,22-04-2025,Customer_2015,Cookware,Home,5.0,11941.47,2048.47,Mumbai
104556,14-02-2025,,Jeans,Clothing,6.0,9181.45,1854.52,Nagpur
104557,2025/09/04,Customer_2191,Tablet,Electronics,7.0,143986.45,21490.93,MUMBAI
104558,14-04-2025,Customer_0517,Bookshelf,Furniture,2.0,12236.62,1316.69, Nagpur 
104559,03/26/2025,Customer_0016,Table,Furniture,8.0,73825.33,9622.6,Kolhapur
104560,14-05-2025,Customer_1439,Bedsheet,Home,7.0,11852.28,838.54,Aurangabad
104561,2025/04/18,Customer_1131,Cookware,Home,0.0,6110.36,560.06,pune
104562,18-01-2025,Customer_2092,Bedsheet,Home,8.0,14581.62,2278.63,Nashik
104563,04/04/2025,Customer_0330,Shoes,Clothing,8.0,20651.43,2521.72,AURANGABAD
104564,30-05-2025,Customer_0851,Cabinet,Furniture,,7810.95,1511.25,Nashik
104565,03-09-2025,Customer_0446,Laptop,Electronics,7.0,382254.89,83348.28,Kolhapur
104566,16-10-2025,Customer_1235,Backpack,Clothing,8.0,10997.11,1802.79,Mumbai
104567,28-07-2025,Customer_1114,Desk,Furniture,6.0,62287.84,10248.49,Mumbai
104568,06-05-2025,Customer_1718,T-Shirt,Clothing,5.0,3869.0,815.56,
104569,23-08-2025,Customer_0453,Vacuum Cleaner,Home,3.0,22409.33,2356.31, Mumbai 
104570,02-05-2025,Customer_1036,Headphones,Electronics,7.0,17895.69,2364.29,Kolhapur
104571,18-05-2025,Customer_1052,Jeans,Clothing,6.0,9783.79,833.51,Kolhapur
104572,25-04-2025,Customer_1133,Office Chair,Furniture,7.0,58109.36,11943.28,Nashik
104573,06/11/2025,Customer_2020,Laptop,Electronics,2.0,108338.83,11361.36,Mumbai
104574,20-07-2025,Customer_1899,Monitor,Electronics,3.0,37474.5,6348.27,Mumbai
104575,22-08-2025,Customer_1257,Tablet,Electronics,4.0,67944.21,13964.31,Mumbai
104576,28-01-2025,Customer_2050,Backpack,Clothing,5.0,7359.13,1201.82,Kolhapur
104577,11-01-2025,Customer_2404,Office Chair,Furniture,5.0,38168.27,2569.65,NAGPUR
104578,25-07-2025,Customer_1064,Tablet,Electronics,7.0,142326.67,22839.16,Pune
104579,16-06-2025,Customer_0180,T-Shirt,Clothing,2.0,1607.51,234.66, Mumbai 
104580,04-09-2025,Customer_1274,Smartphone,Electronics,6.0,159454.99,11001.36,Mumbai
104581,2025/02/16,Customer_1013,T-Shirt,Clothing,3.0,2182.99,398.06,Pune
104582,03-09-2025,Customer_1274,Tablet,Electronics,1.0,19503.98,3573.48, Kolhapur 
104583,05/07/2025,Customer_2035,Mixer,Home,4.0,12850.39,2776.5,mumbai
104584,27-05-2025,Customer_0217,Monitor,Electronics,7.0,112558.35,8114.93,PUNE
104585,28-04-2025,Customer_0826,Desk,Furniture,1.0,13571.21,1442.78,Pune
104586,01-06-2025,Customer_0329,Vacuum Cleaner,Home,1.0,6869.1,783.75,Pune
104587,2025/03/13,Customer_0860,T-Shirt,Clothing,1.0,798.23,60.86,Nashik
104588,29-12-2025,Customer_0439,Mixer,Home,4.0,13990.54,1797.61,Aurangabad
104589,05/17/2025,Customer_2273,Mixer,Home,8.0,26538.6,4333.37,Nagpur
104590,24-06-2025,Customer_0638,Laptop,Electronics,7.0,342386.94,59803.35,Nashik
104591,16-10-2025,Customer_0404,Monitor,Electronics,5.0,80092.43,15115.8,Kolhapur
104592,2025/01/19,Customer_1494,Shoes,Clothing,6.0,16620.08,1953.55,pune
104593,14-07-2025,Customer_1793,Laptop,Electronics,4.0,208442.52,29750.53,Nashik
104594,26-11-2025,Customer_0489,Bookshelf,Furniture,3.0,15546.92,3284.4,Pune
104595,24-06-2025,Customer_2141,Cookware,Home,8.0,15719.19,3214.29,Aurangabad
104596,20-12-2025,Customer_1917,Tablet,Electronics,3.0,47254.03,9054.82,Kolhapur
104597,2025/05/21,Customer_0459,Smartphone,Electronics,8.0,179117.75,11839.87,Nagpur
104598,09/03/2025,Customer_2264,Tablet,Electronics,1.0,19185.24,2011.43,Aurangabad
104599,03-04-2025,Customer_0634,Monitor,Electronics,8.0,119207.07,17739.64,Mumbai
104600,27-08-2025,Customer_1030,Cabinet,Furniture,7.0,49427.96,10337.4,NAGPUR
104601,24-07-2025,Customer_1988,Mixer,Home,4.0,13799.72,2449.61,Nashik
104602,17-02-2025,Customer_1718,Office Chair,Furniture,8.0,60018.37,9404.75,Kolhapur
104603,02-09-2025,Customer_1175,Laptop,Electronics,3.0,155237.29,14290.78,KOLHAPUR
104604,2025/11/16,Customer_1442,Monitor,Electronics,6.0,85072.77,11096.47,Nagpur
104605,13-11-2025,Customer_1053,Laptop,Electronics,3.0,159560.6,26744.07,aurangabad
104606,10/22/2025,Customer_0874,Jeans,Clothing,3.0,5074.33,341.74,Nagpur
104607,08-05-2025,Customer_1601,Desk,Furniture,2.0,22838.96,2875.02,Kolhapur
104608,10-12-2025,Customer_2259,Tablet,Electronics,7.0,110762.52,10826.39,NASHIK
104609,10/09/2025,Customer_1934,Lamp,Home,7.0,7270.14,1595.06,Pune
104610,17-01-2025,Customer_0272,Bedsheet,Home,6.0,11566.45,855.82,nagpur
104611,12-03-2025,Customer_0582,Smartphone,Electronics,6.0,128411.22,22483.01,Pune
104612,26-09-2025,Customer_1666,T-Shirt,Clothing,2.0,1374.46,255.5,Nashik
104613,21-11-2025,Customer_0019,Table,Furniture,2.0,20286.77,3162.47,Nagpur
104614,09-10-2025,Customer_1491,Smartphone,Electronics,4.0,90613.25,16777.14, Pune 
104615,01-11-2025,Customer_0868,Jeans,Clothing,5.0,9093.95,1389.89,AURANGABAD
104616,07-01-2025,Customer_2368,Monitor,Electronics,4.0,59057.56,6732.32,Mumbai
104617,10-11-2025,Customer_2062,Backpack,Clothing,5.0,6751.21,1198.64,Pune
104618,01-11-2025,Customer_1235,Office Chair,Furniture,1.0,8462.48,1359.4,PUNE
104619,13-04-2025,Customer_0064,Vacuum Cleaner,Home,2.0,14130.41,1235.87,Nashik
104620,05-11-2025,Customer_0414,Office Chair,Furniture,3.0,,2983.16,Nashik
104621,2025/07/12,Customer_1494,Tablet,Electronics,8.0,130027.14,21012.28,Aurangabad
104622,29-08-2025,Customer_1004,Lamp,Home,7.0,7874.97,1469.82,MUMBAI
104623,03-03-2025,Customer_2253,Jeans,Clothing,5.0,8739.46,1172.89,Pune
104624,17-01-2025,Customer_0070,Laptop,Electronics,6.0,298400.25,48783.67,Pune
104625,20-06-2025,Customer_1064,Shoes,Clothing,7.0,20087.13,3206.2,Mumbai
104626,25-01-2025,Customer_0501,Vacuum Cleaner,Home,7.0,39163.32,2458.17,Nashik
104627,08-09-2025,Customer_1315,Cookware,Home,6.0,12488.63,1140.53,AURANGABAD
104628,09/10/2025,Customer_1840,Smartphone,Electronics,2.0,54695.77,10674.91,Nagpur
104629,26-07-2025,Customer_0960,T-Shirt,Clothing,3.0,1947.93,218.37,Kolhapur
104630,29-01-2025,Customer_2076,Backpack,Clothing,8.0,10313.79,2117.85,Pune
104631,27-04-2025,Customer_0634,Jacket,Clothing,5.0,14011.13,2311.58,Nagpur
104632,09-10-2025,Customer_0659,Monitor,Electronics,8.0,109160.2,17570.67,Mumbai
104633,24-05-2025,Customer_1211,Mixer,Home,3.0,10140.44,1159.55,Nashik
104634,25-01-2025,Customer_1732,Lamp,Home,5.0,6242.06,964.84, Nagpur 
104635,2025/11/06,Customer_1467,Cookware,Home,1.0,2063.73,173.14,Pune
104636,05-06-2025,Customer_1887,Mixer,Home,1.0,3362.01,425.06,Mumbai
104637,14-03-2025,Customer_0502,Monitor,Electronics,8.0,116323.79,24000.46,nashik
104638,04/30/2025,Customer_2178,Lamp,Home,8.0,8264.21,818.04,Aurangabad
104639,08-11-2025,Customer_0887,Table,Furniture,-1.0,8173.03,1147.22,Pune
104640,17-11-2025,Customer_0935,Lamp,Home,5.0,5873.46,1037.52,Kolhapur
104641,03-04-2025,Customer_1215,Smartphone,Electronics,8.0,184544.95,28626.57,Pune
104642,27-03-2025,Customer_1881,Backpack,Clothing,6.0,9367.32,1926.94,AURANGABAD
104643,02-12-2025,Customer_0664,Table,Furniture,1.0,10238.72,1881.08,Kolhapur
104644,30-12-2025,Customer_1616,Bookshelf,Furniture,5.0,33653.89,3282.09,aurangabad
104645,2025/04/28,Customer_0762,Cookware,Home,8.0,16003.23,976.81,Kolhapur
104646,21-08-2025,Customer_1707,T-Shirt,Clothing,8.0,5947.5,1248.94,nagpur
104647,18-07-2025,Customer_1825,Jeans,Clothing,1.0,1449.73,234.73,Aurangabad
104648,25-07-2025,Customer_1959,Cookware,Home,3.0,7087.99,1477.27,Pune
104649,05-12-2025,Customer_2247,Bookshelf,Furniture,4.0,25057.39,5393.53,Nagpur
104650,27-05-2025,Customer_1467,Bedsheet,Home,3.0,5148.37,597.15,Kolhapur
104651,28-09-2025,Customer_2065,Desk,Furniture,7.0,85083.92,10325.81,Nagpur
104652,19-05-2025,Customer_1079,Tablet,Electronics,1.0,15307.7,2710.74,Kolhapur
104653,30-06-2025,Customer_0723,Vacuum Cleaner,Home,4.0,27963.39,5019.87,Pune
104654,30-01-2025,Customer_1064,Jacket,Clothing,4.0,10679.27,1533.18,PUNE
104655,26-02-2025,Customer_1943,T-Shirt,Clothing,3.0,2011.78,125.87,Mumbai
104656,20-08-2025,Customer_2442,Mixer,Home,6.0,21393.43,1707.23,Nagpur
104657,26-05-2025,Customer_1288,Lamp,Home,1.0,1048.81,189.71,Mumbai
104658,17-02-2025,Customer_0237,Shoes,Clothing,8.0,17057.04,3640.68,aurangabad
104659,13-07-2025,Customer_2048,Vacuum Cleaner,Home,8.0,52237.98,11350.41, Aurangabad 
104660,12-08-2025,Customer_0651,Jacket,Clothing,5.0,12143.59,1862.4,Nagpur
104661,16-05-2025,Customer_0989,Monitor,Electronics,1.0,13367.17,2606.03,Kolhapur
104662,22-01-2025,Customer_1954,Jeans,Clothing,-1.0,4600.16,467.74,Mumbai
104663,06-01-2025,Customer_0845,Cookware,Home,8.0,19487.88,2337.46, Mumbai 
104664,23-07-2025,Customer_0604,Smartphone,Electronics,3.0,64128.75,7852.33,Nagpur
104665,27-08-2025,Customer_1904,Laptop,Electronics,2.0,115099.23,11590.21,Nashik
104666,2025/07/04,Customer_2015,Bedsheet,Home,2.0,3526.55,243.59,PUNE
104667,26-12-2025,Customer_1207,Cookware,Home,1.0,2258.14,408.74,Mumbai
104668,19-10-2025,Customer_1099,T-Shirt,Clothing,5.0,3408.98,433.75,Kolhapur
104669,01-12-2025,Customer_0133,Vacuum Cleaner,Home,4.0,22788.6,2103.63,Nashik
104670,08-08-2025,Customer_2370,Office Chair,Furniture,7.0,47061.14,6450.67,pune
104671,26-04-2025,Customer_0767,Cabinet,Furniture,3.0,24210.64,5128.55,Pune
104672,2025/11/09,Customer_0392,Table,Furniture,1.0,7847.73,1224.08,Nashik
104673,18-02-2025,Customer_2030,Table,Furniture,5.0,45357.73,6467.89,pune
104674,22-06-2025,Customer_0293,Tablet,Electronics,1.0,20015.06,1859.12,Nagpur
104675,23-03-2025,Customer_0330,Mixer,Home,4.0,12071.25,2022.7,nagpur
104676,18-11-2025,Customer_1403,Table,Furniture,1.0,8581.93,539.07,Aurangabad
104677,29-11-2025,Customer_2390,Laptop,Electronics,5.0,254488.36,27864.51,Mumbai
104678,14-02-2025,Customer_1880,Desk,Furniture,7.0,86944.33,7617.52,mumbai
104679,01-12-2025,Customer_2366,Jacket,Clothing,7.0,19088.76,2618.9,Mumbai
104680,20-01-2025,Customer_2307,Tablet,Electronics,3.0,53339.65,11512.32,nashik
104681,09-08-2025,Customer_2275,Bedsheet,Home,4.0,6218.29,1319.24,Pune
104682,03-05-2025,Customer_1629,Cabinet,Furniture,1.0,8196.65,1535.37,Nashik
104683,22-08-2025,Customer_1433,T-Shirt,Clothing,3.0,2056.15,272.67,Kolhapur
104684,09-08-2025,Customer_2477,T-Shirt,Clothing,4.0,3118.63,634.17,MUMBAI
104685,2025/11/19,Customer_2021,Table,Furniture,3.0,24883.38,2286.25,Mumbai
104686,05-12-2025,Customer_1588,Smartphone,Electronics,2.0,49943.53,10190.69,Mumbai
104687,03-01-2025,Customer_2307,T-Shirt,Clothing,5.0,3313.47,544.48,Nagpur
104688,2025/07/01,Customer_1720,Smartphone,Electronics,7.0,185927.96,34320.06,Nagpur
104689,2025/07/25,Customer_1859,Lamp,Home,3.0,3669.04,456.4,Mumbai
104690,16-11-2025,Customer_2409,Jacket,Clothing,4.0,12769.17,2015.14,Nagpur
104691,09-02-2025,Customer_0096,Backpack,Clothing,6.0,8975.98,1034.01,Nagpur
104692,28-02-2025,Customer_1235,Monitor,Electronics,7.0,102996.51,10428.15,Pune
104693,03-03-2025,Customer_1691,Bedsheet,Home,6.0,9974.11,1739.04,Pune
104694,12-05-2025,Customer_0424,Office Chair,Furniture,1.0,7548.14,1278.08, Kolhapur 
104695,03/01/2025,Customer_0680,Cabinet,Furniture,1.0,7446.65,1160.16,Mumbai
104696,27-11-2025,Customer_0976,Headphones,Electronics,5.0,12289.75,1911.22,Kolhapur
104697,02-05-2025,Customer_2221,Headphones,Electronics,5.0,11715.8,2044.08,Kolhapur
104698,17-04-2025,Customer_0711,Monitor,Electronics,4.0,61139.61,6210.97,Mumbai
104699,06-04-2025,Customer_0845,Jeans,Clothing,4.0,6017.19,997.56,Mumbai
104700,13-12-2025,Customer_1465,Smartphone,Electronics,4.0,105867.56,18278.66,Pune
104701,08/23/2025,Customer_1358,Smartphone,Electronics,6.0,158221.43,19437.38,NASHIK
104702,03-03-2025,Customer_1383,Laptop,Electronics,4.0,213060.34,21470.27, Nashik 
104703,13-09-2025,Customer_1659,T-Shirt,Clothing,4.0,2511.74,429.04,Kolhapur
104704,18-02-2025,Customer_1006,Jeans,Clothing,4.0,5618.92,1180.24,Mumbai
104705,14-12-2025,Customer_1615,Bookshelf,Furniture,4.0,26352.14,5196.67,MUMBAI
104706,08-06-2025,Customer_2202,Cookware,Home,1.0,2468.4,309.48,pune
104707,04-05-2025,Customer_0502,Backpack,Clothing,4.0,6182.46,527.3,Mumbai
104708,13-11-2025,Customer_0663,Jacket,Clothing,2.0,4796.36,890.12,Kolhapur
104709,26-07-2025,Customer_2452,Tablet,Electronics,6.0,94223.41,20556.15,Nagpur
104710,17-02-2025,Customer_0232,Backpack,Clothing,3.0,4420.24,798.08,PUNE
104711,16-05-2025,Customer_1645,Desk,Furniture,8.0,88679.15,14882.0,Mumbai
104712,20-07-2025,Customer_1266,Tablet,Electronics,8.0,124267.1,24114.29,kolhapur
104713,07-09-2025,Customer_0269,Jacket,Clothing,3.0,7567.45,1298.4,Pune
104714,10-11-2025,Customer_0381,Cookware,Home,5.0,10090.79,715.97,Kolhapur
104715,23-12-2025,Customer_0401,Table,Furniture,6.0,53700.2,4676.52,Kolhapur
104716,11/14/2025,Customer_1829,Desk,Furniture,7.0,89781.99,8799.58, Pune 
104717,22-10-2025,Customer_1526,Office Chair,Furniture,8.0,57164.51,8619.85,Mumbai
104718,10-11-2025,Customer_1123,Cookware,Home,7.0,14406.55,1735.67,Nagpur
104719,28-07-2025,Customer_1032,Jeans,Clothing,7.0,12260.49,1087.18,Nagpur
104720,21-12-2025,Customer_1744,Smartphone,Electronics,1.0,21866.51,2460.8,Pune
104721,30-07-2025,Customer_0019,Cookware,Home,1.0,2150.09,315.69,Kolhapur
104722,2025/07/11,Customer_1292,Cabinet,Furniture,5.0,38469.08,7170.09,Mumbai
104723,13-02-2025,Customer_0681,T-Shirt,Clothing,4.0,2413.03,311.48,aurangabad
104724,29-01-2025,Customer_0944,Laptop,Electronics,6.0,318343.34,52084.97,Nashik
104725,28-02-2025,Customer_0386,T-Shirt,Clothing,6.0,4787.51,678.2,Nashik
104726,12-03-2025,Customer_2384,Desk,Furniture,2.0,27505.51,2980.49,Aurangabad
104727,02-04-2025,Customer_0203,Headphones,Electronics,4.0,8592.6,743.31, Kolhapur 
104728,22-09-2025,Customer_0573,Bedsheet,Home,8.0,13946.94,1542.72,nashik
104729,08-08-2025,Customer_1534,Vacuum Cleaner,Home,3.0,17142.77,2215.28, Aurangabad 
104730,03-08-2025,Customer_0383,Jeans,Clothing,3.0,4566.89,363.61,KOLHAPUR
104731,2025/10/04,Customer_2211,Bookshelf,Furniture,6.0,33798.07,6821.46,Pune
104732,2025/03/05,Customer_2224,Office Chair,Furniture,5.0,35273.05,6145.72, Nagpur 
104733,12-12-2025,Customer_2019,Mixer,Home,7.0,25323.55,3250.25,Aurangabad
104734,10/19/2025,Customer_0856,Vacuum Cleaner,Home,4.0,23964.4,2852.78,Mumbai
104735,02-09-2025,Customer_1452,Cabinet,Furniture,7.0,57547.4,6682.43,Pune
104736,03/03/2025,Customer_0680,Backpack,Clothing,-2.0,1280.26,100.67,nashik
104737,28-11-2025,Customer_1775,Vacuum Cleaner,Home,5.0,36202.73,4722.65,Nashik
104738,19-06-2025,Customer_2063,Monitor,Electronics,6.0,87155.25,12068.01,Nashik
104739,26-09-2025,Customer_1314,Cabinet,Furniture,3.0,26682.48,3935.92,Aurangabad
104740,24-09-2025,Customer_1657,Bedsheet,Home,3.0,5368.87,1116.38, Mumbai 
104741,23-02-2025,Customer_1630,Monitor,Electronics,5.0,74613.48,5808.51,Nagpur
104742,16-01-2025,Customer_1485,Cabinet,Furniture,3.0,21679.47,4031.07,Nashik
104743,08-01-2025,Customer_0329,Bookshelf,Furniture,6.0,39627.19,5834.33,Kolhapur
104744,14-04-2025,Customer_0708,Cookware,Home,3.0,-6707.82,1080.69,Mumbai
104745,28-02-2025,Customer_2185,T-Shirt,Clothing,,1374.43,232.05,mumbai
104746,09-11-2025,Customer_1229,Shoes,Clothing,3.0,6619.08,1415.19,Nagpur
104747,09-02-2025,Customer_0773,Cabinet,Furniture,7.0,60202.6,9691.89,kolhapur
104748,25-08-2025,Customer_0372,Jeans,Clothing,1.0,1511.83,129.64,Mumbai
104749,04-04-2025,Customer_0358,Desk,Furniture,5.0,58368.17,9680.49,Nashik
104750,10-08-2025,Customer_0056,Cabinet,Furniture,1.0,8320.9,1008.68,kolhapur
104751,23-07-2025,Customer_1817,Bedsheet,Home,3.0,5583.52,1061.98,Pune
104752,18-05-2025,Customer_0002,Table,Furniture,7.0,54046.78,7139.55,Nashik
104753,10/27/2025,Customer_1763,T-Shirt,Clothing,6.0,4525.78,667.02,Mumbai
104754,26-07-2025,Customer_1168,Office Chair,Furniture,8.0,62726.57,8949.09,AURANGABAD
104755,02-12-2025,Customer_0307,Laptop,Electronics,4.0,252463.72,17354.22,PUNE
104756,22-03-2025,Customer_1007,Monitor,Electronics,4.0,55849.55,4167.86, Nashik 
104757,06-08-2025,Customer_0551,Cabinet,Furniture,3.0,21550.46,2613.77,Mumbai
104758,02-01-2025,Customer_0356,Shoes,Clothing,2.0,4483.31,960.28,Kolhapur
104759,27-06-2025,Customer_0192,Table,Furniture,1.0,10206.33,1161.25,nagpur
104760,2025/12/12,Customer_1890,Monitor,Electronics,3.0,43760.82,6362.85,Nagpur
104761,10/06/2025,Customer_1151,Headphones,Electronics,7.0,19156.83,3072.59,Nagpur
104762,26-05-2025,Customer_1942,Tablet,Electronics,1.0,15301.36,2786.5,NAGPUR
104763,14-11-2025,Customer_0895,Table,Furniture,5.0,48332.45,6841.73,Aurangabad
104764,12-08-2025,Customer_2345,T-Shirt,Clothing,1.0,784.61,161.12,Nashik
104765,03/03/2025,Customer_0819,Table,Furniture,3.0,27193.68,4276.97,nashik
104766,10/21/2025,Customer_1744,Mixer,Home,8.0,32170.79,3468.37,aurangabad
104767,27-08-2025,Customer_0843,Desk,Furniture,2.0,22737.24,2029.16,MUMBAI
104768,14-07-2025,Customer_1061,Mixer,Home,1.0,3915.66,701.37,Nashik
104769,2025/06/15,Customer_0563,Tablet,Electronics,5.0,79352.36,17226.03,Mumbai
104770,10-08-2025,Customer_1131,Tablet,Electronics,6.0,115483.16,22644.35,Nashik
104771,02-03-2025,Customer_0732,Smartphone,Electronics,8.0,172889.05,24341.7,nagpur
104772,09-05-2025,Customer_1953,Bedsheet,Home,6.0,11443.46,1680.72,Nagpur
104773,22-06-2025,Customer_1029,Tablet,Electronics,4.0,75599.59,14428.93,Kolhapur
104774,2025/06/05,Customer_1137,Jeans,Clothing,1.0,1539.68,301.45,Nagpur
104775,20-04-2025,Customer_1394,Tablet,Electronics,6.0,97078.48,10032.26,Pune
104776,26-09-2025,Customer_2026,Mixer,Home,2.0,6041.03,714.7,Kolhapur
104777,22-12-2025,Customer_0749,Desk,Furniture,5.0,57838.37,10922.39,Pune
104778,05-10-2025,Customer_1824,Bookshelf,Furniture,4.0,25102.54,3260.21,Nashik
104779,15-03-2025,Customer_2033,Jacket,Clothing,2.0,5855.55,400.79,Mumbai
104780,26-07-2025,Customer_1755,Bookshelf,Furniture,6.0,32546.93,5217.65,NASHIK
104781,2025/10/06,Customer_2346,Cabinet,Furniture,7.0,58374.96,10732.91,Nashik
104782,22-11-2025,Customer_0678,Vacuum Cleaner,Home,1.0,6310.85,1108.24,Nashik
104783,06-12-2025,Customer_0924,Backpack,Clothing,6.0,8863.63,1898.08,Nagpur
104784,23-12-2025,Customer_1151,Table,Furniture,1.0,8230.85,1220.38,AURANGABAD
104785,06-12-2025,Customer_2113,Cookware,Home,4.0,9068.66,1993.14,Nagpur
104786,23-07-2025,Customer_0014,T-Shirt,Clothing,1.0,637.25,91.58,Kolhapur
104787,10-06-2025,Customer_1282,Jeans,Clothing,6.0,9157.01,1319.92,Nagpur
104788,2025/01/28,Customer_1601,Jeans,Clothing,2.0,2942.84,198.99,Aurangabad
104789,2025/09/14,Customer_2417,Jeans,Clothing,6.0,9808.99,1115.64,
104790,14-06-2025,Customer_1954,Laptop,Electronics,4.0,199008.13,22255.02,Kolhapur
104791,2025/03/04,Customer_0205,Headphones,Electronics,7.0,15133.72,3209.42,Nashik
104792,22-01-2025,Customer_1203,Bedsheet,Home,2.0,3687.64,701.99,Mumbai
104793,11-03-2025,Customer_1130,Vacuum Cleaner,Home,5.0,31750.4,6493.92,Mumbai
104794,06-04-2025,Customer_1537,Mixer,Home,7.0,24377.39,3701.25,Pune
104795,12-06-2025,Customer_1051,Lamp,Home,7.0,8379.32,1485.86, Nagpur 
104796,20-03-2025,Customer_0958,Cookware,Home,7.0,15707.95,1625.08,NAGPUR
104797,05-01-2025,Customer_0357,Headphones,Electronics,5.0,11170.77,1753.59,Kolhapur
104798,12-11-2025,Customer_0245,Backpack,Clothing,0.0,1395.46,105.16,Mumbai
104799,30-04-2025,Customer_2363,Bedsheet,Home,3.0,5230.9,744.69,Pune
104800,29-10-2025,Customer_1371,Monitor,Electronics,-2.0,76864.76,5547.8,Pune
104801,27-06-2025,Customer_0084,Vacuum Cleaner,Home,7.0,43431.96,8322.65,Nashik
104802,25-06-2025,Customer_1755,Bookshelf,Furniture,7.0,43870.14,4667.49,Pune
104803,05-08-2025,Customer_1016,T-Shirt,Clothing,4.0,3090.08,429.3,Nagpur
104804,25-02-2025,Customer_0866,Shoes,Clothing,4.0,9995.06,2161.47,Pune
104805,06-07-2025,Customer_0865,Bedsheet,Home,8.0,16331.54,1916.76,Pune
104806,20-08-2025,Customer_2245,Bedsheet,Home,2.0,3211.83,360.07,Mumbai
104807,2025/09/12,Customer_1681,Desk,Furniture,7.0,72168.18,4569.9,Nagpur
104808,14-04-2025,Customer_2097,T-Shirt,Clothing,1.0,678.06,142.77,Nagpur
104809,18-03-2025,Customer_2058,Lamp,Home,4.0,5334.75,756.63,Nashik
104810,2025/08/18,Customer_0841,Tablet,Electronics,8.0,146817.78,8948.45,Kolhapur
104811,15-09-2025,Customer_0693,Cookware,Home,5.0,10061.15,643.55,Aurangabad
104812,09/21/2025,Customer_1290,Bedsheet,Home,1.0,1937.45,161.4,Aurangabad
104813,27-11-2025,Customer_2339,T-Shirt,Clothing,5.0,3887.5,633.4,Mumbai
104814,01-07-2025,Customer_0241,Office Chair,Furniture,8.0,55129.54,4698.98,Nashik
104815,13-09-2025,,Mixer,Home,7.0,25438.04,5192.77,PUNE
104816,2025/02/07,Customer_0766,Bedsheet,Home,4.0,7671.66,888.13, Pune 
104817,25-06-2025,Customer_2367,Tablet,Electronics,3.0,55415.61,6080.3, Aurangabad 
104818,2025/01/27,Customer_2377,Tablet,Electronics,4.0,82781.63,14885.32,Kolhapur
104819,03-10-2025,Customer_2321,Cabinet,Furniture,2.0,16549.03,2113.67,Kolhapur
104820,20-05-2025,Customer_2302,Table,Furniture,2.0,18638.02,2137.01,Mumbai
104821,26-10-2025,Customer_0956,Lamp,Home,4.0,4121.57,507.84,Nagpur
104822,14-10-2025,Customer_2187,Tablet,Electronics,1.0,20324.6,3256.17,Nagpur
104823,01-04-2025,Customer_0703,Backpack,Clothing,5.0,6126.31,1235.06,Nagpur
104824,02-03-2025,Customer_0845,Jeans,Clothing,1.0,1489.06,147.42,Aurangabad
104825,31-12-2025,Customer_1339,Office Chair,Furniture,4.0,28173.82,4292.35,Nashik
104826,13-12-2025,Customer_1470,Laptop,Electronics,5.0,,38633.29,Kolhapur
104827,2025/06/12,Customer_1559,Bedsheet,Home,1.0,1917.47,212.16,kolhapur
104828,17-12-2025,Customer_2207,Office Chair,Furniture,6.0,48807.87,4297.6,Nagpur
104829,23-05-2025,Customer_1059,Office Chair,Furniture,6.0,48815.38,8113.59,Kolhapur
104830,10-09-2025,Customer_2300,Bookshelf,Furniture,4.0,25319.1,3469.95,kolhapur
104831,26-09-2025,Customer_0601,Jeans,Clothing,1.0,1680.16,122.26,Aurangabad
104832,18-10-2025,Customer_1697,Tablet,Electronics,2.0,39796.75,2741.5,Nagpur
104833,06-07-2025,Customer_1111,Tablet,Electronics,7.0,112722.43,17166.09,Aurangabad
104834,10/31/2025,Customer_2162,Office Chair,Furniture,6.0,48232.05,3482.37,Kolhapur
104835,18-10-2025,Customer_1035,Laptop,Electronics,7.0,433598.34,93560.65,Kolhapur
104836,27-03-2025,Customer_1346,Cabinet,Furniture,2.0,16508.56,2261.66,Pune
104837,15-06-2025,Customer_0469,Table,Furniture,1.0,9651.77,1086.18,Nagpur
104838,04/24/2025,Customer_1689,Monitor,Electronics,3.0,41915.13,8659.0,Aurangabad
104839,22-12-2025,Customer_0197,T-Shirt,Clothing,8.0,6365.5,1326.13,Mumbai
104840,02-07-2025,Customer_2121,Monitor,Electronics,1.0,13002.28,1263.76,Aurangabad
104841,26-07-2025,Customer_1648,Tablet,Electronics,3.0,50722.16,6624.81,mumbai
104842,2025/09/13,Customer_2254,Cabinet,Furniture,7.0,52878.01,6338.7,Mumbai
104843,23-08-2025,Customer_0124,Jacket,Clothing,6.0,17408.01,3168.33,Aurangabad
104844,21-12-2025,Customer_2115,Tablet,Electronics,3.0,57816.04,11002.84,Kolhapur
104845,03-01-2025,Customer_1913,Backpack,Clothing,3.0,3610.55,244.21,Aurangabad
104846,27-07-2025,Customer_1717,T-Shirt,Clothing,2.0,1521.54,221.07,Kolhapur
104847,16-07-2025,Customer_2457,Tablet,Electronics,2.0,36843.92,2520.64,Nagpur
104848,2025/12/07,Customer_1664,Smartphone,Electronics,8.0,185318.83,30046.98,Nagpur
104849,05-05-2025,Customer_2173,Office Chair,Furniture,1.0,8308.16,1717.44,Mumbai
104850,18-05-2025,Customer_1869,Smartphone,Electronics,2.0,50006.29,7364.72,Pune
104851,05-12-2025,Customer_1084,Table,Furniture,,39596.94,5781.94,Nashik
104852,25-01-2025,Customer_2437,Jeans,Clothing,6.0,9648.55,1976.15,Nagpur
104853,09-03-2025,Customer_2138,Bookshelf,Furniture,6.0,39131.27,8039.58,Aurangabad
104854,03/02/2025,Customer_0732,Mixer,Home,2.0,6408.32,922.16, Pune 
104855,01/29/2025,Customer_0665,Jeans,Clothing,5.0,8821.93,686.2,AURANGABAD
104856,2025/01/19,Customer_2444,Jeans,Clothing,7.0,12190.06,1088.28,
104857,20-06-2025,Customer_1879,Smartphone,Electronics,4.0,109243.56,17251.76,NASHIK
104858,15-03-2025,Customer_2259,Office Chair,Furniture,3.0,20429.34,2773.01,Nashik
104859,02-03-2025,Customer_1024,Bedsheet,Home,1.0,1898.23,306.41,Kolhapur
104860,2025/06/02,Customer_0541,Bedsheet,Home,1.0,1760.71,359.01,Nashik
104861,2025/10/03,Customer_0545,Table,Furniture,6.0,54312.07,7654.68,Aurangabad
104862,17-02-2025,Customer_1454,T-Shirt,Clothing,6.0,3648.44,757.19,Mumbai
104863,30-07-2025,Customer_2183,Lamp,Home,2.0,2167.52,313.28,Nagpur
104864,09-12-2025,Customer_0996,Jacket,Clothing,1.0,3055.0,288.61,Nagpur
104865,19-05-2025,Customer_0487,Backpack,Clothing,3.0,4234.49,417.14,Nashik
104866,20-04-2025,Customer_2121,Bedsheet,Home,,7760.94,1166.43,Nashik
104867,02-07-2025,Customer_0624,Shoes,Clothing,7.0,19368.87,3934.39,Mumbai
104868,28-01-2025,Customer_0158,Desk,Furniture,7.0,87748.08,15449.16,Nagpur
104869,16-07-2025,Customer_1163,Bedsheet,Home,7.0,12786.05,1553.62,Kolhapur
104870,10-07-2025,Customer_2382,Smartphone,Electronics,6.0,156665.31,32167.49,Nashik
104871,11-11-2025,Customer_0207,Cookware,Home,3.0,6435.03,709.82,Nashik
104872,20-02-2025,Customer_0756,Cabinet,Furniture,7.0,54125.74,7018.14,Mumbai
104873,29-05-2025,Customer_0046,Vacuum Cleaner,Home,3.0,17005.33,2376.51,Nagpur
104874,25-09-2025,Customer_1859,Bedsheet,Home,2.0,3593.86,554.0,KOLHAPUR
104875,19-02-2025,Customer_1413,Cookware,Home,4.0,8437.84,1334.0,Nagpur
104876,03-09-2025,Customer_0883,Cabinet,Furniture,-1.0,35630.88,7584.94,Nashik
104877,04/23/2025,Customer_2030,Bedsheet,Home,8.0,14761.2,986.26,Nagpur
104878,19-06-2025,Customer_0051,Bookshelf,Furniture,7.0,47912.37,8285.87,Nashik
104879,15-06-2025,Customer_2152,Smartphone,Electronics,5.0,118848.64,9929.24,Mumbai
104880,14-01-2025,Customer_2491,Monitor,Electronics,5.0,62511.79,5428.47,MUMBAI
104881,22-07-2025,Customer_2471,Headphones,Electronics,4.0,8636.72,1764.87, Kolhapur 
104882,10/15/2025,Customer_0634,Cabinet,Furniture,2.0,16195.69,2785.55,Mumbai
104883,08-07-2025,Customer_0019,Mixer,Home,1.0,3844.51,717.57,Pune
104884,06/04/2025,Customer_1911,Jacket,Clothing,1.0,3121.39,670.35,NAGPUR
104885,24-02-2025,Customer_1250,Cabinet,Furniture,2.0,15707.54,3330.84,Aurangabad
104886,01-07-2025,Customer_2311,Office Chair,Furniture,5.0,40012.01,2853.13,PUNE
104887,29-07-2025,Customer_0069,Bookshelf,Furniture,2.0,12654.42,2149.67,Mumbai
104888,2025/03/16,Customer_2227,Lamp,Home,3.0,4038.33,483.26,Nagpur
104889,04-10-2025,Customer_1341,Office Chair,Furniture,7.0,53837.36,3335.22,aurangabad
104890,13-05-2025,Customer_0555,Lamp,Home,3.0,3418.64,239.16,nashik
104891,2025/12/09,Customer_0228,Headphones,Electronics,3.0,7549.21,1440.33,Kolhapur
104892,28-02-2025,Customer_0951,Desk,Furniture,6.0,65659.16,9480.56,Pune
104893,11-12-2025,Customer_2493,Bedsheet,Home,7.0,11481.15,910.57,PUNE
104894,2025/07/01,Customer_0513,Backpack,Clothing,7.0,9832.33,714.45,Kolhapur
104895,05-12-2025,Customer_2188,Headphones,Electronics,7.0,17958.61,1167.56,MUMBAI
104896,17-11-2025,Customer_1493,Laptop,Electronics,8.0,388086.38,57436.63,MUMBAI
104897,05-03-2025,Customer_1676,Tablet,Electronics,7.0,129455.2,8367.71,Pune
104898,23-11-2025,Customer_1968,Vacuum Cleaner,Home,6.0,39858.51,7738.94,Mumbai
104899,17-09-2025,Customer_1016,T-Shirt,Clothing,5.0,3733.43,302.37,Nashik
104900,12-07-2025,Customer_0670,Lamp,Home,2.0,2466.58,413.3,Nashik
104901,23-05-2025,Customer_1975,Office Chair,Furniture,4.0,25835.08,5085.78,Aurangabad
104902,14-04-2025,Customer_0053,Shoes,Clothing,2.0,5609.4,1099.85,Pune
104903,02-08-2025,Customer_0805,Bedsheet,Home,8.0,15802.41,2831.7,aurangabad
104904,2025/08/30,Customer_1433,Office Chair,Furniture,8.0,62401.78,10519.71,Pune
104905,28-07-2025,Customer_2358,Table,Furniture,2.0,19654.53,3262.65,aurangabad
104906,03-04-2025,Customer_1367,Office Chair,Furniture,,21337.16,2563.74,Kolhapur
104907,22-05-2025,Customer_2113,Monitor,Electronics,4.0,-62670.57,3931.92,NAGPUR
104908,22-04-2025,Customer_0166,Desk,Furniture,8.0,101726.03,21643.68,mumbai
104909,02/28/2025,Customer_1272,Jeans,Clothing,5.0,8494.95,1860.61,Nashik
104910,02/12/2025,Customer_1110,Lamp,Home,1.0,1267.52,83.02,Nagpur
104911,07/26/2025,Customer_2190,Mixer,Home,8.0,30746.88,3245.05,Nagpur
104912,25-09-2025,Customer_0270,Desk,Furniture,6.0,70834.84,7787.21, Pune 
104913,23-10-2025,Customer_0313,Bedsheet,Home,6.0,10050.12,1296.72,Kolhapur
104914,28-04-2025,Customer_2283,Tablet,Electronics,1.0,17345.26,2798.38, Nashik 
104915,20-01-2025,Customer_0682,Tablet,Electronics,4.0,78764.07,8469.83,Kolhapur
104916,10-08-2025,Customer_1441,T-Shirt,Clothing,5.0,3199.41,533.35,Nagpur
104917,15-06-2025,Customer_2479,Bookshelf,Furniture,1.0,6306.58,1287.68,Pune
104918,11-05-2025,Customer_1411,Backpack,Clothing,1.0,1196.7,235.13,Nashik
104919,05-06-2025,Customer_1851,Laptop,Electronics,6.0,332079.22,52936.19,nashik
104920,03-07-2025,Customer_1499,Backpack,Clothing,7.0,8598.63,1111.1,Mumbai
104921,31-03-2025,Customer_2015,Tablet,Electronics,1.0,16527.43,1663.92,Nagpur
104922,04-04-2025,Customer_0047,Laptop,Electronics,5.0,275337.85,52312.25,Kolhapur
104923,13-01-2025,Customer_1307,Office Chair,Furniture,5.0,40242.54,6219.89,Nashik
104924,18-11-2025,Customer_0076,Monitor,Electronics,5.0,70827.78,9092.09, Mumbai 
104925,20-10-2025,Customer_2211,Desk,Furniture,2.0,27403.51,4100.41,PUNE
104926,18-08-2025,Customer_1613,Cabinet,Furniture,7.0,51866.64,5021.44,Mumbai
104927,11/18/2025,Customer_2229,Smartphone,Electronics,6.0,155010.89,22267.69,KOLHAPUR
104928,19-10-2025,Customer_1822,Lamp,Home,1.0,1022.77,197.2,Kolhapur
104929,26-01-2025,Customer_1318,Smartphone,Electronics,7.0,185716.42,30809.0,MUMBAI
104930,16-03-2025,Customer_1158,T-Shirt,Clothing,7.0,4266.11,503.1,Aurangabad
104931,12/30/2025,Customer_0835,Vacuum Cleaner,Home,4.0,29395.98,5820.82, Aurangabad 
104932,26-10-2025,Customer_0542,Bookshelf,Furniture,7.0,39297.84,3345.4, Mumbai 
104933,2025/05/30,Customer_1229,Smartphone,Electronics,8.0,196945.28,23029.37,Nashik
104934,05/28/2025,Customer_1770,Monitor,Electronics,1.0,14765.35,3169.08,Nagpur
104935,2025/01/08,Customer_0175,Monitor,Electronics,8.0,107396.85,7513.04,Kolhapur
104936,29-01-2025,Customer_2456,Office Chair,Furniture,2.0,16789.26,1109.3,Aurangabad
104937,23-10-2025,Customer_0911,Monitor,Electronics,5.0,79508.08,13224.79,Pune
104938,28-07-2025,Customer_1597,Smartphone,Electronics,3.0,84938.01,7809.67,nagpur
104939,08-05-2025,Customer_2201,Laptop,Electronics,6.0,284529.28,39297.36,Nashik
104940,06-12-2025,Customer_1405,Backpack,Clothing,1.0,1379.26,155.91,Mumbai
104941,26-04-2025,Customer_0489,Cookware,Home,3.0,7506.16,1438.28,Pune
104942,24-05-2025,Customer_1863,Mixer,Home,5.0,18348.31,1579.01,Aurangabad
104943,14-11-2025,Customer_1285,Desk,Furniture,1.0,12843.56,2264.6,Mumbai
104944,23-08-2025,Customer_1956,Mixer,Home,8.0,27370.57,5692.14,Nashik
104945,07-01-2025,Customer_1968,Jacket,Clothing,5.0,12601.31,1295.09,aurangabad
104946,14-02-2025,Customer_0806,Monitor,Electronics,3.0,36496.63,6834.8,Pune
104947,27-08-2025,Customer_1600,Mixer,Home,5.0,18139.24,2002.4,Aurangabad
104948,06/04/2025,Customer_0999,Monitor,Electronics,6.0,75528.1,5016.85,Kolhapur
104949,30-06-2025,Customer_1588,Shoes,Clothing,8.0,18000.47,2385.52,Nagpur
104950,03-08-2025,Customer_1017,Table,Furniture,3.0,24952.13,2531.07,Nashik
104951,29-03-2025,Customer_0951,Mixer,Home,6.0,23366.13,3327.85,Pune
104952,13-09-2025,Customer_2190,Table,Furniture,2.0,19237.96,1264.2,Nashik
104953,14-03-2025,Customer_1992,Smartphone,Electronics,6.0,143932.35,19670.82,Kolhapur
104954,28-06-2025,Customer_1591,Mixer,Home,4.0,12682.95,1004.88, Kolhapur 
104955,31-07-2025,Customer_0213,Mixer,Home,6.0,23332.91,4907.12,Nagpur
104956,20-10-2025,Customer_1622,Office Chair,Furniture,7.0,45866.21,5313.28,Mumbai
104957,22-08-2025,Customer_0181,Mixer,Home,6.0,23887.2,1751.07,Mumbai
104958,27-08-2025,Customer_0033,Tablet,Electronics,5.0,93878.32,20235.98,KOLHAPUR
104959,11-08-2025,Customer_2403,Laptop,Electronics,4.0,251562.76,34060.52,Pune
104960,29-04-2025,Customer_0972,Smartphone,Electronics,1.0,22470.62,2074.79,Aurangabad
104961,09-11-2025,Customer_0555,Smartphone,Electronics,6.0,167532.06,34489.71,Pune
104962,2025/09/21,Customer_0820,Jacket,Clothing,3.0,8671.86,1583.38,NAGPUR
104963,26-07-2025,Customer_2448,Backpack,Clothing,8.0,12006.17,1991.72,Nashik
104964,05-04-2025,Customer_1608,Office Chair,Furniture,3.0,24709.12,4192.27,Pune
104965,10-08-2025,Customer_0177,Monitor,Electronics,7.0,98999.67,9693.36,MUMBAI
104966,03-10-2025,Customer_1210,Lamp,Home,8.0,10302.4,1398.55,Aurangabad
104967,19-08-2025,Customer_2419,Jacket,Clothing,5.0,13138.13,2474.06,Mumbai
104968,05-11-2025,Customer_2281,Headphones,Electronics,5.0,13237.68,2779.57,Kolhapur
104969,29-04-2025,Customer_0923,Jacket,Clothing,6.0,15113.83,2476.71,kolhapur
104970,2025/09/25,Customer_2299,Laptop,Electronics,1.0,50779.95,10388.22,Pune
104971,30-09-2025,Customer_2169,Lamp,Home,,6334.92,1045.17,Mumbai
104972,2025/03/05,Customer_1631,Jacket,Clothing,6.0,18267.07,2133.35,Nagpur
104973,25-10-2025,Customer_0612,Desk,Furniture,6.0,81809.38,16044.2,Pune
104974,16-12-2025,Customer_0215,Vacuum Cleaner,Home,8.0,48796.05,2986.64, Nashik 
104975,11-01-2025,Customer_0962,Bedsheet,Home,1.0,1690.19,177.49, Nagpur 
104976,08-04-2025,Customer_1269,Tablet,Electronics,3.0,60317.43,12952.53,Kolhapur
104977,12-03-2025,Customer_0043,Mixer,Home,8.0,24391.7,3302.81,Nashik
104978,30-12-2025,Customer_1664,Cookware,Home,7.0,15623.29,1169.65,Pune
104979,02/27/2025,Customer_0258,Desk,Furniture,6.0,69353.95,7679.78,Nashik
104980,17-10-2025,Customer_1534,T-Shirt,Clothing,2.0,1415.14,234.62, Mumbai 
104981,08-09-2025,Customer_0944,Laptop,Electronics,8.0,466860.03,38226.87,Aurangabad
104982,03-10-2025,Customer_0385,Tablet,Electronics,8.0,157519.34,26552.52,nashik
104983,02/19/2025,Customer_2157,Mixer,Home,6.0,23451.17,3093.06,Nagpur
104984,24-12-2025,Customer_0735,Headphones,Electronics,3.0,8386.25,1664.87,Nashik
104985,04-08-2025,Customer_1005,T-Shirt,Clothing,4.0,2748.26,332.49,Kolhapur
104986,02/21/2025,Customer_2324,Jacket,Clothing,8.0,25308.5,4414.47,Nashik
104987,28-09-2025,Customer_1497,Tablet,Electronics,5.0,101562.62,19044.61,mumbai
104988,25-03-2025,Customer_2391,Headphones,Electronics,8.0,20655.78,1622.23,Pune
104989,2025/10/20,Customer_2346,Shoes,Clothing,2.0,4687.22,1007.82,Aurangabad
104990,06-05-2025,Customer_1781,Monitor,Electronics,7.0,92691.01,6944.48,
104991,23-10-2025,Customer_1760,Shoes,Clothing,4.0,10622.66,1884.89,NASHIK
104992,13-03-2025,Customer_0798,Mixer,Home,4.0,13098.92,1409.8, Nashik 
104993,23-10-2025,Customer_1622,Lamp,Home,8.0,9510.41,603.78,KOLHAPUR
104994,24-08-2025,Customer_0202,Headphones,Electronics,8.0,21735.94,2406.91,Mumbai
104995,02/25/2025,Customer_0364,Table,Furniture,8.0,79641.28,15006.08,
104996,12/26/2025,Customer_0411,Jeans,Clothing,1.0,1677.47,187.84,Kolhapur
104997,20-04-2025,Customer_2472,Desk,Furniture,1.0,12058.74,1581.78,Nashik
104998,11-07-2025,Customer_0889,Bedsheet,Home,4.0,6851.98,1340.95,MUMBAI
104999,2025/04/03,Customer_0872,Cabinet,Furniture,8.0,63683.34,12305.89,Aurangabad
105000,16-12-2025,Customer_1185,Desk,Furniture,7.0,74051.51,6113.99,Nashik
105001,25-02-2025,Customer_1320,Smartphone,Electronics,3.0,85739.71,13207.6,Mumbai
105002,2025/03/01,Customer_1541,Table,Furniture,8.0,72211.02,10377.08,Kolhapur
105003,18-05-2025,Customer_1800,Bookshelf,Furniture,3.0,16462.45,2880.81,NAGPUR
105004,08-02-2025,Customer_0917,Cabinet,Furniture,3.0,21010.42,3187.95,Aurangabad
105005,28-01-2025,Customer_0560,Jeans,Clothing,1.0,1633.97,337.04,Mumbai
105006,18-02-2025,Customer_1030,Office Chair,Furniture,2.0,15117.82,1238.6,Aurangabad
105007,2025/05/05,Customer_0774,Laptop,Electronics,7.0,393403.0,29352.75,Mumbai
105008,13-01-2025,Customer_1202,Cabinet,Furniture,5.0,36445.53,2368.13,Mumbai
105009,05-02-2025,Customer_0290,Bookshelf,Furniture,8.0,48191.43,3543.29,Kolhapur
105010,11-04-2025,Customer_1980,Cabinet,Furniture,1.0,7926.55,1658.8,Nashik
105011,2025/10/09,Customer_1101,T-Shirt,Clothing,6.0,4476.9,324.06,Aurangabad
105012,2025/03/27,Customer_0236,Jeans,Clothing,,10273.34,1723.72,Nagpur
105013,04-01-2025,Customer_0827,Shoes,Clothing,2.0,5592.05,364.98,Kolhapur
105014,11-08-2025,Customer_0016,Office Chair,Furniture,1.0,8203.02,1229.55,Aurangabad
105015,04-12-2025,Customer_0875,Lamp,Home,4.0,4866.37,1037.75,Aurangabad
105016,15-06-2025,Customer_0617,Desk,Furniture,7.0,90240.64,17688.88,Mumbai
105017,10-12-2025,Customer_1913,Bedsheet,Home,8.0,13769.26,2047.46,Mumbai
105018,05-10-2025,Customer_2074,Office Chair,Furniture,7.0,54317.64,6053.89,Aurangabad
105019,10-05-2025,Customer_1224,Tablet,Electronics,7.0,128655.38,12590.84,Aurangabad
105020,31-01-2025,Customer_0015,Mixer,Home,8.0,25004.36,2996.4,Mumbai
105021,11-01-2025,Customer_1551,T-Shirt,Clothing,4.0,3001.0,619.98,PUNE
105022,2025/10/29,Customer_0695,Backpack,Clothing,6.0,8293.44,1350.6,Kolhapur
105023,06-04-2025,Customer_0348,Jeans,Clothing,5.0,7047.29,1442.68,Aurangabad
105024,09-07-2025,Customer_0220,Tablet,Electronics,5.0,91852.31,16979.28,Mumbai
105025,11-07-2025,Customer_1780,Lamp,Home,1.0,1306.0,131.95,Nagpur
105026,09/23/2025,Customer_1754,Backpack,Clothing,3.0,4236.76,905.3,Nagpur
105027,2025/05/08,Customer_2332,Cookware,Home,6.0,11574.95,1959.5, Pune 
105028,26-08-2025,Customer_0164,Cookware,Home,1.0,2505.09,270.78,Mumbai
105029,21-12-2025,Customer_1653,Cookware,Home,6.0,14631.33,3063.58,NASHIK
105030,2025/04/22,Customer_2350,Mixer,Home,5.0,18797.2,1823.56,Nagpur
105031,2025/11/12,Customer_2402,Jacket,Clothing,8.0,21284.48,1399.02,Mumbai
105032,12/09/2025,Customer_2405,Monitor,Electronics,4.0,61568.41,12063.58,Aurangabad
105033,05/25/2025,,Vacuum Cleaner,Home,5.0,33793.93,3933.76,Pune
105034,06-03-2025,Customer_0141,Backpack,Clothing,7.0,8555.82,1544.23,Kolhapur
105035,04-09-2025,Customer_1156,Jacket,Clothing,1.0,2990.28,616.05,kolhapur
105036,11-08-2025,Customer_1788,Desk,Furniture,7.0,89809.41,17296.5,Nashik
105037,09-11-2025,Customer_0912,Desk,Furniture,3.0,38656.31,6220.18,Kolhapur
105038,16-04-2025,Customer_0536,Shoes,Clothing,2.0,4890.45,999.31,Pune
105039,06/30/2025,Customer_0428,Cabinet,Furniture,2.0,16724.65,2069.46,Nashik
105040,03-07-2025,Customer_0934,Backpack,Clothing,6.0,7350.34,782.91,Nashik
105041,14-08-2025,Customer_0748,Laptop,Electronics,2.0,111442.98,11601.4,Aurangabad
105042,22-09-2025,Customer_0564,Bedsheet,Home,3.0,4948.4,714.46,Mumbai
105043,05-10-2025,Customer_0708,Shoes,Clothing,5.0,11261.83,2117.96,Aurangabad
105044,30-03-2025,Customer_1889,Bookshelf,Furniture,7.0,41803.04,6346.46,Aurangabad
105045,25-06-2025,Customer_0528,Mixer,Home,3.0,9389.26,1050.96,MUMBAI
105046,18-01-2025,Customer_0237,Vacuum Cleaner,Home,8.0,50597.4,9578.8,Nashik
105047,16-04-2025,Customer_2139,T-Shirt,Clothing,7.0,5297.13,506.81,
105048,28-09-2025,Customer_1047,Mixer,Home,4.0,14487.95,1433.63,Kolhapur
105049,15-11-2025,Customer_1916,Shoes,Clothing,5.0,14330.93,3043.03,AURANGABAD
105050,16-06-2025,Customer_1330,Shoes,Clothing,1.0,2547.45,437.71,Kolhapur
105051,13-01-2025,Customer_2324,Bedsheet,Home,5.0,9813.86,1720.96,Nagpur
105052,2025/12/03,Customer_0016,Cabinet,Furniture,4.0,33918.36,7237.11, Kolhapur 
105053,01-02-2025,Customer_1618,Cookware,Home,4.0,9054.64,1465.12,Pune
105054,09-02-2025,Customer_2351,Monitor,Electronics,1.0,15466.93,2585.8,Mumbai
105055,28-05-2025,Customer_1642,Mixer,Home,7.0,26212.05,2554.81,Mumbai
105056,08/06/2025,Customer_1322,Laptop,Electronics,7.0,370131.33,30931.21,Nashik
105057,07-08-2025,Customer_1138,Shoes,Clothing,7.0,17530.27,2330.06,Nashik
105058,2025/03/23,Customer_1321,Vacuum Cleaner,Home,7.0,52286.27,8250.43,Nashik
105059,29-11-2025,Customer_0410,Shoes,Clothing,0.0,16289.0,1847.86, Mumbai 
105060,2025/07/27,Customer_1125,Shoes,Clothing,7.0,19240.61,3047.97,Pune
105061,20-07-2025,Customer_2146,Laptop,Electronics,7.0,407752.61,43673.94, Nagpur 
105062,28-11-2025,Customer_2175,Backpack,Clothing,7.0,9943.0,1605.26,Mumbai
105063,2025/02/07,Customer_0293,T-Shirt,Clothing,6.0,4312.26,890.18, Nagpur 
105064,30-07-2025,Customer_1332,Lamp,Home,5.0,6716.89,1446.53,Pune
105065,23-11-2025,Customer_1240,Desk,Furniture,5.0,63013.7,13579.85,Nashik
105066,09/06/2025,Customer_1213,Monitor,Electronics,8.0,123171.26,12727.67,Pune
105067,15-08-2025,Customer_2168,Desk,Furniture,4.0,46955.07,4608.3,Nagpur
105068,17-02-2025,Customer_1304,Mixer,Home,4.0,11917.63,1073.63,nagpur
105069,18-01-2025,Customer_0082,Laptop,Electronics,8.0,374536.0,65609.03,Mumbai
105070,22-10-2025,Customer_1222,Cookware,Home,1.0,2150.85,236.62,Nashik
105071,15-07-2025,Customer_0249,Desk,Furniture,7.0,90595.37,17502.83,Mumbai
105072,07/06/2025,Customer_2215,Headphones,Electronics,1.0,2856.47,464.81,Kolhapur
105073,11-12-2025,Customer_0284,Office Chair,Furniture,5.0,37067.2,4034.48,Mumbai
105074,2025/08/12,Customer_2392,Backpack,Clothing,1.0,1283.37,120.72,NAGPUR
105075,14-11-2025,Customer_2443,Monitor,Electronics,8.0,108948.76,23825.55,Nagpur
105076,31-12-2025,Customer_1379,Cookware,Home,5.0,9352.82,856.28,Mumbai
105077,03-12-2025,Customer_1486,T-Shirt,Clothing,4.0,2538.25,443.53, Nagpur 
105078,17-08-2025,,Backpack,Clothing,1.0,1338.04,178.18,Nashik
105079,18-03-2025,Customer_1450,Tablet,Electronics,4.0,64410.28,8038.37,Nagpur
105080,07-07-2025,Customer_2348,Lamp,Home,1.0,1057.15,153.59,Nashik
105081,2025/12/12,Customer_0078,Cookware,Home,5.0,9673.2,1803.87,nashik
105082,27-09-2025,Customer_0005,Smartphone,Electronics,7.0,178496.59,31385.92,Mumbai
105083,05-04-2025,Customer_0182,Jacket,Clothing,3.0,8194.66,991.87,Mumbai
105084,06-11-2025,Customer_1361,Headphones,Electronics,3.0,6595.97,948.61,Kolhapur
105085,05/12/2025,Customer_1920,Backpack,Clothing,1.0,1406.09,189.68,Mumbai
105086,08-02-2025,Customer_0932,Jeans,Clothing,1.0,1715.45,331.43,Pune
105087,13-03-2025,Customer_1171,Bedsheet,Home,8.0,15483.41,1285.41,KOLHAPUR
105088,08-10-2025,Customer_2498,Bedsheet,Home,6.0,11195.47,815.61,Nashik
105089,29-11-2025,Customer_2104,Headphones,Electronics,2.0,5291.93,640.82,Nagpur
105090,09-06-2025,Customer_0826,Backpack,Clothing,3.0,3736.95,739.65,Pune
105091,06-07-2025,Customer_2130,Cabinet,Furniture,6.0,49641.72,5795.97,Nagpur
105092,10-07-2025,Customer_0652,T-Shirt,Clothing,7.0,4210.17,614.56,Mumbai
105093,30-04-2025,Customer_0128,Desk,Furniture,7.0,94665.29,14712.95,aurangabad
105094,08-08-2025,Customer_1147,Backpack,Clothing,7.0,11186.65,915.43,Mumbai
105095,22-02-2025,Customer_1199,Bedsheet,Home,8.0,14695.08,2758.27,Kolhapur
105096,10-08-2025,Customer_0789,Office Chair,Furniture,8.0,60459.73,4508.52,Aurangabad
105097,11-05-2025,Customer_0745,Tablet,Electronics,7.0,129133.09,20387.28,Kolhapur
105098,25-08-2025,Customer_0378,Office Chair,Furniture,6.0,48087.57,8742.03,Kolhapur
105099,03-09-2025,Customer_1208,Tablet,Electronics,3.0,58386.52,9700.98,Mumbai
105100,14-08-2025,Customer_2307,Lamp,Home,6.0,6586.15,821.15,
105101,27-07-2025,Customer_1722,Vacuum Cleaner,Home,1.0,7038.45,1496.01,Mumbai
105102,06-04-2025,Customer_0592,Desk,Furniture,8.0,83873.67,12219.21,Mumbai
105103,19-07-2025,Customer_2059,Mixer,Home,8.0,26425.19,2538.48,Kolhapur
105104,04-09-2025,Customer_0934,Smartphone,Electronics,3.0,75130.74,11793.59,Nagpur
105105,13-03-2025,Customer_1296,Laptop,Electronics,7.0,328378.69,60695.24,Nashik
105106,11/14/2025,Customer_1909,Mixer,Home,5.0,19179.38,4113.63,Nagpur
105107,04-07-2025,Customer_1824,Jacket,Clothing,2.0,5063.48,785.49,NAGPUR
105108,2025/01/06,Customer_0830,Lamp,Home,6.0,7041.51,799.72,kolhapur
105109,25-07-2025,Customer_1854,Monitor,Electronics,1.0,14275.66,2643.59,Aurangabad
105110,01-02-2025,Customer_1445,Table,Furniture,2.0,15424.49,3317.87,Kolhapur
105111,09-04-2025,Customer_2468,Headphones,Electronics,8.0,21859.29,3938.71,pune
105112,13-09-2025,Customer_0687,Jacket,Clothing,7.0,21131.08,2583.27,Nagpur
105113,06-07-2025,Customer_2255,Cabinet,Furniture,5.0,43019.45,5243.35,Kolhapur
105114,17-03-2025,Customer_2151,Bedsheet,Home,4.0,8061.21,712.25,Pune
105115,26-06-2025,Customer_1633,Office Chair,Furniture,8.0,56262.25,8338.85,PUNE
105116,11-11-2025,Customer_0446,Desk,Furniture,7.0,79444.12,10159.15,Mumbai
105117,14-10-2025,Customer_1367,Monitor,Electronics,1.0,13968.18,2751.96,Aurangabad
105118,15-12-2025,Customer_0634,Monitor,Electronics,2.0,28194.81,3326.81,Kolhapur
105119,12-09-2025,Customer_0109,Mixer,Home,3.0,9705.37,1216.94,Aurangabad
105120,11/21/2025,Customer_1590,Mixer,Home,7.0,24615.66,4415.52,AURANGABAD
105121,09-07-2025,Customer_1863,Laptop,Electronics,1.0,48747.3,4653.29,Kolhapur
105122,2025/11/04,Customer_0602,Desk,Furniture,8.0,92534.04,10887.9,Kolhapur
105123,11-12-2025,Customer_0918,Table,Furniture,4.0,34830.88,6512.1,Nashik
105124,07-05-2025,Customer_0190,Lamp,Home,8.0,9093.56,1275.86,Mumbai
105125,14-10-2025,Customer_2011,T-Shirt,Clothing,7.0,5082.14,493.72, Nashik 
105126,11-09-2025,Customer_2125,Vacuum Cleaner,Home,7.0,48485.19,7153.4,Aurangabad
105127,01-08-2025,Customer_1452,Desk,Furniture,6.0,,13430.8,Aurangabad
105128,07-09-2025,Customer_1812,Mixer,Home,8.0,25845.36,5202.88,Mumbai
105129,25-03-2025,Customer_0411,Smartphone,Electronics,4.0,101831.46,16035.19,Nashik
105130,13-01-2025,Customer_1304,Jacket,Clothing,1.0,3115.05,594.39,Nagpur
105131,14-02-2025,Customer_0384,Headphones,Electronics,3.0,7728.51,1395.07,kolhapur
105132,05/07/2025,Customer_2116,Vacuum Cleaner,Home,4.0,25479.89,3760.33,Nashik
105133,24-04-2025,Customer_1275,Jacket,Clothing,1.0,2432.14,180.9,Nashik
105134,03-10-2025,Customer_1276,Office Chair,Furniture,2.0,16482.41,1146.31,Pune
105135,24-07-2025,Customer_0420,Shoes,Clothing,1.0,2252.05,421.88,Mumbai
105136,12/03/2025,Customer_0813,Bookshelf,Furniture,1.0,5102.06,536.66,Nagpur
105137,30-09-2025,Customer_1612,Mixer,Home,6.0,21529.44,3342.92, Kolhapur 
105138,27-02-2025,Customer_1845,Laptop,Electronics,8.0,476584.18,67173.68,kolhapur
105139,24-11-2025,Customer_0583,Vacuum Cleaner,Home,1.0,-6518.33,1147.55, Mumbai 
105140,07-08-2025,Customer_1747,Jacket,Clothing,6.0,16793.07,2642.53,KOLHAPUR
105141,19-04-2025,Customer_1938,Jacket,Clothing,7.0,21938.91,2725.52,kolhapur
105142,06-10-2025,Customer_1734,T-Shirt,Clothing,4.0,2703.51,163.75,AURANGABAD
105143,06/23/2025,Customer_0272,Lamp,Home,1.0,1240.83,80.36,Nagpur
105144,24-11-2025,Customer_1966,Desk,Furniture,6.0,72089.61,13601.68,Mumbai
105145,21-09-2025,Customer_0488,Vacuum Cleaner,Home,4.0,26389.38,2721.85,nashik
105146,11-11-2025,Customer_0657,Lamp,Home,8.0,10424.17,1075.3,kolhapur
105147,21-04-2025,Customer_0428,Table,Furniture,4.0,38516.74,6071.83,Kolhapur
105148,2025/07/06,Customer_0155,Vacuum Cleaner,Home,4.0,23425.97,4798.14,Mumbai
105149,26-09-2025,Customer_1247,Headphones,Electronics,6.0,13652.9,2980.89,Aurangabad
105150,17-08-2025,Customer_0718,Desk,Furniture,4.0,40905.27,4178.77,Nashik
105151,05-06-2025,Customer_0283,Tablet,Electronics,6.0,98275.47,6116.56,Kolhapur
105152,2025/07/08,Customer_2389,Jacket,Clothing,4.0,11980.76,2048.09, Nagpur 
105153,29-09-2025,Customer_0850,Mixer,Home,8.0,30455.75,3078.22,Nashik
105154,02-01-2025,Customer_1043,Shoes,Clothing,8.0,,3253.9,Nagpur
105155,03-09-2025,Customer_2345,Office Chair,Furniture,6.0,44186.87,7581.24,Nashik
105156,29-07-2025,Customer_1097,T-Shirt,Clothing,8.0,5825.08,456.36,Aurangabad
105157,13-10-2025,Customer_1811,Tablet,Electronics,2.0,39035.27,6843.2,Pune
105158,25-12-2025,Customer_0679,T-Shirt,Clothing,3.0,2198.18,186.44,Pune
105159,13-01-2025,Customer_1175,Tablet,Electronics,2.0,33494.36,4116.74,PUNE
105160,04/06/2025,Customer_1965,Bookshelf,Furniture,5.0,28019.37,2702.46,Nagpur
105161,09-08-2025,Customer_2304,Monitor,Electronics,5.0,76412.51,12387.78,Mumbai
105162,26-08-2025,Customer_0106,Bedsheet,Home,5.0,9176.77,882.37,Aurangabad
105163,04-04-2025,Customer_2196,Cabinet,Furniture,3.0,27010.15,2446.83,Nagpur
105164,04-12-2025,Customer_0118,Jeans,Clothing,4.0,6966.31,1495.44,Mumbai
105165,26-09-2025,Customer_2356,Lamp,Home,1.0,1281.75,280.52,Aurangabad
105166,20-06-2025,Customer_2285,Cookware,Home,2.0,4599.39,435.99,Mumbai
105167,2025/04/04,Customer_1883,Bedsheet,Home,8.0,13120.5,1468.58,pune
105168,05/29/2025,Customer_1784,Bedsheet,Home,7.0,10736.95,1815.32,Pune
105169,22-04-2025,Customer_1615,Smartphone,Electronics,6.0,139590.05,26582.04, Mumbai 
105170,02/24/2025,Customer_0551,Jeans,Clothing,1.0,1532.4,209.62,Mumbai
105171,03-12-2025,Customer_2411,Desk,Furniture,5.0,68382.4,6752.59, Kolhapur 
105172,26-04-2025,Customer_1793,Laptop,Electronics,4.0,234602.77,42420.6,Nagpur
105173,05/23/2025,Customer_1467,Table,Furniture,8.0,65973.56,9246.82,KOLHAPUR
105174,20-07-2025,Customer_1853,Laptop,Electronics,8.0,420226.65,77113.69,Kolhapur
105175,29-06-2025,Customer_1247,Headphones,Electronics,3.0,7775.59,1058.7,Nashik
105176,21-07-2025,Customer_1204,Mixer,Home,5.0,18966.66,1851.62,Pune
105177,30-12-2025,Customer_1436,Desk,Furniture,4.0,51652.16,10250.88,Pune
105178,22-02-2025,Customer_1477,Lamp,Home,7.0,9354.13,1734.14,Nagpur
105179,29-06-2025,Customer_0216,Jeans,Clothing,7.0,10890.93,2364.3,Pune
105180,09-11-2025,Customer_0526,Cookware,Home,8.0,16964.25,2751.26,Nagpur
105181,04-11-2025,Customer_1563,Office Chair,Furniture,6.0,40424.5,8766.94,Kolhapur
105182,17-05-2025,Customer_0749,Jacket,Clothing,3.0,8914.04,1609.35,Nagpur
105183,01-07-2025,Customer_0380,Bedsheet,Home,5.0,7827.6,1425.77,nashik
105184,01-01-2025,Customer_2243,Laptop,Electronics,4.0,238131.75,39883.17,nashik
105185,13-02-2025,Customer_1407,Smartphone,Electronics,6.0,140635.93,19457.04,Pune
105186,15-08-2025,Customer_1048,Bookshelf,Furniture,5.0,26493.91,3588.7,Kolhapur
105187,27-11-2025,Customer_0740,Bedsheet,Home,3.0,4984.99,577.54,Kolhapur
105188,08-04-2025,Customer_1232,Cabinet,Furniture,1.0,7190.24,696.08,Nagpur
105189,27-07-2025,Customer_1036,Desk,Furniture,,20951.29,4340.78,Nashik
105190,22-09-2025,Customer_1532,Shoes,Clothing,2.0,5045.62,623.03,Aurangabad
105191,15-10-2025,Customer_0610,Lamp,Home,4.0,4850.44,778.63,nashik
105192,28-09-2025,Customer_2410,Laptop,Electronics,5.0,309805.0,27445.9,nagpur
105193,20-05-2025,Customer_0876,Vacuum Cleaner,Home,6.0,36607.96,7911.94, Pune 
105194,25-08-2025,Customer_0058,Office Chair,Furniture,5.0,36050.92,2293.19,Kolhapur
105195,13-03-2025,Customer_1806,Jacket,Clothing,4.0,10016.08,643.17,Nagpur
105196,04-06-2025,Customer_2105,Bedsheet,Home,2.0,4129.12,431.99,Mumbai
105197,07/09/2025,Customer_2057,Monitor,Electronics,6.0,94673.28,20765.81,pune
105198,25-09-2025,Customer_0997,Laptop,Electronics,8.0,453179.04,29597.76,Pune
105199,17-11-2025,Customer_1330,Jeans,Clothing,2.0,2798.33,383.52,Pune
105200,2025/04/17,Customer_1775,Headphones,Electronics,4.0,9718.52,1525.69,Nagpur
105201,20-08-2025,Customer_0061,Cookware,Home,2.0,4319.28,904.68,NAGPUR
105202,02/11/2025,Customer_0399,Monitor,Electronics,,113167.25,19351.17,PUNE
105203,09-07-2025,Customer_1734,Vacuum Cleaner,Home,6.0,43638.88,3643.82,Nashik
105204,19-05-2025,Customer_0217,Bookshelf,Furniture,8.0,44108.18,3403.87,Nagpur
105205,13-04-2025,Customer_2369,Smartphone,Electronics,7.0,156081.02,22165.6,Aurangabad
105206,20-06-2025,Customer_1525,Desk,Furniture,2.0,22712.49,2900.56,Nashik
105207,17-12-2025,Customer_1656,Desk,Furniture,1.0,13736.96,1168.64,Pune
105208,2025/09/30,Customer_0223,Smartphone,Electronics,4.0,101224.36,7674.77,Mumbai
105209,2025/08/09,Customer_0078,Lamp,Home,6.0,6807.95,983.1,Aurangabad
105210,01-08-2025,Customer_1181,Jeans,Clothing,3.0,5443.15,667.31,Aurangabad
105211,07-12-2025,Customer_0629,Laptop,Electronics,5.0,239104.8,29196.09,Pune
105212,25-02-2025,Customer_0151,Bedsheet,Home,8.0,12869.6,1245.76,pune
105213,08-12-2025,Customer_1310,T-Shirt,Clothing,5.0,3624.0,256.53,Aurangabad
105214,12-04-2025,Customer_1646,Office Chair,Furniture,2.0,14841.26,2337.7,NAGPUR
105215,11-07-2025,Customer_0528,Desk,Furniture,3.0,35156.07,2216.95,Mumbai
105216,11/06/2025,Customer_0130,Bookshelf,Furniture,1.0,6873.93,816.2,Nashik
105217,19-07-2025,Customer_0755,Cabinet,Furniture,3.0,26005.76,2915.33,Aurangabad
105218,21-08-2025,Customer_1548,Office Chair,Furniture,6.0,44662.73,5455.74,Mumbai
105219,15-08-2025,Customer_0310,Laptop,Electronics,1.0,52401.9,3327.32,Pune
105220,19-05-2025,Customer_0857,Bookshelf,Furniture,5.0,28740.19,5814.67,mumbai
105221,10-12-2025,Customer_0714,Smartphone,Electronics,4.0,105711.8,8802.37,Nashik
105222,01-11-2025,Customer_0479,Cabinet,Furniture,7.0,57531.4,11664.89,MUMBAI
105223,29-05-2025,Customer_1375,Desk,Furniture,5.0,63600.61,5329.06,Nagpur
105224,25-04-2025,Customer_0888,Jacket,Clothing,3.0,9326.94,1009.61, Nashik 
105225,04-03-2025,Customer_1223,Cabinet,Furniture,7.0,55228.48,7963.0,Nashik
105226,14-04-2025,Customer_0710,Bedsheet,Home,1.0,1989.27,415.87,Nashik
105227,2025/12/05,Customer_1097,Bedsheet,Home,4.0,8128.05,498.03,mumbai
105228,25-12-2025,Customer_1014,Monitor,Electronics,6.0,94631.59,6501.37, Nagpur 
105229,05-06-2025,Customer_1134,Bedsheet,Home,4.0,6694.07,953.22,Aurangabad
105230,30-09-2025,Customer_0951,Jeans,Clothing,8.0,12722.91,1994.36,Nashik
105231,06-01-2025,Customer_0728,Mixer,Home,6.0,20870.51,4372.37,Nagpur
105232,27-05-2025,Customer_2305,Lamp,Home,6.0,6639.59,689.48,Pune
105233,03-07-2025,Customer_0646,Shoes,Clothing,7.0,19708.87,1424.52,NASHIK
105234,01/28/2025,Customer_1707,Cabinet,Furniture,1.0,8262.95,1397.08, Nagpur 
105235,07-02-2025,Customer_1937,T-Shirt,Clothing,5.0,3505.82,599.77,Nashik
105236,29-04-2025,Customer_2383,Desk,Furniture,7.0,75753.42,14879.57,Aurangabad
105237,20-10-2025,Customer_1809,Jeans,Clothing,5.0,7136.06,885.8,Nashik
105238,01-09-2025,Customer_0956,Bedsheet,Home,6.0,9423.83,1387.51,Nashik
105239,09-03-2025,Customer_0522,Cabinet,Furniture,7.0,58851.73,12393.91, Aurangabad 
105240,2025/08/02,Customer_1187,Jeans,Clothing,3.0,5144.64,754.08,mumbai
105241,06-08-2025,Customer_1220,Bedsheet,Home,3.0,6100.84,833.07,Pune
105242,26-06-2025,Customer_0642,Shoes,Clothing,2.0,5091.81,791.14,Aurangabad
105243,2025/10/26,Customer_2241,Bedsheet,Home,4.0,7005.56,1360.18,Mumbai
105244,13-06-2025,Customer_1174,Jacket,Clothing,4.0,10142.19,1508.9,Nagpur
105245,27-02-2025,Customer_1010,Backpack,Clothing,7.0,10453.37,2139.14,aurangabad
105246,26-09-2025,Customer_1611,Tablet,Electronics,2.0,40146.32,5676.63,Aurangabad
105247,04-11-2025,Customer_2418,Bookshelf,Furniture,8.0,50061.52,6161.47,Aurangabad
105248,2025/02/27,Customer_1701,Cabinet,Furniture,2.0,15847.25,3248.73,Pune
105249,2025/10/15,Customer_0416,Jeans,Clothing,2.0,3613.48,734.5,Nagpur
105250,15-04-2025,Customer_0120,Table,Furniture,2.0,16047.2,3145.47,Mumbai
105251,16-08-2025,Customer_1942,Tablet,Electronics,4.0,81684.66,9622.45,Mumbai
105252,04-09-2025,Customer_0681,Mixer,Home,8.0,28156.63,5199.27,Pune
105253,07-07-2025,Customer_1975,Headphones,Electronics,7.0,17825.91,3903.11,Kolhapur
105254,24-03-2025,Customer_1584,Monitor,Electronics,3.0,41441.99,7220.47,Aurangabad
105255,07/05/2025,Customer_0483,Backpack,Clothing,4.0,6091.55,847.07,Mumbai
105256,09-09-2025,Customer_0805,Headphones,Electronics,7.0,19374.16,2855.46,Kolhapur
105257,21-12-2025,Customer_0754,Shoes,Clothing,7.0,17036.17,1316.07,Nashik
105258,26-08-2025,Customer_1592,Jeans,Clothing,3.0,4646.52,824.43,Aurangabad
105259,26-12-2025,Customer_0841,Jacket,Clothing,7.0,22077.16,2213.65,Mumbai
105260,03-07-2025,Customer_2397,Tablet,Electronics,3.0,51654.82,4371.74,Kolhapur
105261,11-10-2025,Customer_1620,T-Shirt,Clothing,4.0,2960.21,632.39,Kolhapur
105262,2025/07/29,Customer_0450,Backpack,Clothing,2.0,2918.4,463.24, Mumbai 
105263,31-10-2025,Customer_2324,Bedsheet,Home,5.0,9144.42,678.09,Nagpur
105264,23-10-2025,Customer_1850,Monitor,Electronics,7.0,104747.41,16374.95,
105265,04/07/2025,Customer_0895,Tablet,Electronics,4.0,75487.9,15385.17,nashik
105266,27-07-2025,Customer_0135,Cabinet,Furniture,2.0,17363.01,3211.23,Pune
105267,17-05-2025,Customer_1434,Mixer,Home,3.0,11845.63,2586.96,KOLHAPUR
105268,03-07-2025,Customer_1012,Laptop,Electronics,7.0,394388.16,30533.95,KOLHAPUR
105269,2025/03/17,Customer_0334,Backpack,Clothing,1.0,1382.83,257.23,Mumbai
105270,14-10-2025,Customer_1114,Desk,Furniture,5.0,51499.06,3558.69, Mumbai 
105271,05/22/2025,Customer_0841,Bedsheet,Home,-1.0,12530.12,2217.4,aurangabad
105272,25-08-2025,Customer_1153,Backpack,Clothing,2.0,2800.98,333.38,Pune
105273,01/25/2025,Customer_0292,T-Shirt,Clothing,1.0,617.18,109.34,nagpur
105274,17-10-2025,Customer_0155,Vacuum Cleaner,Home,4.0,24603.95,2520.72,Pune
105275,08-03-2025,Customer_0425,Backpack,Clothing,2.0,2927.95,437.56,nagpur
105276,07-09-2025,Customer_0103,Headphones,Electronics,2.0,4793.62,779.62, Pune 
105277,28-04-2025,Customer_0617,Jeans,Clothing,1.0,1490.19,278.92,Kolhapur
105278,03/14/2025,Customer_1656,Bedsheet,Home,2.0,3307.66,282.52,Kolhapur
105279,09-10-2025,Customer_1010,Laptop,Electronics,1.0,59660.25,10336.9,nashik
105280,26-12-2025,Customer_1057,Office Chair,Furniture,4.0,27143.75,2133.48, Kolhapur 
105281,2025/01/10,Customer_0639,Jacket,Clothing,5.0,15421.28,2841.46,Pune
105282,07/30/2025,Customer_0306,Bookshelf,Furniture,4.0,22756.25,3761.87,Nagpur
105283,19-11-2025,Customer_1990,Tablet,Electronics,2.0,31940.93,4507.75,Kolhapur
105284,01-06-2025,Customer_0241,Smartphone,Electronics,7.0,149733.34,18365.74,Pune
105285,05-01-2025,Customer_0354,Shoes,Clothing,2.0,4362.26,593.37,Nagpur
105286,14-07-2025,Customer_0401,Smartphone,Electronics,3.0,73237.84,9601.6,Kolhapur
105287,10-10-2025,Customer_1243,T-Shirt,Clothing,3.0,1813.56,213.74,Nagpur
105288,23-04-2025,Customer_1186,Smartphone,Electronics,2.0,53847.26,6409.24,Pune
105289,28-09-2025,Customer_1226,Smartphone,Electronics,8.0,212910.32,25361.15, Nashik 
105290,2025/06/12,Customer_2489,Table,Furniture,2.0,17585.49,2641.74,Mumbai
105291,15-04-2025,Customer_2011,Bedsheet,Home,6.0,12260.21,949.16,Nagpur
105292,30-06-2025,Customer_2479,Shoes,Clothing,4.0,8598.74,1352.35,PUNE
105293,13-02-2025,Customer_0154,Cabinet,Furniture,2.0,18155.67,3964.39, Aurangabad 
105294,09-10-2025,Customer_1553,Lamp,Home,2.0,2388.6,322.21,pune
105295,24-06-2025,Customer_0622,Jeans,Clothing,,6678.33,994.41,Pune
105296,2025/06/11,Customer_0312,Jacket,Clothing,1.0,2912.63,582.06,Aurangabad
105297,17-12-2025,,Office Chair,Furniture,6.0,48325.13,6741.37,Nashik
105298,2025/12/06,Customer_0760,Tablet,Electronics,7.0,124558.48,20220.36,Nagpur
105299,20-05-2025,Customer_1411,Tablet,Electronics,5.0,88804.07,11832.67,Nashik
105300,12-05-2025,Customer_2036,Bookshelf,Furniture,3.0,15388.05,1351.84,Aurangabad
105301,28-03-2025,Customer_0570,T-Shirt,Clothing,1.0,697.59,133.67, Aurangabad 
105302,25-06-2025,Customer_0267,Jacket,Clothing,8.0,20913.05,3003.59,Aurangabad
105303,2025/07/02,Customer_2133,Vacuum Cleaner,Home,5.0,30988.38,2378.94,Kolhapur
105304,09-05-2025,Customer_2477,Shoes,Clothing,7.0,19906.07,3916.48,Nashik
105305,03-09-2025,Customer_1513,Office Chair,Furniture,1.0,6551.61,1147.62,Pune
105306,30-03-2025,Customer_1425,Shoes,Clothing,8.0,19085.48,4183.08,Aurangabad
105307,07-03-2025,Customer_1492,Cookware,Home,6.0,12417.5,1219.38,Kolhapur
105308,07-06-2025,Customer_1837,Jeans,Clothing,3.0,4897.76,948.31,Aurangabad
105309,05/29/2025,Customer_1597,Tablet,Electronics,3.0,49018.81,8504.98,Nagpur
105310,06-12-2025,Customer_1504,Bookshelf,Furniture,7.0,36473.72,7551.14,Pune
105311,26-04-2025,Customer_1952,Shoes,Clothing,1.0,2185.81,450.88,Pune
105312,02-08-2025,Customer_1125,Laptop,Electronics,5.0,274241.6,36116.13,Pune
105313,21-10-2025,Customer_2086,Office Chair,Furniture,7.0,59954.59,13097.77,aurangabad
105314,2025/09/10,Customer_0166,Cookware,Home,5.0,11495.59,923.55,Aurangabad
105315,23-05-2025,Customer_0015,Mixer,Home,1.0,3506.48,507.27,aurangabad
105316,09/07/2025,Customer_1114,Bedsheet,Home,1.0,1807.8,273.19,PUNE
105317,29-10-2025,Customer_0032,Cookware,Home,3.0,5647.07,981.44,Nagpur
105318,25-01-2025,Customer_2055,Cookware,Home,4.0,9360.72,734.58,aurangabad
105319,04-10-2025,Customer_0661,Laptop,Electronics,6.0,336953.7,50859.05,Mumbai
105320,11-03-2025,Customer_0742,Desk,Furniture,3.0,37970.46,2797.04,Mumbai
105321,23-04-2025,Customer_2196,Bookshelf,Furniture,1.0,6227.71,653.41,Nashik
105322,29-12-2025,Customer_2155,Lamp,Home,3.0,3607.56,662.82,MUMBAI
105323,2025/04/22,Customer_0131,Backpack,Clothing,5.0,7431.86,587.3,Pune
105324,30-12-2025,Customer_2271,T-Shirt,Clothing,1.0,719.15,154.66,Nashik
105325,30-10-2025,Customer_0935,Vacuum Cleaner,Home,2.0,11661.4,2291.06,Nashik
105326,01-04-2025,Customer_1422,Laptop,Electronics,4.0,233368.17,42902.53,AURANGABAD
105327,18-01-2025,Customer_1306,Headphones,Electronics,4.0,9345.87,991.24,nagpur
105328,2025/05/29,Customer_0032,Desk,Furniture,3.0,40385.01,4748.19,Nagpur
105329,15-08-2025,Customer_2005,T-Shirt,Clothing,6.0,3649.4,569.65,Kolhapur
105330,02-08-2025,Customer_2148,Monitor,Electronics,8.0,99393.87,18631.92,Mumbai
105331,26-12-2025,Customer_0299,Smartphone,Electronics,1.0,26063.1,5211.48,Pune
105332,05/31/2025,Customer_1350,T-Shirt,Clothing,,3799.08,296.09,Mumbai
105333,11-07-2025,Customer_0518,T-Shirt,Clothing,6.0,4050.15,744.94,Kolhapur
105334,09-02-2025,Customer_1924,Headphones,Electronics,5.0,12190.03,2627.91, Kolhapur 
105335,30-08-2025,Customer_0528,Bedsheet,Home,5.0,9636.5,602.09,KOLHAPUR
105336,18-05-2025,Customer_2089,Smartphone,Electronics,2.0,55699.79,4240.36,Aurangabad
105337,11-12-2025,Customer_0910,Office Chair,Furniture,7.0,46838.25,8314.67,Nashik
105338,06/29/2025,Customer_0932,Vacuum Cleaner,Home,1.0,7211.69,1051.58,Nagpur
105339,2025/07/19,Customer_0909,Smartphone,Electronics,2.0,46835.75,5442.8,aurangabad
105340,22-07-2025,Customer_1649,Lamp,Home,4.0,4573.76,513.49,Kolhapur
105341,2025/03/02,Customer_2264,Headphones,Electronics,6.0,13843.09,2179.16, Nashik 
105342,11-07-2025,Customer_2427,Shoes,Clothing,6.0,16801.82,1833.64, Kolhapur 
105343,05-01-2025,Customer_0765,T-Shirt,Clothing,5.0,3171.03,615.73,Kolhapur
105344,25-08-2025,Customer_2321,Tablet,Electronics,7.0,135139.41,28235.21,Aurangabad
105345,2025/06/30,Customer_0628,Headphones,Electronics,6.0,13494.84,1121.15,Kolhapur
105346,07-11-2025,Customer_0274,Mixer,Home,7.0,24804.51,3926.79,Aurangabad
105347,06-02-2025,Customer_1722,Tablet,Electronics,6.0,107357.62,16730.04,Nagpur
105348,25-02-2025,Customer_1120,Desk,Furniture,8.0,86794.94,11868.18,Nashik
105349,25-08-2025,Customer_1635,Mixer,Home,2.0,7331.99,947.54,Nashik
105350,24-12-2025,Customer_0382,Table,Furniture,7.0,66391.55,8776.34,Mumbai
105351,2025/12/15,Customer_1225,Vacuum Cleaner,Home,2.0,12351.04,1341.04,kolhapur
105352,16-07-2025,Customer_0901,Smartphone,Electronics,6.0,145990.59,9298.77,Aurangabad
105353,2025/03/14,Customer_0797,Monitor,Electronics,5.0,73539.03,14356.06,Nagpur
105354,28-02-2025,Customer_1630,Vacuum Cleaner,Home,3.0,18649.57,1256.33,Nashik
105355,28-08-2025,Customer_2044,Jacket,Clothing,8.0,25671.13,2623.38,Mumbai
105356,02-01-2025,Customer_0755,T-Shirt,Clothing,5.0,3107.95,370.34,MUMBAI
105357,12/26/2025,Customer_0871,Bookshelf,Furniture,3.0,19288.21,2064.35,nashik
105358,2025/07/07,Customer_0328,Laptop,Electronics,5.0,281163.01,35564.2,Nagpur
105359,03-11-2025,Customer_1356,Bookshelf,Furniture,2.0,10623.95,1198.87,NASHIK
105360,2025/01/30,Customer_1342,Table,Furniture,2.0,19214.3,3034.33,Kolhapur
105361,24-09-2025,Customer_1155,Jacket,Clothing,8.0,19844.91,1709.27,Kolhapur
105362,18-04-2025,Customer_2044,Tablet,Electronics,3.0,56279.88,10701.42,Kolhapur
105363,28-11-2025,Customer_1137,Mixer,Home,3.0,10025.84,1556.51,Mumbai
105364,31-03-2025,Customer_0980,Shoes,Clothing,1.0,2252.98,247.42,MUMBAI
105365,2025/07/24,Customer_2457,Desk,Furniture,6.0,61637.84,11275.05,Nashik
105366,08-08-2025,Customer_0339,Jeans,Clothing,4.0,6209.94,1183.49,nashik
105367,04-04-2025,Customer_0928,Cabinet,Furniture,7.0,59500.67,11459.77,Pune
105368,13-04-2025,Customer_2479,T-Shirt,Clothing,3.0,1964.96,176.1,NAGPUR
105369,11-08-2025,Customer_1813,Cookware,Home,2.0,5022.92,877.87,Mumbai
105370,05-07-2025,Customer_0643,Tablet,Electronics,5.0,99019.14,6149.22,Kolhapur
105371,03-07-2025,Customer_1238,Desk,Furniture,1.0,11476.06,2052.5, Pune 
105372,11-06-2025,Customer_0489,Bedsheet,Home,3.0,4716.33,711.1,Nashik
105373,04-09-2025,Customer_1664,Cabinet,Furniture,3.0,23489.32,1475.57,Nagpur
105374,31-01-2025,Customer_1623,Table,Furniture,1.0,8287.13,874.85,Mumbai
105375,21-02-2025,Customer_0883,Bookshelf,Furniture,1.0,5301.35,853.76,Pune
105376,11-12-2025,Customer_2049,Cabinet,Furniture,3.0,22145.26,2312.39,Pune
105377,2025/03/17,Customer_0032,Backpack,Clothing,6.0,9403.56,1267.03,Mumbai
105378,05-10-2025,Customer_0391,Office Chair,Furniture,7.0,50801.02,8931.8,Aurangabad
105379,09-02-2025,Customer_0998,Laptop,Electronics,4.0,247034.51,15811.64, Mumbai 
105380,11-04-2025,Customer_2005,Backpack,Clothing,4.0,5513.04,869.54,Kolhapur
105381,21-04-2025,Customer_0009,Mixer,Home,1.0,3309.49,607.57,Pune
105382,17-11-2025,Customer_1763,Smartphone,Electronics,6.0,171216.47,36117.84,Pune
105383,06-09-2025,Customer_1395,Cookware,Home,3.0,6136.65,590.43,Nagpur
105384,10-07-2025,Customer_2106,Shoes,Clothing,2.0,5686.24,758.43,Aurangabad
105385,01-07-2025,Customer_0011,Jacket,Clothing,5.0,12774.85,2211.58,aurangabad
105386,01-12-2025,Customer_0930,Vacuum Cleaner,Home,3.0,18238.86,1874.22,Pune
105387,28-07-2025,Customer_0560,Jacket,Clothing,4.0,12474.28,1072.75,Aurangabad
105388,2025/01/22,Customer_1920,Office Chair,Furniture,7.0,45639.19,4704.02,Nagpur
105389,15-06-2025,Customer_1544,Headphones,Electronics,6.0,15481.25,1233.76, Nashik 
105390,2025/04/09,Customer_1819,Lamp,Home,4.0,4759.1,763.24,pune
105391,27-07-2025,Customer_1445,Monitor,Electronics,5.0,77323.48,7483.3,Mumbai
105392,2025/01/08,Customer_2044,Laptop,Electronics,8.0,481889.71,47025.21, Nagpur 
105393,2025/07/09,Customer_0240,Bedsheet,Home,6.0,11372.72,1466.03,Nashik
105394,24-06-2025,Customer_0275,Table,Furniture,7.0,55717.48,9710.56,Mumbai
105395,30-09-2025,Customer_2269,Monitor,Electronics,3.0,38443.81,3393.04,Pune
105396,17-01-2025,Customer_1667,Shoes,Clothing,1.0,2393.74,393.83,Aurangabad
105397,31-03-2025,Customer_0639,Monitor,Electronics,1.0,12882.79,1151.54,Mumbai
105398,21-05-2025,Customer_1601,Office Chair,Furniture,2.0,12794.79,1733.22,Nagpur
105399,25-05-2025,Customer_1958,Mixer,Home,7.0,23975.54,2335.67, Aurangabad 
105400,15-06-2025,Customer_1008,Cookware,Home,6.0,11432.46,1471.14,Mumbai
105401,2025/12/03,Customer_0505,Desk,Furniture,8.0,104300.31,18194.68,Kolhapur
105402,2025/03/19,Customer_0294,Backpack,Clothing,3.0,4654.6,286.41,Mumbai
105403,19-09-2025,Customer_2100,Vacuum Cleaner,Home,5.0,37047.59,4246.62,nashik
105404,12-06-2025,Customer_0344,Cookware,Home,8.0,20189.3,2027.39,Pune
105405,14-01-2025,Customer_0789,Jeans,Clothing,5.0,7931.69,925.06,Pune
105406,27-08-2025,Customer_1858,Laptop,Electronics,4.0,210480.21,40994.21,Nashik
105407,13-03-2025,Customer_0997,Cabinet,Furniture,3.0,25774.22,5637.96,Aurangabad
105408,23-05-2025,Customer_1064,Smartphone,Electronics,3.0,77554.08,10401.64,Nagpur
105409,06-11-2025,Customer_1557,Backpack,Clothing,7.0,8594.82,1886.13,kolhapur
105410,10-10-2025,Customer_2193,Desk,Furniture,8.0,97484.08,16774.71,Aurangabad
105411,26-09-2025,Customer_2269,T-Shirt,Clothing,8.0,5443.33,803.62,Mumbai
105412,29-08-2025,Customer_2336,Bedsheet,Home,6.0,12233.95,1059.79,Pune
105413,02-09-2025,Customer_0169,Jeans,Clothing,3.0,4501.02,379.57,Pune
105414,12-06-2025,Customer_1589,Headphones,Electronics,1.0,2719.16,190.14,Nashik
105415,01-03-2025,Customer_1200,Table,Furniture,7.0,55092.84,5936.75,Mumbai
105416,06-01-2025,Customer_1511,Bedsheet,Home,4.0,7230.65,903.86,Pune
105417,07/16/2025,Customer_1146,Table,Furniture,3.0,23313.01,4970.3,Nashik
105418,27-02-2025,Customer_2003,Jeans,Clothing,4.0,7269.51,761.1,Nashik
105419,01-11-2025,Customer_1923,Lamp,Home,7.0,8983.44,1370.62,Nagpur
105420,05-08-2025,Customer_2095,Backpack,Clothing,8.0,10317.92,1051.89, Nashik 
105421,26-01-2025,Customer_1142,Cookware,Home,3.0,6582.48,836.49,Kolhapur
105422,30-10-2025,Customer_0089,Jacket,Clothing,2.0,5249.27,993.17,Nashik
105423,05-01-2025,Customer_0024,Cookware,Home,6.0,13126.59,2162.94,Nagpur
105424,20-01-2025,Customer_1340,Cabinet,Furniture,7.0,50779.79,7381.41,Nagpur
105425,2025/07/17,Customer_0223,T-Shirt,Clothing,3.0,1985.32,286.34,Nagpur
105426,28-02-2025,Customer_2017,Table,Furniture,7.0,68307.61,12502.08,Mumbai
105427,30-08-2025,Customer_1806,Bookshelf,Furniture,1.0,5737.6,981.61,kolhapur
105428,2025/05/26,Customer_0568,Bookshelf,Furniture,5.0,33971.61,5439.1,Pune
105429,30-09-2025,Customer_1234,Cabinet,Furniture,2.0,14312.37,2415.26,Nagpur
105430,2025/09/06,Customer_0604,T-Shirt,Clothing,3.0,1851.09,369.36,Mumbai
105431,2025/01/14,Customer_2254,Shoes,Clothing,8.0,20099.96,2444.61,Aurangabad
105432,13-01-2025,Customer_2019,Headphones,Electronics,6.0,13006.53,1572.82,Aurangabad
105433,13-02-2025,Customer_0477,Cookware,Home,6.0,14796.7,937.48, Kolhapur 
105434,19-01-2025,Customer_0100,T-Shirt,Clothing,8.0,5557.41,1161.42,Mumbai
105435,04-03-2025,Customer_0384,Cabinet,Furniture,3.0,23242.86,2986.9,nashik
105436,27-08-2025,Customer_0996,Vacuum Cleaner,Home,3.0,19959.58,2675.98, Mumbai 
105437,03-12-2025,Customer_2325,Cookware,Home,1.0,1981.28,124.76,aurangabad
105438,10-04-2025,Customer_1617,Jacket,Clothing,2.0,5784.48,1199.29, Nagpur 
105439,12-06-2025,Customer_1620,Bedsheet,Home,1.0,1587.44,148.83,Mumbai
105440,2025/05/02,Customer_2131,Cookware,Home,3.0,6343.05,1201.37,Nagpur
105441,13-02-2025,Customer_0276,Office Chair,Furniture,2.0,13961.67,2808.09,Mumbai
105442,26-12-2025,Customer_2122,Office Chair,Furniture,1.0,6498.66,1368.31,Nashik
105443,13-11-2025,Customer_1037,Jeans,Clothing,7.0,11404.11,1886.29,Kolhapur
105444,25-05-2025,Customer_1733,Desk,Furniture,4.0,46094.73,8533.01,Nagpur
105445,23-11-2025,Customer_2213,Mixer,Home,3.0,9449.68,640.93,Kolhapur
105446,29-12-2025,Customer_0848,Bedsheet,Home,2.0,3487.16,685.55,NAGPUR
105447,19-02-2025,Customer_2485,Headphones,Electronics,5.0,13455.98,1920.77,Nashik
105448,06-03-2025,Customer_0099,Vacuum Cleaner,Home,3.0,19922.01,1609.36,KOLHAPUR
105449,21-12-2025,Customer_2328,Shoes,Clothing,5.0,13777.56,2561.43,AURANGABAD
105450,15-10-2025,Customer_0597,Laptop,Electronics,4.0,230327.05,30999.85,Nashik
105451,13-06-2025,Customer_1533,T-Shirt,Clothing,4.0,3190.15,640.09,Pune
105452,21-05-2025,Customer_1360,Laptop,Electronics,2.0,114766.21,13713.2,Nashik
105453,2025/11/10,Customer_1414,Mixer,Home,,28991.39,4408.74,KOLHAPUR
105454,08-05-2025,Customer_0888,Monitor,Electronics,1.0,13555.82,1478.5, Kolhapur 
105455,08/27/2025,Customer_0280,Headphones,Electronics,5.0,12151.29,1844.88,Pune
105456,20-11-2025,Customer_0992,T-Shirt,Clothing,5.0,3424.54,349.89,Pune
105457,23-10-2025,Customer_2085,Shoes,Clothing,7.0,18870.06,2736.81,
105458,07/06/2025,,Smartphone,Electronics,6.0,130545.38,15525.85,Kolhapur
105459,27-07-2025,Customer_1956,Headphones,Electronics,4.0,11154.74,2017.2,Nashik
105460,08-08-2025,Customer_2072,Lamp,Home,6.0,6818.21,1432.57,Pune
105461,09-07-2025,Customer_0423,Office Chair,Furniture,1.0,6547.36,1399.81,Nagpur
105462,12-12-2025,Customer_1833,Shoes,Clothing,5.0,11546.39,709.58,Pune
105463,11-10-2025,Customer_0148,Bedsheet,Home,5.0,,1035.93, Pune 
105464,18-12-2025,Customer_0421,Smartphone,Electronics,8.0,202345.34,37936.44,Nagpur
105465,2025/08/25,Customer_1786,Table,Furniture,2.0,19849.13,2465.2,Pune
105466,13-07-2025,Customer_1738,Headphones,Electronics,7.0,17131.69,1434.07,Kolhapur
105467,14-10-2025,Customer_2330,Mixer,Home,2.0,6049.85,983.67,KOLHAPUR
105468,16-09-2025,Customer_1460,Bedsheet,Home,8.0,12518.37,2220.92,KOLHAPUR
105469,2025/09/03,Customer_1696,Desk,Furniture,3.0,36422.17,3342.58,Pune
105470,16-05-2025,Customer_0116,Mixer,Home,6.0,21248.99,1897.1,Nashik
105471,07-10-2025,Customer_1047,Bookshelf,Furniture,4.0,23558.91,4427.42,NASHIK
105472,2025/09/28,Customer_1729,Monitor,Electronics,6.0,83040.37,6958.11,nashik
105473,20-06-2025,Customer_1012,Cookware,Home,6.0,14086.36,1266.12,Nashik
105474,2025/06/08,Customer_1157,Desk,Furniture,3.0,38576.34,5273.25,Mumbai
105475,20-07-2025,Customer_0387,Bedsheet,Home,3.0,5325.06,1044.93,Nagpur
105476,14-02-2025,Customer_0273,Lamp,Home,1.0,1275.1,83.22, Aurangabad 
105477,21-09-2025,Customer_1743,Backpack,Clothing,5.0,6571.97,1310.1,NAGPUR
105478,12-03-2025,Customer_0018,Vacuum Cleaner,Home,4.0,22242.94,3275.06,Mumbai
105479,30-12-2025,Customer_0838,Smartphone,Electronics,6.0,160252.16,25559.73,mumbai
105480,2025/04/13,Customer_1574,Cookware,Home,8.0,18975.61,3341.81,Nagpur
105481,05-05-2025,Customer_0286,Bookshelf,Furniture,6.0,38073.93,7289.12,Aurangabad
105482,09-11-2025,Customer_1311,T-Shirt,Clothing,3.0,2191.79,272.63,MUMBAI
105483,2025/10/13,Customer_0437,Jacket,Clothing,7.0,19434.83,3394.8,mumbai
105484,18-08-2025,Customer_0781,Monitor,Electronics,8.0,124643.88,12907.5,PUNE
105485,05/26/2025,Customer_1871,Cookware,Home,1.0,2095.77,437.84,Mumbai
105486,16-07-2025,Customer_1922,Table,Furniture,8.0,73695.85,6531.95, Nagpur 
105487,09-08-2025,Customer_0575,Laptop,Electronics,5.0,288504.85,63044.64,Nashik
105488,01-03-2025,Customer_0813,Table,Furniture,7.0,69113.27,12393.29,Pune
105489,08-04-2025,Customer_0340,Laptop,Electronics,8.0,401462.16,80365.64,Mumbai
105490,20-06-2025,Customer_1142,Laptop,Electronics,3.0,166276.55,33635.48,Mumbai
105491,2025/06/22,Customer_2003,Bookshelf,Furniture,5.0,28468.45,1990.75,Mumbai
105492,05/31/2025,Customer_1832,Headphones,Electronics,8.0,19855.86,2048.61, Nagpur 
105493,16-12-2025,Customer_0493,Monitor,Electronics,7.0,104327.74,22236.11,Aurangabad
105494,05/02/2025,Customer_1495,Mixer,Home,7.0,25903.66,5230.19,Aurangabad
105495,18-04-2025,Customer_1650,Lamp,Home,7.0,8281.62,1519.37,NAGPUR
105496,04-01-2025,Customer_2488,Lamp,Home,1.0,1323.5,229.94,Kolhapur
105497,03-04-2025,Customer_0798,Vacuum Cleaner,Home,4.0,26060.66,4173.32,Nashik
105498,2025/01/06,Customer_1502,T-Shirt,Clothing,1.0,742.11,74.58,Mumbai
105499,15-10-2025,Customer_1556,Bookshelf,Furniture,3.0,19671.73,4171.43,Aurangabad
105500,2025/04/16,Customer_0821,Jeans,Clothing,8.0,12666.52,2180.8,Aurangabad
105501,26-05-2025,Customer_2374,Desk,Furniture,2.0,25706.59,4266.26,Pune
105502,2025/09/28,Customer_1879,Jeans,Clothing,1.0,1622.62,326.25,Pune
105503,06-04-2025,Customer_0997,Jacket,Clothing,8.0,22056.79,1539.04,Nagpur
105504,2025/08/17,,Laptop,Electronics,6.0,364111.08,61111.31,Aurangabad
105505,21-07-2025,Customer_0153,Laptop,Electronics,6.0,364576.6,29956.38,Aurangabad
105506,31-07-2025,Customer_1626,Laptop,Electronics,2.0,94514.85,19800.85,Aurangabad
105507,06-01-2025,Customer_0126,Table,Furniture,1.0,8048.87,1525.62,Kolhapur
105508,22-04-2025,Customer_1429,Smartphone,Electronics,7.0,191968.52,33285.97,Kolhapur
105509,19-11-2025,Customer_1378,Bookshelf,Furniture,8.0,42690.18,7120.03,kolhapur
105510,16-04-2025,Customer_0904,Vacuum Cleaner,Home,4.0,29034.88,3718.93,Nashik
105511,19-05-2025,Customer_1468,Backpack,Clothing,4.0,5454.71,713.79,Nagpur
105512,26-10-2025,Customer_0442,Monitor,Electronics,3.0,36736.63,7447.4,Nashik
105513,06-04-2025,Customer_1033,Bedsheet,Home,2.0,3998.72,878.38,Nagpur
105514,03-12-2025,Customer_1587,Cabinet,Furniture,7.0,57431.08,10348.54, Nashik 
105515,24-10-2025,Customer_0851,Desk,Furniture,1.0,10929.62,1823.11,Pune
105516,02-08-2025,Customer_1734,Cookware,Home,7.0,16091.77,3285.83,Nashik
105517,18-10-2025,Customer_1272,Cabinet,Furniture,3.0,26381.71,5544.24,NAGPUR
105518,22-01-2025,Customer_2041,Jacket,Clothing,3.0,9329.46,1856.48,Aurangabad
105519,12-07-2025,Customer_0162,Bookshelf,Furniture,1.0,5214.7,1018.71,PUNE
105520,30-05-2025,Customer_0204,Office Chair,Furniture,7.0,54192.78,6550.34,Pune
105521,04-09-2025,Customer_1310,Shoes,Clothing,1.0,2167.39,365.05,Pune
105522,09/24/2025,Customer_1147,Monitor,Electronics,6.0,79670.68,10743.13,Mumbai
105523,08-09-2025,Customer_1642,Table,Furniture,2.0,18981.33,3907.95,Aurangabad
105524,03-01-2025,Customer_0961,Office Chair,Furniture,4.0,32928.93,4349.77, Nashik 
105525,12-11-2025,Customer_2451,Cookware,Home,7.0,14881.56,1463.82,Aurangabad
105526,17-03-2025,Customer_0239,Office Chair,Furniture,2.0,14425.92,1121.87,Pune
105527,28-03-2025,Customer_2156,Monitor,Electronics,1.0,15978.64,2425.99,KOLHAPUR
105528,27-09-2025,Customer_2135,Office Chair,Furniture,8.0,53300.51,6206.79,Pune
105529,13-08-2025,Customer_0711,Headphones,Electronics,1.0,2535.28,368.28,Kolhapur
105530,18-01-2025,Customer_0265,Bookshelf,Furniture,5.0,25819.53,5477.21,Nashik
105531,23-04-2025,Customer_0943,Cabinet,Furniture,1.0,7460.9,466.97, Pune 
105532,08-09-2025,Customer_1709,Jeans,Clothing,8.0,11173.54,1707.67,Nagpur
105533,21-08-2025,Customer_1614,Smartphone,Electronics,7.0,155983.74,10400.37,Mumbai
105534,25-11-2025,Customer_0575,Monitor,Electronics,2.0,26988.86,4308.55,Mumbai
105535,06-10-2025,Customer_1429,Vacuum Cleaner,Home,2.0,11486.18,1265.0,Kolhapur
105536,21-07-2025,Customer_1876,Shoes,Clothing,5.0,12191.6,1042.55,Pune
105537,2025/03/24,Customer_0362,Jeans,Clothing,2.0,3205.83,236.06,Pune
105538,05/05/2025,Customer_1002,Backpack,Clothing,4.0,4838.15,692.7,Pune
105539,24-06-2025,Customer_2477,Bedsheet,Home,4.0,6655.46,500.89,Nagpur
105540,10-03-2025,Customer_2285,Jeans,Clothing,2.0,3126.96,645.47,Kolhapur
105541,16-02-2025,Customer_1730,Headphones,Electronics,3.0,8004.43,1524.83,Kolhapur
105542,13-09-2025,Customer_1459,Table,Furniture,7.0,70029.17,15099.72,Aurangabad
105543,03-08-2025,Customer_1990,Laptop,Electronics,7.0,415404.98,65362.01,Nagpur
105544,30-01-2025,Customer_1961,Mixer,Home,8.0,26869.58,2393.08,nagpur
105545,2025/10/08,Customer_1676,Cabinet,Furniture,4.0,33791.93,7406.92,Mumbai
105546,25-08-2025,Customer_0101,Vacuum Cleaner,Home,6.0,38618.1,6788.62,Pune
105547,05-09-2025,Customer_1645,Cookware,Home,8.0,17574.09,2268.98,Mumbai
105548,25-01-2025,Customer_1771,Desk,Furniture,7.0,81739.7,11504.04,Nagpur
105549,15-03-2025,Customer_2335,Vacuum Cleaner,Home,1.0,6240.45,1122.06,Aurangabad
105550,25-07-2025,Customer_0351,Table,Furniture,7.0,70073.74,14103.16,Nagpur
105551,10-11-2025,Customer_2255,Jeans,Clothing,3.0,4407.89,896.32,AURANGABAD
105552,04-04-2025,Customer_2379,Tablet,Electronics,5.0,85721.88,9385.62,Kolhapur
105553,05/07/2025,Customer_0556,Bookshelf,Furniture,2.0,12816.32,1393.79,Nashik
105554,25-01-2025,Customer_1968,Backpack,Clothing,8.0,9697.97,1161.61,nagpur
105555,30-11-2025,Customer_2471,Table,Furniture,6.0,57587.74,6467.87,Nagpur
105556,21-12-2025,Customer_2249,Lamp,Home,1.0,1246.64,206.47,MUMBAI
105557,26-04-2025,Customer_1299,Backpack,Clothing,1.0,1498.17,304.94,Pune
105558,17-02-2025,Customer_1806,Headphones,Electronics,2.0,4898.85,424.38,PUNE
105559,14-08-2025,Customer_2259,Lamp,Home,8.0,9078.51,1172.46,Kolhapur
105560,2025/09/23,Customer_0570,Cabinet,Furniture,2.0,17026.68,1057.35,Kolhapur
105561,09-04-2025,Customer_0381,Shoes,Clothing,6.0,14171.03,2618.45,KOLHAPUR
105562,11-01-2025,Customer_1264,Mixer,Home,2.0,7358.8,1303.08,Kolhapur
105563,26-03-2025,Customer_1479,Mixer,Home,1.0,3827.4,709.29,Pune
105564,02-08-2025,Customer_1073,Monitor,Electronics,3.0,44295.51,5773.74,Nashik
105565,22-06-2025,Customer_2299,Cabinet,Furniture,8.0,73285.09,11069.84,Nagpur
105566,28-07-2025,Customer_0955,Shoes,Clothing,1.0,2277.08,243.31,Aurangabad
105567,05-03-2025,Customer_0074,Smartphone,Electronics,4.0,105806.87,22003.42,Pune
105568,15-09-2025,Customer_0055,Smartphone,Electronics,6.0,135542.41,9918.38,Pune
105569,28-11-2025,Customer_1128,Mixer,Home,8.0,31204.86,6442.07,Mumbai
105570,01-05-2025,Customer_0612,Tablet,Electronics,6.0,100754.69,12127.41,Mumbai
105571,25-10-2025,Customer_1672,Desk,Furniture,4.0,50306.71,5674.03, Kolhapur 
105572,23-02-2025,Customer_1575,Office Chair,Furniture,1.0,8348.61,644.62,MUMBAI
105573,27-11-2025,Customer_0802,Laptop,Electronics,8.0,379013.65,35383.88,Pune
105574,29-09-2025,Customer_1577,Bookshelf,Furniture,3.0,16844.87,1315.05,Aurangabad
105575,29-08-2025,Customer_2352,Cookware,Home,5.0,9566.78,1730.6,Nagpur
105576,31-08-2025,Customer_1181,Jeans,Clothing,8.0,11510.82,2373.85,Pune
105577,2025/01/18,Customer_1135,Shoes,Clothing,2.0,4802.0,803.36,Nashik
105578,06-07-2025,Customer_1672,Vacuum Cleaner,Home,6.0,35787.2,3523.31,AURANGABAD
105579,2025/12/12,Customer_1559,Lamp,Home,1.0,1226.9,183.67,Kolhapur
105580,2025/05/24,Customer_1245,Cookware,Home,6.0,14264.17,2585.38,Nashik
105581,19-09-2025,Customer_1353,Jeans,Clothing,5.0,8409.65,1108.9,Aurangabad
105582,30-12-2025,Customer_1758,Headphones,Electronics,7.0,19550.86,3120.56,KOLHAPUR
105583,27-08-2025,Customer_1097,Lamp,Home,4.0,5505.89,1052.17,Kolhapur
105584,31-10-2025,Customer_1447,Bookshelf,Furniture,4.0,20719.03,2305.93,Aurangabad
105585,10/25/2025,Customer_2026,Cookware,Home,7.0,15732.07,2759.96,Mumbai
105586,2025/03/17,Customer_2121,Bedsheet,Home,5.0,9135.91,1697.28,Nashik
105587,2025/07/07,Customer_1888,Desk,Furniture,0.0,11217.56,1003.14,Nagpur
105588,29-11-2025,Customer_0019,Backpack,Clothing,8.0,9701.16,1471.96,Kolhapur
105589,03-09-2025,Customer_1674,Jeans,Clothing,3.0,5071.58,568.95,Kolhapur
105590,10-05-2025,Customer_0999,Bookshelf,Furniture,5.0,31022.26,2120.22,Aurangabad
105591,11-11-2025,Customer_2194,Vacuum Cleaner,Home,6.0,34311.73,5911.25,Pune
105592,10-10-2025,Customer_1308,T-Shirt,Clothing,-1.0,3361.47,562.76, Pune 
105593,20-03-2025,Customer_2180,T-Shirt,Clothing,3.0,2308.98,453.53,Nashik
105594,13-03-2025,Customer_0034,Bedsheet,Home,3.0,4868.91,670.96, Pune 
105595,20-09-2025,Customer_0706,Cookware,Home,5.0,11771.96,2164.12,kolhapur
105596,10-07-2025,Customer_1915,Cabinet,Furniture,1.0,8683.22,837.99,Nagpur
105597,04-03-2025,Customer_2418,Table,Furniture,3.0,24509.53,3784.32,Nashik
105598,12-01-2025,Customer_0990,Jacket,Clothing,1.0,3002.51,333.47,Kolhapur
105599,21-05-2025,Customer_0565,Laptop,Electronics,7.0,339343.45,59276.32,Nashik
105600,11-09-2025,Customer_0158,T-Shirt,Clothing,6.0,3947.62,341.94,AURANGABAD
105601,12-02-2025,Customer_1407,Office Chair,Furniture,5.0,33536.89,3701.99,Pune
105602,17-01-2025,Customer_1277,Cabinet,Furniture,2.0,16444.85,1929.71,Mumbai
105603,04-03-2025,Customer_0571,Jeans,Clothing,2.0,2739.84,206.87,Nagpur
105604,10-09-2025,Customer_2014,Jeans,Clothing,4.0,5997.77,992.95,Kolhapur
105605,19-10-2025,Customer_0412,Jeans,Clothing,2.0,2814.57,421.36,Pune
105606,08-01-2025,Customer_2360,Desk,Furniture,6.0,63789.53,5987.19,Pune
105607,21-11-2025,Customer_1467,Jeans,Clothing,7.0,10098.55,714.54,Mumbai
105608,31-03-2025,Customer_2259,Lamp,Home,3.0,3785.04,507.74,Nagpur
105609,27-07-2025,Customer_0455,Cookware,Home,6.0,14510.97,1100.26,aurangabad
105610,19-10-2025,Customer_2032,Monitor,Electronics,6.0,75047.27,8182.65,Mumbai
105611,11-10-2025,Customer_1428,Cabinet,Furniture,6.0,51828.47,5645.23,Nashik
105612,28-04-2025,Customer_1767,T-Shirt,Clothing,5.0,3403.84,368.49,Pune
105613,15-12-2025,Customer_1328,Monitor,Electronics,4.0,48947.77,10294.17,Pune
105614,2025/06/24,Customer_1410,Tablet,Electronics,5.0,91310.55,16988.63, Nashik 
105615,2025/03/17,Customer_0129,Jeans,Clothing,8.0,13408.09,1907.71,Nagpur
105616,11-04-2025,Customer_2228,Table,Furniture,3.0,23676.39,3855.4,Pune
105617,31-05-2025,Customer_1014,Bedsheet,Home,4.0,6455.6,815.35,Nagpur
105618,27-09-2025,Customer_0576,Shoes,Clothing,2.0,5193.67,961.64,Pune
105619,12-03-2025,Customer_1734,Shoes,Clothing,6.0,15832.7,2651.11,Aurangabad
105620,2025/06/29,Customer_0416,Table,Furniture,5.0,40262.07,4645.46,Mumbai
105621,04-05-2025,Customer_2154,Mixer,Home,5.0,15100.29,2644.31,Pune
105622,20-10-2025,Customer_0058,Bedsheet,Home,3.0,6133.19,627.17,Kolhapur
105623,12-10-2025,Customer_0344,Tablet,Electronics,4.0,63094.25,8586.57,Kolhapur
105624,14-07-2025,Customer_0963,Cookware,Home,1.0,2435.42,361.21,Kolhapur
105625,16-08-2025,Customer_2024,T-Shirt,Clothing,7.0,4233.76,914.0,Pune
105626,02-10-2025,Customer_1352,Jacket,Clothing,1.0,3076.07,249.33, Aurangabad 
105627,16-04-2025,Customer_1806,Desk,Furniture,7.0,94629.3,12501.49,MUMBAI
105628,21-01-2025,Customer_1149,Smartphone,Electronics,4.0,96156.94,12862.77,Mumbai
105629,05-03-2025,Customer_0371,Headphones,Electronics,6.0,16505.57,2731.95, Aurangabad 
105630,2025/06/14,Customer_0595,Jeans,Clothing,1.0,1388.44,296.04,nashik
105631,2025/01/27,Customer_1501,Table,Furniture,5.0,40245.09,7215.58, Pune 
105632,2025/11/07,Customer_0973,Cabinet,Furniture,3.0,24980.18,2248.33,PUNE
105633,12-10-2025,Customer_1931,Bookshelf,Furniture,3.0,16221.95,3232.26, Nashik 
105634,05/28/2025,Customer_1912,Shoes,Clothing,7.0,17078.4,2813.36,Mumbai
105635,2025/10/08,Customer_1200,Laptop,Electronics,6.0,330403.03,58275.35,
105636,2025/11/22,Customer_0795,Headphones,Electronics,5.0,12422.16,1316.51,Pune
105637,15-11-2025,Customer_1786,Bookshelf,Furniture,4.0,23016.36,4544.64,Kolhapur
105638,13-06-2025,Customer_0157,Jeans,Clothing,2.0,3169.31,298.4,Aurangabad
105639,12-08-2025,Customer_1982,Cabinet,Furniture,8.0,,13561.4,Pune
105640,2025/09/29,Customer_1672,Headphones,Electronics,1.0,2166.75,476.32,Mumbai
105641,26-05-2025,Customer_1597,Tablet,Electronics,3.0,57157.81,4895.15,nashik
105642,22-12-2025,Customer_0663,Tablet,Electronics,4.0,66322.82,11327.36,Kolhapur
105643,30-01-2025,Customer_0342,Tablet,Electronics,3.0,58532.13,5750.53,aurangabad
105644,14-02-2025,Customer_0937,Monitor,Electronics,8.0,103834.15,11332.39,Kolhapur
105645,02-10-2025,Customer_2432,Desk,Furniture,2.0,24705.73,2161.52,Kolhapur
105646,03-02-2025,Customer_1320,Table,Furniture,2.0,15862.91,2674.78,nagpur
105647,21-05-2025,Customer_1983,Table,Furniture,7.0,68274.95,9568.65, Pune 
105648,14-11-2025,Customer_2314,Headphones,Electronics,3.0,7193.62,928.89,kolhapur
105649,09-08-2025,Customer_1811,Bedsheet,Home,1.0,1739.74,371.6,Aurangabad
105650,22-12-2025,Customer_1529,Jacket,Clothing,2.0,6050.39,564.46,mumbai
105651,22-01-2025,Customer_1302,Headphones,Electronics,5.0,12065.71,1774.17,Pune
105652,29-06-2025,Customer_0537,Smartphone,Electronics,1.0,25847.39,3487.06,Aurangabad
105653,25-11-2025,Customer_2296,Vacuum Cleaner,Home,4.0,28418.99,5195.47,nagpur
105654,2025/08/19,Customer_1419,Smartphone,Electronics,5.0,125193.42,24626.64,Pune
105655,02/07/2025,Customer_2061,Cabinet,Furniture,6.0,51615.69,9526.87,NAGPUR
105656,11-03-2025,,Bedsheet,Home,1.0,2046.46,210.04, Aurangabad 
105657,2025/04/26,Customer_2477,Headphones,Electronics,1.0,2325.74,470.34,AURANGABAD
105658,27-08-2025,Customer_1882,Bookshelf,Furniture,7.0,45430.05,9460.69,AURANGABAD
105659,01-12-2025,Customer_2198,Jacket,Clothing,2.0,4866.06,780.72,Aurangabad
105660,28-05-2025,Customer_2219,Desk,Furniture,7.0,75044.63,10553.04,KOLHAPUR
105661,09-01-2025,Customer_0998,Laptop,Electronics,2.0,98639.65,7939.76,Kolhapur
105662,15-10-2025,Customer_0294,Table,Furniture,3.0,23048.56,3707.09,PUNE
105663,19-02-2025,Customer_1002,T-Shirt,Clothing,4.0,2681.58,206.03,Nashik
105664,04-12-2025,Customer_2235,Mixer,Home,2.0,6627.96,576.84, Nashik 
105665,05-01-2025,Customer_0404,Desk,Furniture,1.0,13590.1,1511.23,mumbai
105666,09-12-2025,Customer_0712,Bookshelf,Furniture,4.0,22804.47,4432.67,Pune
105667,06-05-2025,Customer_2143,Office Chair,Furniture,7.0,54827.15,9519.5,Pune
105668,16-03-2025,Customer_0038,Cookware,Home,7.0,16028.33,3388.25,Mumbai
105669,14-06-2025,Customer_1559,Tablet,Electronics,4.0,65671.22,14332.5,kolhapur
105670,05-10-2025,Customer_1992,Tablet,Electronics,5.0,98935.82,15259.43,nagpur
105671,20-11-2025,,Cookware,Home,1.0,2307.17,377.94,Pune
105672,27-10-2025,Customer_1053,Jeans,Clothing,2.0,2776.06,263.4,Aurangabad
105673,2025/10/17,,Laptop,Electronics,8.0,500914.16,72882.16,Nagpur
105674,18-03-2025,Customer_1102,Tablet,Electronics,4.0,69372.44,12620.66,Kolhapur
105675,25-10-2025,Customer_0427,T-Shirt,Clothing,6.0,4230.89,262.76,Mumbai
105676,17-05-2025,Customer_2168,Table,Furniture,1.0,9637.84,1707.39,Nashik
105677,16-04-2025,Customer_1085,Laptop,Electronics,2.0,98949.91,21082.82, Aurangabad 
105678,05-04-2025,Customer_1489,Jacket,Clothing,5.0,12840.41,1710.86,Nagpur
105679,15-05-2025,Customer_1410,Cookware,Home,7.0,13620.08,2131.89,NASHIK
105680,09-03-2025,Customer_1858,Mixer,Home,3.0,10107.67,1177.62,Nagpur
105681,2025/05/27,Customer_1799,Mixer,Home,4.0,15373.3,945.92,Nagpur
105682,08-06-2025,Customer_0580,Monitor,Electronics,7.0,106759.64,16166.8, Nagpur 
105683,2025/06/12,Customer_1642,Cabinet,Furniture,6.0,54999.82,8487.07,Pune
105684,07-12-2025,Customer_1805,Table,Furniture,7.0,54596.67,3718.21, Kolhapur 
105685,08-07-2025,Customer_1489,Office Chair,Furniture,6.0,50172.57,9763.29,Nagpur
105686,2025/12/05,Customer_0802,Table,Furniture,2.0,17167.81,2727.71,KOLHAPUR
105687,2025/04/05,Customer_0680,Lamp,Home,1.0,1196.25,256.89,Aurangabad
105688,30-06-2025,Customer_1560,Desk,Furniture,5.0,68099.3,14805.76,Pune
105689,15-10-2025,Customer_1562,Jacket,Clothing,7.0,21754.72,4471.21,Mumbai
105690,18-11-2025,Customer_0895,Bedsheet,Home,4.0,6589.32,1271.48,Pune
105691,06-07-2025,Customer_1873,T-Shirt,Clothing,2.0,1487.72,318.44,nagpur
105692,18-05-2025,Customer_0419,Headphones,Electronics,3.0,7660.34,564.01, Nashik 
105693,10-05-2025,Customer_0462,Bookshelf,Furniture,4.0,24701.27,4195.58,Kolhapur
105694,13-07-2025,Customer_0849,Vacuum Cleaner,Home,7.0,41682.38,5129.36,Nagpur
105695,12-11-2025,Customer_1026,Shoes,Clothing,1.0,2573.88,308.5, Nagpur 
105696,30-09-2025,Customer_2430,Shoes,Clothing,7.0,16843.48,1369.27,Kolhapur
105697,12/18/2025,Customer_1546,Mixer,Home,4.0,15851.14,2854.46, Kolhapur 
105698,24-05-2025,Customer_1140,Office Chair,Furniture,1.0,6377.8,1163.94,Kolhapur
105699,16-01-2025,Customer_1645,Table,Furniture,4.0,38589.79,2375.47,Aurangabad
105700,29-10-2025,Customer_2362,Office Chair,Furniture,6.0,43239.66,6792.07,Mumbai
105701,02-09-2025,Customer_0687,Cabinet,Furniture,2.0,15773.2,2909.81,Nagpur
105702,17-04-2025,Customer_2451,Tablet,Electronics,6.0,105584.85,8934.39,mumbai
105703,29-03-2025,Customer_1083,T-Shirt,Clothing,1.0,800.05,78.99, Pune 
105704,09-05-2025,Customer_0336,Cookware,Home,2.0,4687.35,388.61,KOLHAPUR
105705,07-12-2025,Customer_2104,Cookware,Home,3.0,6261.44,818.52, Mumbai 
105706,04-01-2025,Customer_2125,Shoes,Clothing,2.0,4538.35,599.03, Mumbai 
105707,23-11-2025,Customer_1829,Laptop,Electronics,2.0,98686.37,14747.79,Aurangabad
105708,2025/11/02,Customer_1371,Mixer,Home,8.0,29375.19,2055.95,Aurangabad
105709,05-04-2025,Customer_2362,Vacuum Cleaner,Home,5.0,36118.54,3237.04,Nagpur
105710,28-07-2025,Customer_2459,Backpack,Clothing,8.0,10277.22,1704.13,Pune
105711,2025/08/13,Customer_0437,Jeans,Clothing,3.0,4755.0,665.24,Nagpur
105712,14-12-2025,Customer_2238,Laptop,Electronics,5.0,244322.79,46156.91,Nagpur
105713,17-11-2025,Customer_2117,Shoes,Clothing,6.0,15526.74,1267.93,Aurangabad
105714,16-02-2025,Customer_0039,Monitor,Electronics,2.0,26941.59,5109.89,Nagpur
105715,30-06-2025,Customer_1284,Tablet,Electronics,4.0,73476.47,5685.89,Nagpur
105716,04/16/2025,Customer_0820,Office Chair,Furniture,7.0,50496.24,4990.6,Pune
105717,18-07-2025,Customer_1502,Cabinet,Furniture,8.0,64335.34,12541.39,Nashik
105718,16-04-2025,Customer_0424,Cookware,Home,7.0,15105.55,1953.67,Nagpur
105719,2025/10/07,Customer_0893,Backpack,Clothing,7.0,10991.73,1672.83,nagpur
105720,17-09-2025,Customer_2153,Laptop,Electronics,4.0,224368.61,22864.41,Aurangabad
105721,18-04-2025,Customer_0194,Tablet,Electronics,3.0,55745.11,8481.38,Pune
105722,19-01-2025,Customer_0315,Office Chair,Furniture,8.0,58143.33,12704.97, Nagpur 
105723,23-10-2025,Customer_0704,Lamp,Home,4.0,5349.92,962.63,Pune
105724,02-11-2025,Customer_1727,Cookware,Home,4.0,8898.59,1191.78,PUNE
105725,20-06-2025,Customer_2159,Office Chair,Furniture,8.0,54328.15,5917.31,Nashik
105726,27-11-2025,Customer_0186,Backpack,Clothing,1.0,1515.06,200.9,Nashik
105727,2025/07/14,Customer_0670,Smartphone,Electronics,,222936.17,18652.13,Kolhapur
105728,12-01-2025,Customer_2114,Jacket,Clothing,6.0,16842.07,2753.92,Nashik
105729,07/14/2025,Customer_0961,Bookshelf,Furniture,7.0,42212.29,8538.55,Aurangabad
105730,10-10-2025,Customer_1141,Smartphone,Electronics,8.0,229373.8,18013.54,aurangabad
105731,01-07-2025,Customer_0596,Cabinet,Furniture,3.0,21335.68,1725.03,Nashik
105732,01-11-2025,Customer_1116,T-Shirt,Clothing,8.0,5904.38,706.33,pune
105733,24-05-2025,Customer_1041,Bookshelf,Furniture,2.0,12839.93,1603.39, Nagpur 
105734,12-11-2025,Customer_0747,Cookware,Home,2.0,4568.44,836.83,Aurangabad
105735,01-07-2025,Customer_0498,Table,Furniture,1.0,9130.18,1335.93,Aurangabad
105736,30-01-2025,Customer_1467,Cookware,Home,5.0,9641.17,1212.14, Nashik 
105737,25-03-2025,Customer_1304,Smartphone,Electronics,5.0,126716.64,16969.5,Mumbai
105738,15-06-2025,Customer_0892,Headphones,Electronics,7.0,19604.11,4019.72, Pune 
105739,2025/10/11,Customer_2449,Office Chair,Furniture,8.0,65794.51,7898.48,Nagpur
105740,08-10-2025,Customer_2405,Backpack,Clothing,,1491.27,183.79,nagpur
105741,06-04-2025,Customer_0556,Jacket,Clothing,8.0,20603.03,2366.56, Aurangabad 
105742,23-09-2025,Customer_0441,T-Shirt,Clothing,3.0,1829.71,206.91, Nagpur 
105743,25-10-2025,Customer_0381,Cookware,Home,6.0,13044.54,2776.88,Nagpur
105744,23-10-2025,Customer_0273,Vacuum Cleaner,Home,2.0,12272.3,2508.37,Mumbai
105745,13-08-2025,Customer_0787,Cabinet,Furniture,8.0,58794.08,5324.1,Nagpur
105746,29-11-2025,Customer_0558,Mixer,Home,8.0,28159.56,4719.59,Pune
105747,27-12-2025,Customer_0046,Cookware,Home,5.0,9496.3,905.67, Aurangabad 
105748,11-02-2025,Customer_0704,Bookshelf,Furniture,3.0,17760.69,2006.26,Aurangabad
105749,2025/10/30,Customer_2152,Bookshelf,Furniture,2.0,12765.44,1809.96,Aurangabad
105750,03-09-2025,Customer_1007,Office Chair,Furniture,7.0,-47150.66,9576.98,Mumbai
105751,27-07-2025,Customer_1264,Table,Furniture,6.0,50645.07,8963.21,pune
105752,25-08-2025,Customer_1270,Monitor,Electronics,2.0,30351.29,6498.37,Nashik
105753,22-01-2025,Customer_2265,Jeans,Clothing,5.0,7996.42,1267.7,Nashik
105754,07/04/2025,Customer_1145,Office Chair,Furniture,3.0,21385.41,3603.63,mumbai
105755,30-08-2025,Customer_1800,T-Shirt,Clothing,5.0,3461.55,450.09,Nagpur
105756,29-12-2025,Customer_2109,T-Shirt,Clothing,2.0,1549.3,105.39,Nagpur
105757,10-10-2025,Customer_1123,Headphones,Electronics,7.0,19505.3,3829.5,Pune
105758,10-02-2025,Customer_2028,T-Shirt,Clothing,5.0,3506.68,485.44,Nashik
105759,02-12-2025,Customer_0789,Cabinet,Furniture,2.0,15336.68,3359.77,Nagpur
105760,11-06-2025,Customer_0550,Headphones,Electronics,5.0,11041.88,1705.25,Nashik
105761,2025/06/09,Customer_2084,T-Shirt,Clothing,1.0,738.15,154.64,Mumbai
105762,2025/03/30,Customer_0112,Mixer,Home,2.0,7588.43,1237.03,Aurangabad
105763,18-11-2025,Customer_1309,Bookshelf,Furniture,7.0,37171.84,4453.09,Kolhapur
105764,12-01-2025,Customer_0145,Jeans,Clothing,3.0,4279.93,860.24,Aurangabad
105765,03/14/2025,Customer_1566,Desk,Furniture,8.0,103189.09,18698.47,Aurangabad
105766,17-03-2025,Customer_2458,Bedsheet,Home,7.0,13175.53,1859.42,Mumbai
105767,12-12-2025,,Cabinet,Furniture,6.0,42959.58,4843.74, Mumbai 
105768,20-07-2025,Customer_0381,Mixer,Home,5.0,15593.81,2744.29,Pune
105769,10-01-2025,Customer_0945,Cabinet,Furniture,1.0,7184.55,1238.17,Nashik
105770,12/18/2025,Customer_1205,Bookshelf,Furniture,3.0,19038.18,2541.38,Pune
105771,14-08-2025,Customer_2099,Bedsheet,Home,3.0,4809.07,530.77,Aurangabad
105772,25-06-2025,Customer_0784,Bookshelf,Furniture,7.0,39733.17,6836.55, Mumbai 
105773,03-10-2025,Customer_0976,Backpack,Clothing,4.0,4951.09,953.83,Nashik
105774,08-02-2025,Customer_0420,Table,Furniture,6.0,58228.32,5229.43, Aurangabad 
105775,01-03-2025,Customer_0153,Bedsheet,Home,5.0,9591.74,1601.46,kolhapur
105776,07-03-2025,Customer_0720,Lamp,Home,5.0,6446.62,581.67,Nashik
105777,17-11-2025,Customer_1572,Cabinet,Furniture,3.0,21534.65,2106.9,Kolhapur
105778,04-05-2025,Customer_1408,Cabinet,Furniture,6.0,46068.55,8614.19,pune
105779,06/13/2025,Customer_1393,Lamp,Home,4.0,5142.61,1070.03,Pune
105780,08-06-2025,Customer_2494,Jeans,Clothing,6.0,8328.85,515.13,Nashik
105781,26-02-2025,Customer_2332,Mixer,Home,4.0,14836.38,1553.16,Nagpur
105782,19-03-2025,Customer_0859,Lamp,Home,6.0,6841.61,1009.06,nashik
105783,2025/07/13,Customer_1345,Tablet,Electronics,7.0,110971.22,18069.57,Pune
105784,12-10-2025,Customer_2251,Shoes,Clothing,2.0,4737.72,763.88,Kolhapur
105785,15-01-2025,Customer_2425,Office Chair,Furniture,1.0,8251.52,721.0,Kolhapur
105786,12-01-2025,Customer_2255,Jacket,Clothing,3.0,9485.8,1374.59,Kolhapur
105787,04/11/2025,Customer_1167,Cookware,Home,5.0,12395.66,1155.73,Aurangabad
105788,05-06-2025,Customer_1761,Bedsheet,Home,7.0,12995.25,1619.49,Nagpur
105789,12/06/2025,Customer_1674,Shoes,Clothing,1.0,2705.67,424.64,Aurangabad
105790,05-05-2025,Customer_1775,Tablet,Electronics,1.0,17970.38,3703.29, Kolhapur 
105791,2025/12/25,Customer_1804,Laptop,Electronics,5.0,264862.16,25214.04,Pune
105792,07-10-2025,Customer_2145,Laptop,Electronics,4.0,227134.68,36306.24,Nashik
105793,20-04-2025,Customer_1607,Mixer,Home,6.0,20616.3,2842.11,Nagpur
105794,30-11-2025,Customer_1335,Shoes,Clothing,7.0,19912.66,3529.11,Pune
105795,23-12-2025,Customer_0082,T-Shirt,Clothing,7.0,4327.58,406.54,Aurangabad
105796,26-05-2025,Customer_1199,Tablet,Electronics,8.0,164544.91,28998.49,NASHIK
105797,2025/08/04,Customer_0850,Desk,Furniture,5.0,67470.81,7328.53,Nashik
105798,11-06-2025,Customer_0077,Vacuum Cleaner,Home,6.0,41829.84,7288.45,Nashik
105799,08-05-2025,Customer_1676,T-Shirt,Clothing,6.0,3941.31,583.83,Nagpur
105800,10-11-2025,Customer_1274,Table,Furniture,6.0,56064.12,7679.72,Pune
105801,28-11-2025,Customer_2298,Bookshelf,Furniture,3.0,19766.77,3820.11,Nagpur
105802,30-05-2025,Customer_1357,Tablet,Electronics,3.0,59679.73,11252.48,NAGPUR
105803,05-02-2025,Customer_0533,Headphones,Electronics,1.0,2491.06,301.49,Nashik
105804,22-06-2025,Customer_2010,Smartphone,Electronics,6.0,164911.93,22829.13,Nagpur
105805,2025/01/22,Customer_2107,Table,Furniture,5.0,41576.01,5869.49,Pune
105806,2025/07/25,Customer_2347,Cookware,Home,5.0,9818.1,1675.56,mumbai
105807,07-05-2025,Customer_1579,Vacuum Cleaner,Home,1.0,6180.05,628.54,MUMBAI
105808,12/02/2025,Customer_0905,Backpack,Clothing,6.0,9550.4,1760.15,Pune
105809,2025/12/22,Customer_0579,Laptop,Electronics,2.0,119473.29,19091.3,Nagpur
105810,05-08-2025,Customer_0345,Vacuum Cleaner,Home,6.0,42968.32,7797.29, Kolhapur 
105811,04/06/2025,Customer_2064,Office Chair,Furniture,5.0,38611.2,8254.3,Nashik
105812,13-06-2025,Customer_1435,Table,Furniture,8.0,65338.45,13782.54,Kolhapur
105813,28-05-2025,Customer_0886,Bedsheet,Home,1.0,1746.78,252.49,Nagpur
105814,2025/01/18,Customer_0212,Shoes,Clothing,3.0,6651.16,973.84, Mumbai 
105815,21-10-2025,Customer_1246,Cookware,Home,5.0,11366.98,2496.56, Aurangabad 
105816,14-07-2025,Customer_1651,Jeans,Clothing,5.0,9140.46,1961.76,Kolhapur
105817,31-05-2025,Customer_0430,Cookware,Home,4.0,8399.74,1836.21,Kolhapur
105818,31-12-2025,Customer_0911,Smartphone,Electronics,4.0,98664.34,19367.2,Nashik
105819,03-05-2025,Customer_1953,Bedsheet,Home,2.0,3293.63,464.18,Aurangabad
105820,06-07-2025,Customer_0509,Tablet,Electronics,4.0,82065.86,17358.98,Nagpur
105821,29-05-2025,Customer_1889,Jacket,Clothing,6.0,17726.02,3326.29,Nagpur
105822,14-04-2025,Customer_0557,Cookware,Home,7.0,13905.09,2439.86,Nagpur
105823,31-08-2025,Customer_2205,Table,Furniture,8.0,74549.9,5565.02,
105824,19-08-2025,Customer_2032,Monitor,Electronics,8.0,99002.14,7657.91,Nashik
105825,25-07-2025,Customer_1175,Lamp,Home,5.0,6403.84,529.43,Aurangabad
105826,17-07-2025,Customer_0567,Bookshelf,Furniture,6.0,35651.51,4175.4,kolhapur
105827,03-12-2025,Customer_1883,Jeans,Clothing,8.0,12993.94,2248.42,Nashik
105828,28-03-2025,Customer_1595,Smartphone,Electronics,8.0,211083.35,30075.83,NAGPUR
105829,22-05-2025,Customer_1153,Vacuum Cleaner,Home,8.0,51443.62,6361.03,Pune
105830,11/13/2025,Customer_1967,Jeans,Clothing,1.0,1773.72,200.32,Nagpur
105831,18-07-2025,Customer_1263,Lamp,Home,2.0,2226.74,398.43,Kolhapur
105832,15-02-2025,Customer_1221,Lamp,Home,4.0,4598.06,899.01,Pune
105833,15-10-2025,Customer_0851,Headphones,Electronics,8.0,18967.33,3268.28,Aurangabad
105834,15-01-2025,Customer_0133,Office Chair,Furniture,1.0,6476.5,788.13, Aurangabad 
105835,13-02-2025,Customer_0138,Monitor,Electronics,5.0,66707.83,12719.09,Nagpur
105836,2025/06/18,Customer_2074,Shoes,Clothing,6.0,17101.75,2287.21,mumbai
105837,06-11-2025,Customer_1407,Bookshelf,Furniture,5.0,32923.53,5661.24,Mumbai
105838,2025/02/13,Customer_1008,Shoes,Clothing,6.0,17103.24,3245.81,Nashik
105839,2025/04/08,Customer_1686,Desk,Furniture,3.0,-31436.76,5473.93,NAGPUR
105840,18-09-2025,Customer_1066,Laptop,Electronics,1.0,55585.75,3481.32,Nagpur
105841,19-04-2025,Customer_0288,Monitor,Electronics,2.0,25911.03,5376.04,Pune
105842,10-10-2025,Customer_1727,Bookshelf,Furniture,6.0,40601.46,7625.61,Pune
105843,09-12-2025,Customer_1288,Monitor,Electronics,7.0,112164.32,21204.35,Pune
105844,14-04-2025,Customer_1304,Monitor,Electronics,2.0,23885.72,2533.16,kolhapur
105845,13-09-2025,Customer_1646,Table,Furniture,5.0,38663.43,2901.97,NAGPUR
105846,07/25/2025,Customer_1927,Headphones,Electronics,5.0,11445.65,1608.91,Nagpur
105847,01-12-2025,Customer_2094,Mixer,Home,7.0,27054.36,5354.46,Nagpur
105848,12-02-2025,Customer_2391,Headphones,Electronics,8.0,20697.21,4315.54,Nagpur
105849,19-12-2025,Customer_0065,Bedsheet,Home,3.0,5400.1,1092.15,Aurangabad
105850,02-09-2025,Customer_1656,Jeans,Clothing,6.0,9467.71,988.01,Nashik
105851,14-10-2025,Customer_1132,T-Shirt,Clothing,2.0,1574.89,192.25,Aurangabad
105852,21-12-2025,Customer_0015,Desk,Furniture,4.0,48049.02,5411.17,Aurangabad
105853,2025/09/30,Customer_2034,Cabinet,Furniture,3.0,25172.43,5517.92,Nagpur
105854,2025/03/24,Customer_1140,T-Shirt,Clothing,6.0,3602.15,734.75,Nagpur
105855,20-04-2025,Customer_0716,Cabinet,Furniture,7.0,47665.96,5637.76,Mumbai
105856,07/09/2025,Customer_1453,Headphones,Electronics,1.0,2251.46,407.91, Pune 
105857,15-10-2025,Customer_1541,Office Chair,Furniture,7.0,45422.12,6747.8,Pune
105858,09/08/2025,Customer_1848,Shoes,Clothing,5.0,11730.97,954.75,MUMBAI
105859,31-07-2025,Customer_1038,Cabinet,Furniture,2.0,17304.73,1640.26,Nagpur
105860,18-10-2025,Customer_1865,Jeans,Clothing,5.0,7336.82,763.12, Nashik 
105861,2025/05/13,Customer_0770,Jeans,Clothing,1.0,1641.65,271.77,Nashik
105862,20-07-2025,Customer_0069,Jacket,Clothing,2.0,4789.57,472.73,Aurangabad
105863,2025/10/12,Customer_0925,Desk,Furniture,8.0,94011.96,10634.29,Nashik
105864,22-11-2025,Customer_1695,Monitor,Electronics,7.0,109294.62,20332.45,Nashik
105865,2025/04/05,Customer_0392,Bedsheet,Home,5.0,9339.9,1065.56, Mumbai 
105866,05-10-2025,Customer_0313,Smartphone,Electronics,6.0,159030.26,31008.05, Kolhapur 
105867,21-11-2025,Customer_1456,Office Chair,Furniture,3.0,23140.11,4292.81,Kolhapur
105868,07-08-2025,Customer_1714,Jeans,Clothing,5.0,8597.85,1302.39, Nashik 
105869,30-03-2025,Customer_2160,Headphones,Electronics,4.0,9436.55,1692.21,Kolhapur
105870,2025/03/13,Customer_2003,Jeans,Clothing,2.0,2918.52,539.1,Kolhapur
105871,04-09-2025,Customer_2365,Jacket,Clothing,1.0,3055.82,585.32,Kolhapur
105872,09-05-2025,Customer_2270,T-Shirt,Clothing,3.0,2082.94,189.12,Nagpur
105873,31-07-2025,Customer_1544,Jacket,Clothing,2.0,4927.54,881.72,Nagpur
105874,09-12-2025,Customer_0882,Backpack,Clothing,3.0,4686.69,769.25,Kolhapur
105875,06-04-2025,Customer_1275,Office Chair,Furniture,4.0,26797.44,5616.3,Kolhapur
105876,16-03-2025,Customer_0228,Monitor,Electronics,1.0,16054.23,2076.46,mumbai
105877,23-02-2025,Customer_0775,Headphones,Electronics,7.0,17997.83,3318.02,Nashik
105878,10-12-2025,Customer_1277,Cabinet,Furniture,3.0,25702.01,5521.97,Mumbai
105879,23-02-2025,Customer_2353,Monitor,Electronics,6.0,74295.05,11360.9,Nagpur
105880,06-08-2025,Customer_0711,Office Chair,Furniture,2.0,15863.69,3211.06,pune
105881,01/16/2025,Customer_0792,Jeans,Clothing,8.0,14236.58,3081.93,Nashik
105882,09-04-2025,Customer_1645,Laptop,Electronics,5.0,275996.47,53245.72,Pune
105883,20-01-2025,Customer_1362,Desk,Furniture,2.0,23476.43,2994.89, Aurangabad 
105884,15-02-2025,Customer_0222,Jacket,Clothing,4.0,10371.25,1980.06,Pune
105885,12-07-2025,Customer_0778,Jeans,Clothing,1.0,1833.19,185.18,pune
105886,27-02-2025,Customer_1843,Jacket,Clothing,1.0,2427.15,462.34,Nagpur
105887,21-04-2025,Customer_1669,Laptop,Electronics,1.0,56983.8,12168.99,Nashik
105888,05/09/2025,Customer_1871,Jacket,Clothing,6.0,15551.29,1109.81,NAGPUR
105889,03-12-2025,Customer_1334,Cookware,Home,5.0,10975.06,808.58,Nashik
105890,13-07-2025,Customer_2448,Monitor,Electronics,3.0,38998.55,3125.99,Kolhapur
105891,06-12-2025,Customer_2450,Smartphone,Electronics,7.0,160516.94,12357.1, Nashik 
105892,22-11-2025,Customer_1708,Jeans,Clothing,1.0,1817.87,190.1,Nashik
105893,08-01-2025,Customer_0094,Monitor,Electronics,2.0,27528.74,5609.75,Nagpur
105894,01/29/2025,Customer_0383,Tablet,Electronics,7.0,132702.76,21084.61,Pune
105895,22-04-2025,Customer_0656,Monitor,Electronics,3.0,44590.1,8588.57,Aurangabad
105896,10-06-2025,Customer_1657,Jeans,Clothing,2.0,3562.56,580.06,Kolhapur
105897,11-05-2025,Customer_0623,Table,Furniture,3.0,30159.06,4393.08,Aurangabad
105898,07-07-2025,Customer_1648,Tablet,Electronics,6.0,100784.22,20238.71,Mumbai
105899,2025/06/12,Customer_0599,Vacuum Cleaner,Home,7.0,46066.1,9442.72, Pune 
105900,16-07-2025,Customer_2347,Bookshelf,Furniture,8.0,41378.42,5114.48, Aurangabad 
105901,2025/12/30,Customer_1415,Laptop,Electronics,1.0,62388.78,6235.39,kolhapur
105902,23-07-2025,,Desk,Furniture,6.0,81537.18,17336.79,Mumbai
105903,31-07-2025,Customer_0202,Cabinet,Furniture,8.0,71337.13,10713.9,AURANGABAD
105904,19-04-2025,Customer_0125,Desk,Furniture,3.0,37586.95,7485.02,pune
105905,03-10-2025,Customer_2021,Lamp,Home,6.0,7795.94,1253.7,Aurangabad
105906,14-03-2025,Customer_2280,Bookshelf,Furniture,4.0,27472.27,4662.27,Nagpur
105907,16-06-2025,Customer_0362,Smartphone,Electronics,6.0,171396.69,11857.59,Nashik
105908,17-09-2025,Customer_1357,Jeans,Clothing,1.0,1426.7,188.66,Aurangabad
105909,31-08-2025,Customer_0066,Smartphone,Electronics,7.0,168956.17,31297.03, Nagpur 
105910,02-10-2025,Customer_0711,Headphones,Electronics,1.0,2245.46,485.41,Mumbai
105911,12-04-2025,Customer_1469,T-Shirt,Clothing,7.0,4628.15,595.31,Nashik
105912,06/22/2025,Customer_1635,Lamp,Home,8.0,8951.27,1366.84,Aurangabad
105913,20-06-2025,Customer_1054,T-Shirt,Clothing,1.0,607.31,50.98, Pune 
105914,21-05-2025,Customer_1064,Shoes,Clothing,7.0,18790.44,1688.13,MUMBAI
105915,2025/07/07,Customer_1349,Laptop,Electronics,,354451.92,66238.97,Aurangabad
105916,27-03-2025,Customer_0904,Shoes,Clothing,3.0,6584.93,856.01,Kolhapur
105917,21-02-2025,Customer_1561,Vacuum Cleaner,Home,8.0,44559.79,5146.17,Nashik
105918,2025/04/21,Customer_0304,Vacuum Cleaner,Home,4.0,27552.05,2050.33, Mumbai 
105919,31-12-2025,Customer_0525,Mixer,Home,7.0,27354.26,5621.84,Mumbai
105920,08-12-2025,Customer_0793,Laptop,Electronics,2.0,96964.68,21188.45,Kolhapur
105921,12-02-2025,Customer_1975,Mixer,Home,5.0,16437.03,1207.4,Kolhapur
105922,30-07-2025,Customer_2366,Shoes,Clothing,2.0,4257.6,533.75,Kolhapur
105923,07/19/2025,Customer_0850,Smartphone,Electronics,1.0,25973.57,2938.88,Nashik
105924,10/25/2025,Customer_1008,Headphones,Electronics,6.0,16515.23,2884.5,Kolhapur
105925,12-12-2025,Customer_1262,Cabinet,Furniture,5.0,38201.94,6780.44,Pune
105926,28-08-2025,Customer_2308,Headphones,Electronics,8.0,22642.93,1695.85,Aurangabad
105927,25-04-2025,Customer_1261,Headphones,Electronics,4.0,9418.31,1263.3, Nagpur 
105928,26-01-2025,Customer_2411,Cabinet,Furniture,4.0,31980.71,4693.21,Nashik
105929,10/26/2025,Customer_0881,Tablet,Electronics,8.0,135387.08,22577.36,Aurangabad
105930,18-03-2025,Customer_0906,Monitor,Electronics,6.0,87656.13,13363.3,Mumbai
105931,17-05-2025,Customer_2280,Bedsheet,Home,1.0,1591.43,216.94,Nashik
105932,20-01-2025,Customer_1359,Vacuum Cleaner,Home,7.0,43537.5,6032.82, Nagpur 
105933,07/30/2025,Customer_1506,Cabinet,Furniture,3.0,27037.44,3701.02,Aurangabad
105934,28-08-2025,Customer_2198,Desk,Furniture,3.0,30750.99,4004.21,Pune
105935,08-02-2025,Customer_0632,Monitor,Electronics,4.0,61386.89,11344.9,Mumbai
105936,25-09-2025,Customer_1790,Jeans,Clothing,1.0,1606.43,160.58,Kolhapur
105937,26-07-2025,Customer_1731,Shoes,Clothing,5.0,12369.08,1857.74,Nagpur
105938,2025/09/24,Customer_1636,Bedsheet,Home,1.0,2069.93,337.54,Nashik
105939,03-06-2025,Customer_1965,Backpack,Clothing,4.0,5926.37,821.59,Nashik
105940,11-02-2025,Customer_2355,Backpack,Clothing,6.0,8033.31,1526.91,Nagpur
105941,11-01-2025,Customer_0947,Jeans,Clothing,2.0,3195.14,700.22,Nashik
105942,21-10-2025,Customer_1321,Office Chair,Furniture,8.0,59228.17,4198.1,Nashik
105943,08-04-2025,Customer_2061,Backpack,Clothing,3.0,4430.05,298.86,Aurangabad
105944,2025/10/02,Customer_1133,Lamp,Home,8.0,8881.44,1035.56,Pune
105945,18-08-2025,Customer_0641,Headphones,Electronics,7.0,18757.29,2608.72,Nagpur
105946,2025/08/08,Customer_0483,Lamp,Home,2.0,2060.63,327.01,Kolhapur
105947,06-03-2025,Customer_1371,Bedsheet,Home,5.0,8760.88,1817.83,Mumbai
105948,21-12-2025,Customer_1457,Backpack,Clothing,7.0,9798.71,1699.45,Nashik
105949,20-08-2025,Customer_1273,Headphones,Electronics,7.0,16024.06,2912.47,Pune
105950,24-11-2025,Customer_0974,Bedsheet,Home,7.0,13435.21,2749.56,Aurangabad
105951,21-02-2025,Customer_1438,Laptop,Electronics,4.0,189232.23,24902.98,Aurangabad
105952,20-09-2025,Customer_1623,Office Chair,Furniture,2.0,15806.2,1189.04,mumbai
105953,24-09-2025,Customer_2358,Laptop,Electronics,6.0,321149.8,67680.22,Nagpur
105954,25-12-2025,Customer_0593,Desk,Furniture,5.0,58846.82,12808.88,Mumbai
105955,13-11-2025,Customer_1251,Backpack,Clothing,4.0,4855.49,849.0,Aurangabad
105956,20-11-2025,Customer_1681,Table,Furniture,7.0,64531.21,9039.94,Kolhapur
105957,03-06-2025,Customer_1786,Monitor,Electronics,5.0,79887.8,6450.47, Aurangabad 
105958,24-12-2025,Customer_1125,Laptop,Electronics,1.0,61533.98,10497.6,Pune
105959,2025/05/20,Customer_2268,Desk,Furniture,5.0,55661.93,11369.9, Pune 
105960,20-02-2025,Customer_1797,Headphones,Electronics,,9787.88,1862.4,AURANGABAD
105961,27-04-2025,Customer_1640,Bookshelf,Furniture,7.0,40599.34,7963.52, Aurangabad 
105962,15-02-2025,Customer_1337,Mixer,Home,6.0,21860.76,1804.99,Nashik
105963,11/05/2025,Customer_1414,Shoes,Clothing,1.0,2612.25,236.71,mumbai
105964,03/29/2025,Customer_1792,Table,Furniture,1.0,8762.19,764.48,Nagpur
105965,27-07-2025,Customer_2031,Shoes,Clothing,3.0,6424.54,603.28, Mumbai 
105966,26-09-2025,Customer_1619,Headphones,Electronics,4.0,10109.12,1385.45,Aurangabad
105967,30-03-2025,Customer_0439,Backpack,Clothing,2.0,2801.26,279.09,Kolhapur
105968,04/28/2025,Customer_1675,Cabinet,Furniture,6.0,50666.32,8749.17,nagpur
105969,23-02-2025,Customer_0175,Cabinet,Furniture,6.0,45954.74,9236.31,mumbai
105970,26-04-2025,Customer_0891,Headphones,Electronics,6.0,15648.1,2724.12,Kolhapur
105971,28-04-2025,Customer_1860,Office Chair,Furniture,8.0,55992.12,3365.01,Nashik
105972,17-09-2025,Customer_0366,Backpack,Clothing,3.0,4660.37,892.87,Mumbai
105973,2025/03/16,Customer_1065,Cookware,Home,7.0,13659.15,1637.14,Mumbai
105974,01-11-2025,Customer_2098,Shoes,Clothing,8.0,20968.04,3445.84,nashik
105975,07-01-2025,Customer_1827,Shoes,Clothing,1.0,2770.26,228.39, Kolhapur 
105976,05/02/2025,Customer_0337,Tablet,Electronics,6.0,105730.05,7988.53,Aurangabad
105977,11-01-2025,Customer_1869,Monitor,Electronics,2.0,27072.6,1689.8,Nagpur
105978,14-12-2025,Customer_0628,Jacket,Clothing,2.0,6269.1,904.8,kolhapur
105979,08/03/2025,Customer_1257,Jacket,Clothing,2.0,6187.67,430.57,Kolhapur
105980,06-10-2025,Customer_0411,Bookshelf,Furniture,4.0,22037.7,2236.84,Nagpur
105981,28-01-2025,Customer_2130,Backpack,Clothing,3.0,4057.23,764.62, Aurangabad 
105982,2025/08/23,Customer_2337,Cabinet,Furniture,6.0,46366.43,4300.23,NAGPUR
105983,09-11-2025,Customer_1780,Shoes,Clothing,8.0,17389.94,1264.57,Nashik
105984,2025/01/26,Customer_1972,Lamp,Home,1.0,1293.62,169.68,Pune
105985,02/23/2025,Customer_1079,Jacket,Clothing,5.0,14949.96,2529.02,Aurangabad
105986,29-01-2025,Customer_1770,Bookshelf,Furniture,4.0,21374.61,1771.14,Kolhapur
105987,2025/12/19,Customer_1378,Bedsheet,Home,2.0,3875.77,679.82,Nagpur
105988,13-06-2025,Customer_2385,Desk,Furniture,1.0,11560.91,836.87,Nashik
105989,27-09-2025,Customer_0988,Tablet,Electronics,7.0,107557.31,11412.38,Nashik
105990,30-11-2025,Customer_1475,Headphones,Electronics,4.0,8527.67,825.58,Kolhapur
105991,04-02-2025,Customer_0209,Bedsheet,Home,2.0,3513.06,279.03,aurangabad
105992,2025/10/13,Customer_1365,Laptop,Electronics,2.0,96941.17,19720.74,AURANGABAD
105993,14-12-2025,Customer_0937,Shoes,Clothing,-1.0,20512.82,4297.7,Nashik
105994,30-09-2025,Customer_1075,Jeans,Clothing,2.0,3051.99,513.78,Aurangabad
105995,2025/07/27,Customer_1444,Cookware,Home,3.0,6015.29,956.04, Nashik 
105996,26-08-2025,Customer_1644,Vacuum Cleaner,Home,6.0,34666.15,2091.51,Nashik
105997,03-04-2025,Customer_1108,Smartphone,Electronics,6.0,169418.93,25206.67,Aurangabad
105998,22-06-2025,Customer_1612,Lamp,Home,2.0,2707.4,307.05,Kolhapur
105999,20-03-2025,Customer_0877,Jacket,Clothing,8.0,21242.72,2636.32,KOLHAPUR
106000,04/20/2025,Customer_0593,Jeans,Clothing,4.0,6795.6,1022.94,Kolhapur
106001,2025/08/05,Customer_2264,Jacket,Clothing,6.0,18943.79,1213.74,Pune
106002,24-12-2025,Customer_1999,Shoes,Clothing,5.0,13280.73,1498.76,Nashik
106003,16-04-2025,Customer_0182,Tablet,Electronics,7.0,113912.83,16137.27,Mumbai
106004,16-02-2025,Customer_1682,T-Shirt,Clothing,4.0,2804.25,229.73,Mumbai
106005,30-06-2025,Customer_1819,Desk,Furniture,5.0,54634.13,6846.0,Pune
106006,05-03-2025,Customer_0417,T-Shirt,Clothing,8.0,5446.8,603.56,NASHIK
106007,03-09-2025,Customer_0394,Vacuum Cleaner,Home,8.0,46517.3,2823.59,Nashik
106008,01-09-2025,Customer_1006,Vacuum Cleaner,Home,8.0,59335.67,12517.44,Nashik
106009,16-11-2025,Customer_1309,Monitor,Electronics,6.0,83587.99,18323.18,Kolhapur
106010,28-03-2025,Customer_2046,T-Shirt,Clothing,4.0,2945.87,209.21,Nashik
106011,05-08-2025,Customer_0503,Shoes,Clothing,1.0,2213.29,457.22,Nagpur
106012,07-01-2025,Customer_0413,Smartphone,Electronics,7.0,181827.74,35439.93,Pune
106013,05-10-2025,Customer_0128,Tablet,Electronics,6.0,120903.94,15919.51,Aurangabad
106014,03-12-2025,Customer_0145,Laptop,Electronics,8.0,380405.43,34283.98,Nagpur
106015,29-07-2025,Customer_2354,Vacuum Cleaner,Home,5.0,28274.08,2550.28,Pune
106016,18-06-2025,Customer_2447,Vacuum Cleaner,Home,7.0,44278.77,3494.1,MUMBAI
106017,26-11-2025,Customer_1630,Jacket,Clothing,2.0,5040.11,661.93,Aurangabad
106018,18-05-2025,Customer_2369,Office Chair,Furniture,6.0,42842.31,5776.23,mumbai
106019,11/02/2025,Customer_1024,Bedsheet,Home,7.0,12332.27,2011.6,Nashik
106020,18-08-2025,Customer_0984,Table,Furniture,8.0,81443.29,6292.17,Nashik
106021,04-11-2025,Customer_0187,Backpack,Clothing,7.0,8621.82,1693.75, Nagpur 
106022,10-06-2025,Customer_0545,Tablet,Electronics,3.0,54103.63,9880.66,Kolhapur
106023,01-01-2025,Customer_0876,Bookshelf,Furniture,2.0,10975.52,2114.08,Mumbai
106024,24-08-2025,Customer_0030,T-Shirt,Clothing,4.0,3156.03,510.26,Pune
106025,07-07-2025,Customer_2473,Jeans,Clothing,1.0,1410.82,286.75,Nagpur
106026,04-01-2025,Customer_1269,Jeans,Clothing,8.0,13923.15,2508.12,Kolhapur
106027,12-05-2025,,Table,Furniture,7.0,54244.16,10188.9,Nashik
106028,06-08-2025,Customer_1809,Vacuum Cleaner,Home,7.0,40558.03,3876.61,Pune
106029,17-09-2025,Customer_0803,Backpack,Clothing,1.0,1432.4,146.67,Aurangabad
106030,01-01-2025,Customer_0936,Laptop,Electronics,8.0,461297.96,72558.14,NASHIK
106031,12-03-2025,Customer_1597,Lamp,Home,3.0,3176.8,524.05,pune
106032,06/27/2025,Customer_1701,Bookshelf,Furniture,3.0,20289.36,1740.37,Mumbai
106033,08-07-2025,Customer_0280,Vacuum Cleaner,Home,5.0,33446.35,3836.25, Mumbai 
106034,18-10-2025,Customer_0363,Bedsheet,Home,2.0,3556.38,376.69,Mumbai
106035,08-01-2025,Customer_0310,Desk,Furniture,3.0,34424.61,2224.72,NASHIK
106036,10-09-2025,Customer_1547,Bookshelf,Furniture,3.0,20600.38,3295.4, Pune 
106037,19-10-2025,Customer_2239,Monitor,Electronics,8.0,112023.71,13599.06, Kolhapur 
106038,01-09-2025,Customer_1616,Bookshelf,Furniture,5.0,30354.37,3667.32,Nashik
106039,05/03/2025,Customer_1547,Lamp,Home,5.0,5747.83,771.54,Nashik
106040,2025/10/26,Customer_1299,Desk,Furniture,6.0,67161.23,5964.45,Nashik
106041,10-10-2025,Customer_2134,T-Shirt,Clothing,2.0,1423.77,277.41,pune
106042,01-02-2025,Customer_1565,T-Shirt,Clothing,4.0,2508.38,163.64,nagpur
106043,30-11-2025,,Cabinet,Furniture,1.0,7392.35,1602.33,Mumbai
106044,05/26/2025,Customer_2430,Smartphone,Electronics,2.0,54931.37,8532.96,MUMBAI
106045,05-06-2025,Customer_0409,Bedsheet,Home,5.0,10158.97,1333.31,Kolhapur
106046,16-01-2025,Customer_1066,Shoes,Clothing,2.0,5724.92,614.9,nagpur
106047,12/21/2025,Customer_0306,Desk,Furniture,1.0,11065.1,1793.52,Nashik
106048,16-02-2025,Customer_1326,Desk,Furniture,4.0,46245.42,7409.37,Nashik
106049,2025/09/08,Customer_0757,Laptop,Electronics,2.0,103564.85,16453.03,Nagpur
106050,06-07-2025,Customer_1595,Cabinet,Furniture,4.0,29847.16,2034.25, Pune 
106051,31-01-2025,Customer_1618,Office Chair,Furniture,8.0,67418.45,13572.2,Nashik
106052,17-09-2025,Customer_2348,Bedsheet,Home,1.0,2054.23,358.76,Pune
106053,17-01-2025,Customer_0445,Bedsheet,Home,7.0,13290.69,1986.17,KOLHAPUR
106054,08-02-2025,Customer_0592,Table,Furniture,7.0,55930.31,5049.26,Aurangabad
106055,31-10-2025,Customer_1725,T-Shirt,Clothing,8.0,5246.31,1061.98,Aurangabad
106056,08-02-2025,Customer_0760,Mixer,Home,7.0,22096.33,4588.52,Pune
106057,12-05-2025,Customer_1155,Cookware,Home,1.0,2215.04,386.5,Kolhapur
106058,30-01-2025,Customer_1228,Vacuum Cleaner,Home,1.0,5739.98,591.48,Pune
106059,07-06-2025,Customer_0184,Vacuum Cleaner,Home,4.0,29576.45,3034.07,mumbai
106060,05-10-2025,Customer_1346,Table,Furniture,5.0,42253.04,3871.04,Nagpur
106061,22-07-2025,Customer_1914,Backpack,Clothing,7.0,8709.48,847.62,Nashik
106062,07-03-2025,Customer_1644,Monitor,Electronics,2.0,29195.55,3878.89, Pune 
106063,2025/04/18,Customer_1585,Jeans,Clothing,1.0,1625.8,129.38, Nashik 
106064,25-09-2025,Customer_0064,Monitor,Electronics,8.0,122151.11,22653.55,mumbai
106065,10-08-2025,Customer_0469,Jeans,Clothing,6.0,8222.18,997.86,AURANGABAD
106066,19-10-2025,Customer_2263,Mixer,Home,2.0,6094.42,1138.05,Pune
106067,18-01-2025,Customer_0770,Backpack,Clothing,2.0,2999.31,612.81,Nagpur
106068,31-03-2025,Customer_1903,Cabinet,Furniture,7.0,51571.59,6859.4, Pune 
106069,30-06-2025,Customer_0483,Lamp,Home,3.0,3259.25,389.15,Nashik
106070,2025/09/12,Customer_1631,Office Chair,Furniture,4.0,30200.19,2069.71,Aurangabad
106071,09/10/2025,Customer_1645,Bookshelf,Furniture,3.0,19160.3,2815.16,Pune
106072,14-09-2025,Customer_1735,Desk,Furniture,2.0,26368.5,2728.74,Kolhapur
106073,12-12-2025,Customer_1503,Monitor,Electronics,8.0,125551.59,27595.12, Nashik 
106074,28-03-2025,Customer_0816,Smartphone,Electronics,4.0,112578.95,20766.63,NASHIK
106075,31-03-2025,Customer_0787,Cabinet,Furniture,5.0,43748.43,6640.97,
106076,25-08-2025,Customer_1484,Laptop,Electronics,7.0,349212.77,58781.77,Nagpur
106077,11-03-2025,Customer_1967,Bookshelf,Furniture,2.0,12765.91,2778.65,Nashik
106078,13-02-2025,Customer_2351,Jacket,Clothing,7.0,19842.85,2052.13,Mumbai
106079,19-07-2025,Customer_0668,T-Shirt,Clothing,1.0,738.57,160.05,Aurangabad
106080,01-06-2025,Customer_0363,Headphones,Electronics,1.0,2257.91,253.25,Mumbai
106081,27-03-2025,Customer_2341,Desk,Furniture,2.0,24301.54,2119.93,NASHIK
106082,01/19/2025,Customer_2320,Backpack,Clothing,8.0,9594.66,1093.0,Kolhapur
106083,11-04-2025,Customer_2470,Smartphone,Electronics,6.0,166441.69,11144.09,Nagpur
106084,05-04-2025,Customer_0334,Tablet,Electronics,8.0,140929.74,25642.46,Nagpur
106085,11-09-2025,Customer_1415,Smartphone,Electronics,1.0,28398.87,6181.75,Nagpur
106086,23-12-2025,Customer_0302,Mixer,Home,5.0,17090.34,3624.2,Mumbai
106087,30-01-2025,Customer_1352,Shoes,Clothing,1.0,2151.56,385.88,pune
106088,06-09-2025,Customer_2275,Lamp,Home,4.0,5005.55,500.17,Kolhapur
106089,2025/02/02,Customer_1836,Jeans,Clothing,4.0,6414.05,517.8,Nagpur
106090,17-08-2025,Customer_1654,T-Shirt,Clothing,8.0,6224.28,729.88,Nagpur
106091,12-01-2025,Customer_0039,Bedsheet,Home,1.0,1868.06,159.54,Nagpur
106092,28-04-2025,Customer_1330,Jeans,Clothing,5.0,7294.8,1595.47,Aurangabad
106093,2025/12/16,Customer_1936,Cookware,Home,2.0,4734.07,1012.69,Mumbai
106094,04-06-2025,Customer_0726,Smartphone,Electronics,4.0,93875.53,8104.28,Nashik
106095,03-09-2025,Customer_2048,Bedsheet,Home,6.0,10809.94,1504.17,Nashik
106096,28-11-2025,Customer_1238,T-Shirt,Clothing,1.0,631.74,112.02,Kolhapur
106097,04-09-2025,Customer_2403,Backpack,Clothing,1.0,1341.95,120.53,Nashik
106098,29-01-2025,Customer_2218,Cookware,Home,2.0,4178.22,627.51,Pune
106099,2025/06/10,Customer_1397,Shoes,Clothing,1.0,2669.85,366.04,Nashik
106100,23-08-2025,Customer_1864,Table,Furniture,1.0,9069.11,745.76, Kolhapur 
106101,09-07-2025,Customer_1956,Backpack,Clothing,5.0,7870.85,1641.83,Nagpur
106102,27-04-2025,Customer_0210,Laptop,Electronics,2.0,116053.08,7290.57,Nagpur
106103,09/28/2025,Customer_1842,Bedsheet,Home,5.0,9100.1,1462.16,NASHIK
106104,09/15/2025,Customer_1399,Jacket,Clothing,7.0,22508.57,4937.72,Nagpur
106105,06/29/2025,Customer_0622,Cabinet,Furniture,8.0,70866.14,4975.72,Mumbai
106106,21-06-2025,,Vacuum Cleaner,Home,4.0,29535.56,4667.38,Kolhapur
106107,01-10-2025,Customer_0833,Jacket,Clothing,1.0,3052.74,382.05,KOLHAPUR
106108,16-09-2025,Customer_1558,Monitor,Electronics,5.0,66213.06,8880.43,Kolhapur
106109,05/15/2025,Customer_1778,Shoes,Clothing,1.0,2235.16,261.81,Nagpur
106110,20-06-2025,Customer_0895,Table,Furniture,2.0,19931.13,1316.89,Kolhapur
106111,2025/07/29,Customer_0139,Table,Furniture,8.0,64458.97,5157.92,Kolhapur
106112,24-08-2025,Customer_1799,Bedsheet,Home,8.0,13981.29,3069.14,kolhapur
106113,07/05/2025,Customer_0841,Shoes,Clothing,1.0,2255.02,187.79,Kolhapur
106114,30-12-2025,Customer_0913,Cookware,Home,7.0,17317.56,3483.05,NAGPUR
106115,2025/04/05,Customer_1819,Vacuum Cleaner,Home,3.0,16763.61,3022.02,Pune
106116,11-01-2025,Customer_0977,Laptop,Electronics,8.0,460521.47,84201.07,Nashik
106117,09-03-2025,Customer_0707,Smartphone,Electronics,7.0,174711.38,38195.52,Mumbai
106118,29-07-2025,Customer_1178,Tablet,Electronics,3.0,46610.32,4544.48,Mumbai
106119,15-07-2025,Customer_0991,Desk,Furniture,4.0,46510.26,6137.7,Pune
106120,04/08/2025,Customer_1034,Desk,Furniture,4.0,54067.69,8088.56,Nashik
106121,03-04-2025,Customer_0113,Mixer,Home,7.0,21156.57,2650.03,Nagpur
106122,22-01-2025,Customer_1634,Jeans,Clothing,1.0,1559.92,334.57,Kolhapur
106123,21-06-2025,Customer_1397,Jeans,Clothing,4.0,6590.46,1065.7, Nagpur 
106124,14-05-2025,Customer_2453,Lamp,Home,3.0,3830.31,701.74,Nashik
106125,25-01-2025,Customer_0994,Smartphone,Electronics,6.0,156077.3,15287.94,Nagpur
106126,04-07-2025,Customer_1086,Laptop,Electronics,7.0,428202.3,75851.4,Nashik
106127,26-03-2025,Customer_1396,Jacket,Clothing,8.0,24025.37,5272.35,Mumbai
106128,24-02-2025,Customer_1049,Laptop,Electronics,1.0,59991.69,11558.25,Mumbai
106129,09/08/2025,Customer_0587,Jacket,Clothing,5.0,15895.9,1338.14,Kolhapur
106130,24-05-2025,Customer_1819,Headphones,Electronics,4.0,9993.18,1527.86,Nagpur
106131,17-12-2025,Customer_1365,Jeans,Clothing,6.0,9108.31,1769.79,Pune
106132,16-06-2025,Customer_2256,Vacuum Cleaner,Home,7.0,49082.03,8606.11,Kolhapur
106133,12-08-2025,Customer_0113,Vacuum Cleaner,Home,7.0,52286.09,5307.09,aurangabad
106134,08-08-2025,Customer_2418,Office Chair,Furniture,4.0,32119.12,4760.85,Mumbai
106135,28-06-2025,Customer_0308,Office Chair,Furniture,4.0,28316.9,2426.59,Nagpur
106136,29-04-2025,Customer_2295,Laptop,Electronics,6.0,369192.5,57325.58,Nagpur
106137,2025/09/22,Customer_2212,Cookware,Home,3.0,7243.37,1066.62,NAGPUR
106138,30-05-2025,Customer_0832,Cookware,Home,8.0,16121.48,1837.97,Aurangabad
106139,03-08-2025,Customer_1269,Headphones,Electronics,3.0,7233.46,1560.04,Kolhapur
106140,16-07-2025,Customer_2361,Shoes,Clothing,3.0,6387.67,1390.64,Pune
106141,11-02-2025,Customer_1269,Vacuum Cleaner,Home,7.0,52058.3,11420.76,Nashik
106142,22-02-2025,Customer_0961,Tablet,Electronics,1.0,17873.58,3828.69,Mumbai
106143,26-11-2025,Customer_1930,Cabinet,Furniture,1.0,7749.44,497.57,Pune
106144,08-09-2025,Customer_0170,Headphones,Electronics,2.0,4586.52,968.89,MUMBAI
106145,22-10-2025,Customer_0325,Lamp,Home,6.0,6149.73,906.22,Mumbai
106146,09/28/2025,Customer_0015,Smartphone,Electronics,3.0,65451.04,6926.25,PUNE
106147,03-05-2025,Customer_1502,Lamp,Home,5.0,5258.57,1038.7,Nashik
106148,05-12-2025,Customer_2171,Tablet,Electronics,5.0,92458.91,18892.78,Nagpur
106149,23-09-2025,Customer_1103,Office Chair,Furniture,1.0,7923.79,1706.51,Nagpur
106150,14-12-2025,Customer_1309,Cookware,Home,8.0,17652.15,2863.07,AURANGABAD
106151,29-01-2025,Customer_0701,Laptop,Electronics,6.0,337554.57,46407.57,Nagpur
106152,04-02-2025,Customer_0700,Lamp,Home,5.0,6622.73,1080.33,Pune
106153,06-01-2025,Customer_1972,Table,Furniture,1.0,9813.54,1823.54,Kolhapur
106154,04/21/2025,Customer_0827,Jacket,Clothing,4.0,10161.91,1666.82,Pune
106155,2025/10/21,Customer_0581,Backpack,Clothing,8.0,10190.82,1562.57,Mumbai
106156,2025/03/18,Customer_1746,Table,Furniture,1.0,9479.07,2081.2,Pune
106157,15-12-2025,Customer_1825,Headphones,Electronics,6.0,12887.44,961.39, Kolhapur 
106158,27-05-2025,Customer_1644,Desk,Furniture,3.0,31431.89,3889.31,nagpur
106159,08-03-2025,Customer_2049,Headphones,Electronics,6.0,16447.15,3208.0,Aurangabad
106160,08-01-2025,Customer_0029,Monitor,Electronics,8.0,119962.51,24412.43,pune
106161,02-05-2025,Customer_2317,T-Shirt,Clothing,2.0,1325.6,98.23,Nagpur
106162,06-12-2025,Customer_0542,Vacuum Cleaner,Home,8.0,45107.19,8856.4,Pune
106163,24-06-2025,Customer_2341,Bookshelf,Furniture,2.0,12829.57,2203.84,Mumbai
106164,28-06-2025,Customer_2252,Laptop,Electronics,3.0,157063.98,18970.95,Aurangabad
106165,26-03-2025,Customer_0930,Jeans,Clothing,4.0,7279.58,511.09,Aurangabad
106166,14-02-2025,Customer_0016,Cabinet,Furniture,8.0,69255.65,7586.36,NASHIK
106167,16-05-2025,Customer_2071,Table,Furniture,6.0,46532.68,8320.57,MUMBAI
106168,2025/12/09,Customer_1322,Headphones,Electronics,6.0,14239.1,2499.58,Pune
106169,16-01-2025,Customer_2476,Tablet,Electronics,4.0,76485.33,11133.66, Aurangabad 
106170,29-11-2025,Customer_2464,Mixer,Home,5.0,18956.21,2899.66,Mumbai
106171,14-07-2025,Customer_1883,Tablet,Electronics,6.0,101087.03,17938.75,Nashik
106172,09-01-2025,Customer_1225,Headphones,Electronics,3.0,7700.56,477.72,Kolhapur
106173,12-11-2025,Customer_0650,Cookware,Home,7.0,17255.6,2541.8,nagpur
106174,30-11-2025,Customer_2119,Bookshelf,Furniture,2.0,13327.06,2681.91,kolhapur
106175,29-11-2025,Customer_1231,Office Chair,Furniture,3.0,22128.52,3125.11,Aurangabad
106176,23-11-2025,Customer_1779,Bedsheet,Home,4.0,7018.03,925.75,Aurangabad
106177,15-01-2025,Customer_1057,Bedsheet,Home,3.0,6040.14,1124.09, Nashik 
106178,23-11-2025,Customer_1404,Bookshelf,Furniture,4.0,21310.98,3359.66,nashik
106179,12-04-2025,Customer_0675,Vacuum Cleaner,Home,8.0,59736.14,9276.31,Kolhapur
106180,14-08-2025,Customer_0452,Lamp,Home,8.0,10423.31,1907.99,Nashik
106181,05-10-2025,Customer_2124,Lamp,Home,4.0,4584.46,547.82,Aurangabad
106182,04/23/2025,Customer_0928,Smartphone,Electronics,1.0,26680.57,3735.21,Nashik
106183,01-01-2025,Customer_1201,Headphones,Electronics,3.0,7658.78,1333.13,Nagpur
106184,23-09-2025,Customer_0205,Mixer,Home,1.0,3791.45,392.2,Kolhapur
106185,07/27/2025,Customer_1717,T-Shirt,Clothing,2.0,1251.65,133.54,Aurangabad
106186,20-04-2025,Customer_1958,Shoes,Clothing,4.0,10022.61,1150.02,Nagpur
106187,19-07-2025,Customer_1661,Bookshelf,Furniture,3.0,18369.16,1259.29, Nagpur 
106188,02-11-2025,Customer_1072,Desk,Furniture,6.0,72210.61,8584.22,Kolhapur
106189,12-01-2025,Customer_1690,Office Chair,Furniture,4.0,30312.0,3867.97,Kolhapur
106190,11-12-2025,Customer_1100,Office Chair,Furniture,2.0,14029.02,2871.14,Aurangabad
106191,07-07-2025,Customer_0608,Laptop,Electronics,6.0,298791.73,50501.33,nagpur
106192,03-06-2025,Customer_1885,Office Chair,Furniture,2.0,16910.9,2472.16,Mumbai
106193,30-11-2025,Customer_0270,Table,Furniture,5.0,50081.51,4005.33,Nashik
106194,06-10-2025,Customer_2342,Lamp,Home,7.0,8384.35,1116.16,Pune
106195,20-06-2025,Customer_0516,Laptop,Electronics,5.0,234419.8,30690.52,Kolhapur
106196,14-05-2025,Customer_2161,Desk,Furniture,6.0,69171.04,11563.17,Aurangabad
106197,25-01-2025,Customer_0671,Shoes,Clothing,5.0,14143.74,1042.77,Mumbai
106198,18-01-2025,Customer_1702,Bookshelf,Furniture,7.0,39826.2,5219.24,AURANGABAD
106199,2025/07/09,Customer_1446,Bedsheet,Home,2.0,3551.6,653.39, Mumbai 
106200,21-05-2025,Customer_1767,Smartphone,Electronics,3.0,73726.4,4743.98,Mumbai
106201,12-02-2025,Customer_1650,Shoes,Clothing,4.0,10630.31,2142.78,Nashik
106202,30-11-2025,Customer_0587,Laptop,Electronics,4.0,220917.71,33795.41,Kolhapur
106203,11-10-2025,Customer_0228,Monitor,Electronics,1.0,12584.33,1199.33,Nagpur
106204,05/26/2025,Customer_0277,Shoes,Clothing,7.0,16109.64,2076.83,Aurangabad
106205,11-11-2025,Customer_1850,Jacket,Clothing,3.0,9478.93,1360.09,
106206,11/15/2025,Customer_1303,Cookware,Home,6.0,11980.71,1228.91,Nashik
106207,2025/04/02,Customer_1019,Headphones,Electronics,3.0,7239.03,1156.23,Pune
106208,28-06-2025,Customer_2453,Vacuum Cleaner,Home,8.0,51064.52,6270.27,Mumbai
106209,25-02-2025,Customer_1490,Tablet,Electronics,8.0,146796.28,14487.85, Nashik 
106210,04-06-2025,Customer_1253,Cabinet,Furniture,4.0,27957.47,1786.66,Mumbai
106211,09-06-2025,Customer_1136,Vacuum Cleaner,Home,1.0,6014.96,449.04,Nashik
106212,21-04-2025,Customer_1421,Cabinet,Furniture,3.0,22821.65,4191.64,Mumbai
106213,17-05-2025,Customer_1370,Vacuum Cleaner,Home,4.0,27687.1,4367.6, Nagpur 
106214,2025/08/20,Customer_0907,Desk,Furniture,-1.0,26538.0,2789.96,Mumbai
106215,08/08/2025,Customer_1136,Tablet,Electronics,4.0,80317.16,9949.55,NASHIK
106216,09-03-2025,Customer_0741,Desk,Furniture,1.0,11643.22,1453.73,mumbai
106217,29-10-2025,Customer_0733,Lamp,Home,2.0,2110.63,456.06,Mumbai
106218,06-09-2025,Customer_0089,Shoes,Clothing,5.0,11144.4,1276.5,aurangabad
106219,11/19/2025,Customer_0645,Jeans,Clothing,8.0,12106.11,871.02,Pune
106220,06-01-2025,Customer_0184,Desk,Furniture,6.0,64488.82,4332.19,Nashik
106221,07-10-2025,Customer_0515,Tablet,Electronics,1.0,16878.98,3353.27,Mumbai
106222,2025/04/04,Customer_0117,Bookshelf,Furniture,2.0,11421.99,911.37,Nagpur
106223,26-09-2025,Customer_1329,Headphones,Electronics,6.0,15655.62,3435.72,KOLHAPUR
106224,16-07-2025,Customer_0215,Mixer,Home,5.0,16094.7,1685.62,Nashik
106225,25-01-2025,Customer_1397,Desk,Furniture,,68493.25,6068.79,Nagpur
106226,05/28/2025,Customer_2432,T-Shirt,Clothing,2.0,1404.71,138.15,Kolhapur
106227,28-04-2025,Customer_0359,Bookshelf,Furniture,6.0,40669.4,8827.02,MUMBAI
106228,04-12-2025,Customer_1992,Jeans,Clothing,1.0,1751.05,193.26,Kolhapur
106229,2025/12/04,Customer_1022,Monitor,Electronics,2.0,27189.29,2685.46,Aurangabad
106230,03/07/2025,Customer_0915,T-Shirt,Clothing,6.0,4692.36,968.17,Aurangabad
106231,28-10-2025,Customer_0281,Backpack,Clothing,5.0,6829.63,1127.2,Kolhapur
106232,24-06-2025,Customer_2037,Mixer,Home,6.0,18892.99,2448.34, Nashik 
106233,15-11-2025,Customer_1607,Shoes,Clothing,2.0,5197.25,632.32, Nagpur 
106234,17-03-2025,Customer_1138,Desk,Furniture,3.0,34462.07,2073.23,NAGPUR
106235,2025/04/24,Customer_0493,Office Chair,Furniture,7.0,57292.62,11589.95,AURANGABAD
106236,21-04-2025,Customer_2198,Cookware,Home,2.0,5019.69,878.86,Aurangabad
106237,2025/09/06,Customer_1295,Shoes,Clothing,4.0,10146.38,1045.94,Mumbai
106238,22-07-2025,Customer_1786,Laptop,Electronics,8.0,505907.53,78092.12,Pune
106239,27-05-2025,Customer_0631,T-Shirt,Clothing,5.0,3690.21,624.33,Pune
106240,04-02-2025,Customer_2052,Backpack,Clothing,7.0,10815.04,665.64,nashik
106241,05-11-2025,Customer_1887,Vacuum Cleaner,Home,8.0,47635.85,7930.68,Pune
106242,26-01-2025,Customer_1731,Jeans,Clothing,4.0,7158.68,1214.5,Pune
106243,26-08-2025,Customer_0448,Monitor,Electronics,1.0,13636.66,1607.07,Pune
106244,14-01-2025,Customer_0394,Headphones,Electronics,7.0,18749.23,3348.58,Pune
106245,14-02-2025,Customer_1989,Cabinet,Furniture,3.0,24770.82,2641.43, Kolhapur 
106246,04-08-2025,Customer_0157,Monitor,Electronics,4.0,63142.6,9364.1,Nashik
106247,2025/08/21,Customer_0996,Mixer,Home,7.0,26635.12,2511.41,Kolhapur
106248,12-07-2025,Customer_2195,Tablet,Electronics,8.0,137262.56,27443.28,Aurangabad
106249,20-02-2025,Customer_1723,T-Shirt,Clothing,6.0,3633.13,515.8,Kolhapur
106250,02-08-2025,Customer_2422,Headphones,Electronics,1.0,2486.28,448.02, Nagpur 
106251,31-05-2025,Customer_1558,Shoes,Clothing,3.0,7009.26,666.24,Nagpur
106252,02-10-2025,Customer_0050,Cabinet,Furniture,1.0,9022.72,1366.7,Nagpur
106253,04-12-2025,Customer_0008,Table,Furniture,3.0,23797.99,2162.9,Aurangabad
106254,03/17/2025,Customer_0633,Headphones,Electronics,8.0,22992.96,2099.2,Aurangabad
106255,08-08-2025,Customer_1441,Table,Furniture,4.0,37193.14,4731.73,nagpur
106256,14-12-2025,Customer_2113,T-Shirt,Clothing,8.0,6247.81,1129.77,Mumbai
106257,06-07-2025,Customer_0204,Monitor,Electronics,4.0,57628.78,3556.75,Nagpur
106258,16-10-2025,Customer_0423,Vacuum Cleaner,Home,6.0,43443.6,5697.49,Aurangabad
106259,28-01-2025,Customer_2489,Jacket,Clothing,5.0,15812.63,2202.48,Kolhapur
106260,2025/06/29,Customer_0326,Table,Furniture,8.0,76195.25,5416.48,Nashik
106261,10-09-2025,Customer_2312,Bedsheet,Home,5.0,9661.91,1102.22,Pune
106262,05/06/2025,Customer_1841,Bedsheet,Home,7.0,12038.14,950.83,Nashik
106263,2025/06/26,Customer_2013,Monitor,Electronics,6.0,75100.8,6738.15,Pune
106264,06-02-2025,Customer_1452,Tablet,Electronics,5.0,85361.57,17304.09,NAGPUR
106265,09-04-2025,Customer_1648,Headphones,Electronics,6.0,14407.17,2534.19,Mumbai
106266,08-04-2025,Customer_2064,Jeans,Clothing,2.0,2799.44,432.73,Pune
106267,07-05-2025,Customer_0067,Cookware,Home,,6564.14,1420.96,Aurangabad
106268,17-06-2025,Customer_2168,Smartphone,Electronics,6.0,165579.35,21984.43,NASHIK
106269,21-03-2025,Customer_0984,Lamp,Home,4.0,5196.21,472.26,Nagpur
106270,21-10-2025,Customer_0076,Bedsheet,Home,4.0,7334.65,527.65,Aurangabad
106271,29-11-2025,Customer_2029,Office Chair,Furniture,7.0,50107.4,4817.22,Aurangabad
106272,06-05-2025,Customer_1703,Mixer,Home,3.0,11189.57,1548.8,Pune
106273,09-12-2025,Customer_0630,Jacket,Clothing,8.0,24087.19,3431.15,Pune
106274,06-11-2025,Customer_0236,Smartphone,Electronics,5.0,109493.17,19452.43,Mumbai
106275,2025/05/30,Customer_1316,Jacket,Clothing,6.0,18479.48,3780.25, Pune 
106276,16-01-2025,Customer_2417,Headphones,Electronics,5.0,12769.97,2305.92,Pune
106277,2025/01/28,Customer_2327,Monitor,Electronics,4.0,60234.34,5115.1,Nagpur
106278,22-06-2025,Customer_2132,Bedsheet,Home,4.0,6474.72,461.92,Kolhapur
106279,15-02-2025,Customer_1547,Cookware,Home,5.0,10405.71,1412.69,Pune
106280,24-11-2025,Customer_0829,Cookware,Home,1.0,2528.61,326.09,nashik
106281,24-08-2025,Customer_0244,Cabinet,Furniture,4.0,34171.93,5841.47,Pune
106282,02-08-2025,Customer_1193,Monitor,Electronics,2.0,25517.65,1769.93,Mumbai
106283,26-03-2025,Customer_0926,Jeans,Clothing,5.0,8110.42,1395.39,pune
106284,09-10-2025,Customer_1793,Lamp,Home,0.0,2758.74,323.81, Kolhapur 
106285,20-08-2025,Customer_1693,Lamp,Home,5.0,6713.46,813.06,Nagpur
106286,26-03-2025,Customer_0798,Cabinet,Furniture,8.0,67636.7,10532.42, Nashik 
106287,06-03-2025,Customer_0643,Monitor,Electronics,7.0,84857.58,6155.75,Mumbai
106288,14-05-2025,Customer_1341,Jeans,Clothing,8.0,10959.73,1307.86,AURANGABAD
106289,31-05-2025,Customer_0680,Mixer,Home,1.0,3758.09,329.36,mumbai
106290,25-04-2025,Customer_0920,Office Chair,Furniture,3.0,23214.51,2465.67, Nashik 
106291,05-03-2025,Customer_1918,Headphones,Electronics,7.0,19059.21,3578.24,Nagpur
106292,09-12-2025,Customer_0323,Smartphone,Electronics,6.0,162393.65,23380.36, Aurangabad 
106293,29-12-2025,Customer_1075,Backpack,Clothing,1.0,1309.52,248.17,Pune
106294,12/18/2025,Customer_1380,Cabinet,Furniture,1.0,7246.64,770.76, Pune 
106295,07-06-2025,Customer_0178,Bedsheet,Home,7.0,11405.32,1914.65,Aurangabad
106296,2025/03/18,Customer_2373,Smartphone,Electronics,4.0,105587.08,17358.68,Mumbai
106297,05/26/2025,Customer_1129,Vacuum Cleaner,Home,5.0,31677.11,2408.33,Nagpur
106298,09-12-2025,Customer_0794,Monitor,Electronics,7.0,110088.39,15548.55,nagpur
106299,13-08-2025,Customer_1941,Headphones,Electronics,3.0,7290.69,1124.31,NAGPUR
106300,09-11-2025,Customer_1241,Backpack,Clothing,5.0,6354.86,516.06,Nashik
106301,13-04-2025,Customer_0656,Office Chair,Furniture,3.0,21862.3,2106.55,Nashik
106302,13-12-2025,Customer_0784,Bookshelf,Furniture,7.0,38778.06,7864.26,Aurangabad
106303,28-10-2025,Customer_0962,Smartphone,Electronics,8.0,201845.55,27724.51,Nagpur
106304,29-03-2025,Customer_0171,Headphones,Electronics,6.0,15852.66,3364.69,Mumbai
106305,10/30/2025,Customer_0625,Laptop,Electronics,1.0,48601.28,9397.81,Nagpur
106306,17-06-2025,Customer_1080,Vacuum Cleaner,Home,2.0,13327.67,1111.35,PUNE
106307,2025/06/19,Customer_0027,Cabinet,Furniture,7.0,52592.11,7214.47,Nagpur
106308,15-05-2025,Customer_1861,Laptop,Electronics,5.0,290772.11,28733.26,PUNE
106309,19-02-2025,Customer_1292,Laptop,Electronics,3.0,166726.5,28268.05, Nagpur 
106310,06-12-2025,Customer_1677,Bookshelf,Furniture,8.0,47261.87,9361.83,KOLHAPUR
106311,13-12-2025,Customer_0186,Bookshelf,Furniture,2.0,13330.05,1803.7,Mumbai
106312,14-05-2025,Customer_0382,T-Shirt,Clothing,5.0,3996.57,288.13,Mumbai
106313,13-12-2025,Customer_0455,Monitor,Electronics,2.0,23828.24,2881.0, Kolhapur 
106314,17-05-2025,Customer_1401,Headphones,Electronics,1.0,2575.82,413.86,Pune
106315,02-09-2025,Customer_0475,Desk,Furniture,6.0,71491.23,5717.96,nagpur
106316,19-04-2025,Customer_1845,Headphones,Electronics,5.0,11264.37,2211.69,pune
106317,09-11-2025,Customer_2346,Shoes,Clothing,1.0,2775.93,465.87,Aurangabad
106318,14-10-2025,Customer_1857,T-Shirt,Clothing,7.0,5141.4,800.15,pune
106319,21-01-2025,Customer_2157,Backpack,Clothing,8.0,10201.83,1311.14,Mumbai
106320,31-03-2025,Customer_0429,Laptop,Electronics,4.0,232929.05,33998.41,Nashik
106321,23-10-2025,Customer_1290,Shoes,Clothing,5.0,10694.68,2273.36,Nagpur
106322,22-04-2025,Customer_1344,Desk,Furniture,8.0,105930.7,10771.8,Aurangabad
106323,28-10-2025,Customer_0224,Vacuum Cleaner,Home,5.0,33635.47,6986.7,Nagpur
106324,18-03-2025,Customer_0880,T-Shirt,Clothing,4.0,2460.65,345.68,Nagpur
106325,26-06-2025,Customer_0016,Jacket,Clothing,8.0,22105.95,2777.23,Kolhapur
106326,09-12-2025,Customer_0937,Desk,Furniture,2.0,26416.24,3193.81,Nagpur
106327,28-05-2025,Customer_1657,T-Shirt,Clothing,3.0,1825.11,128.73,Nashik
106328,11-04-2025,Customer_0070,Laptop,Electronics,7.0,332187.0,41677.27,Mumbai
106329,2025/09/03,Customer_1437,Table,Furniture,8.0,76717.58,7103.71,Mumbai
106330,27-04-2025,Customer_1425,Monitor,Electronics,1.0,14615.17,2483.62,Nagpur
106331,02-04-2025,Customer_0149,Cookware,Home,2.0,,636.35,Pune
106332,28-01-2025,,Monitor,Electronics,7.0,103435.13,13928.39,nashik
106333,25-01-2025,Customer_1320,Mixer,Home,3.0,9985.66,1588.36,Mumbai
106334,27-02-2025,Customer_1183,Mixer,Home,7.0,28012.18,3593.81,PUNE
106335,24-10-2025,Customer_1191,Headphones,Electronics,8.0,19350.41,2598.43, Kolhapur 
106336,14-05-2025,Customer_2300,Bedsheet,Home,5.0,7855.79,1166.63,Nagpur
106337,27-11-2025,Customer_2117,Backpack,Clothing,5.0,6640.26,527.42,Pune
106338,06-09-2025,Customer_1661,Mixer,Home,4.0,13858.28,839.0,Pune
106339,02/07/2025,Customer_1920,Laptop,Electronics,8.0,427035.65,32846.58,pune
106340,16-03-2025,Customer_0909,Tablet,Electronics,8.0,123449.44,23691.92,Aurangabad
106341,22-05-2025,Customer_2440,Lamp,Home,5.0,6749.25,629.22,Mumbai
106342,18-11-2025,Customer_2162,Office Chair,Furniture,8.0,60707.37,6342.3,Pune
106343,2025/06/17,Customer_0437,Laptop,Electronics,8.0,439152.22,57028.75,Kolhapur
106344,09/16/2025,Customer_1139,Mixer,Home,1.0,3257.5,560.5,KOLHAPUR
106345,21-12-2025,Customer_1098,Smartphone,Electronics,2.0,44397.36,3040.85,NASHIK
106346,13-08-2025,Customer_1369,T-Shirt,Clothing,6.0,4537.27,755.68,Kolhapur
106347,01-06-2025,Customer_0932,Bedsheet,Home,5.0,8996.02,1213.08,Mumbai
106348,19-01-2025,Customer_2313,Cabinet,Furniture,5.0,39968.94,5192.92,Aurangabad
106349,26-05-2025,Customer_0663,Lamp,Home,6.0,6968.65,975.27,Mumbai
106350,29-08-2025,Customer_0865,Tablet,Electronics,1.0,18153.98,3098.96,Aurangabad
106351,10-12-2025,Customer_0006,Bookshelf,Furniture,4.0,25520.69,3073.22,Pune
106352,25-08-2025,Customer_1576,Backpack,Clothing,3.0,4091.06,490.07,Aurangabad
106353,2025/02/04,Customer_1581,Lamp,Home,4.0,4852.61,643.15,Aurangabad
106354,09-07-2025,Customer_1870,Monitor,Electronics,8.0,125090.44,21442.73,mumbai
106355,01-01-2025,Customer_2327,Tablet,Electronics,4.0,80610.98,13982.93,Nashik
106356,02-06-2025,Customer_2075,Cookware,Home,5.0,12554.27,2030.25,Nagpur
106357,06-05-2025,Customer_2155,Desk,Furniture,6.0,82012.68,6996.27,Nagpur
106358,11-12-2025,Customer_1963,Jeans,Clothing,3.0,4155.57,634.39,Aurangabad
106359,2025/08/14,Customer_0379,Vacuum Cleaner,Home,8.0,59542.49,7550.99,Nashik
106360,2025/08/09,Customer_2362,Smartphone,Electronics,5.0,114201.63,16381.84,Mumbai
106361,30-07-2025,Customer_1804,Tablet,Electronics,7.0,131624.59,14535.12,Pune
106362,25-01-2025,Customer_1491,Mixer,Home,6.0,22353.05,4828.67,Kolhapur
106363,16-01-2025,Customer_1309,Tablet,Electronics,4.0,80574.4,8593.56,Nagpur
106364,01-07-2025,Customer_1592,Office Chair,Furniture,2.0,14220.26,1698.56,mumbai
106365,25-11-2025,Customer_2407,T-Shirt,Clothing,7.0,4744.99,360.86,Kolhapur
106366,2025/05/09,Customer_1611,Bookshelf,Furniture,5.0,32357.67,3832.9,NASHIK
106367,11-02-2025,Customer_0064,Cookware,Home,8.0,19605.45,4084.02,Pune
106368,02-12-2025,Customer_1991,Jacket,Clothing,6.0,14403.13,3142.19, Pune 
106369,24-08-2025,Customer_1027,Cabinet,Furniture,4.0,34016.22,4873.26,aurangabad
106370,26-12-2025,Customer_2216,Table,Furniture,2.0,17403.45,2488.05,Nagpur
106371,03-02-2025,Customer_1484,Vacuum Cleaner,Home,3.0,18474.05,2949.01,NASHIK
106372,11-12-2025,Customer_1349,Cabinet,Furniture,1.0,7023.15,1119.35,Pune
106373,14-02-2025,Customer_0030,Table,Furniture,1.0,8393.43,527.29,Pune
106374,14-05-2025,Customer_0341,Laptop,Electronics,1.0,55869.65,8523.01,Nashik
106375,21-01-2025,Customer_0289,Mixer,Home,7.0,23960.28,1714.74,Kolhapur
106376,05/02/2025,Customer_1034,Cookware,Home,5.0,12298.03,1940.99,Aurangabad
106377,11-03-2025,Customer_0947,Smartphone,Electronics,2.0,44235.7,6270.36, Pune 
106378,18-12-2025,Customer_0792,Monitor,Electronics,3.0,41965.4,2923.49,Kolhapur
106379,27-12-2025,Customer_2297,Shoes,Clothing,1.0,2580.14,488.5,Nagpur
106380,02/17/2025,Customer_0894,Cookware,Home,4.0,9457.38,874.57,Pune
106381,08-02-2025,Customer_2168,Headphones,Electronics,5.0,13858.6,1591.06,Pune
106382,14-10-2025,Customer_1691,Bedsheet,Home,4.0,8164.46,583.59,Nashik
106383,10-01-2025,Customer_2482,Shoes,Clothing,2.0,4979.31,774.48,Mumbai
106384,30-01-2025,Customer_0573,Office Chair,Furniture,3.0,20796.64,3814.54,pune
106385,01-09-2025,Customer_2156,Cookware,Home,2.0,4567.5,287.28,Aurangabad
106386,01-10-2025,Customer_1969,Lamp,Home,2.0,2478.03,343.54,Nagpur
106387,29-03-2025,Customer_0638,Smartphone,Electronics,1.0,22720.22,4982.99,Mumbai
106388,01-09-2025,Customer_1788,Lamp,Home,2.0,2685.96,286.86, Kolhapur 
106389,25-11-2025,Customer_1298,Table,Furniture,4.0,36443.57,4032.13,Aurangabad
106390,01/15/2025,Customer_1780,Tablet,Electronics,8.0,155901.42,32560.48,nashik
106391,04-01-2025,,Smartphone,Electronics,3.0,71823.64,13567.02,Kolhapur
106392,10-07-2025,Customer_0736,Monitor,Electronics,4.0,55973.25,6910.04,Nashik
106393,17-06-2025,Customer_1648,Cabinet,Furniture,3.0,27156.64,3847.14,Nagpur
106394,09-01-2025,Customer_2468,Smartphone,Electronics,7.0,173289.05,29041.43,Mumbai
106395,19-04-2025,Customer_2479,Vacuum Cleaner,Home,5.0,30172.03,3378.27, Kolhapur 
106396,17-05-2025,Customer_1283,Jeans,Clothing,3.0,5422.15,913.98,Mumbai
106397,03-06-2025,Customer_1235,Lamp,Home,5.0,6587.95,681.05,Aurangabad
106398,28-07-2025,Customer_2221,Jeans,Clothing,7.0,11347.14,2444.44, Nagpur 
106399,29-09-2025,Customer_1267,Laptop,Electronics,2.0,104017.23,8911.8, Mumbai 
106400,23-05-2025,Customer_1055,Office Chair,Furniture,7.0,52671.45,6428.62,Pune
106401,09-04-2025,Customer_1962,Headphones,Electronics,8.0,17957.46,3630.43,Pune
106402,04-11-2025,Customer_2433,Jacket,Clothing,6.0,19273.25,2909.74,Aurangabad
106403,10-03-2025,Customer_1973,Tablet,Electronics,3.0,58449.76,11540.68,Kolhapur
106404,04-09-2025,Customer_0704,Vacuum Cleaner,Home,1.0,6891.91,462.21,Nashik
106405,18-09-2025,Customer_1092,Smartphone,Electronics,1.0,22432.26,1600.73,Nagpur
106406,03-10-2025,Customer_0477,Table,Furniture,3.0,23030.02,2509.34,nagpur
106407,20-03-2025,Customer_0093,Table,Furniture,7.0,60965.53,6009.05,mumbai
106408,26-05-2025,Customer_2084,Desk,Furniture,6.0,62595.46,9062.45,Nashik
106409,21-04-2025,Customer_0718,Monitor,Electronics,1.0,13047.94,2444.74,Kolhapur
106410,15-09-2025,Customer_1919,Jacket,Clothing,8.0,19094.11,3719.62,Mumbai
106411,03-04-2025,Customer_2465,Vacuum Cleaner,Home,4.0,29547.08,5158.38,Nashik
106412,13-01-2025,,Vacuum Cleaner,Home,6.0,-41733.64,8737.77,PUNE
106413,17-09-2025,Customer_1104,Bookshelf,Furniture,8.0,43810.63,9600.24,aurangabad
106414,19-04-2025,Customer_1964,Laptop,Electronics,2.0,119024.88,20978.29,Aurangabad
106415,26-11-2025,Customer_0049,Table,Furniture,8.0,68999.56,10165.32, Mumbai 
106416,08-07-2025,Customer_1610,Cookware,Home,6.0,13809.51,2199.23,Aurangabad
106417,05-04-2025,Customer_0424,Bedsheet,Home,2.0,3821.38,279.65,Mumbai
106418,15-04-2025,Customer_0657,Backpack,Clothing,5.0,6696.86,866.84,Mumbai
106419,08-01-2025,Customer_2225,Office Chair,Furniture,1.0,6961.42,609.96,Pune
106420,08-03-2025,Customer_0132,Shoes,Clothing,4.0,8916.78,1057.72,Aurangabad
106421,10-07-2025,Customer_1036,Cabinet,Furniture,3.0,23952.78,1678.52,Aurangabad
106422,13-09-2025,Customer_0915,Cabinet,Furniture,8.0,72572.0,13239.96,Mumbai
106423,09-01-2025,Customer_2137,Laptop,Electronics,8.0,470472.43,41240.52,Kolhapur
106424,2025/04/27,Customer_1808,Office Chair,Furniture,3.0,23200.66,3358.43,Mumbai
106425,24-09-2025,,Lamp,Home,5.0,6868.44,1233.76,Nashik
106426,09-04-2025,Customer_1934,Desk,Furniture,1.0,12272.74,2407.05,mumbai
106427,25-10-2025,Customer_0093,Laptop,Electronics,8.0,394472.44,24628.75,Kolhapur
106428,13-06-2025,Customer_1038,Jeans,Clothing,8.0,13530.5,1024.66,Aurangabad
106429,21-05-2025,Customer_2008,Tablet,Electronics,3.0,47770.02,8557.95,kolhapur
106430,25-09-2025,Customer_1337,Cookware,Home,7.0,14339.87,2302.71,Pune
106431,06-02-2025,Customer_1448,Cabinet,Furniture,6.0,54010.66,5975.52,Nashik
106432,15-03-2025,Customer_1489,Laptop,Electronics,1.0,50332.88,3878.15,Pune
106433,14-03-2025,Customer_1244,Monitor,Electronics,2.0,24895.88,1741.61,Aurangabad
106434,2025/11/04,Customer_1759,Jeans,Clothing,3.0,4206.21,543.11,Mumbai
106435,18-07-2025,Customer_0860,Office Chair,Furniture,1.0,7096.95,1228.12,Nagpur
106436,05/10/2025,Customer_0529,Tablet,Electronics,3.0,59997.91,11133.44,Mumbai
106437,03-09-2025,Customer_2167,T-Shirt,Clothing,3.0,2119.3,161.9,Mumbai
106438,08-11-2025,Customer_0584,Smartphone,Electronics,5.0,132866.27,15685.21,aurangabad
106439,01-03-2025,Customer_1356,Jeans,Clothing,8.0,11208.9,2183.43,Mumbai
106440,06-10-2025,Customer_2295,Tablet,Electronics,3.0,51379.11,4876.9,Pune
106441,04/13/2025,Customer_0906,Tablet,Electronics,7.0,140040.89,28616.15, Pune 
106442,10/23/2025,Customer_2287,Bedsheet,Home,7.0,11991.31,1400.2,NAGPUR
106443,16-11-2025,Customer_0846,T-Shirt,Clothing,4.0,2866.89,508.44,Pune
106444,07-12-2025,Customer_1036,Jacket,Clothing,5.0,12165.23,1884.82, Pune 
106445,31-05-2025,Customer_1786,Tablet,Electronics,2.0,40890.46,4168.17,Nagpur
106446,06/06/2025,Customer_0018,Backpack,Clothing,8.0,12573.66,2665.95, Pune 
106447,25-07-2025,Customer_2263,Jacket,Clothing,6.0,15636.53,2825.09,Pune
106448,28-06-2025,Customer_2007,Headphones,Electronics,2.0,4608.16,820.33,Nagpur
106449,16-07-2025,Customer_0697,Jeans,Clothing,7.0,12199.33,1214.48,Kolhapur
106450,11-08-2025,Customer_1212,Monitor,Electronics,3.0,44719.96,8493.96, Pune 
106451,30-03-2025,Customer_1302,Headphones,Electronics,1.0,2393.93,207.87,Pune
106452,2025/10/14,Customer_0405,Vacuum Cleaner,Home,7.0,39930.32,6071.85,aurangabad
106453,2025/10/03,Customer_0666,Office Chair,Furniture,6.0,51454.32,9862.36,Aurangabad
106454,24-08-2025,Customer_1002,Jacket,Clothing,3.0,8238.32,1201.64,Aurangabad
106455,02-07-2025,Customer_1329,Desk,Furniture,1.0,11206.3,964.76,Kolhapur
106456,28-07-2025,Customer_1246,Table,Furniture,8.0,71612.95,9607.61,Mumbai
106457,10-05-2025,Customer_1254,Jacket,Clothing,1.0,-2818.42,598.77,Nagpur
106458,02-06-2025,Customer_0813,Cookware,Home,6.0,13611.43,2135.95,Kolhapur
106459,13-01-2025,Customer_0357,T-Shirt,Clothing,2.0,1243.77,272.93,Pune
106460,2025/05/02,Customer_1309,Jeans,Clothing,6.0,10385.79,2080.82,Kolhapur
106461,25-12-2025,Customer_1825,Cookware,Home,8.0,17147.51,2406.49,aurangabad
106462,08-08-2025,Customer_0906,Table,Furniture,1.0,9059.63,824.93,Pune
106463,16-04-2025,Customer_0975,Lamp,Home,1.0,1268.22,259.32,PUNE
106464,11-03-2025,Customer_2429,Jacket,Clothing,1.0,2517.51,185.82,nagpur
106465,14-07-2025,Customer_0277,Monitor,Electronics,7.0,105003.64,10890.17,Nashik
106466,2025/07/05,Customer_1508,Desk,Furniture,4.0,49783.62,8529.0,Aurangabad
106467,09-04-2025,Customer_2443,Jacket,Clothing,6.0,15902.43,3028.19,Mumbai
106468,23-03-2025,Customer_2309,Headphones,Electronics,6.0,15224.95,3030.37,Nagpur
106469,16-03-2025,Customer_2032,Lamp,Home,8.0,10358.29,2061.01,Kolhapur
106470,06-12-2025,Customer_1840,Laptop,Electronics,4.0,188330.65,18637.39,Kolhapur
106471,11-07-2025,Customer_1358,Office Chair,Furniture,5.0,32887.59,4299.5,nagpur
106472,21-11-2025,Customer_1025,Cookware,Home,8.0,19658.99,2650.16,Nashik
106473,02-08-2025,Customer_0003,Laptop,Electronics,7.0,425391.86,47792.14, Kolhapur 
106474,2025/11/11,Customer_0160,Backpack,Clothing,8.0,10660.96,2167.26, Pune 
106475,14-11-2025,Customer_0477,Jeans,Clothing,3.0,4693.18,874.63, Mumbai 
106476,05/24/2025,Customer_0249,Table,Furniture,7.0,58022.56,12289.65,Pune
106477,08/04/2025,Customer_1773,Bookshelf,Furniture,8.0,49073.93,8906.51,AURANGABAD
106478,27-12-2025,Customer_0029,Smartphone,Electronics,4.0,87685.47,12173.05,Aurangabad
106479,20-11-2025,Customer_0434,Lamp,Home,7.0,9410.62,1885.19,Aurangabad
106480,15-01-2025,Customer_2365,Smartphone,Electronics,8.0,172808.84,18765.61,Kolhapur
106481,05-08-2025,Customer_1345,Table,Furniture,2.0,17693.93,1549.32,Aurangabad
106482,04-02-2025,Customer_0866,Mixer,Home,4.0,14965.99,1339.78,KOLHAPUR
106483,02-07-2025,Customer_0597,Vacuum Cleaner,Home,6.0,37205.68,6180.79,KOLHAPUR
106484,2025/09/27,Customer_2100,Backpack,Clothing,7.0,9747.34,1736.7,AURANGABAD
106485,24-12-2025,Customer_0962,Monitor,Electronics,5.0,79685.37,6267.05,Kolhapur
106486,10-04-2025,Customer_0210,Bedsheet,Home,4.0,7652.67,741.2,Aurangabad
106487,07-01-2025,Customer_0972,Laptop,Electronics,8.0,428710.93,27976.83,Nagpur
106488,30-01-2025,Customer_1134,Backpack,Clothing,5.0,6235.41,693.15,Nashik
106489,01-11-2025,Customer_1136,Lamp,Home,5.0,5715.57,1165.6,Pune
106490,2025/05/24,Customer_2382,Tablet,Electronics,7.0,135140.53,29129.44,Mumbai
106491,21-04-2025,Customer_1407,Cookware,Home,7.0,15857.71,1564.75,Nashik
106492,20-08-2025,Customer_1453,Bookshelf,Furniture,8.0,45518.23,5060.43,kolhapur
106493,28-06-2025,Customer_1062,Tablet,Electronics,,17063.07,2861.04,Mumbai
106494,13-03-2025,Customer_2113,Backpack,Clothing,4.0,5651.76,687.64,Nashik
106495,07/29/2025,Customer_1491,Tablet,Electronics,7.0,112735.59,7163.48,Kolhapur
106496,08-08-2025,Customer_2036,Shoes,Clothing,4.0,9156.5,706.84,Nashik
106497,21-03-2025,Customer_1550,Vacuum Cleaner,Home,2.0,14113.24,1100.83,Nagpur
106498,24-03-2025,Customer_0160,Jeans,Clothing,5.0,8538.15,1039.14,nagpur
106499,11-02-2025,Customer_0401,Office Chair,Furniture,8.0,52320.81,9942.88,Aurangabad
106500,30-09-2025,Customer_0385,Bedsheet,Home,7.0,12901.0,1260.71,Aurangabad
106501,10-07-2025,Customer_0011,Bookshelf,Furniture,1.0,6710.43,451.22,Nagpur
106502,22-06-2025,Customer_0609,Table,Furniture,3.0,24584.74,4433.3,Mumbai
106503,07-01-2025,Customer_1158,Cabinet,Furniture,6.0,51015.04,5422.06,Pune
106504,04-06-2025,Customer_2383,Desk,Furniture,7.0,,14395.06,kolhapur
106505,10-01-2025,Customer_0178,Jeans,Clothing,6.0,9063.45,827.62,Aurangabad
106506,03-02-2025,Customer_0567,Desk,Furniture,2.0,24115.65,4959.05,AURANGABAD
106507,05-02-2025,Customer_0650,Lamp,Home,4.0,4142.71,756.16,Nagpur
106508,06-01-2025,Customer_0487,Bookshelf,Furniture,6.0,36782.71,4710.83, Nashik 
106509,03-08-2025,Customer_2434,Cookware,Home,5.0,11805.47,2532.65,aurangabad
106510,14-05-2025,Customer_0525,Smartphone,Electronics,3.0,68907.14,5718.16, Mumbai 
106511,12-10-2025,Customer_0307,Shoes,Clothing,8.0,22477.29,3754.44,Nashik
106512,06-05-2025,Customer_0137,Vacuum Cleaner,Home,6.0,38274.44,5807.06,Kolhapur
106513,03-12-2025,Customer_1508,Bookshelf,Furniture,6.0,38652.63,7099.91,Nashik
106514,23-06-2025,Customer_0151,Mixer,Home,3.0,11822.67,1516.79,PUNE
106515,01-06-2025,Customer_1031,Mixer,Home,8.0,26264.65,4263.97,PUNE
106516,27-11-2025,Customer_1088,Table,Furniture,5.0,43862.33,6804.62,
106517,01/26/2025,Customer_0456,Shoes,Clothing,7.0,17079.93,1442.9,Mumbai
106518,25-04-2025,Customer_2446,Monitor,Electronics,4.0,55486.37,9463.03,Pune
106519,11-10-2025,Customer_1715,Table,Furniture,1.0,9808.07,1362.66,Nashik
106520,16-03-2025,Customer_0424,Tablet,Electronics,7.0,113345.99,14321.27,Mumbai
106521,15-06-2025,Customer_0109,Desk,Furniture,4.0,52122.63,6570.45,NASHIK
106522,08-07-2025,Customer_1718,Lamp,Home,5.0,6353.76,896.86, Kolhapur 
106523,19-03-2025,Customer_1052,Jeans,Clothing,1.0,1475.79,276.54,Nashik
106524,31-03-2025,Customer_2379,Jacket,Clothing,6.0,14704.44,2117.18, Nashik 
106525,25-06-2025,Customer_0870,Smartphone,Electronics,7.0,159716.78,11296.85,Aurangabad
106526,21-01-2025,Customer_2047,Shoes,Clothing,1.0,2502.2,350.13,Nagpur
106527,2025/02/23,Customer_0887,Vacuum Cleaner,Home,5.0,34517.28,6184.12,Mumbai
106528,07/03/2025,Customer_0786,Table,Furniture,7.0,67305.26,8448.79,Kolhapur
106529,25-12-2025,Customer_0145,Headphones,Electronics,7.0,18191.37,2770.75,PUNE
106530,10-08-2025,Customer_2317,Desk,Furniture,7.0,82023.36,12759.06,Nagpur
106531,2025/11/11,Customer_0753,Table,Furniture,1.0,10207.57,927.49,Aurangabad
106532,24-11-2025,Customer_2312,Desk,Furniture,1.0,13460.78,922.78,Nagpur
106533,2025/06/28,Customer_1641,Jacket,Clothing,1.0,2639.05,280.01,Pune
106534,03-10-2025,Customer_1769,Vacuum Cleaner,Home,1.0,6746.41,546.43,Aurangabad
106535,2025/04/22,Customer_1396,Mixer,Home,2.0,7802.93,1502.6,Aurangabad
106536,12-08-2025,Customer_0229,Smartphone,Electronics,1.0,26140.49,3485.74,mumbai
106537,08/02/2025,Customer_0136,Bookshelf,Furniture,5.0,33896.6,6539.31,NAGPUR
106538,28-02-2025,Customer_0671,Vacuum Cleaner,Home,8.0,51989.32,8957.75,Pune
106539,2025/11/23,Customer_2258,Cookware,Home,2.0,4488.35,691.52,Aurangabad
106540,19-04-2025,Customer_2410,Desk,Furniture,4.0,45566.06,6102.82,Aurangabad
106541,06-06-2025,Customer_2368,Monitor,Electronics,3.0,36684.33,4298.52,Nagpur
106542,10-07-2025,Customer_1382,Office Chair,Furniture,1.0,7940.61,1687.5, Mumbai 
106543,19-07-2025,Customer_0654,Tablet,Electronics,2.0,41001.09,6105.7,Mumbai
106544,08-11-2025,Customer_2291,Mixer,Home,1.0,3611.95,324.05,Mumbai
106545,15-07-2025,Customer_1898,Cabinet,Furniture,4.0,33874.96,2415.47,Nagpur
106546,04-02-2025,Customer_0222,Jeans,Clothing,8.0,11973.19,1998.78,Nashik
106547,03-09-2025,Customer_2012,Backpack,Clothing,6.0,7921.98,538.5, Aurangabad 
106548,25-08-2025,Customer_0255,Cookware,Home,3.0,7257.1,795.76,Nagpur
106549,14-04-2025,Customer_2124,Desk,Furniture,3.0,31281.54,2251.21,AURANGABAD
106550,07-01-2025,Customer_1727,Laptop,Electronics,3.0,152712.06,13512.35,Kolhapur
106551,10-10-2025,Customer_1704,Headphones,Electronics,5.0,13528.63,1508.03,aurangabad
106552,01-01-2025,Customer_0563,Lamp,Home,6.0,7858.14,690.07,Aurangabad
106553,2025/08/07,Customer_0054,Shoes,Clothing,7.0,17462.62,2970.15,kolhapur
106554,18-08-2025,Customer_1087,Mixer,Home,7.0,25617.13,4000.9,Nagpur
106555,21-06-2025,Customer_0725,Bookshelf,Furniture,6.0,40588.07,3919.35, Nashik 
106556,28-03-2025,Customer_2254,Cookware,Home,8.0,17566.84,3538.64,Nagpur
106557,10-02-2025,Customer_2243,Shoes,Clothing,8.0,17467.36,1204.24,Kolhapur
106558,03-05-2025,Customer_0015,T-Shirt,Clothing,8.0,5151.95,830.92,Aurangabad
106559,27-11-2025,Customer_1961,Shoes,Clothing,6.0,13919.46,1258.85,Nagpur
106560,25-10-2025,Customer_0354,Mixer,Home,7.0,24197.2,3827.41,Mumbai
106561,27-06-2025,Customer_0636,Cookware,Home,5.0,10170.24,1099.51,NAGPUR
106562,04-03-2025,Customer_2100,Monitor,Electronics,3.0,43430.85,9177.73, Mumbai 
106563,14-06-2025,Customer_1054,Mixer,Home,7.0,25784.35,4776.93,Pune
106564,06-07-2025,Customer_1400,Mixer,Home,1.0,3360.15,347.98,Mumbai
106565,07/28/2025,Customer_0137,Mixer,Home,7.0,24163.87,4570.38,nashik
106566,15-08-2025,Customer_0825,Bedsheet,Home,1.0,1776.4,347.24,Pune
106567,17-02-2025,Customer_1934,Bedsheet,Home,5.0,10319.68,738.11,Kolhapur
106568,12-08-2025,Customer_1910,T-Shirt,Clothing,3.0,1813.61,152.22,Kolhapur
106569,03-01-2025,Customer_1076,Office Chair,Furniture,3.0,21719.5,1758.56,Mumbai
106570,06/24/2025,Customer_1107,Jeans,Clothing,6.0,10667.51,679.56, Pune 
106571,09-04-2025,Customer_2363,Mixer,Home,2.0,6613.16,592.22,Kolhapur
106572,26-04-2025,Customer_2279,Monitor,Electronics,5.0,79062.33,13212.66,Pune
106573,27-09-2025,Customer_1931,Mixer,Home,2.0,7865.26,1695.54,Pune
106574,10-09-2025,Customer_1504,Bedsheet,Home,2.0,3596.87,350.66,Mumbai
106575,11/13/2025,Customer_0424,Tablet,Electronics,8.0,130769.08,12510.29,Aurangabad
106576,05-04-2025,Customer_0239,Tablet,Electronics,5.0,95632.02,6356.79, Nashik 
106577,30-09-2025,Customer_2245,Desk,Furniture,7.0,72694.3,11435.02,Kolhapur
106578,24-01-2025,Customer_1856,Shoes,Clothing,7.0,18245.8,3036.87,Aurangabad
106579,26-04-2025,Customer_0341,Bookshelf,Furniture,7.0,40385.69,7630.92,Aurangabad
106580,31-05-2025,Customer_0376,Headphones,Electronics,2.0,5050.44,388.25,Pune
106581,04-12-2025,Customer_0209,Laptop,Electronics,8.0,479217.11,101829.25, Pune 
106582,19-02-2025,Customer_0116,Vacuum Cleaner,Home,6.0,33852.42,4150.86,Aurangabad
106583,25-07-2025,Customer_0197,Office Chair,Furniture,6.0,44831.47,3740.53,Mumbai
106584,01-12-2025,Customer_0670,Jacket,Clothing,8.0,24871.0,2622.99,Aurangabad
106585,03/20/2025,Customer_0135,Cabinet,Furniture,3.0,26037.66,4357.64,Pune
106586,11-03-2025,Customer_1493,Smartphone,Electronics,8.0,205882.75,18682.39,Kolhapur
106587,27-01-2025,Customer_1368,Lamp,Home,8.0,8795.63,594.37, Aurangabad 
106588,28-09-2025,Customer_1317,Cabinet,Furniture,7.0,51643.97,5953.05,Kolhapur
106589,19-02-2025,Customer_0685,Lamp,Home,5.0,6599.66,782.87,Nashik
106590,2025/10/19,Customer_0679,Table,Furniture,5.0,48437.39,6311.91,PUNE
106591,04-09-2025,Customer_1165,T-Shirt,Clothing,7.0,5318.76,1149.93, Pune 
106592,21-09-2025,Customer_1195,Jeans,Clothing,8.0,11800.99,2336.3,Pune
106593,20-03-2025,Customer_0977,T-Shirt,Clothing,4.0,2902.33,553.67,Nagpur
106594,2025/07/09,Customer_1620,Table,Furniture,7.0,65864.97,8419.65,aurangabad
106595,16-02-2025,Customer_1544,Bedsheet,Home,2.0,3306.32,235.43,Pune
106596,27-12-2025,Customer_0363,Jacket,Clothing,8.0,22638.68,4945.47,Nagpur
106597,20-12-2025,Customer_1488,Backpack,Clothing,1.0,1499.98,168.56,Kolhapur
106598,18-12-2025,Customer_2115,Backpack,Clothing,7.0,10761.98,1969.85,Kolhapur
106599,08-07-2025,Customer_2410,Headphones,Electronics,5.0,11681.13,727.61,Kolhapur
106600,09/13/2025,Customer_0867,Monitor,Electronics,1.0,12396.28,2483.83,Nashik
106601,10-08-2025,Customer_0185,Cookware,Home,5.0,12110.66,1298.67,Aurangabad
106602,29-08-2025,Customer_1088,Shoes,Clothing,5.0,11694.48,2185.21, Nashik 
106603,26-09-2025,Customer_0857,Monitor,Electronics,7.0,110869.48,20473.38,Mumbai
106604,01-01-2025,,Jacket,Clothing,4.0,11554.74,1141.93,Mumbai
106605,2025/02/03,Customer_0399,Vacuum Cleaner,Home,2.0,13100.42,1275.48,Pune
106606,20-03-2025,Customer_0291,Laptop,Electronics,6.0,360493.13,43949.08,Kolhapur
106607,24-08-2025,Customer_2096,Shoes,Clothing,7.0,19251.91,2330.59,Kolhapur
106608,11/30/2025,Customer_0680,Backpack,Clothing,4.0,6144.57,696.37, Pune 
106609,15-12-2025,Customer_0483,Bookshelf,Furniture,7.0,41245.67,6536.54,Kolhapur
106610,08-04-2025,Customer_0814,Office Chair,Furniture,8.0,52265.18,11065.22,aurangabad
106611,23-03-2025,Customer_0164,Backpack,Clothing,1.0,1430.91,202.12,Mumbai
106612,11-07-2025,Customer_0635,Table,Furniture,5.0,49581.82,9843.08,Nashik
106613,09/10/2025,Customer_1372,Cookware,Home,1.0,2214.69,461.46, Nashik 
106614,2025/02/07,Customer_2353,Backpack,Clothing,3.0,3651.57,285.25,Kolhapur
106615,01/14/2025,Customer_2498,Vacuum Cleaner,Home,2.0,13377.47,1560.49,Mumbai
106616,13-12-2025,Customer_1047,Headphones,Electronics,8.0,19785.35,2225.71,Kolhapur
106617,06-11-2025,Customer_1584,Shoes,Clothing,5.0,12142.72,2326.83,Pune
106618,28-07-2025,Customer_1867,Jeans,Clothing,4.0,6579.47,1444.69, Pune 
106619,23-12-2025,Customer_1944,Vacuum Cleaner,Home,5.0,35297.07,3663.36,Mumbai
106620,30-03-2025,Customer_0322,Headphones,Electronics,7.0,16262.81,1849.79,NAGPUR
106621,25-02-2025,Customer_2193,Table,Furniture,6.0,59560.8,3833.69,Pune
106622,04-04-2025,Customer_0742,Jacket,Clothing,3.0,7720.06,1580.97,Nagpur
106623,03-04-2025,Customer_2416,Bedsheet,Home,8.0,15004.35,1444.85,Kolhapur
106624,06-12-2025,Customer_1201,Bedsheet,Home,6.0,9890.03,1958.41,Nashik
106625,26-03-2025,Customer_1852,Backpack,Clothing,5.0,7826.89,790.37,Nashik
106626,02-09-2025,Customer_0018,Smartphone,Electronics,5.0,122019.14,23615.01,Pune
106627,22-01-2025,Customer_1704,Cabinet,Furniture,4.0,34601.67,6582.16,Pune
106628,18-10-2025,Customer_0746,Backpack,Clothing,7.0,9854.09,2028.44,AURANGABAD
106629,09/29/2025,Customer_2382,Lamp,Home,2.0,2274.69,193.5,Mumbai
106630,02-11-2025,Customer_2114,Shoes,Clothing,4.0,10626.2,1554.58,Kolhapur
106631,02-05-2025,Customer_1142,Laptop,Electronics,3.0,182552.0,13323.64,Kolhapur
106632,08-05-2025,Customer_2475,Jacket,Clothing,8.0,24709.61,2642.13, Mumbai 
106633,23-04-2025,Customer_0487,Lamp,Home,7.0,8790.24,583.85,Pune
106634,30-09-2025,Customer_0558,Shoes,Clothing,7.0,18075.3,3158.9,aurangabad
106635,2025/12/02,Customer_1907,Desk,Furniture,1.0,11527.5,1088.95,Pune
106636,10-05-2025,Customer_2124,Lamp,Home,5.0,6067.74,1172.96,Pune
106637,12-05-2025,Customer_1552,Jeans,Clothing,2.0,3030.61,304.26,Pune
106638,26-03-2025,Customer_1227,Desk,Furniture,8.0,89633.34,18989.82,Mumbai
106639,16-12-2025,Customer_1803,Office Chair,Furniture,4.0,28733.49,1740.58,aurangabad
106640,2025/03/22,Customer_2200,Table,Furniture,2.0,19521.08,3355.36,NAGPUR
106641,21-11-2025,Customer_1871,Bookshelf,Furniture,5.0,26657.11,5800.18,NASHIK
106642,10-03-2025,Customer_0431,Cookware,Home,2.0,4542.64,636.54,Mumbai
106643,28-05-2025,Customer_2014,Smartphone,Electronics,1.0,24116.64,4914.67,kolhapur
106644,16-01-2025,Customer_2211,Cabinet,Furniture,8.0,59084.1,6246.55,Pune
106645,03-11-2025,Customer_1307,Bedsheet,Home,2.0,3192.2,579.25,Aurangabad
106646,15-04-2025,Customer_2104,Jacket,Clothing,6.0,17281.57,2720.99,Nagpur
106647,14-06-2025,Customer_1774,Cookware,Home,6.0,12085.14,1984.22, Nashik 
106648,07/20/2025,Customer_0677,T-Shirt,Clothing,1.0,755.75,88.62,Aurangabad
106649,16-07-2025,Customer_0312,Bookshelf,Furniture,3.0,19627.27,2272.97,Mumbai
106650,04-07-2025,Customer_1295,Bedsheet,Home,1.0,1939.39,126.83,Kolhapur
106651,18-11-2025,Customer_0720,Shoes,Clothing,5.0,12691.87,2730.33,Kolhapur
106652,22-09-2025,Customer_1840,Cabinet,Furniture,5.0,45774.94,4810.05,Pune
106653,29-12-2025,Customer_0994,Jeans,Clothing,1.0,1571.87,110.15,Pune
106654,2025/04/10,Customer_0374,Desk,Furniture,8.0,106752.23,16116.55, Aurangabad 
106655,08-12-2025,Customer_0069,Desk,Furniture,3.0,34759.09,2712.71,Mumbai
106656,2025/11/16,Customer_1201,Bedsheet,Home,7.0,14288.78,2069.52,mumbai
106657,02-08-2025,Customer_0558,Bedsheet,Home,7.0,11779.47,1366.82, Nagpur 
106658,05-10-2025,Customer_0590,Jeans,Clothing,8.0,11919.48,1862.89,Kolhapur
106659,11-06-2025,Customer_0997,Bedsheet,Home,1.0,2032.18,400.48,Mumbai
106660,06-06-2025,Customer_1839,Monitor,Electronics,8.0,110668.8,21274.96,Kolhapur
106661,08-09-2025,Customer_0328,Bookshelf,Furniture,8.0,46892.72,4706.58, Aurangabad 
106662,04/07/2025,Customer_2200,Tablet,Electronics,3.0,61831.32,6716.24,Mumbai
106663,18-01-2025,Customer_1509,Bookshelf,Furniture,6.0,34096.22,7444.94,Nagpur
106664,23-11-2025,Customer_0711,Bookshelf,Furniture,7.0,37387.49,6792.76,Mumbai
106665,07-04-2025,Customer_0150,Table,Furniture,8.0,81413.56,11551.54,Pune
106666,01-01-2025,Customer_1392,Jacket,Clothing,4.0,9528.47,1143.51,Kolhapur
106667,2025/08/04,Customer_0895,Backpack,Clothing,8.0,9894.87,1252.59,Pune
106668,2025/05/12,Customer_0519,Table,Furniture,4.0,39132.29,5094.78,Mumbai
106669,17-09-2025,Customer_1279,Shoes,Clothing,1.0,2448.94,365.1,Aurangabad
106670,05-05-2025,Customer_0625,Bookshelf,Furniture,1.0,6147.04,1211.01,Nashik
106671,23-03-2025,Customer_1682,Jacket,Clothing,5.0,13195.09,2526.43,Kolhapur
106672,10-10-2025,Customer_1877,Cabinet,Furniture,8.0,65265.93,7054.25,Aurangabad
106673,20-06-2025,Customer_0426,Headphones,Electronics,2.0,4692.69,552.71,Nagpur
106674,28-02-2025,Customer_1474,Vacuum Cleaner,Home,2.0,13478.5,1306.47,kolhapur
106675,01-02-2025,Customer_1886,Lamp,Home,7.0,9459.24,1437.67,Mumbai
106676,10-06-2025,Customer_2494,Lamp,Home,7.0,9458.44,637.73,Pune
106677,11-10-2025,Customer_1767,Jacket,Clothing,5.0,13338.97,849.01,Nagpur
106678,16-04-2025,Customer_0731,Desk,Furniture,3.0,33540.32,6638.33,Kolhapur
106679,15-04-2025,Customer_2230,Smartphone,Electronics,5.0,107622.86,13967.68,Kolhapur
106680,16-08-2025,Customer_1793,Jacket,Clothing,8.0,19830.05,2512.36,Pune
106681,07-07-2025,Customer_0980,Tablet,Electronics,0.0,59489.4,9499.94,Aurangabad
106682,11-03-2025,Customer_0654,Jacket,Clothing,5.0,14994.38,1737.2,NAGPUR
106683,14-11-2025,Customer_1690,T-Shirt,Clothing,8.0,6346.59,1101.02,Pune
106684,17-10-2025,Customer_0349,Jeans,Clothing,1.0,1562.46,200.36,MUMBAI
106685,28-03-2025,Customer_2359,Smartphone,Electronics,4.0,112560.53,17134.5, Kolhapur 
106686,28-12-2025,Customer_2067,Laptop,Electronics,4.0,233621.03,29605.77,NAGPUR
106687,2025/02/25,Customer_2230,Tablet,Electronics,3.0,49523.82,8704.78,MUMBAI
106688,04/23/2025,Customer_2252,Bookshelf,Furniture,7.0,43358.58,6079.52,Kolhapur
106689,13-01-2025,Customer_0157,Headphones,Electronics,2.0,5186.03,483.99,Kolhapur
106690,18-01-2025,Customer_0895,Laptop,Electronics,6.0,359099.93,76023.63,mumbai
106691,01-07-2025,Customer_1336,Lamp,Home,4.0,5363.19,597.62,Nagpur
106692,23-04-2025,Customer_1843,Mixer,Home,3.0,10203.92,1932.05,Nagpur
106693,17-08-2025,Customer_0291,Cabinet,Furniture,8.0,65826.25,9720.32,Nashik
106694,2025/06/20,Customer_1508,Lamp,Home,7.0,9475.14,1381.13, Nagpur 
106695,2025/10/22,Customer_1396,Jacket,Clothing,8.0,22500.39,1501.29,Kolhapur
106696,08-07-2025,Customer_1507,Backpack,Clothing,6.0,7314.93,447.58,PUNE
106697,20-03-2025,Customer_1585,Jacket,Clothing,4.0,12588.5,1577.87,Mumbai
106698,26-05-2025,Customer_1231,Tablet,Electronics,2.0,35660.46,6963.13,KOLHAPUR
106699,01-07-2025,Customer_2291,Jacket,Clothing,2.0,5783.53,911.02,Mumbai
106700,13-10-2025,Customer_0537,Jeans,Clothing,6.0,9014.02,1743.54,Aurangabad
106701,07-09-2025,Customer_1857,Jeans,Clothing,1.0,1439.6,98.62, Aurangabad 
106702,20-12-2025,Customer_1284,Office Chair,Furniture,7.0,47642.75,4899.48,Pune
106703,10-11-2025,Customer_0380,Monitor,Electronics,3.0,39257.12,6567.02,Nashik
106704,2025/07/15,Customer_1212,Shoes,Clothing,5.0,11441.84,1925.27,NASHIK
106705,19-11-2025,Customer_0166,Office Chair,Furniture,4.0,26320.19,2199.11,Aurangabad
106706,12-03-2025,Customer_1074,Table,Furniture,7.0,63166.73,13107.31,NAGPUR
106707,05-09-2025,Customer_1230,Office Chair,Furniture,3.0,24927.08,5359.34,Pune
106708,26-05-2025,Customer_0706,Bookshelf,Furniture,4.0,25083.45,4217.29,Aurangabad
106709,16-04-2025,Customer_1171,Smartphone,Electronics,5.0,129688.36,20704.88,Pune
106710,20-09-2025,Customer_1788,Cabinet,Furniture,4.0,28612.36,4205.97, Mumbai 
106711,2025/10/23,Customer_0370,T-Shirt,Clothing,5.0,3380.37,442.17,mumbai
106712,11-03-2025,Customer_1482,Monitor,Electronics,1.0,14099.12,1135.59,Aurangabad
106713,12-07-2025,Customer_2342,Bookshelf,Furniture,8.0,45976.62,3225.35,Nashik
106714,09-03-2025,Customer_1960,Laptop,Electronics,5.0,314572.62,24840.06,KOLHAPUR
106715,11/01/2025,Customer_0970,T-Shirt,Clothing,3.0,1947.87,394.65,Mumbai
106716,21-02-2025,Customer_0034,Jacket,Clothing,7.0,19498.34,1593.05,PUNE
106717,29-12-2025,Customer_1240,Laptop,Electronics,4.0,212359.22,16678.45,Aurangabad
106718,10/12/2025,Customer_1938,Bookshelf,Furniture,6.0,32762.33,2238.48,Pune
106719,30-11-2025,Customer_0721,Desk,Furniture,7.0,82443.33,15586.88,Nagpur
106720,09-01-2025,Customer_0358,Vacuum Cleaner,Home,7.0,46673.48,7328.45,Mumbai
106721,08-09-2025,Customer_0527,Cookware,Home,5.0,10011.93,1151.6,Pune
106722,2025/11/28,Customer_0678,Smartphone,Electronics,1.0,27589.32,2043.18,Kolhapur
106723,2025/10/25,Customer_0917,Smartphone,Electronics,2.0,55368.96,7607.16, Pune 
106724,03-07-2025,Customer_2296,Headphones,Electronics,5.0,13764.3,1526.2, Pune 
106725,28-06-2025,Customer_2278,Cabinet,Furniture,1.0,7613.22,1372.34,kolhapur
106726,17-07-2025,Customer_1689,Monitor,Electronics,7.0,106378.89,10291.43,Nashik
106727,08-05-2025,Customer_0480,Jeans,Clothing,4.0,7307.91,537.27,Kolhapur
106728,20-01-2025,Customer_2102,Monitor,Electronics,1.0,12187.71,1892.52,Mumbai
106729,24-11-2025,Customer_1315,Smartphone,Electronics,4.0,106682.22,22802.45, Nagpur 
106730,06-03-2025,Customer_0621,Office Chair,Furniture,8.0,58289.02,3733.22,Mumbai
106731,01-07-2025,Customer_0221,Bedsheet,Home,8.0,14844.51,1578.73,Nashik
106732,29-08-2025,Customer_0047,Tablet,Electronics,2.0,35275.83,4873.54,Aurangabad
106733,24-01-2025,Customer_0472,Cabinet,Furniture,2.0,13909.66,1916.15,Kolhapur
106734,24-03-2025,Customer_1316,Lamp,Home,1.0,1173.48,204.19,PUNE
106735,15-11-2025,Customer_0651,Smartphone,Electronics,4.0,104369.98,9355.15,Pune
106736,04-07-2025,Customer_2427,Bookshelf,Furniture,5.0,27355.25,2739.93,Nashik
106737,12-11-2025,Customer_0314,Mixer,Home,8.0,25303.18,4178.92,Nashik
106738,09-04-2025,Customer_0238,Bedsheet,Home,6.0,12401.95,2038.1,aurangabad
106739,03/03/2025,Customer_0629,Bedsheet,Home,6.0,11145.65,1399.76,
106740,10/13/2025,Customer_0309,Cookware,Home,4.0,8305.21,1708.98,Nagpur
106741,22-01-2025,Customer_0107,Office Chair,Furniture,7.0,59886.78,8353.26,Mumbai
106742,31-07-2025,Customer_0381,Vacuum Cleaner,Home,2.0,12181.78,2231.94,Aurangabad
106743,06-05-2025,Customer_0127,Headphones,Electronics,8.0,17794.74,3247.44,Mumbai
106744,11-02-2025,Customer_1739,Cookware,Home,1.0,2410.51,192.8,Nagpur
106745,08-04-2025,Customer_1415,Mixer,Home,1.0,4000.7,870.88,Kolhapur
106746,31-01-2025,Customer_1627,Shoes,Clothing,7.0,19792.78,2758.43,aurangabad
106747,07-06-2025,Customer_0894,Desk,Furniture,4.0,44343.47,6789.94,Aurangabad
106748,22-04-2025,Customer_2020,Mixer,Home,1.0,3415.93,317.52,pune
106749,04-09-2025,Customer_0109,Backpack,Clothing,1.0,1367.94,227.38,Kolhapur
106750,02-05-2025,Customer_0199,Mixer,Home,5.0,15247.29,1728.23,kolhapur
106751,30-09-2025,Customer_0748,Cookware,Home,4.0,7526.98,1354.25,Mumbai
106752,21-10-2025,Customer_1664,Jeans,Clothing,1.0,1667.53,116.77,NASHIK
106753,26-07-2025,Customer_2219,Lamp,Home,5.0,6836.53,434.94,aurangabad
106754,20-04-2025,Customer_0997,Cabinet,Furniture,3.0,24647.72,4540.57,Nagpur
106755,05-10-2025,Customer_2367,Backpack,Clothing,1.0,1520.92,99.6,nagpur
106756,25-02-2025,Customer_2219,Desk,Furniture,6.0,80778.57,16717.31, Aurangabad 
106757,26-02-2025,Customer_1124,Bookshelf,Furniture,6.0,36663.02,5027.72,Nashik
106758,2025/10/18,Customer_0469,T-Shirt,Clothing,4.0,2417.69,362.44,Kolhapur
106759,24-04-2025,Customer_1274,Mixer,Home,4.0,13619.39,2501.19,Kolhapur
106760,04-11-2025,Customer_2031,Desk,Furniture,7.0,81577.87,13817.08,Kolhapur
106761,07-12-2025,,Cabinet,Furniture,8.0,56347.04,4579.46,Nagpur
106762,2025/07/17,Customer_2179,Desk,Furniture,4.0,42811.83,2880.55,Pune
106763,17-11-2025,Customer_1685,Headphones,Electronics,4.0,10123.99,1893.54,Nashik
106764,28-06-2025,Customer_1693,Lamp,Home,5.0,6198.74,942.16,Nagpur
106765,07-08-2025,Customer_1965,Backpack,Clothing,7.0,10331.03,1181.28,Aurangabad
106766,04-10-2025,Customer_0946,T-Shirt,Clothing,,4697.07,518.01,Nagpur
106767,16-01-2025,Customer_1640,Smartphone,Electronics,1.0,26590.82,2283.15,Mumbai
106768,02-03-2025,Customer_1414,Tablet,Electronics,6.0,92222.02,14330.51,MUMBAI
106769,23-02-2025,Customer_0153,Bedsheet,Home,7.0,14272.2,2247.95,PUNE
106770,06/17/2025,Customer_0020,Jacket,Clothing,5.0,15188.27,2546.26,KOLHAPUR
106771,2025/01/26,Customer_1037,Laptop,Electronics,5.0,274788.52,48072.27,Pune
106772,02-12-2025,Customer_2229,Shoes,Clothing,3.0,8229.23,789.65,Pune
106773,06-03-2025,Customer_0281,Jeans,Clothing,7.0,10649.4,1020.17,Pune
106774,04/10/2025,Customer_0485,Vacuum Cleaner,Home,7.0,44847.16,9041.65,Pune
106775,15-03-2025,Customer_0813,Shoes,Clothing,1.0,2383.91,285.87,Nagpur
106776,11-07-2025,Customer_1638,Laptop,Electronics,3.0,182838.18,26047.11,aurangabad
106777,2025/06/20,Customer_1392,Headphones,Electronics,6.0,15159.52,2997.46,Aurangabad
106778,30-09-2025,Customer_1058,Shoes,Clothing,6.0,14957.37,2528.53,Mumbai
106779,06-07-2025,Customer_1556,Vacuum Cleaner,Home,4.0,22768.03,2016.82,Kolhapur
106780,23-01-2025,Customer_1852,Jeans,Clothing,8.0,12432.8,1730.33,Pune
106781,30-06-2025,Customer_1189,T-Shirt,Clothing,4.0,3191.22,687.08,Aurangabad
106782,2025/11/23,Customer_1385,Jacket,Clothing,5.0,15475.03,1709.93,kolhapur
106783,18-04-2025,Customer_0118,Shoes,Clothing,7.0,19936.15,3395.02,Pune
106784,01-12-2025,Customer_0380,Office Chair,Furniture,2.0,14518.23,2501.03,Kolhapur
106785,11-06-2025,Customer_2034,Cookware,Home,3.0,5642.72,470.52,Mumbai
106786,29-10-2025,Customer_2405,Cabinet,Furniture,7.0,61538.72,10048.77,Nagpur
106787,25-07-2025,Customer_1823,Jeans,Clothing,2.0,3069.63,430.08, Aurangabad 
106788,19-03-2025,Customer_2192,Table,Furniture,4.0,40375.54,6502.58,Nashik
106789,2025/01/16,,Monitor,Electronics,6.0,81433.36,6453.78,Pune
106790,23-11-2025,Customer_2477,Bookshelf,Furniture,1.0,5628.74,1218.82,Kolhapur
106791,06-04-2025,Customer_0136,Tablet,Electronics,6.0,,14358.41,Kolhapur
106792,27-05-2025,Customer_1687,Laptop,Electronics,4.0,219907.47,44301.82,Aurangabad
106793,02-01-2025,Customer_1127,T-Shirt,Clothing,4.0,2887.3,493.69,Kolhapur
106794,10-01-2025,Customer_0774,Backpack,Clothing,5.0,6767.77,437.56,Aurangabad
106795,05-05-2025,Customer_0064,Bedsheet,Home,1.0,2032.73,430.65,AURANGABAD
106796,22-03-2025,Customer_2337,Cookware,Home,8.0,19971.53,4213.79,Nashik
106797,20-05-2025,Customer_0743,T-Shirt,Clothing,5.0,3831.0,649.49,Kolhapur
106798,22-11-2025,Customer_1586,Jacket,Clothing,5.0,15446.94,2411.07,Nagpur
106799,30-05-2025,Customer_0347,Jacket,Clothing,3.0,7478.61,916.84,Aurangabad
106800,15-10-2025,Customer_0535,Lamp,Home,7.0,9587.66,1113.91,Nagpur
106801,27-12-2025,Customer_0050,Jeans,Clothing,1.0,1776.56,133.09,Pune
106802,06-12-2025,Customer_0839,Mixer,Home,8.0,26607.14,3090.49,Nashik
106803,2025/05/09,Customer_1307,Shoes,Clothing,5.0,10818.51,855.26,KOLHAPUR
106804,27-08-2025,Customer_0482,Desk,Furniture,6.0,65372.37,12685.54,Nagpur
106805,27-02-2025,Customer_0665,Cabinet,Furniture,4.0,27808.66,2997.55,nagpur
106806,17-07-2025,Customer_0374,Backpack,Clothing,8.0,9554.19,1636.64,Aurangabad
106807,30-07-2025,Customer_1823,Laptop,Electronics,2.0,113970.0,18599.58, Pune 
106808,14-02-2025,Customer_0514,Vacuum Cleaner,Home,2.0,12510.09,1167.48,aurangabad
106809,07-04-2025,Customer_1660,Jacket,Clothing,8.0,23880.55,4532.02,Pune
106810,06-10-2025,Customer_2320,Office Chair,Furniture,5.0,33434.27,4610.34,Nashik
106811,23-01-2025,Customer_0712,T-Shirt,Clothing,5.0,3236.15,281.21,aurangabad
106812,2025/12/01,Customer_0614,Bookshelf,Furniture,6.0,38530.71,5629.16,Kolhapur
106813,13-02-2025,Customer_0693,Desk,Furniture,8.0,87826.14,9625.74,Aurangabad
106814,27-01-2025,Customer_2015,Lamp,Home,7.0,9575.97,1874.87,Kolhapur
106815,09-10-2025,Customer_0568,Smartphone,Electronics,1.0,27849.6,3720.76,Nagpur
106816,07-04-2025,Customer_1870,Shoes,Clothing,5.0,12964.28,1559.38,Aurangabad
106817,02/05/2025,Customer_1400,Mixer,Home,2.0,6113.2,759.08,kolhapur
106818,19-04-2025,Customer_0154,Office Chair,Furniture,8.0,61691.65,6535.8,Aurangabad
106819,24-02-2025,Customer_1998,T-Shirt,Clothing,1.0,773.07,65.07,Aurangabad
106820,11-07-2025,Customer_0489,Laptop,Electronics,7.0,369653.41,29566.59,pune
106821,07-08-2025,Customer_1043,Shoes,Clothing,5.0,12143.12,805.65,Nagpur
106822,04-07-2025,Customer_0248,Laptop,Electronics,4.0,204988.26,25442.66, Kolhapur 
106823,10-03-2025,Customer_0707,Lamp,Home,5.0,5960.7,876.17,Aurangabad
106824,13-11-2025,Customer_2115,Shoes,Clothing,4.0,9324.97,1339.87,Kolhapur
106825,2025/05/10,Customer_2036,Jeans,Clothing,4.0,6417.29,709.68,Aurangabad
106826,24-02-2025,Customer_1878,Lamp,Home,8.0,10550.98,1554.19,Pune
106827,07-04-2025,Customer_0603,Tablet,Electronics,2.0,34188.51,7233.41,Nashik
106828,2025/12/02,Customer_0389,Desk,Furniture,6.0,79454.43,17258.62,Mumbai
106829,28-03-2025,Customer_2256,Monitor,Electronics,1.0,14807.38,1784.52,Mumbai
106830,21-10-2025,Customer_2342,Table,Furniture,8.0,67266.59,11175.06, Kolhapur 
106831,29-04-2025,Customer_1663,Monitor,Electronics,7.0,112136.01,17972.53,Nagpur
106832,27-07-2025,Customer_1477,Smartphone,Electronics,7.0,195034.78,21971.95,Aurangabad
106833,30-11-2025,Customer_2340,Cabinet,Furniture,4.0,31106.76,6377.01,Aurangabad
106834,03-06-2025,Customer_1679,Shoes,Clothing,2.0,5385.3,1168.75,Nashik
106835,2025/02/04,Customer_0445,Vacuum Cleaner,Home,3.0,21107.37,2781.16,Aurangabad
106836,20-03-2025,Customer_1935,Laptop,Electronics,4.0,222050.49,45316.61,Pune
106837,08-03-2025,Customer_1008,Tablet,Electronics,1.0,18278.89,1843.67,Nagpur
106838,09-12-2025,Customer_1781,Monitor,Electronics,7.0,96107.22,13705.9,Kolhapur
106839,03-02-2025,Customer_2043,Desk,Furniture,1.0,10548.19,1888.15,Aurangabad
106840,07-04-2025,Customer_1119,Monitor,Electronics,4.0,49437.15,6169.1,Kolhapur
106841,2025/06/18,Customer_1783,Backpack,Clothing,3.0,4583.82,617.95,Nagpur
106842,2025/06/18,Customer_1677,Backpack,Clothing,8.0,12349.17,1416.46,Aurangabad
106843,31-05-2025,Customer_1424,Cabinet,Furniture,7.0,63688.29,5955.81,Pune
106844,12-03-2025,Customer_1394,Lamp,Home,5.0,5168.88,1031.65,Nagpur
106845,03-01-2025,Customer_1750,Shoes,Clothing,3.0,8067.46,783.49,Nagpur
106846,10-11-2025,Customer_0368,Lamp,Home,5.0,6872.53,964.66,Kolhapur
106847,01-02-2025,Customer_1830,Cabinet,Furniture,2.0,18165.11,2557.73,Kolhapur
106848,14-10-2025,Customer_2366,Shoes,Clothing,8.0,19831.25,2614.99,Nashik
106849,23-03-2025,Customer_1259,Laptop,Electronics,4.0,209101.77,30401.77,Nashik
106850,2025/02/12,Customer_0762,Desk,Furniture,1.0,11829.2,779.3,Nagpur
106851,04/15/2025,Customer_0239,Table,Furniture,4.0,33412.7,3144.12,Mumbai
106852,01-01-2025,Customer_1415,Table,Furniture,5.0,49960.38,7784.79,Mumbai
106853,03/02/2025,Customer_0990,Shoes,Clothing,4.0,10791.05,2299.49,Pune
106854,09/27/2025,Customer_0161,Tablet,Electronics,5.0,93889.06,20394.36,Aurangabad
106855,29-06-2025,Customer_0355,Cookware,Home,6.0,12454.59,1118.46,Nagpur
106856,12-08-2025,Customer_1114,Jeans,Clothing,3.0,4660.77,630.73,Nagpur
106857,06-01-2025,Customer_0501,Bedsheet,Home,6.0,12080.97,1807.2,Mumbai
106858,13-04-2025,Customer_1976,Backpack,Clothing,4.0,5250.86,938.97,AURANGABAD
106859,10-01-2025,Customer_0860,Laptop,Electronics,6.0,330577.36,28410.19,Nagpur
106860,12-03-2025,Customer_0796,Vacuum Cleaner,Home,4.0,26599.19,5474.73,Mumbai
106861,31-03-2025,Customer_0890,Bedsheet,Home,4.0,7940.06,1221.89,Nashik
106862,08/14/2025,Customer_1640,Desk,Furniture,6.0,69345.0,5125.75,Mumbai
106863,07-06-2025,Customer_0898,Table,Furniture,3.0,26754.16,4824.65,Nagpur
106864,16-08-2025,Customer_2375,Desk,Furniture,6.0,68981.91,6737.57,Mumbai
106865,2025/05/06,Customer_0940,Laptop,Electronics,4.0,248471.06,47569.51,Aurangabad
106866,07/28/2025,Customer_2226,Mixer,Home,1.0,3645.19,298.49,
106867,07-04-2025,Customer_1029,Jeans,Clothing,4.0,5718.22,437.53,Pune
106868,03/15/2025,Customer_1095,Table,Furniture,1.0,9314.0,731.06,Mumbai
106869,04/25/2025,Customer_0508,Desk,Furniture,4.0,52933.83,11585.86,aurangabad
106870,10-07-2025,Customer_1504,Cabinet,Furniture,5.0,38396.18,5090.84,Nagpur
106871,2025/06/19,Customer_1995,Smartphone,Electronics,6.0,159525.02,33491.4,Kolhapur
106872,03-11-2025,Customer_0898,Headphones,Electronics,8.0,22364.56,1547.96, Nagpur 
106873,23-07-2025,Customer_0466,Monitor,Electronics,6.0,75660.61,13674.56,Nagpur
106874,25-02-2025,Customer_2214,Vacuum Cleaner,Home,7.0,48078.39,3909.49,Pune
106875,27-07-2025,Customer_1461,Lamp,Home,6.0,7204.46,1332.32,Nashik
106876,10-02-2025,Customer_1506,Jeans,Clothing,2.0,2930.03,584.27,Nagpur
106877,01-02-2025,Customer_1783,Table,Furniture,3.0,23379.07,4328.66,nashik
106878,15-01-2025,Customer_0596,Headphones,Electronics,4.0,10347.46,1142.69, Aurangabad 
106879,03-03-2025,Customer_2140,Cookware,Home,7.0,16420.71,3040.76, Kolhapur 
106880,04-06-2025,Customer_1078,Backpack,Clothing,4.0,6328.95,752.16,Aurangabad
106881,11-10-2025,Customer_2344,Cabinet,Furniture,4.0,33785.76,5284.72,Pune
106882,28-07-2025,Customer_2488,Cabinet,Furniture,8.0,64483.96,13055.85, Nagpur 
106883,16-11-2025,Customer_1525,Desk,Furniture,2.0,20422.8,2147.21,Pune
106884,06-07-2025,Customer_2433,Desk,Furniture,2.0,24275.6,2149.04,Kolhapur
106885,10-05-2025,Customer_1415,Backpack,Clothing,7.0,10999.13,1799.62,Nashik
106886,07-05-2025,Customer_1359,Laptop,Electronics,3.0,163905.21,31199.73,Pune
106887,19-10-2025,Customer_2147,Bedsheet,Home,7.0,12414.35,1854.51,
106888,24-04-2025,Customer_0915,Tablet,Electronics,8.0,122518.84,14519.96,Nashik
106889,18-07-2025,Customer_0384,Bedsheet,Home,8.0,12839.57,2187.22,Nashik
106890,13-01-2025,Customer_2292,Cookware,Home,3.0,6558.47,710.16,KOLHAPUR
106891,09/28/2025,Customer_0004,Backpack,Clothing,2.0,2772.98,259.39,Mumbai
106892,30-03-2025,Customer_0601,Jeans,Clothing,5.0,9020.21,619.11,Nagpur
106893,03-08-2025,Customer_0423,Cookware,Home,3.0,7323.53,1038.6,Nashik
106894,05-10-2025,Customer_0992,Backpack,Clothing,7.0,10149.7,1100.4,Aurangabad
106895,22-07-2025,Customer_2347,Lamp,Home,4.0,5472.04,575.09,AURANGABAD
106896,15-03-2025,Customer_1380,Cookware,Home,5.0,11293.3,2472.63,Kolhapur
106897,25-01-2025,Customer_2279,T-Shirt,Clothing,4.0,3120.12,454.95,Kolhapur
106898,11-04-2025,Customer_1699,Jacket,Clothing,5.0,16059.57,2765.77,Nashik
106899,25-06-2025,Customer_0306,Lamp,Home,4.0,4380.53,547.11,Nagpur
106900,27-04-2025,Customer_0890,Monitor,Electronics,8.0,106438.98,12244.97,Pune
106901,15-06-2025,Customer_0065,Smartphone,Electronics,2.0,53906.85,8273.73,AURANGABAD
106902,10-02-2025,Customer_1558,Table,Furniture,4.0,31011.4,6214.43,Aurangabad
106903,10-12-2025,Customer_1438,Cookware,Home,3.0,6197.66,1360.58,Aurangabad
106904,30-04-2025,Customer_0762,Bedsheet,Home,4.0,8181.05,1721.99,MUMBAI
106905,04/07/2025,Customer_1098,Bookshelf,Furniture,8.0,52480.24,5001.27,Kolhapur
106906,25-05-2025,Customer_1746,Cabinet,Furniture,2.0,16156.64,1549.23,Aurangabad
106907,04-08-2025,Customer_2377,Mixer,Home,2.0,6495.32,1024.65, Pune 
106908,17-08-2025,Customer_1239,Monitor,Electronics,1.0,12071.5,2596.74, Kolhapur 
106909,09-11-2025,Customer_1812,Bedsheet,Home,1.0,2026.08,245.0,Mumbai
106910,10-05-2025,Customer_1247,Table,Furniture,5.0,45208.2,6084.08,Nagpur
106911,18-12-2025,Customer_1488,Table,Furniture,6.0,60191.64,10243.19,Aurangabad
106912,14-11-2025,Customer_1765,T-Shirt,Clothing,8.0,5227.23,687.35,Pune
106913,17-05-2025,Customer_2031,Monitor,Electronics,4.0,54806.63,11700.87,Pune
106914,20-11-2025,Customer_2291,Lamp,Home,6.0,6498.67,483.06,PUNE
106915,03-12-2025,Customer_2011,Headphones,Electronics,6.0,16712.78,3400.55,Mumbai
106916,30-09-2025,Customer_2354,Shoes,Clothing,7.0,19451.63,2757.39,Nashik
106917,27-04-2025,Customer_0958,Shoes,Clothing,4.0,10479.23,1573.33,Kolhapur
106918,02-11-2025,Customer_1334,Vacuum Cleaner,Home,1.0,5660.42,879.25, Mumbai 
106919,04-04-2025,Customer_1789,Headphones,Electronics,7.0,14946.47,1673.98,NASHIK
106920,17-06-2025,Customer_1813,Monitor,Electronics,4.0,63262.52,6873.3,Kolhapur
106921,2025/07/22,Customer_0371,Shoes,Clothing,8.0,22638.96,2264.38, Kolhapur 
106922,07-12-2025,Customer_1006,Table,Furniture,5.0,42496.59,6822.62,Nashik
106923,29-05-2025,Customer_2082,T-Shirt,Clothing,7.0,5284.59,741.02,Nashik
106924,02-07-2025,Customer_1619,Cabinet,Furniture,1.0,8917.08,592.44,Mumbai
106925,01-06-2025,Customer_0982,T-Shirt,Clothing,3.0,2365.98,216.27, Pune 
106926,03/15/2025,Customer_2492,Lamp,Home,7.0,9368.28,1162.96,Aurangabad
106927,31-12-2025,Customer_1222,Bookshelf,Furniture,4.0,26395.85,4420.42,Mumbai
106928,01-10-2025,Customer_2437,Jacket,Clothing,7.0,17694.54,3660.78,Nashik
106929,11-02-2025,Customer_0419,Office Chair,Furniture,3.0,20782.24,2058.74,Aurangabad
106930,31-07-2025,Customer_0964,Shoes,Clothing,1.0,2735.63,210.48,Kolhapur
106931,11-04-2025,Customer_2135,Mixer,Home,1.0,3208.14,451.03,Kolhapur
106932,14-02-2025,Customer_1272,Smartphone,Electronics,6.0,164871.47,13782.83,Nagpur
106933,23-03-2025,Customer_0003,Shoes,Clothing,7.0,17750.26,3084.97,Nashik
106934,2025/01/17,Customer_1649,Smartphone,Electronics,8.0,221635.71,46474.9,Nashik
106935,14-03-2025,Customer_1763,Lamp,Home,8.0,10419.76,1713.56,Aurangabad
106936,14-01-2025,Customer_0333,Laptop,Electronics,7.0,377333.12,29408.45,Mumbai
106937,06-06-2025,Customer_0182,Office Chair,Furniture,6.0,47831.45,10467.34,Mumbai
106938,2025/08/11,Customer_2258,Lamp,Home,6.0,7711.4,483.3, Nagpur 
106939,12-05-2025,Customer_0174,Monitor,Electronics,1.0,13984.29,2214.32,NASHIK
106940,04-12-2025,Customer_0881,Headphones,Electronics,4.0,10569.02,1851.23,Mumbai
106941,16-02-2025,Customer_1643,Jeans,Clothing,7.0,11395.24,1090.95,Pune
106942,17-04-2025,Customer_1293,Smartphone,Electronics,6.0,169899.03,29132.01,Aurangabad
106943,18-04-2025,Customer_2401,Laptop,Electronics,3.0,151973.58,16955.92,Nashik
106944,22-09-2025,Customer_0434,Cookware,Home,1.0,2478.47,500.65,pune
106945,2025/07/24,Customer_1450,Smartphone,Electronics,5.0,121442.99,8030.92,Nagpur
106946,20-03-2025,Customer_1536,Monitor,Electronics,2.0,24207.38,2552.11,Kolhapur
106947,04-06-2025,Customer_2449,Tablet,Electronics,2.0,37394.52,5738.98,Nashik
106948,28-09-2025,Customer_1531,Smartphone,Electronics,7.0,182025.96,31811.82,Pune
106949,04-09-2025,Customer_2358,Jacket,Clothing,2.0,4791.97,368.09, Pune 
106950,19-01-2025,Customer_2181,Cabinet,Furniture,7.0,53639.32,4547.41, Nagpur 
106951,12-12-2025,Customer_2018,Monitor,Electronics,7.0,85514.41,13900.74,Pune
106952,26-01-2025,Customer_1275,Mixer,Home,1.0,3831.1,691.21, Kolhapur 
106953,05-08-2025,Customer_0668,Cabinet,Furniture,4.0,35043.58,5836.05,kolhapur
106954,2025/06/03,Customer_0416,T-Shirt,Clothing,8.0,5995.38,620.43,Kolhapur
106955,03-06-2025,Customer_2421,Mixer,Home,3.0,12052.98,1076.41,mumbai
106956,23-06-2025,Customer_0798,Desk,Furniture,2.0,21944.36,2331.09,Nashik
106957,02-04-2025,Customer_0173,Jeans,Clothing,3.0,5484.48,1196.31,Kolhapur
106958,04-12-2025,Customer_0874,T-Shirt,Clothing,1.0,761.93,122.4,Nagpur
106959,30-06-2025,Customer_1488,Tablet,Electronics,8.0,144866.7,31189.7,Kolhapur
106960,11-05-2025,Customer_1839,Shoes,Clothing,3.0,7940.15,1676.62,Nashik
106961,25-10-2025,Customer_0436,Tablet,Electronics,,119065.62,13502.51,Pune
106962,02-10-2025,Customer_0135,Table,Furniture,3.0,29873.27,2508.66,Aurangabad
106963,30-09-2025,Customer_2425,Office Chair,Furniture,7.0,59523.36,8404.45,Nashik
106964,17-03-2025,Customer_2009,Tablet,Electronics,6.0,121815.81,13873.22,Aurangabad
106965,26-06-2025,Customer_0483,Smartphone,Electronics,2.0,53239.38,7307.64,kolhapur
106966,03-07-2025,Customer_2221,Mixer,Home,2.0,7266.29,1022.36,PUNE
106967,15-11-2025,Customer_2494,Smartphone,Electronics,4.0,114013.47,19466.3,Mumbai
106968,05/11/2025,Customer_1330,Office Chair,Furniture,3.0,20821.4,4279.8,nashik
106969,29-12-2025,Customer_0244,Vacuum Cleaner,Home,3.0,18295.07,2185.47,Nagpur
106970,18-02-2025,Customer_1166,Desk,Furniture,2.0,21135.29,4311.49,AURANGABAD
106971,24-02-2025,Customer_2274,Backpack,Clothing,7.0,9171.17,930.2,Aurangabad
106972,03-06-2025,Customer_0442,Laptop,Electronics,7.0,433540.33,81888.96,Kolhapur
106973,2025/12/21,Customer_1181,Vacuum Cleaner,Home,1.0,5800.1,1061.95,Nashik
106974,19-07-2025,Customer_0365,Headphones,Electronics,3.0,8429.32,611.65,Pune
106975,04-11-2025,Customer_1730,Office Chair,Furniture,4.0,32926.93,4859.59,Pune
106976,22-12-2025,Customer_0423,Tablet,Electronics,5.0,94568.33,13131.45,Aurangabad
106977,28-04-2025,Customer_1668,Headphones,Electronics,5.0,13241.76,866.75,Pune
106978,20-09-2025,Customer_0419,Monitor,Electronics,8.0,120826.95,7894.23,Nashik
106979,15-02-2025,Customer_1119,Monitor,Electronics,4.0,55249.04,4649.45,Nagpur
106980,29-10-2025,Customer_2319,Jacket,Clothing,5.0,15359.01,1692.34,Nashik
106981,22-12-2025,Customer_2420,Tablet,Electronics,1.0,17752.11,2282.92,aurangabad
106982,2025/07/08,Customer_1696,Backpack,Clothing,1.0,1514.45,207.45,Mumbai
106983,06-11-2025,Customer_1632,Lamp,Home,6.0,7824.15,561.47,Nagpur
106984,14-11-2025,Customer_2341,Cabinet,Furniture,6.0,43558.95,6457.42,Aurangabad
106985,09-05-2025,Customer_0581,Tablet,Electronics,5.0,102071.38,7345.18,Kolhapur
106986,18-02-2025,Customer_0587,T-Shirt,Clothing,5.0,3020.24,256.87,Aurangabad
106987,25-01-2025,Customer_1861,Headphones,Electronics,6.0,15635.19,1936.24,Aurangabad
106988,23-09-2025,Customer_1296,Bedsheet,Home,3.0,5927.39,423.86,MUMBAI
106989,28-04-2025,Customer_1600,Shoes,Clothing,7.0,15906.17,1717.93,Kolhapur
106990,24-05-2025,Customer_0800,Monitor,Electronics,6.0,87193.6,14790.44,Pune
106991,19-07-2025,Customer_2030,Tablet,Electronics,5.0,79853.49,16849.79,mumbai
106992,06-06-2025,Customer_1203,Mixer,Home,8.0,26664.77,4642.52,Aurangabad
106993,12/14/2025,Customer_2386,Vacuum Cleaner,Home,6.0,39283.23,3757.1,PUNE
106994,14-05-2025,Customer_2494,Table,Furniture,3.0,29804.45,5690.21,Nagpur
106995,05/28/2025,Customer_1599,Mixer,Home,2.0,6781.75,1045.59,Nagpur
106996,02-12-2025,Customer_1784,Cabinet,Furniture,7.0,51931.47,8847.89,Pune
106997,12-03-2025,Customer_1107,Bookshelf,Furniture,3.0,16968.74,3309.8,Nagpur
106998,2025/08/21,Customer_0512,Bedsheet,Home,1.0,1647.39,102.75, Nagpur 
106999,2025/11/30,Customer_2039,Shoes,Clothing,3.0,6979.14,632.09,Aurangabad
107000,26-10-2025,Customer_0648,Lamp,Home,1.0,1202.98,111.39,Pune
107001,03-06-2025,Customer_0845,Shoes,Clothing,3.0,8092.18,798.04,Pune
107002,2025/03/31,Customer_1121,Bookshelf,Furniture,3.0,19117.63,2916.5,Mumbai
107003,2025/11/30,Customer_1400,Bookshelf,Furniture,3.0,20625.75,4537.34,Aurangabad
107004,18-07-2025,Customer_2135,Mixer,Home,1.0,3888.0,706.05,Nashik
107005,10-06-2025,Customer_0257,Backpack,Clothing,7.0,9466.18,1708.88,NAGPUR
107006,01/26/2025,Customer_0232,Office Chair,Furniture,6.0,51165.12,3261.29,Nashik
107007,05/01/2025,Customer_0933,Office Chair,Furniture,6.0,45511.85,4318.15,Nashik
107008,10/28/2025,Customer_0488,Office Chair,Furniture,4.0,30520.89,4109.07,Kolhapur
107009,07/31/2025,Customer_0069,Jacket,Clothing,7.0,20045.52,2969.82, Nashik 
107010,04-03-2025,Customer_0993,Bookshelf,Furniture,3.0,20484.58,3038.88,MUMBAI
107011,09-03-2025,Customer_2477,Office Chair,Furniture,1.0,8279.02,920.39,Pune
107012,09/10/2025,,Cabinet,Furniture,5.0,39257.21,5310.17,aurangabad
107013,02-01-2025,Customer_0308,Office Chair,Furniture,5.0,,4228.12, Nashik 
107014,18-04-2025,Customer_2098,Monitor,Electronics,8.0,115310.04,17622.84,Mumbai
107015,13-10-2025,Customer_1974,Jeans,Clothing,8.0,13323.91,1549.45,Kolhapur
107016,2025/02/18,Customer_0609,Bookshelf,Furniture,1.0,5668.5,894.82,Pune
107017,05/20/2025,Customer_0935,Tablet,Electronics,3.0,48052.36,4828.54,Pune
107018,06-08-2025,Customer_2058,Table,Furniture,2.0,15527.49,1112.04,Pune
107019,13-02-2025,Customer_0617,Laptop,Electronics,7.0,355360.77,22432.04,Nashik
107020,26-09-2025,Customer_1898,Table,Furniture,6.0,49875.65,8219.32,Kolhapur
107021,19-03-2025,Customer_1482,Cookware,Home,6.0,11461.98,1488.66,Kolhapur
107022,04-08-2025,Customer_1421,Bedsheet,Home,5.0,10115.39,1887.59,Mumbai
107023,08-04-2025,Customer_2058,Cookware,Home,5.0,10357.94,2154.13,kolhapur
107024,24-08-2025,Customer_0611,Desk,Furniture,8.0,,6522.54,Nashik
107025,09-10-2025,Customer_0526,Jacket,Clothing,3.0,9645.02,1921.32,Aurangabad
107026,29-05-2025,Customer_0479,Jeans,Clothing,6.0,9501.89,1583.21,Pune
107027,2025/10/31,Customer_2268,Vacuum Cleaner,Home,3.0,20501.68,1868.06,Pune
107028,07-03-2025,Customer_1032,T-Shirt,Clothing,4.0,2548.04,344.32,Nashik
107029,22-08-2025,Customer_2093,Jeans,Clothing,3.0,5392.67,332.18, Nagpur 
107030,2025/03/28,Customer_1808,Office Chair,Furniture,5.0,40678.19,2815.1, Nagpur 
107031,20-03-2025,Customer_1552,Bedsheet,Home,7.0,12517.68,2028.61,Aurangabad
107032,24-07-2025,Customer_2214,Monitor,Electronics,3.0,44353.17,3076.19,Kolhapur
107033,06-10-2025,Customer_2051,Lamp,Home,6.0,7024.18,1077.61,Nagpur
107034,03-12-2025,Customer_1936,Smartphone,Electronics,1.0,21745.34,1774.75,Nashik
107035,11-09-2025,Customer_1598,Office Chair,Furniture,4.0,31472.84,4515.16,Kolhapur
107036,2025/10/31,Customer_0421,Backpack,Clothing,4.0,5031.87,732.83,NASHIK
107037,10-05-2025,Customer_0391,Table,Furniture,3.0,30342.81,1896.24,Aurangabad
107038,25-03-2025,Customer_0337,Tablet,Electronics,5.0,93851.11,6737.01,Nashik
107039,03-10-2025,Customer_0499,Jeans,Clothing,1.0,1363.1,114.64,Pune
107040,06-07-2025,Customer_1173,Mixer,Home,5.0,17095.26,3220.32,Nashik
107041,15-02-2025,Customer_1253,Cabinet,Furniture,7.0,52334.0,8379.08,Nashik
107042,02-07-2025,Customer_0839,Lamp,Home,5.0,5840.08,569.37,MUMBAI
107043,25-09-2025,Customer_0397,Monitor,Electronics,8.0,112478.7,21100.37,PUNE
107044,23-10-2025,Customer_0996,Jeans,Clothing,4.0,7038.39,1375.6,Nashik
107045,18-11-2025,Customer_1915,Cookware,Home,7.0,14654.14,2739.63,PUNE
107046,10-04-2025,Customer_0844,Laptop,Electronics,1.0,50250.94,8952.11,
107047,19-03-2025,Customer_1236,Jeans,Clothing,5.0,9076.12,564.53,Kolhapur
107048,29-09-2025,Customer_2260,Lamp,Home,6.0,7071.19,1157.15,Aurangabad
107049,2025/12/05,Customer_1951,Mixer,Home,2.0,7423.73,654.58,Kolhapur
107050,11-06-2025,Customer_0474,Mixer,Home,3.0,11987.38,1899.31,nashik
107051,13-02-2025,Customer_0891,Table,Furniture,5.0,40468.6,2561.0,Nagpur
107052,26-08-2025,Customer_2012,Cookware,Home,3.0,7160.86,520.97,nashik
107053,14-05-2025,Customer_0482,Smartphone,Electronics,4.0,89231.53,13560.77,Mumbai
107054,11-07-2025,Customer_2467,Desk,Furniture,4.0,49490.48,8408.53,Nashik
107055,22-12-2025,Customer_1799,Backpack,Clothing,1.0,1355.28,249.13,Pune
107056,05-10-2025,Customer_0482,Shoes,Clothing,4.0,11423.08,1180.86,nashik
107057,18-01-2025,Customer_1269,Table,Furniture,8.0,76385.42,15930.56,nagpur
107058,01/12/2025,Customer_0027,Bedsheet,Home,5.0,9502.97,1605.79,Nagpur
107059,29-06-2025,Customer_1577,Smartphone,Electronics,7.0,160498.06,23371.86,Nagpur
107060,03-05-2025,Customer_0016,Shoes,Clothing,1.0,2546.89,438.12,Aurangabad
107061,03-09-2025,Customer_0664,Bedsheet,Home,3.0,6204.85,405.69,Kolhapur
107062,10-08-2025,Customer_2207,Office Chair,Furniture,3.0,19565.32,1417.94,Mumbai
107063,20-02-2025,Customer_2063,Monitor,Electronics,4.0,60082.05,4915.71,NAGPUR
107064,12-03-2025,Customer_1804,Table,Furniture,5.0,46653.1,5222.68,Mumbai
107065,17-02-2025,Customer_2453,Lamp,Home,4.0,4738.54,447.82,MUMBAI
107066,19-01-2025,Customer_1476,Office Chair,Furniture,5.0,41618.7,6400.29,AURANGABAD
107067,19-09-2025,Customer_0151,Vacuum Cleaner,Home,3.0,22100.7,3357.88,Nagpur
107068,25-03-2025,Customer_1119,Bedsheet,Home,,1596.91,139.47,Kolhapur
107069,04-06-2025,Customer_0745,Jeans,Clothing,2.0,3669.51,646.17,mumbai
107070,2025/02/22,Customer_1393,Jacket,Clothing,4.0,9685.58,1671.78,kolhapur
107071,2025/04/17,Customer_0461,Backpack,Clothing,2.0,2726.23,297.58,Kolhapur
107072,23-12-2025,Customer_0402,Shoes,Clothing,6.0,13443.27,2613.17,Mumbai
107073,31-10-2025,Customer_0120,Jeans,Clothing,2.0,2781.29,295.86,Nagpur
107074,15-05-2025,Customer_1941,Table,Furniture,2.0,16954.47,1453.76,Aurangabad
107075,10-03-2025,Customer_1542,Headphones,Electronics,4.0,10024.55,620.24,Nashik
107076,11-01-2025,Customer_1385,Laptop,Electronics,7.0,362012.67,75798.47,Kolhapur
107077,2025/05/23,Customer_2346,Jacket,Clothing,6.0,15845.07,1864.54, Nashik 
107078,11-07-2025,Customer_2047,Office Chair,Furniture,4.0,29758.49,4459.93,Kolhapur
107079,2025/03/10,Customer_1680,Office Chair,Furniture,4.0,32778.38,2964.85,mumbai
107080,23-01-2025,Customer_0727,Lamp,Home,8.0,10670.63,1933.6,Nagpur
107081,30-06-2025,Customer_2129,Bedsheet,Home,7.0,13441.62,993.18,Nagpur
107082,20-10-2025,Customer_2327,Bedsheet,Home,6.0,9250.12,1434.16, Mumbai 
107083,2025/01/09,Customer_0295,Backpack,Clothing,7.0,10867.61,1668.29,mumbai
107084,28-09-2025,Customer_1053,T-Shirt,Clothing,8.0,5118.23,381.22,kolhapur
107085,03-04-2025,Customer_0902,Monitor,Electronics,6.0,89029.83,15623.24,Kolhapur
107086,2025/01/17,Customer_0734,Monitor,Electronics,5.0,63123.17,4072.1,Nagpur
107087,03-06-2025,Customer_0822,Cookware,Home,4.0,8557.87,1311.36,Kolhapur
107088,24-11-2025,Customer_0471,Tablet,Electronics,7.0,133786.89,25364.82,nashik
107089,29-05-2025,Customer_0308,Laptop,Electronics,2.0,113647.74,8835.08,pune
107090,24-09-2025,Customer_1370,Cabinet,Furniture,2.0,16876.39,3670.08,Nashik
107091,24-11-2025,Customer_0752,Headphones,Electronics,5.0,14020.94,2796.72,Aurangabad
107092,16-04-2025,Customer_2046,Table,Furniture,5.0,42329.3,7624.61,Kolhapur
107093,02/04/2025,Customer_2397,Office Chair,Furniture,5.0,41449.91,6985.64,Kolhapur
107094,29-04-2025,Customer_2149,Laptop,Electronics,1.0,50884.27,10818.68,Nagpur
107095,14-01-2025,Customer_1886,Tablet,Electronics,5.0,88672.12,7161.95,AURANGABAD
107096,2025/01/14,Customer_1404,Headphones,Electronics,2.0,4414.67,722.25,nagpur
107097,23-09-2025,Customer_1563,Cabinet,Furniture,1.0,7850.5,589.71,Nagpur
107098,20-05-2025,Customer_1586,Bedsheet,Home,4.0,7719.19,1450.37,Nagpur
107099,21-10-2025,Customer_0485,Office Chair,Furniture,7.0,56050.3,5176.9,Pune
107100,30-12-2025,Customer_0743,Desk,Furniture,8.0,101465.53,6262.01,NAGPUR
107101,29-04-2025,Customer_0235,Jeans,Clothing,3.0,4519.36,559.55,Nashik
107102,26-08-2025,Customer_0649,Vacuum Cleaner,Home,8.0,57229.85,7008.55,nashik
107103,03-02-2025,Customer_0425,Backpack,Clothing,8.0,9557.87,1112.3,Aurangabad
107104,18-06-2025,Customer_0801,Jacket,Clothing,8.0,22392.77,4743.7,mumbai
107105,10-01-2025,Customer_0486,Bedsheet,Home,1.0,2038.16,181.27,Pune
107106,02-05-2025,Customer_1911,Jacket,Clothing,2.0,5071.05,436.83,Aurangabad
107107,05/25/2025,Customer_1695,Cookware,Home,3.0,7172.07,437.23,Pune
107108,11-08-2025,Customer_1665,Vacuum Cleaner,Home,6.0,34637.97,5059.69,Kolhapur
107109,14-09-2025,Customer_2146,Mixer,Home,1.0,3234.94,241.9,NASHIK
107110,25-09-2025,Customer_2052,Cookware,Home,6.0,12645.12,1313.49,Nagpur
107111,12/25/2025,Customer_0871,Vacuum Cleaner,Home,5.0,32608.27,7065.47,Aurangabad
107112,04-01-2025,Customer_1113,Table,Furniture,5.0,39928.11,4776.85, Nagpur 
107113,20-12-2025,Customer_0823,Smartphone,Electronics,7.0,197679.21,39595.08,Mumbai
107114,16-04-2025,Customer_1738,Bedsheet,Home,8.0,13943.25,2395.9,Nashik
107115,26-03-2025,Customer_2123,Lamp,Home,6.0,6309.77,1097.94,NAGPUR
107116,02-08-2025,Customer_2390,Bedsheet,Home,5.0,10276.72,1500.38,Aurangabad
107117,01-05-2025,Customer_1429,Shoes,Clothing,2.0,4997.74,449.65,Nashik
107118,12-05-2025,Customer_1036,Bookshelf,Furniture,8.0,49926.55,7712.15,Nashik
107119,04-12-2025,Customer_0097,Smartphone,Electronics,5.0,130697.49,8387.29,Nashik
107120,16-07-2025,Customer_0695,Table,Furniture,8.0,73052.43,11336.98,Kolhapur
107121,19-01-2025,Customer_2148,Monitor,Electronics,5.0,63858.13,5960.09,Kolhapur
107122,10-05-2025,Customer_1060,Lamp,Home,4.0,4477.75,778.57,Nashik
107123,12-01-2025,Customer_1432,Smartphone,Electronics,8.0,206375.96,40309.77,nashik
107124,22-03-2025,Customer_1535,Tablet,Electronics,1.0,16896.56,3479.52,MUMBAI
107125,26-11-2025,Customer_1651,Desk,Furniture,6.0,77264.05,9519.08,Kolhapur
107126,12/20/2025,Customer_1015,Desk,Furniture,2.0,21085.89,2132.15,NAGPUR
107127,19-09-2025,Customer_1134,Lamp,Home,1.0,1364.44,149.62,Pune
107128,05-05-2025,Customer_0857,Cookware,Home,8.0,16701.88,1508.75,Pune
107129,03-11-2025,Customer_0006,T-Shirt,Clothing,6.0,4586.63,477.48,Aurangabad
107130,24-09-2025,Customer_1055,Cookware,Home,3.0,6263.91,791.11,Pune
107131,20-05-2025,Customer_0579,T-Shirt,Clothing,1.0,686.08,86.32,Nagpur
107132,25-11-2025,Customer_2184,Backpack,Clothing,4.0,5606.29,1067.0,Nagpur
107133,02-01-2025,Customer_1194,Cookware,Home,4.0,9642.91,1810.26,Nagpur
107134,08-01-2025,Customer_1092,Lamp,Home,7.0,7394.83,1389.85,Aurangabad
107135,2025/09/07,Customer_1015,Bedsheet,Home,1.0,1594.94,127.52,Mumbai
107136,19-05-2025,Customer_2337,Table,Furniture,4.0,40836.92,7804.08,Kolhapur
107137,04-05-2025,Customer_1375,Lamp,Home,2.0,2437.74,487.54,kolhapur
107138,05-11-2025,Customer_0286,Office Chair,Furniture,5.0,43005.35,6782.06,Pune
107139,16-08-2025,Customer_2004,Laptop,Electronics,3.0,170588.47,30826.76,nagpur
107140,2025/01/10,Customer_2443,Tablet,Electronics,2.0,33107.1,2871.71,nashik
107141,2025/07/31,Customer_2121,Tablet,Electronics,5.0,97008.68,11173.92,Nashik
107142,22-04-2025,Customer_0829,Bedsheet,Home,8.0,12823.5,1415.46,Kolhapur
107143,08-01-2025,Customer_1750,Desk,Furniture,1.0,11491.09,2464.11,Pune
107144,19-10-2025,Customer_1317,Jacket,Clothing,4.0,11865.14,1719.7,Nagpur
107145,28-12-2025,Customer_2164,Jacket,Clothing,8.0,25550.83,5225.2,Kolhapur
107146,10-09-2025,Customer_1409,Bookshelf,Furniture,1.0,6021.6,1233.88,Aurangabad
107147,14-01-2025,Customer_0761,Table,Furniture,1.0,8741.62,846.78,Nagpur
107148,28-08-2025,Customer_1369,Tablet,Electronics,8.0,132451.7,21983.07,Nagpur
107149,30-08-2025,Customer_0349,Mixer,Home,8.0,28008.99,4633.59,Aurangabad
107150,08-12-2025,Customer_0980,Smartphone,Electronics,3.0,79186.71,5034.03,Aurangabad
107151,29-05-2025,Customer_2335,Mixer,Home,4.0,12126.97,1761.18,Pune
107152,24-08-2025,Customer_1892,Desk,Furniture,8.0,87101.82,14041.28,Nashik
107153,11/02/2025,Customer_0420,Backpack,Clothing,5.0,7109.59,1092.9,Aurangabad
107154,16-06-2025,Customer_1685,Desk,Furniture,8.0,90310.71,14664.2,Kolhapur
107155,20-01-2025,Customer_2069,Mixer,Home,6.0,23075.8,5069.56,Pune
107156,04-08-2025,Customer_0184,Vacuum Cleaner,Home,2.0,14319.93,2136.53,Aurangabad
107157,12/09/2025,Customer_0123,Lamp,Home,2.0,2179.27,368.36,Nagpur
107158,15-05-2025,Customer_0147,T-Shirt,Clothing,8.0,6335.26,594.87,nagpur
107159,09-05-2025,Customer_1808,Cabinet,Furniture,5.0,37071.95,3108.16,Kolhapur
107160,10/21/2025,Customer_0044,Backpack,Clothing,4.0,5997.69,750.01,Mumbai
107161,03-09-2025,Customer_1895,Backpack,Clothing,6.0,7297.99,1459.54, Mumbai 
107162,07/08/2025,Customer_0030,Lamp,Home,5.0,6103.81,689.58,Nashik
107163,13-02-2025,Customer_1963,Backpack,Clothing,3.0,4003.42,426.12, Mumbai 
107164,27-03-2025,Customer_0775,Monitor,Electronics,1.0,13813.02,1573.67,Pune
107165,13-02-2025,Customer_1598,Vacuum Cleaner,Home,4.0,26373.98,4846.56,Nashik
107166,26-11-2025,Customer_2018,Office Chair,Furniture,7.0,55247.77,5917.76,Aurangabad
107167,25-05-2025,Customer_1070,Backpack,Clothing,5.0,7060.36,1372.68,Nashik
107168,20-02-2025,Customer_2407,Monitor,Electronics,6.0,73118.8,5303.13,Mumbai
107169,30-08-2025,Customer_0138,Smartphone,Electronics,3.0,76263.83,12374.45,Nagpur
107170,21-10-2025,Customer_1402,Shoes,Clothing,1.0,2283.56,409.29,Mumbai
107171,20-02-2025,Customer_0509,Vacuum Cleaner,Home,1.0,6785.21,1409.47,Aurangabad
107172,23-09-2025,Customer_0155,Jeans,Clothing,4.0,5764.39,1038.86,Mumbai
107173,30-04-2025,Customer_0897,Bedsheet,Home,4.0,6300.67,947.92,Pune
107174,2025/07/19,Customer_1637,Desk,Furniture,6.0,73120.94,8931.11,Nashik
107175,05-09-2025,Customer_0121,T-Shirt,Clothing,4.0,3089.44,187.53,Nagpur
107176,11-03-2025,Customer_0247,Headphones,Electronics,5.0,12575.67,1191.48,Mumbai
107177,07-12-2025,Customer_0106,Cookware,Home,3.0,7082.13,473.73,Pune
107178,26-02-2025,Customer_0881,Cabinet,Furniture,6.0,52774.39,10243.23,Pune
107179,08-02-2025,Customer_1197,T-Shirt,Clothing,1.0,769.9,64.99,Mumbai
107180,16-10-2025,Customer_0160,Office Chair,Furniture,3.0,23380.24,1456.56,Aurangabad
107181,2025/01/18,Customer_0228,Vacuum Cleaner,Home,3.0,21535.58,3783.29,NASHIK
107182,08-08-2025,Customer_0230,Laptop,Electronics,4.0,222056.15,39280.54,Nashik
107183,11/09/2025,Customer_1837,Backpack,Clothing,5.0,6148.08,888.92,mumbai
107184,01-09-2025,Customer_2458,Shoes,Clothing,8.0,18747.66,4042.35,Nagpur
107185,2025/12/18,Customer_1110,Cabinet,Furniture,3.0,26571.25,4711.72,Aurangabad
107186,31-10-2025,Customer_2156,Jacket,Clothing,4.0,12657.39,1461.86,Pune
107187,10/25/2025,Customer_1991,T-Shirt,Clothing,3.0,2352.55,263.58,Mumbai
107188,10-10-2025,Customer_1789,Cabinet,Furniture,3.0,25676.14,4565.9,Nashik
107189,15-03-2025,Customer_0404,Cabinet,Furniture,6.0,41064.24,4836.12,Kolhapur
107190,2025/04/20,Customer_1496,Jeans,Clothing,6.0,8215.97,1803.69,Aurangabad
107191,29-06-2025,Customer_1379,Bedsheet,Home,2.0,3191.97,468.74,Nashik
107192,01-02-2025,Customer_2103,Smartphone,Electronics,1.0,27179.17,2505.98,Pune
107193,22-08-2025,Customer_1243,Vacuum Cleaner,Home,6.0,38825.12,6102.87,Nashik
107194,09-10-2025,Customer_1387,Bedsheet,Home,2.0,3233.02,596.72, Pune 
107195,25-01-2025,Customer_2397,Backpack,Clothing,5.0,6578.61,616.83,Aurangabad
107196,27-11-2025,Customer_2091,Headphones,Electronics,1.0,2543.72,319.62,Kolhapur
107197,06-10-2025,Customer_1668,Bookshelf,Furniture,5.0,33782.57,6783.88,Aurangabad
107198,14-08-2025,Customer_1362,T-Shirt,Clothing,4.0,2786.01,327.31,Pune
107199,26-02-2025,Customer_1420,Bedsheet,Home,6.0,10234.68,1052.23,Nashik
107200,29-06-2025,Customer_2083,Bookshelf,Furniture,6.0,36481.12,6887.51,Kolhapur
107201,2025/08/20,Customer_0625,Laptop,Electronics,3.0,155632.45,14071.52,Nagpur
107202,09-12-2025,Customer_1832,Lamp,Home,5.0,5955.87,423.14,Nagpur
107203,14-10-2025,Customer_1525,Bedsheet,Home,5.0,9543.45,1364.12,Kolhapur
107204,05-03-2025,Customer_0482,Bookshelf,Furniture,5.0,29967.37,3238.61,Mumbai
107205,20-08-2025,Customer_0608,Cabinet,Furniture,8.0,71769.73,5345.25,Nashik
107206,16-10-2025,Customer_0158,Table,Furniture,8.0,79988.2,9620.41,Pune
107207,01-08-2025,Customer_1356,Mixer,Home,5.0,19498.27,3443.43,Nashik
107208,15-09-2025,Customer_2332,Backpack,Clothing,5.0,6168.76,1190.85,Aurangabad
107209,2025/01/18,Customer_0433,Bedsheet,Home,5.0,9491.88,618.57,Nagpur
107210,24-06-2025,Customer_2309,Cookware,Home,4.0,7832.98,1266.6,Nashik
107211,17-08-2025,Customer_0631,Bedsheet,Home,2.0,3775.61,677.59, Nashik 
107212,14-08-2025,Customer_1408,Backpack,Clothing,4.0,5970.01,988.18, Pune 
107213,25-03-2025,Customer_1830,Table,Furniture,7.0,68031.92,10341.78,Nashik
107214,2025/10/18,Customer_0508,Tablet,Electronics,5.0,83541.37,17207.87,Mumbai
107215,03-09-2025,Customer_1978,Table,Furniture,3.0,23097.53,2740.52,Nagpur
107216,20-04-2025,Customer_1160,Jeans,Clothing,2.0,3419.72,438.9,Nashik
107217,11-09-2025,Customer_0423,Smartphone,Electronics,5.0,107181.29,7562.38,Nagpur
107218,29-03-2025,Customer_1159,Laptop,Electronics,6.0,344715.1,73899.45,Nashik
107219,13-03-2025,Customer_1187,Backpack,Clothing,4.0,5687.13,802.35,Nashik
107220,30-01-2025,Customer_1490,Backpack,Clothing,6.0,7942.18,802.72, Nagpur 
107221,21-06-2025,Customer_2287,Office Chair,Furniture,7.0,44955.51,4660.66,Aurangabad
107222,05-11-2025,Customer_1982,Desk,Furniture,6.0,70900.79,6499.61,AURANGABAD
107223,12/09/2025,Customer_2296,Bedsheet,Home,1.0,1577.17,275.75,Kolhapur
107224,26-06-2025,Customer_2378,T-Shirt,Clothing,5.0,3914.35,821.56,pune
107225,19-05-2025,Customer_0209,Monitor,Electronics,7.0,101469.16,6944.95,Nashik
107226,13-07-2025,Customer_0364,Office Chair,Furniture,8.0,64335.53,4993.42,Nashik
107227,05-07-2025,Customer_0650,Shoes,Clothing,6.0,15763.87,2911.56,Pune
107228,06-08-2025,Customer_0914,Vacuum Cleaner,Home,4.0,27761.74,5893.86,Nagpur
107229,13-06-2025,Customer_0281,Mixer,Home,4.0,15000.21,2563.74,Aurangabad
107230,10-06-2025,Customer_0101,Mixer,Home,6.0,19498.98,4055.07,Pune
107231,01/13/2025,Customer_2261,Headphones,Electronics,6.0,13557.95,2776.44,Mumbai
107232,23-10-2025,Customer_1514,Laptop,Electronics,2.0,103817.86,8391.2,Mumbai
107233,2025/03/30,Customer_1663,Office Chair,Furniture,3.0,24705.11,1492.17,Nashik
107234,20-11-2025,Customer_0973,Laptop,Electronics,4.0,241917.83,24668.34,Aurangabad
107235,11-02-2025,Customer_0996,Cabinet,Furniture,7.0,62463.32,10658.53,nagpur
107236,29-07-2025,Customer_0968,Smartphone,Electronics,1.0,26246.37,3108.91,Kolhapur
107237,17-08-2025,Customer_0258,Vacuum Cleaner,Home,3.0,16922.51,3262.86,Kolhapur
107238,2025/12/16,Customer_1161,Cabinet,Furniture,5.0,36050.85,4310.29,Nagpur
107239,2025/10/02,Customer_1771,Tablet,Electronics,8.0,148335.32,20345.76,Nagpur
107240,10/06/2025,Customer_0033,Bookshelf,Furniture,3.0,16372.77,1350.73,Kolhapur
107241,08-09-2025,Customer_0761,Bookshelf,Furniture,2.0,10643.69,2108.31,Nashik
107242,06-11-2025,Customer_1197,Table,Furniture,7.0,54146.48,11713.09,Nagpur
107243,27-07-2025,Customer_1258,Jeans,Clothing,7.0,10187.06,791.04,Nashik
107244,17-11-2025,Customer_2289,Headphones,Electronics,8.0,20461.83,1489.58,Mumbai
107245,20-05-2025,Customer_1665,Table,Furniture,7.0,64936.37,12734.04,mumbai
107246,07-10-2025,Customer_2123,Vacuum Cleaner,Home,6.0,33710.41,6336.85,Pune
107247,03-02-2025,Customer_1117,Bedsheet,Home,5.0,8715.09,745.3,Kolhapur
107248,05-11-2025,Customer_2157,Bookshelf,Furniture,7.0,37918.82,7849.28,Nagpur
107249,18-01-2025,Customer_1573,Headphones,Electronics,5.0,11039.77,2193.44,Kolhapur
107250,26-02-2025,Customer_1022,Cabinet,Furniture,6.0,48637.12,3222.16,Pune
107251,22-04-2025,Customer_1653,Jacket,Clothing,7.0,19391.12,3699.67,Nashik
107252,05-01-2025,Customer_0042,Desk,Furniture,5.0,64071.65,8855.03,Mumbai
107253,01-07-2025,Customer_2276,Vacuum Cleaner,Home,1.0,7202.1,570.83,Kolhapur
107254,2025/01/13,Customer_1600,Lamp,Home,7.0,9433.05,1843.51,Nagpur
107255,05-12-2025,Customer_0570,Laptop,Electronics,3.0,175309.7,33459.97,Kolhapur
107256,12-10-2025,Customer_1091,Desk,Furniture,3.0,36473.21,6128.45,Nagpur
107257,16-09-2025,Customer_0215,Cookware,Home,3.0,,785.35,mumbai
107258,31-03-2025,Customer_1991,Cookware,Home,4.0,8981.79,908.91,aurangabad
107259,14-04-2025,Customer_0264,T-Shirt,Clothing,7.0,4812.21,504.92,Mumbai
107260,05-07-2025,Customer_2134,Bedsheet,Home,5.0,7981.8,889.95,nashik
107261,07-09-2025,Customer_0211,Vacuum Cleaner,Home,4.0,28745.5,3477.43,nashik
107262,2025/09/12,Customer_1334,Jacket,Clothing,7.0,21058.26,1853.79,Aurangabad
107263,17-03-2025,Customer_1886,Bedsheet,Home,6.0,10555.12,827.28,kolhapur
107264,2025/04/18,Customer_0222,Vacuum Cleaner,Home,1.0,5795.31,920.24, Nashik 
107265,2025/06/05,Customer_1621,T-Shirt,Clothing,3.0,2167.71,204.07,Aurangabad
107266,23-03-2025,Customer_1047,Bedsheet,Home,5.0,8930.94,1769.48,Kolhapur
107267,18-03-2025,Customer_0919,Jeans,Clothing,7.0,10105.32,637.38,Mumbai
107268,15-09-2025,Customer_1684,Mixer,Home,6.0,21957.57,1505.4,Pune
107269,2025/05/07,Customer_0791,Shoes,Clothing,6.0,17159.73,2703.33,Nashik
107270,10/09/2025,Customer_0252,Jeans,Clothing,1.0,1585.79,204.25,Nashik
107271,2025/03/29,Customer_1815,Office Chair,Furniture,7.0,53650.86,3996.98,NASHIK
107272,23-07-2025,Customer_0563,Mixer,Home,6.0,23709.12,3795.89,Pune
107273,2025/01/16,Customer_2353,Bookshelf,Furniture,2.0,10862.32,1629.49,Pune
107274,31-05-2025,Customer_1675,T-Shirt,Clothing,6.0,3737.9,234.77,Nashik
107275,11-09-2025,Customer_1297,Smartphone,Electronics,4.0,103915.51,17016.93,Kolhapur
107276,07-07-2025,Customer_1078,T-Shirt,Clothing,2.0,1435.15,128.24,mumbai
107277,25-11-2025,Customer_1734,Desk,Furniture,8.0,98978.78,6833.67,Nagpur
107278,02/01/2025,Customer_2421,Desk,Furniture,8.0,99146.06,14737.34,Aurangabad
107279,28-09-2025,Customer_0849,Headphones,Electronics,3.0,7849.32,1595.58,Mumbai
107280,05-01-2025,Customer_0167,Laptop,Electronics,7.0,425466.36,92285.64,Aurangabad
107281,26-11-2025,Customer_0157,Tablet,Electronics,1.0,20571.7,3776.37,Nashik
107282,04-11-2025,Customer_2166,Desk,Furniture,2.0,27286.22,5423.56,Nashik
107283,2025/11/29,Customer_2378,Shoes,Clothing,5.0,13353.43,962.27,Nagpur
107284,18-06-2025,Customer_1368,Backpack,Clothing,1.0,1210.6,234.88,Mumbai
107285,30-06-2025,Customer_1440,Mixer,Home,3.0,10467.42,1992.34,Kolhapur
107286,27-06-2025,Customer_1188,Mixer,Home,2.0,6607.13,816.8,Mumbai
107287,2025/05/23,Customer_0184,Backpack,Clothing,4.0,5936.31,1225.57,Nashik
107288,2025/12/28,Customer_1501,Tablet,Electronics,8.0,126191.3,24965.24,Pune
107289,05-09-2025,Customer_0315,Office Chair,Furniture,7.0,57114.95,6310.42, Pune 
107290,05/07/2025,Customer_1645,Desk,Furniture,2.0,22957.56,1548.12, Kolhapur 
107291,2025/09/20,Customer_0824,Lamp,Home,6.0,6154.0,838.92,Nagpur
107292,09-02-2025,Customer_0980,Headphones,Electronics,8.0,17573.24,1599.87,Mumbai
107293,21-12-2025,Customer_0339,Headphones,Electronics,4.0,11040.3,1671.11,Kolhapur
107294,12-09-2025,Customer_1020,Table,Furniture,5.0,46804.04,4212.21,Pune
107295,2025/05/23,Customer_1685,Table,Furniture,7.0,69211.71,13764.6,Nashik
107296,28-08-2025,Customer_0908,Mixer,Home,3.0,10573.48,2178.24,mumbai
107297,16-08-2025,Customer_1458,Mixer,Home,7.0,27034.49,4785.43,nashik
107298,07-12-2025,Customer_1027,Tablet,Electronics,3.0,57792.03,4442.07,Nagpur
107299,07/17/2025,Customer_0614,Jacket,Clothing,6.0,15645.01,1106.03,Nagpur
107300,06-03-2025,Customer_0992,Cookware,Home,1.0,1875.73,160.06,NAGPUR
107301,11-01-2025,Customer_1863,Mixer,Home,3.0,11698.53,1150.9, Aurangabad 
107302,18-04-2025,Customer_0032,T-Shirt,Clothing,1.0,798.73,124.26,Nashik
107303,2025/01/26,Customer_0171,Vacuum Cleaner,Home,8.0,47901.23,6684.18,Nagpur
107304,31-05-2025,Customer_0312,Headphones,Electronics,8.0,18314.57,3982.24,Pune
107305,09-08-2025,Customer_1570,Office Chair,Furniture,2.0,16562.69,1063.3,nagpur
107306,07-12-2025,Customer_1495,Desk,Furniture,4.0,54447.97,9548.56,Mumbai
107307,25-08-2025,Customer_1518,Desk,Furniture,1.0,10496.57,1756.1,Nashik
107308,25-08-2025,Customer_0336,Backpack,Clothing,6.0,8770.26,833.23,Nagpur
107309,07-08-2025,Customer_1812,Shoes,Clothing,1.0,2693.84,199.16,Kolhapur
107310,31-05-2025,Customer_0444,Jeans,Clothing,3.0,4784.8,294.68,Aurangabad
107311,03-05-2025,Customer_1112,Office Chair,Furniture,3.0,25663.98,4625.94,Mumbai
107312,24-05-2025,Customer_2165,Lamp,Home,7.0,7540.31,864.63,Nashik
107313,08-07-2025,Customer_0585,T-Shirt,Clothing,1.0,628.72,114.84,Aurangabad
107314,2025/09/12,Customer_0266,Headphones,Electronics,2.0,4338.34,843.66,Nashik
107315,09-03-2025,Customer_1295,Backpack,Clothing,1.0,1585.72,266.81,Pune
107316,14-04-2025,Customer_0780,Monitor,Electronics,4.0,51177.82,6019.25,Nashik
107317,02-12-2025,Customer_0919,Lamp,Home,4.0,4767.23,747.21,Nagpur
107318,08-06-2025,Customer_1294,Desk,Furniture,1.0,12607.19,1874.37,Nagpur
107319,11/05/2025,Customer_1907,Jacket,Clothing,4.0,10700.41,2167.33,Aurangabad
107320,28-12-2025,Customer_0490,Laptop,Electronics,5.0,240464.84,32366.8,Nagpur
107321,27-10-2025,Customer_1839,Jeans,Clothing,8.0,13858.17,966.46,Pune
107322,31-03-2025,Customer_0044,Office Chair,Furniture,8.0,63696.03,12175.74,Aurangabad
107323,23-12-2025,Customer_0456,Shoes,Clothing,1.0,2620.62,162.66,Mumbai
107324,13-09-2025,Customer_2261,Backpack,Clothing,3.0,3796.97,435.66,aurangabad
107325,19-12-2025,Customer_0380,Desk,Furniture,8.0,88330.27,18904.83,Nagpur
107326,08-08-2025,Customer_1860,Shoes,Clothing,2.0,5227.39,562.02,NAGPUR
107327,09-01-2025,Customer_1453,Lamp,Home,1.0,1354.69,241.81,Kolhapur
107328,12-01-2025,Customer_2306,Tablet,Electronics,4.0,67347.52,8123.53,Mumbai
107329,2025/11/21,Customer_1422,Laptop,Electronics,1.0,50040.58,10777.33,Aurangabad
107330,01-09-2025,Customer_1551,Backpack,Clothing,2.0,2814.53,572.39,Kolhapur
107331,01-07-2025,Customer_2000,Desk,Furniture,2.0,22894.8,4527.1,Kolhapur
107332,11-10-2025,,Table,Furniture,5.0,38977.47,8463.35,pune
107333,08-11-2025,Customer_1580,Jacket,Clothing,1.0,3146.11,371.59,Nashik
107334,09-04-2025,Customer_1369,Jacket,Clothing,3.0,9092.3,1639.9, Kolhapur 
107335,16-07-2025,Customer_0088,Bookshelf,Furniture,8.0,53778.07,5870.46,Aurangabad
107336,14-08-2025,Customer_0028,Bedsheet,Home,6.0,10688.28,2120.56,Kolhapur
107337,11/29/2025,Customer_0051,Shoes,Clothing,3.0,8126.8,999.23,Nagpur
107338,2025/04/13,Customer_0747,Shoes,Clothing,3.0,8277.88,558.86,Nagpur
107339,16-04-2025,Customer_1683,Monitor,Electronics,3.0,45553.78,4240.26,Pune
107340,31-12-2025,Customer_0497,Table,Furniture,2.0,16845.05,2340.02,Kolhapur
107341,27-02-2025,Customer_0482,Vacuum Cleaner,Home,1.0,6401.98,917.35,Pune
107342,19-03-2025,Customer_2407,Table,Furniture,1.0,9120.89,1031.07,Aurangabad
107343,03/16/2025,Customer_2342,Monitor,Electronics,5.0,63179.78,11559.18,Pune
107344,11-02-2025,Customer_0201,Tablet,Electronics,1.0,17459.87,2460.7,Mumbai
107345,20-11-2025,Customer_0689,Table,Furniture,7.0,65734.77,13511.26,Kolhapur
107346,30-06-2025,Customer_1905,Headphones,Electronics,8.0,21245.32,1429.25,Nagpur
107347,02/02/2025,Customer_1137,Mixer,Home,2.0,7710.98,1683.28,Aurangabad
107348,12-03-2025,Customer_2075,Cookware,Home,7.0,15272.88,3285.72,Mumbai
107349,02/25/2025,Customer_1749,Laptop,Electronics,6.0,334685.55,44693.43,Aurangabad
107350,04/15/2025,Customer_0116,Lamp,Home,7.0,7975.14,1317.56,Nagpur
107351,19-07-2025,Customer_2436,Cookware,Home,6.0,12130.09,931.46,Nashik
107352,11-04-2025,Customer_2429,Vacuum Cleaner,Home,2.0,11156.22,1191.27,Mumbai
107353,2025/09/13,Customer_0493,Office Chair,Furniture,6.0,43592.91,6466.23,Mumbai
107354,11/03/2025,Customer_2331,Shoes,Clothing,4.0,9378.25,2039.3, Aurangabad 
107355,03/15/2025,Customer_1441,Lamp,Home,3.0,3375.08,440.64,Pune
107356,2025/06/20,Customer_0434,Tablet,Electronics,6.0,95146.15,9676.39,Nagpur
107357,23-05-2025,Customer_1937,Lamp,Home,7.0,7261.8,1085.79,Mumbai
107358,2025/06/15,Customer_2257,Backpack,Clothing,2.0,3010.89,274.94,Mumbai
107359,18-09-2025,Customer_1074,Tablet,Electronics,8.0,138293.75,8665.29,Kolhapur
107360,2025/08/09,Customer_1848,Lamp,Home,8.0,10577.82,1954.72,Kolhapur
107361,24-03-2025,Customer_2254,Bookshelf,Furniture,6.0,31283.14,3703.26,Nashik
107362,01-07-2025,Customer_1528,Cabinet,Furniture,4.0,36370.75,4463.58,Nagpur
107363,03-11-2025,Customer_1437,Mixer,Home,3.0,10582.56,1236.45,Mumbai
107364,10-01-2025,Customer_0253,Laptop,Electronics,4.0,226344.67,49004.78,Aurangabad
107365,04-01-2025,Customer_2368,Lamp,Home,7.0,9653.71,1775.84,Pune
107366,17-12-2025,Customer_0459,Table,Furniture,8.0,69933.12,9728.34,Kolhapur
107367,02-12-2025,Customer_2398,Monitor,Electronics,7.0,93787.9,20416.87,kolhapur
107368,10/19/2025,Customer_0979,Desk,Furniture,6.0,76487.62,10083.29,Aurangabad
107369,08-10-2025,Customer_1005,Smartphone,Electronics,2.0,42681.73,6115.32,Kolhapur
107370,03-08-2025,Customer_0163,Vacuum Cleaner,Home,4.0,29774.64,4278.31,Nashik
107371,08-04-2025,Customer_2112,Vacuum Cleaner,Home,3.0,17642.2,1120.9,AURANGABAD
107372,11-04-2025,Customer_0965,Lamp,Home,4.0,4590.77,949.91,Nashik
107373,09-01-2025,Customer_0704,Jeans,Clothing,7.0,12868.42,2718.57,Pune
107374,02-03-2025,Customer_2249,Cabinet,Furniture,5.0,42753.04,6383.15,Nagpur
107375,05-11-2025,Customer_0466,Shoes,Clothing,2.0,5136.03,751.09,Mumbai
107376,26-05-2025,Customer_1190,Table,Furniture,4.0,38236.13,4856.74,Aurangabad
107377,04-03-2025,Customer_0946,T-Shirt,Clothing,8.0,5884.26,467.55,Kolhapur
107378,01-05-2025,Customer_2372,Desk,Furniture,3.0,33469.51,6485.07, Mumbai 
107379,14-08-2025,Customer_2092,Tablet,Electronics,8.0,161441.95,23609.48,Nagpur
107380,15-04-2025,Customer_2326,T-Shirt,Clothing,4.0,2406.57,501.33,Aurangabad
107381,17-09-2025,Customer_0228,Shoes,Clothing,6.0,15909.29,2008.46,NASHIK
107382,15-12-2025,,Shoes,Clothing,8.0,20590.27,2651.29,Kolhapur
107383,12-09-2025,Customer_0835,Tablet,Electronics,5.0,89064.16,17981.13,pune
107384,26-07-2025,Customer_1237,Bookshelf,Furniture,4.0,21559.81,1651.2,Aurangabad
107385,28-01-2025,Customer_1015,Jeans,Clothing,6.0,8167.86,900.43,Kolhapur
107386,19-06-2025,Customer_2028,Laptop,Electronics,6.0,295093.96,28092.26,nashik
107387,02-12-2025,Customer_1882,Monitor,Electronics,3.0,35841.61,3453.38, Mumbai 
107388,17-03-2025,Customer_2112,Monitor,Electronics,5.0,66486.94,4325.03,Pune
107389,26-04-2025,Customer_1847,Table,Furniture,6.0,55748.05,8418.4,aurangabad
107390,10-03-2025,Customer_1051,Shoes,Clothing,3.0,6593.33,1023.3,Mumbai
107391,20-12-2025,Customer_1667,Cabinet,Furniture,2.0,18393.54,3883.15,KOLHAPUR
107392,08/22/2025,Customer_2134,Bedsheet,Home,1.0,1531.44,286.78,Kolhapur
107393,01-01-2025,Customer_1638,Jacket,Clothing,1.0,2677.03,187.89,Kolhapur
107394,2025/06/16,Customer_1090,Jeans,Clothing,5.0,7510.36,837.24,Pune
107395,18-12-2025,Customer_1229,Laptop,Electronics,1.0,55383.53,9181.12, Mumbai 
107396,06-08-2025,Customer_1067,Vacuum Cleaner,Home,8.0,55885.27,5551.89,Kolhapur
107397,30-09-2025,Customer_2395,Bookshelf,Furniture,5.0,28395.94,3104.84,Mumbai
107398,08-09-2025,Customer_2149,Laptop,Electronics,2.0,105470.32,23197.67,pune
107399,13-12-2025,Customer_0878,Vacuum Cleaner,Home,2.0,14083.98,3042.12,Mumbai
107400,10-12-2025,Customer_1315,Bookshelf,Furniture,8.0,50780.8,6347.77,Mumbai
107401,23-06-2025,Customer_0413,Backpack,Clothing,-1.0,2707.39,374.09,Pune
107402,19-06-2025,Customer_0773,Shoes,Clothing,1.0,2437.65,469.33,Nashik
107403,03-09-2025,Customer_0218,Lamp,Home,7.0,8311.81,891.84,Aurangabad
107404,03/31/2025,Customer_0661,Tablet,Electronics,5.0,97421.23,19163.46,Nagpur
107405,18-02-2025,Customer_1325,Bookshelf,Furniture,6.0,35140.63,5863.19,Nashik
107406,21-10-2025,Customer_0729,Cookware,Home,1.0,1908.81,276.23,Pune
107407,30-05-2025,Customer_1595,Bookshelf,Furniture,5.0,25904.83,1675.28,Kolhapur
107408,12-05-2025,Customer_2334,Desk,Furniture,4.0,49626.12,5386.1,Nashik
107409,28-02-2025,Customer_1822,Tablet,Electronics,2.0,38619.4,7854.15,Mumbai
107410,20-11-2025,Customer_1577,Jeans,Clothing,5.0,7134.54,1255.13,Nagpur
107411,18-07-2025,Customer_1062,Monitor,Electronics,6.0,84365.9,6575.4,Nagpur
107412,03-08-2025,Customer_0208,Laptop,Electronics,7.0,402508.95,63401.07,Mumbai
107413,18-02-2025,Customer_2368,Laptop,Electronics,8.0,442064.73,92053.52,Nashik
107414,20-08-2025,Customer_1382,Tablet,Electronics,4.0,72455.32,15830.21,Mumbai
107415,04-09-2025,Customer_0727,Headphones,Electronics,2.0,5013.84,393.77,pune
107416,27-08-2025,Customer_0438,Desk,Furniture,5.0,59468.48,5302.96,Nagpur
107417,17-06-2025,Customer_1569,Shoes,Clothing,2.0,5145.7,879.41,Kolhapur
107418,17-02-2025,Customer_1787,Monitor,Electronics,6.0,83204.57,6292.97,Nashik
107419,20-02-2025,Customer_1106,Monitor,Electronics,6.0,83209.76,6077.03,Pune
107420,26-10-2025,Customer_1781,Desk,Furniture,4.0,50622.61,9439.04,Nagpur
107421,08-04-2025,Customer_2122,T-Shirt,Clothing,3.0,2391.3,200.41,Nashik
107422,04-08-2025,Customer_1309,Headphones,Electronics,7.0,17670.21,2664.77,Kolhapur
107423,2025/06/26,Customer_1529,Tablet,Electronics,2.0,40562.75,6504.81,aurangabad
107424,2025/03/21,Customer_2318,Vacuum Cleaner,Home,3.0,17426.23,2262.21,Pune
107425,04-07-2025,Customer_2428,Jeans,Clothing,5.0,8371.43,1440.27,Mumbai
107426,27-01-2025,Customer_0421,Office Chair,Furniture,2.0,16633.83,1478.43,Aurangabad
107427,14-07-2025,Customer_2064,Jeans,Clothing,5.0,9083.7,630.97,Pune
107428,02-08-2025,Customer_0029,T-Shirt,Clothing,5.0,4007.95,790.54,Pune
107429,08-12-2025,Customer_1626,Cabinet,Furniture,6.0,50307.93,8934.65,Kolhapur
107430,24-04-2025,Customer_1166,Cabinet,Furniture,2.0,13948.92,929.51,MUMBAI
107431,30-08-2025,Customer_0024,Lamp,Home,3.0,3169.91,234.5,PUNE
107432,04-05-2025,Customer_1845,Office Chair,Furniture,2.0,15213.22,1437.21,nashik
107433,01-11-2025,Customer_2073,Smartphone,Electronics,1.0,27701.54,3637.76,Aurangabad
107434,2025/03/17,Customer_2062,Jacket,Clothing,7.0,20749.6,3412.47,Kolhapur
107435,07-11-2025,Customer_1218,Bedsheet,Home,6.0,10216.32,1010.46,Kolhapur
107436,08-11-2025,Customer_1898,Monitor,Electronics,3.0,40014.95,7501.42,Mumbai
107437,07/15/2025,Customer_1873,Smartphone,Electronics,7.0,179529.53,18054.6,aurangabad
107438,17-12-2025,Customer_1706,Backpack,Clothing,2.0,3066.99,210.89,NASHIK
107439,13-02-2025,Customer_1284,Backpack,Clothing,2.0,2967.31,386.51,MUMBAI
107440,05-07-2025,Customer_0390,Office Chair,Furniture,1.0,8020.4,1671.4,pune
107441,09-12-2025,Customer_0563,Office Chair,Furniture,6.0,48375.46,6323.37,Mumbai
107442,2025/09/03,Customer_2186,Headphones,Electronics,7.0,15667.62,2961.43,Mumbai
107443,25-03-2025,Customer_2225,Bookshelf,Furniture,3.0,17787.81,1281.61,Nashik
107444,26-07-2025,Customer_1032,Smartphone,Electronics,3.0,79928.75,8528.1,nagpur
107445,31-05-2025,Customer_0335,Table,Furniture,8.0,62255.99,12727.62,AURANGABAD
107446,05-06-2025,Customer_0572,Desk,Furniture,1.0,11939.16,1253.06,Nashik
107447,16-01-2025,Customer_0991,Bookshelf,Furniture,3.0,19168.49,3867.13,Kolhapur
107448,14-06-2025,Customer_1836,Bedsheet,Home,1.0,1530.17,260.21, Nagpur 
107449,05/25/2025,Customer_0552,Mixer,Home,,18901.81,1768.99,Kolhapur
107450,06-02-2025,Customer_1748,Cabinet,Furniture,8.0,63800.78,4739.49,Aurangabad
107451,29-11-2025,Customer_0213,Bedsheet,Home,5.0,9666.22,1890.65,kolhapur
107452,14-02-2025,Customer_0308,Bedsheet,Home,3.0,4765.26,908.42,Pune
107453,25-07-2025,Customer_1197,Lamp,Home,3.0,3893.3,449.7,Aurangabad
107454,03-03-2025,Customer_0896,Laptop,Electronics,4.0,232559.11,13955.34,AURANGABAD
107455,22-12-2025,Customer_0077,Headphones,Electronics,2.0,5647.7,836.21,Aurangabad
107456,04-11-2025,Customer_1893,Cookware,Home,5.0,11397.12,1895.86,mumbai
107457,19-01-2025,Customer_1771,Jacket,Clothing,3.0,8554.65,1685.97,Nashik
107458,31-12-2025,Customer_2179,T-Shirt,Clothing,7.0,5061.26,1038.78,Kolhapur
107459,27-10-2025,Customer_1989,Cabinet,Furniture,3.0,24592.79,2148.91,Nagpur
107460,07-01-2025,Customer_0759,Cabinet,Furniture,6.0,53955.3,9121.7,Mumbai
107461,06-09-2025,Customer_2095,Monitor,Electronics,3.0,44510.41,9688.9,Kolhapur
107462,27-04-2025,Customer_0682,Table,Furniture,4.0,31412.12,4038.81, Nagpur 
107463,09-03-2025,Customer_1959,Vacuum Cleaner,Home,1.0,5991.24,963.8,Aurangabad
107464,02/03/2025,Customer_0952,Headphones,Electronics,3.0,8190.33,1757.72,
107465,07/13/2025,Customer_2135,Cookware,Home,2.0,4340.07,806.36, Kolhapur 
107466,2025/11/21,Customer_0290,Backpack,Clothing,4.0,6300.65,1066.9,Pune
107467,24-02-2025,Customer_0332,Vacuum Cleaner,Home,3.0,17994.99,2829.83,Aurangabad
107468,23-09-2025,Customer_1280,Bookshelf,Furniture,4.0,27383.65,5969.87,Aurangabad
107469,11-02-2025,Customer_0029,Mixer,Home,6.0,21896.87,4421.37,Nagpur
107470,10/24/2025,Customer_1536,Tablet,Electronics,8.0,131055.09,13023.28,Pune
107471,19-08-2025,Customer_2367,Backpack,Clothing,5.0,7951.06,649.11,Kolhapur
107472,10-01-2025,Customer_1869,Cookware,Home,6.0,11976.78,1524.5,Nagpur
107473,24-12-2025,Customer_0290,Bedsheet,Home,3.0,5545.13,868.43,MUMBAI
107474,08-05-2025,Customer_0299,Headphones,Electronics,6.0,14063.89,2915.42,Kolhapur
107475,28-06-2025,Customer_1471,Backpack,Clothing,5.0,7871.71,966.1,Nashik
107476,12-07-2025,Customer_2387,Desk,Furniture,6.0,70580.7,12168.08,Nashik
107477,2025/04/02,Customer_0774,T-Shirt,Clothing,4.0,2936.92,355.86,AURANGABAD
107478,19-08-2025,Customer_1438,Headphones,Electronics,2.0,4871.37,563.55,Nashik
107479,19-03-2025,Customer_0853,Monitor,Electronics,7.0,90220.32,12026.56,Aurangabad
107480,26-03-2025,Customer_0107,T-Shirt,Clothing,2.0,1478.3,264.19,Kolhapur
107481,30-01-2025,Customer_1404,Bedsheet,Home,5.0,9752.96,1169.94,Pune
107482,01-08-2025,Customer_1647,Table,Furniture,4.0,38858.07,2372.0,nashik
107483,18-02-2025,Customer_1032,Headphones,Electronics,1.0,2482.79,464.34,Pune
107484,22-09-2025,Customer_0584,Cookware,Home,8.0,18286.64,2484.24,Mumbai
107485,25-05-2025,Customer_1720,Bookshelf,Furniture,3.0,18781.07,3852.21,Aurangabad
107486,10-03-2025,Customer_0162,Vacuum Cleaner,Home,8.0,53035.56,9968.87,Aurangabad
107487,27-02-2025,Customer_2233,Desk,Furniture,4.0,54922.7,9495.63,Pune
107488,04-07-2025,Customer_1808,Cabinet,Furniture,2.0,16351.96,1079.19,Pune
107489,03-03-2025,Customer_1816,Bookshelf,Furniture,5.0,28870.3,4344.14, Aurangabad 
107490,04-11-2025,Customer_0290,Jeans,Clothing,2.0,3485.32,453.43, Mumbai 
107491,23-10-2025,Customer_1001,Lamp,Home,7.0,9559.35,989.27,NAGPUR
107492,15-06-2025,Customer_1253,Office Chair,Furniture,2.0,16100.55,2045.5,Kolhapur
107493,2025/06/20,Customer_0067,Desk,Furniture,2.0,23899.12,4502.6,Kolhapur
107494,04-03-2025,Customer_0221,Cookware,Home,4.0,8262.01,623.7,Nagpur
107495,27-05-2025,Customer_0108,Backpack,Clothing,5.0,7042.54,1018.4,pune
107496,02-11-2025,Customer_2087,Cabinet,Furniture,2.0,17426.41,3745.48,Pune
107497,10-06-2025,Customer_2242,Table,Furniture,5.0,38996.56,6031.61,Nashik
107498,21-05-2025,Customer_0529,Laptop,Electronics,1.0,57991.1,12626.3,Pune
107499,30-11-2025,Customer_1036,Bookshelf,Furniture,2.0,13593.32,2365.13,Pune
107500,07-04-2025,Customer_0552,Tablet,Electronics,1.0,18117.66,1555.29,Kolhapur
107501,09-08-2025,Customer_1740,Shoes,Clothing,2.0,4826.26,741.41,Aurangabad
107502,12-02-2025,Customer_0785,Vacuum Cleaner,Home,8.0,55513.13,8974.47,Mumbai
107503,19-10-2025,Customer_0045,Headphones,Electronics,8.0,21284.74,2738.59,Mumbai
107504,18-04-2025,Customer_0769,Office Chair,Furniture,5.0,40060.81,3324.99,Aurangabad
107505,23-09-2025,Customer_0873,Shoes,Clothing,5.0,11234.7,966.78,Aurangabad
107506,05-04-2025,Customer_0532,Bookshelf,Furniture,5.0,33517.78,2418.83,PUNE
107507,19-09-2025,Customer_0272,Tablet,Electronics,6.0,117768.87,11467.31,pune
107508,11/09/2025,Customer_0008,Headphones,Electronics,7.0,17334.26,3580.44,Pune
107509,12-03-2025,Customer_0817,Headphones,Electronics,2.0,5128.91,480.16,Pune
107510,07-08-2025,Customer_1368,Bookshelf,Furniture,6.0,33668.17,6978.45,Aurangabad
107511,2025/01/21,Customer_0546,Vacuum Cleaner,Home,5.0,31789.65,4892.99,pune
107512,02-04-2025,Customer_0951,Cookware,Home,3.0,6520.67,786.07, Kolhapur 
107513,07-05-2025,,Shoes,Clothing,8.0,18339.67,3113.91,Aurangabad
107514,21-03-2025,Customer_0315,Tablet,Electronics,7.0,134249.55,13959.48, Aurangabad 
107515,08-11-2025,Customer_2012,Vacuum Cleaner,Home,8.0,56508.57,11116.68,Nagpur
107516,08/26/2025,Customer_0261,Bedsheet,Home,6.0,12162.99,1043.51,Mumbai
107517,01-07-2025,Customer_0528,Bedsheet,Home,2.0,3388.24,669.71,Mumbai
107518,01/25/2025,Customer_1870,Monitor,Electronics,4.0,50935.48,3084.4,Aurangabad
107519,05-06-2025,Customer_2076,Office Chair,Furniture,5.0,41671.81,4676.91,Nagpur
107520,05-01-2025,Customer_1480,Office Chair,Furniture,5.0,36538.1,4801.6,PUNE
107521,04/30/2025,Customer_2054,Jacket,Clothing,6.0,18555.3,2116.47,Nagpur
107522,10/04/2025,Customer_1150,Tablet,Electronics,4.0,80473.25,12771.93,Pune
107523,01/18/2025,Customer_1277,Tablet,Electronics,7.0,127031.44,14240.01,Aurangabad
107524,17-07-2025,Customer_1425,Smartphone,Electronics,2.0,46155.68,7377.95,
107525,02/26/2025,Customer_0790,Backpack,Clothing,6.0,8266.17,1700.21,Kolhapur
107526,04/03/2025,Customer_0977,Monitor,Electronics,6.0,83789.3,11888.63,Aurangabad
107527,19-01-2025,Customer_1482,Cookware,Home,1.0,2145.04,399.58,Nashik
107528,19-12-2025,Customer_0965,Backpack,Clothing,4.0,5473.73,564.31,Kolhapur
107529,2025/07/12,Customer_2309,Table,Furniture,2.0,19954.97,3102.85,Nashik
107530,25-08-2025,Customer_0934,T-Shirt,Clothing,7.0,5034.52,794.1,Kolhapur
107531,10/04/2025,Customer_0035,Shoes,Clothing,8.0,21313.04,2346.37,Mumbai
107532,2025/08/15,Customer_1455,Tablet,Electronics,2.0,30965.52,5874.0,Mumbai
107533,21-08-2025,Customer_0762,Vacuum Cleaner,Home,5.0,28881.82,5068.5,Pune
107534,09-02-2025,Customer_1379,Jacket,Clothing,6.0,14694.87,1764.11,Mumbai
107535,19-11-2025,Customer_0148,Jacket,Clothing,5.0,12164.71,1746.3,Nagpur
107536,06/02/2025,Customer_2062,Bedsheet,Home,8.0,15061.55,1316.82,Kolhapur
107537,2025/05/07,Customer_0129,Desk,Furniture,2.0,23075.72,4819.09,Aurangabad
107538,2025/08/25,Customer_0038,Tablet,Electronics,3.0,53066.7,9998.14,Nashik
107539,24-02-2025,Customer_2026,Monitor,Electronics,5.0,78970.88,17049.44,pune
107540,21-06-2025,Customer_1649,Smartphone,Electronics,,139937.08,15502.91,Pune
107541,19-04-2025,Customer_2202,Lamp,Home,8.0,10932.21,2076.94, Aurangabad 
107542,20-12-2025,Customer_0095,Headphones,Electronics,2.0,5505.76,343.71,aurangabad
107543,03-07-2025,Customer_1675,Backpack,Clothing,7.0,11135.46,2054.43,nagpur
107544,2025/07/17,Customer_1054,Monitor,Electronics,7.0,105878.24,7733.77,Nashik
107545,28-03-2025,Customer_1198,Table,Furniture,3.0,24833.81,5313.49,Nashik
107546,20-07-2025,Customer_2306,Mixer,Home,5.0,17503.55,2164.44,Kolhapur
107547,2025/12/03,Customer_0471,Bedsheet,Home,2.0,3967.14,293.47,Pune
107548,11/18/2025,Customer_1910,Monitor,Electronics,8.0,109209.25,13117.36,Pune
107549,02-10-2025,Customer_1337,Desk,Furniture,3.0,34378.39,3755.18,Nagpur
107550,2025/07/30,Customer_0919,Headphones,Electronics,5.0,11412.78,1000.51,Pune
107551,28-04-2025,Customer_1262,Cookware,Home,3.0,6878.0,1424.46,nagpur
107552,10-07-2025,Customer_1051,Vacuum Cleaner,Home,8.0,52138.09,5614.02,Kolhapur
107553,11-02-2025,Customer_1069,Smartphone,Electronics,1.0,22443.7,4327.66,mumbai
107554,11-02-2025,Customer_2437,Tablet,Electronics,8.0,164368.46,19044.53,Aurangabad
107555,11-11-2025,Customer_2350,Bookshelf,Furniture,7.0,39365.98,6150.5,Mumbai
107556,03-10-2025,Customer_1158,Shoes,Clothing,1.0,2706.5,359.6,Kolhapur
107557,25-11-2025,Customer_0243,Laptop,Electronics,4.0,228584.83,39921.85, Pune 
107558,17-01-2025,Customer_0557,Lamp,Home,4.0,5463.25,472.06,Mumbai
107559,10-10-2025,Customer_1553,Headphones,Electronics,6.0,17238.22,2115.91,Nashik
107560,15-09-2025,Customer_0681,Monitor,Electronics,2.0,29874.88,4528.62,nagpur
107561,04-03-2025,Customer_1945,Backpack,Clothing,2.0,2788.8,478.82,Pune
107562,2025/03/03,Customer_0992,Smartphone,Electronics,5.0,121090.77,9708.77,Nagpur
107563,10-04-2025,Customer_1451,Jeans,Clothing,3.0,4784.01,686.54,Nagpur
107564,01/19/2025,Customer_1355,Lamp,Home,1.0,1092.68,229.14,Mumbai
107565,17-01-2025,Customer_0375,Cookware,Home,6.0,12120.8,1520.87,aurangabad
107566,11/21/2025,Customer_0300,Desk,Furniture,2.0,21515.49,3135.4,Nashik
107567,09/03/2025,Customer_0466,T-Shirt,Clothing,2.0,1319.21,182.42,Kolhapur
107568,08-09-2025,Customer_1554,Smartphone,Electronics,1.0,22934.63,1573.41,Pune
107569,22-03-2025,Customer_1647,Mixer,Home,4.0,15172.75,2466.69, Aurangabad 
107570,08-02-2025,Customer_1477,Office Chair,Furniture,1.0,7141.66,482.77,Mumbai
107571,05-02-2025,Customer_1085,Office Chair,Furniture,5.0,41612.72,3627.26,Mumbai
107572,16-07-2025,Customer_1498,Bedsheet,Home,4.0,8130.4,1110.41,Mumbai
107573,07-06-2025,Customer_1739,Jeans,Clothing,6.0,9140.31,1633.21,pune
107574,23-07-2025,Customer_1281,Tablet,Electronics,2.0,40069.87,4780.9,Aurangabad
107575,15-07-2025,Customer_1693,Jacket,Clothing,3.0,8166.51,1055.97,Aurangabad
107576,04-08-2025,Customer_1350,Monitor,Electronics,5.0,78868.78,13471.6,Nashik
107577,10/12/2025,Customer_2193,Table,Furniture,6.0,49911.87,4472.1,Mumbai
107578,15-07-2025,Customer_1511,Vacuum Cleaner,Home,3.0,17922.65,1831.16,PUNE
107579,03-11-2025,Customer_0129,Headphones,Electronics,5.0,11488.19,1899.7,Mumbai
107580,01-06-2025,Customer_1423,Desk,Furniture,4.0,42469.44,5180.31,Kolhapur
107581,14-01-2025,Customer_1425,Backpack,Clothing,4.0,5810.09,618.99,KOLHAPUR
107582,21-11-2025,Customer_0703,Smartphone,Electronics,6.0,130437.35,9533.9,Kolhapur
107583,26-05-2025,Customer_2031,Headphones,Electronics,1.0,2219.48,429.99,Nashik
107584,26-02-2025,Customer_2400,Tablet,Electronics,2.0,37704.93,2651.55,AURANGABAD
107585,30-07-2025,Customer_1062,Cookware,Home,6.0,12768.63,1335.26,Nashik
107586,25-09-2025,Customer_1149,Bookshelf,Furniture,3.0,18421.42,2646.22,aurangabad
107587,2025/07/29,Customer_1977,Bedsheet,Home,8.0,14318.46,1579.64,Nashik
107588,17-01-2025,Customer_1084,Jacket,Clothing,7.0,17470.26,3123.34, Kolhapur 
107589,13-10-2025,Customer_1750,Office Chair,Furniture,5.0,41773.39,8816.86,nashik
107590,10-12-2025,Customer_0036,Laptop,Electronics,7.0,334020.49,59584.38,NAGPUR
107591,22-07-2025,Customer_2238,Table,Furniture,5.0,48057.8,10166.03, Nagpur 
107592,09-04-2025,Customer_1496,Table,Furniture,6.0,49997.22,8936.93,Mumbai
107593,06-10-2025,Customer_2304,Bedsheet,Home,4.0,6237.99,1004.31,Nashik
107594,28-07-2025,Customer_2388,Shoes,Clothing,1.0,2388.14,437.09,Pune
107595,09-05-2025,Customer_1042,Office Chair,Furniture,1.0,8317.43,984.55,Pune
107596,01-12-2025,Customer_1038,Cookware,Home,6.0,13301.32,1047.94,Nashik
107597,15-10-2025,Customer_0179,Cabinet,Furniture,7.0,54604.04,6428.43,Pune
107598,09-09-2025,Customer_0579,Mixer,Home,4.0,12669.12,2573.31,Aurangabad
107599,22-09-2025,Customer_1804,Shoes,Clothing,1.0,2236.07,361.61,Kolhapur
107600,28-09-2025,Customer_1477,Table,Furniture,3.0,30160.16,6210.43, Aurangabad 
107601,07-07-2025,Customer_0825,Tablet,Electronics,5.0,97917.47,8634.62,pune
107602,02-08-2025,Customer_0540,Mixer,Home,4.0,15333.21,1598.49,Nashik
107603,10-10-2025,Customer_1010,Smartphone,Electronics,5.0,140839.93,24429.23,Aurangabad
107604,2025/07/30,Customer_1884,Jacket,Clothing,3.0,9118.87,671.2,Kolhapur
107605,31-12-2025,Customer_1751,Jeans,Clothing,4.0,6558.91,1255.26,Pune
107606,17-03-2025,Customer_2335,Vacuum Cleaner,Home,5.0,36025.51,2326.57, Nagpur 
107607,2025/05/28,Customer_2477,Jacket,Clothing,5.0,15844.47,1060.54,Aurangabad
107608,17-11-2025,Customer_1870,Backpack,Clothing,6.0,8688.59,1485.24,Aurangabad
107609,01-08-2025,Customer_0791,Smartphone,Electronics,8.0,176440.72,11941.84,Aurangabad
107610,04/19/2025,Customer_0589,Tablet,Electronics,5.0,97692.63,11874.28,nagpur
107611,09-05-2025,Customer_0544,Monitor,Electronics,4.0,49399.49,8992.03,Mumbai
107612,01/10/2025,Customer_0874,T-Shirt,Clothing,3.0,2319.97,357.23,KOLHAPUR
107613,16-02-2025,Customer_1949,Table,Furniture,3.0,24256.02,1514.44,Nagpur
107614,2025/11/11,Customer_1109,Tablet,Electronics,7.0,133590.33,19774.35,Aurangabad
107615,06-04-2025,Customer_1140,Headphones,Electronics,1.0,2613.1,496.77,Aurangabad
107616,13-04-2025,Customer_0407,Lamp,Home,6.0,7057.93,564.09,pune
107617,08-12-2025,Customer_0948,Cabinet,Furniture,7.0,63391.72,9333.92,Kolhapur
107618,26-05-2025,Customer_1435,Laptop,Electronics,1.0,56902.35,11912.27,Pune
107619,01/27/2025,Customer_0156,Desk,Furniture,3.0,40661.1,6161.59,Nagpur
107620,08-08-2025,Customer_0696,Jacket,Clothing,6.0,15779.96,3464.3, Kolhapur 
107621,18-01-2025,Customer_2009,Table,Furniture,7.0,66417.44,8325.42,NAGPUR
107622,06/16/2025,Customer_0861,Jeans,Clothing,4.0,6514.89,824.35,Nashik
107623,23-03-2025,Customer_1872,Jeans,Clothing,4.0,7145.55,980.37,Mumbai
107624,13-03-2025,Customer_2491,Table,Furniture,4.0,39494.11,7678.77,Nagpur
107625,11/06/2025,Customer_0491,Office Chair,Furniture,6.0,49378.49,8668.4,Pune
107626,11-09-2025,Customer_0006,Smartphone,Electronics,7.0,193631.08,23614.61,Nagpur
107627,06/11/2025,Customer_1055,Cookware,Home,2.0,3891.36,758.01,Mumbai
107628,23-11-2025,Customer_2332,Backpack,Clothing,7.0,9794.62,787.29,Aurangabad
107629,07-02-2025,Customer_2035,Lamp,Home,4.0,4246.05,362.95,Pune
107630,2025/07/20,Customer_1019,Jacket,Clothing,8.0,24086.54,4184.72,Pune
107631,19-07-2025,Customer_0018,Headphones,Electronics,3.0,6833.59,1336.02,KOLHAPUR
107632,09/12/2025,Customer_0910,Office Chair,Furniture,8.0,56063.31,10476.98,Pune
107633,28-06-2025,Customer_0859,T-Shirt,Clothing,8.0,5581.19,988.14,Mumbai
107634,04-02-2025,Customer_0432,Bedsheet,Home,4.0,6943.8,802.3,Mumbai
107635,23-03-2025,Customer_0351,Cookware,Home,5.0,12126.49,796.08,Aurangabad
107636,2025/08/08,Customer_0212,Backpack,Clothing,6.0,9596.34,1571.0,MUMBAI
107637,07-06-2025,Customer_2153,Lamp,Home,1.0,1175.69,188.69,Mumbai
107638,04-01-2025,Customer_0002,Vacuum Cleaner,Home,1.0,5764.34,819.97,Kolhapur
107639,16-06-2025,Customer_0708,Tablet,Electronics,3.0,61858.55,6040.06,Pune
107640,23-07-2025,Customer_0497,Mixer,Home,3.0,11200.18,1451.49, Kolhapur 
107641,07/13/2025,Customer_1005,Jacket,Clothing,3.0,8784.19,815.01,Kolhapur
107642,08/23/2025,Customer_0155,Backpack,Clothing,7.0,9713.17,2105.96, Mumbai 
107643,25-07-2025,Customer_1343,Desk,Furniture,2.0,21806.07,3528.9,Kolhapur
107644,30-05-2025,Customer_1886,Lamp,Home,2.0,2454.43,369.17,Nashik
107645,08-06-2025,Customer_0810,Vacuum Cleaner,Home,1.0,6724.49,943.84,Mumbai
107646,06-10-2025,Customer_1778,Office Chair,Furniture,1.0,6413.09,1308.37,Pune
107647,31-10-2025,Customer_1378,T-Shirt,Clothing,8.0,6149.32,540.32,PUNE
107648,15-06-2025,Customer_0906,Bookshelf,Furniture,2.0,11687.78,2142.23,PUNE
107649,07-11-2025,Customer_2022,Tablet,Electronics,7.0,144146.36,30585.25,Aurangabad
107650,09-03-2025,Customer_1330,Backpack,Clothing,8.0,12541.85,1070.32,Nashik
107651,29-03-2025,Customer_2356,T-Shirt,Clothing,6.0,4722.24,947.05,Pune
107652,2025/08/05,Customer_1216,Jacket,Clothing,1.0,2696.64,332.02,Kolhapur
107653,01/01/2025,Customer_1601,Cookware,Home,4.0,8694.16,1434.43,Nagpur
107654,15-05-2025,Customer_1825,Shoes,Clothing,3.0,6961.88,443.28,Mumbai
107655,04-07-2025,Customer_2213,Lamp,Home,2.0,2141.69,279.32, Pune 
107656,17-12-2025,Customer_1264,Jeans,Clothing,1.0,1495.36,272.64,Mumbai
107657,20-05-2025,Customer_1062,Jacket,Clothing,1.0,2469.62,510.7,Nagpur
107658,16-04-2025,Customer_1582,Office Chair,Furniture,8.0,67115.89,13785.68, Nashik 
107659,13-05-2025,Customer_2352,Bookshelf,Furniture,4.0,25725.19,1983.93,Nashik
107660,18-04-2025,,Tablet,Electronics,7.0,123661.6,10019.66,Nashik
107661,27-06-2025,Customer_2309,Tablet,Electronics,7.0,144435.03,16362.49,kolhapur
107662,2025/10/25,Customer_1829,Backpack,Clothing,6.0,8615.03,1591.22,Nashik
107663,24-12-2025,Customer_1620,Laptop,Electronics,1.0,61940.17,11204.21,Aurangabad
107664,25-12-2025,Customer_1757,Bedsheet,Home,3.0,5682.7,764.65,Nashik
107665,26-05-2025,Customer_0968,Monitor,Electronics,8.0,115541.44,8673.26,Aurangabad
107666,03/15/2025,Customer_0888,Vacuum Cleaner,Home,6.0,43491.89,6393.5,Nagpur
107667,2025/04/18,Customer_0656,Mixer,Home,2.0,6034.28,1250.21, Nashik 
107668,02-05-2025,Customer_1090,Office Chair,Furniture,7.0,52331.51,10412.62,Nashik
107669,01/17/2025,Customer_1797,Bookshelf,Furniture,4.0,26569.59,5062.05,Kolhapur
107670,15-07-2025,Customer_0012,Headphones,Electronics,8.0,17368.42,1728.69,Nashik
107671,2025/11/23,Customer_1594,Tablet,Electronics,4.0,80111.83,16329.88,Nashik
107672,14-11-2025,Customer_1529,Monitor,Electronics,8.0,110591.11,14421.81,Nagpur
107673,24-10-2025,Customer_0206,Table,Furniture,3.0,24368.64,5237.93,mumbai
107674,09-09-2025,Customer_1403,Table,Furniture,4.0,32901.9,2979.26,nagpur
107675,29-04-2025,Customer_1595,Smartphone,Electronics,6.0,157232.8,15543.26,Nagpur
107676,11-06-2025,Customer_1021,Office Chair,Furniture,3.0,25461.71,1572.14,Pune
107677,07/17/2025,Customer_1876,Monitor,Electronics,6.0,71544.98,10072.12,Aurangabad
107678,14-02-2025,Customer_1505,Backpack,Clothing,2.0,2789.97,240.32,Mumbai
107679,10-11-2025,Customer_1395,Bookshelf,Furniture,3.0,17970.41,2261.86,Nagpur
107680,28-06-2025,Customer_2378,Mixer,Home,1.0,3909.85,240.38,Kolhapur
107681,13-02-2025,Customer_2203,Headphones,Electronics,8.0,22857.62,3655.0,Mumbai
107682,2025/09/28,Customer_0842,Vacuum Cleaner,Home,1.0,5821.09,392.82, Pune 
107683,19-03-2025,Customer_1008,Bookshelf,Furniture,2.0,12137.18,1184.38,Aurangabad
107684,11/22/2025,Customer_0513,Lamp,Home,4.0,4513.68,447.85,Kolhapur
107685,27-06-2025,Customer_2467,Shoes,Clothing,5.0,13063.15,1940.72,Nagpur
107686,23-12-2025,Customer_0179,Mixer,Home,0.0,24454.99,3527.49,NAGPUR
107687,03-01-2025,Customer_1116,Laptop,Electronics,8.0,478437.05,34921.66,NAGPUR
107688,02-08-2025,Customer_1014,Headphones,Electronics,4.0,11169.22,1703.63,Nagpur
107689,2025/12/08,Customer_2422,Laptop,Electronics,5.0,312176.52,26129.98,Pune
107690,15-03-2025,Customer_0807,Lamp,Home,5.0,6888.42,1123.39,nagpur
107691,20-02-2025,Customer_0977,Mixer,Home,7.0,24996.08,3560.56,Kolhapur
107692,08-03-2025,Customer_0325,Bedsheet,Home,3.0,4628.32,973.53,Nashik
107693,28-11-2025,Customer_0026,Bedsheet,Home,5.0,9388.79,700.97,Aurangabad
107694,03-04-2025,Customer_2055,Jacket,Clothing,6.0,14385.6,980.02,Nagpur
107695,2025/06/25,Customer_1190,Mixer,Home,3.0,10844.6,1716.08,Kolhapur
107696,25-05-2025,Customer_1123,Lamp,Home,2.0,2399.76,261.77,mumbai
107697,2025/01/07,Customer_0958,Vacuum Cleaner,Home,6.0,39371.39,5614.69,aurangabad
107698,26-09-2025,Customer_2476,Headphones,Electronics,2.0,4279.12,450.14,KOLHAPUR
107699,11/18/2025,Customer_0849,Cookware,Home,7.0,13335.72,2720.82,aurangabad
107700,04-01-2025,Customer_0337,Backpack,Clothing,3.0,4483.78,983.64,Aurangabad
107701,18-05-2025,Customer_0897,Desk,Furniture,4.0,45151.27,9055.44, Kolhapur 
107702,19-08-2025,Customer_2307,Office Chair,Furniture,6.0,46391.23,6146.84,Pune
107703,2025/03/29,Customer_0867,Tablet,Electronics,2.0,33003.79,5879.39, Mumbai 
107704,17-01-2025,Customer_2095,Headphones,Electronics,5.0,14015.53,1368.61,Nashik
107705,21-02-2025,Customer_1979,Shoes,Clothing,8.0,18052.34,3094.09, Pune 
107706,14-05-2025,Customer_1904,Jacket,Clothing,2.0,6401.31,1152.19, Aurangabad 
107707,30-07-2025,Customer_1216,Bedsheet,Home,1.0,1683.67,214.15,nashik
107708,11/21/2025,Customer_2363,Vacuum Cleaner,Home,4.0,25097.68,4927.56,Pune
107709,07-08-2025,Customer_1518,Tablet,Electronics,5.0,97327.01,15011.34,Nagpur
107710,24-07-2025,Customer_1637,Bedsheet,Home,8.0,13427.82,2820.89,Nashik
107711,30-07-2025,Customer_1642,Bedsheet,Home,7.0,13179.53,2837.24,Nashik
107712,2025/10/04,Customer_2303,Bedsheet,Home,1.0,1843.26,352.78,Nashik
107713,24-01-2025,Customer_0573,Office Chair,Furniture,6.0,49226.92,5610.52,kolhapur
107714,04-01-2025,Customer_1314,Lamp,Home,6.0,8202.28,520.93,Mumbai
107715,01-06-2025,Customer_0255,Tablet,Electronics,6.0,116706.23,25032.22,NASHIK
107716,16-09-2025,Customer_2431,Vacuum Cleaner,Home,3.0,18557.61,3037.84, Kolhapur 
107717,20-11-2025,Customer_1477,Cookware,Home,8.0,17928.54,3260.15,Nashik
107718,23-12-2025,Customer_0021,Jeans,Clothing,3.0,5327.3,833.65,Nagpur
107719,17-06-2025,Customer_0167,Monitor,Electronics,6.0,91960.8,10112.53,Nagpur
107720,25-06-2025,Customer_0951,Cabinet,Furniture,8.0,58788.87,7578.29,Aurangabad
107721,06-11-2025,Customer_0253,Lamp,Home,1.0,1263.99,113.71,NAGPUR
107722,18-10-2025,Customer_1700,Cookware,Home,5.0,11595.16,1426.84,Nagpur
107723,25-02-2025,Customer_1007,Cabinet,Furniture,1.0,8709.38,573.89, Mumbai 
107724,18-04-2025,Customer_0228,Headphones,Electronics,4.0,10503.95,1722.35,Mumbai
107725,23-10-2025,Customer_2322,Monitor,Electronics,4.0,63407.72,11041.74,Mumbai
107726,20-11-2025,Customer_0445,Office Chair,Furniture,2.0,16333.36,3344.0,Pune
107727,29-10-2025,Customer_1449,T-Shirt,Clothing,7.0,5157.33,548.87,nashik
107728,2025/11/30,Customer_1310,Jacket,Clothing,8.0,24884.88,4469.64,nashik
107729,21-05-2025,,Bookshelf,Furniture,6.0,35183.93,6110.91,Kolhapur
107730,04-06-2025,Customer_0307,Mixer,Home,6.0,23316.44,5038.78,Nashik
107731,19-09-2025,Customer_1037,Table,Furniture,8.0,81770.79,9162.62,Nashik
107732,30-09-2025,Customer_1300,Vacuum Cleaner,Home,4.0,25389.21,1968.32,Pune
107733,20-08-2025,Customer_2055,Vacuum Cleaner,Home,4.0,24030.85,4834.7,nagpur
107734,2025/08/29,Customer_1430,Smartphone,Electronics,6.0,143738.25,22895.84,Nagpur
107735,21-12-2025,Customer_1014,Vacuum Cleaner,Home,7.0,47765.43,8841.03,Aurangabad
107736,03-12-2025,Customer_2201,Cabinet,Furniture,6.0,43432.32,4724.14,NAGPUR
107737,15-09-2025,Customer_2187,T-Shirt,Clothing,8.0,5513.21,652.62,Mumbai
107738,06-09-2025,Customer_0503,Shoes,Clothing,1.0,2862.18,554.09,Kolhapur
107739,2025/03/18,Customer_1081,Tablet,Electronics,3.0,53670.93,10770.84,Nagpur
107740,29-06-2025,Customer_0689,Shoes,Clothing,7.0,16700.18,3101.77,Kolhapur
107741,07-03-2025,Customer_0563,Table,Furniture,5.0,41269.62,7575.93,Nagpur
107742,04-11-2025,Customer_2417,T-Shirt,Clothing,8.0,5526.84,426.67,Nagpur
107743,14-12-2025,Customer_2313,Table,Furniture,8.0,67102.47,8345.13,Aurangabad
107744,20-06-2025,Customer_0538,Laptop,Electronics,1.0,59113.33,4237.08,Aurangabad
107745,22-01-2025,Customer_1282,Mixer,Home,1.0,3667.52,640.21,Aurangabad
107746,17-04-2025,Customer_2212,Office Chair,Furniture,4.0,31385.29,5702.93,Aurangabad
107747,19-11-2025,Customer_0527,Cookware,Home,2.0,3975.18,611.93, Pune 
107748,15-08-2025,Customer_1123,T-Shirt,Clothing,1.0,792.64,125.02,Nashik
107749,04-08-2025,Customer_1109,Cookware,Home,5.0,11367.41,2021.47,Nagpur
107750,10-03-2025,Customer_0385,Desk,Furniture,1.0,11399.54,1961.59,Nagpur
107751,25-03-2025,Customer_0890,Shoes,Clothing,7.0,19685.23,1215.43,Aurangabad
107752,04/13/2025,Customer_1446,Cabinet,Furniture,4.0,35553.09,3376.79,Pune
107753,08-02-2025,Customer_0539,Bookshelf,Furniture,4.0,23682.65,4650.7, Nagpur 
107754,2025/01/13,Customer_2206,Bookshelf,Furniture,4.0,26332.17,5337.75,Pune
107755,24-10-2025,Customer_0220,T-Shirt,Clothing,4.0,3169.95,416.99,Aurangabad
107756,09-11-2025,Customer_2439,Lamp,Home,6.0,7537.75,923.2,Kolhapur
107757,06/30/2025,Customer_0654,T-Shirt,Clothing,5.0,3343.25,431.46,Pune
107758,25-09-2025,Customer_0777,Bookshelf,Furniture,5.0,32187.69,4513.7,Nashik
107759,13-01-2025,Customer_1512,Tablet,Electronics,5.0,98479.61,17650.99,Pune
107760,30-04-2025,Customer_2112,Desk,Furniture,3.0,30821.17,4957.22,Pune
107761,19-12-2025,Customer_1086,Mixer,Home,3.0,10300.2,1370.55,Nashik
107762,26-02-2025,Customer_0353,Headphones,Electronics,4.0,10955.12,1617.16,Pune
107763,09-02-2025,Customer_0395,Tablet,Electronics,8.0,160658.86,27962.5,Aurangabad
107764,12/02/2025,Customer_0990,Desk,Furniture,6.0,73141.34,13218.55,Mumbai
107765,08-05-2025,Customer_2006,Bedsheet,Home,4.0,6202.83,399.05,NAGPUR
107766,22-06-2025,Customer_1806,Jacket,Clothing,5.0,12250.07,1592.64,nagpur
107767,04-02-2025,Customer_1818,Tablet,Electronics,3.0,49714.29,10811.95, Nashik 
107768,16-09-2025,Customer_1313,Cookware,Home,6.0,13367.47,2218.82,Nashik
107769,05-01-2025,Customer_0399,Headphones,Electronics,8.0,18672.92,2081.8,Mumbai
107770,06-08-2025,Customer_0434,Bedsheet,Home,7.0,11978.05,2057.8,Nashik
107771,2025/01/11,Customer_2364,Cabinet,Furniture,4.0,31747.58,4534.49,Aurangabad
107772,23-11-2025,Customer_0735,Cabinet,Furniture,5.0,41104.04,7522.44,nagpur
107773,2025/04/27,Customer_1417,Smartphone,Electronics,2.0,43855.55,8082.57,Pune
107774,03-07-2025,Customer_0912,Smartphone,Electronics,5.0,127371.32,21278.05,Aurangabad
107775,12/28/2025,Customer_1789,Cabinet,Furniture,1.0,7586.12,952.07,Mumbai
107776,26-04-2025,Customer_2066,Vacuum Cleaner,Home,6.0,35854.64,7769.27,Mumbai
107777,11-06-2025,Customer_0774,Shoes,Clothing,8.0,19982.02,4383.5,MUMBAI
107778,08-03-2025,Customer_0906,Smartphone,Electronics,,24923.39,2371.72,Nagpur
107779,19-07-2025,Customer_0607,Monitor,Electronics,2.0,28062.6,1861.54,
107780,31-01-2025,Customer_2324,Backpack,Clothing,4.0,6280.01,1199.28,Aurangabad
107781,16-03-2025,Customer_0359,Jacket,Clothing,8.0,23917.51,3768.74,nashik
107782,25-08-2025,Customer_1727,Office Chair,Furniture,2.0,15359.25,3371.0,Aurangabad
107783,23-11-2025,Customer_1604,Desk,Furniture,1.0,11200.79,2069.34,Aurangabad
107784,2025/03/07,Customer_0188,Backpack,Clothing,2.0,2868.38,619.97,PUNE
107785,11-03-2025,Customer_1614,Jacket,Clothing,4.0,12301.42,2703.41,Nashik
107786,24-10-2025,Customer_1189,Table,Furniture,5.0,46192.39,4283.28,Nashik
107787,20-01-2025,Customer_2410,Desk,Furniture,7.0,84092.91,14613.48,Pune
107788,14-08-2025,Customer_0031,Jeans,Clothing,3.0,,312.13,Aurangabad
107789,18-07-2025,Customer_0677,Tablet,Electronics,3.0,54081.44,5280.38,nagpur
107790,08-02-2025,Customer_1308,Vacuum Cleaner,Home,4.0,28924.31,2443.09,Mumbai
107791,25-05-2025,Customer_2078,Vacuum Cleaner,Home,1.0,6824.59,700.0,Nagpur
107792,14-02-2025,Customer_0231,Shoes,Clothing,2.0,4784.81,1007.15,Kolhapur
107793,22-11-2025,Customer_0894,Desk,Furniture,6.0,66393.68,4992.83,Pune
107794,01-04-2025,Customer_0246,Laptop,Electronics,1.0,47893.2,6740.41,Aurangabad
107795,26-08-2025,Customer_1402,Cookware,Home,3.0,6880.59,773.15,Kolhapur
107796,11-03-2025,Customer_1355,Bedsheet,Home,8.0,15221.92,1061.96,Nashik
107797,15-06-2025,Customer_0494,Lamp,Home,7.0,9300.48,1773.14,Nagpur
107798,10-05-2025,Customer_1895,Cabinet,Furniture,5.0,45825.96,9616.15, Aurangabad 
107799,02-08-2025,Customer_1124,Smartphone,Electronics,5.0,119607.39,14817.45,Nagpur
107800,06-12-2025,Customer_1176,Desk,Furniture,3.0,38656.42,3148.69,NAGPUR
107801,30-03-2025,Customer_0267,Shoes,Clothing,5.0,11802.56,932.01,Nashik
107802,01-12-2025,Customer_1364,Shoes,Clothing,4.0,9864.66,1463.13,Pune
107803,09-09-2025,Customer_0836,Lamp,Home,8.0,8768.14,563.45,Nashik
107804,15-12-2025,Customer_0444,Monitor,Electronics,6.0,89527.77,5658.23,Aurangabad
107805,13-03-2025,Customer_1471,Bedsheet,Home,7.0,14389.46,1373.58,Aurangabad
107806,14-06-2025,Customer_1341,Backpack,Clothing,7.0,10281.87,1332.12,Nagpur
107807,18-02-2025,Customer_0897,Laptop,Electronics,4.0,190938.47,25881.59,Nagpur
107808,21-02-2025,Customer_2333,Jeans,Clothing,3.0,4824.14,949.15,Nagpur
107809,16-10-2025,Customer_0573,Backpack,Clothing,5.0,7487.93,544.29,Pune
107810,05-10-2025,Customer_0754,Monitor,Electronics,3.0,38335.45,4213.14, Mumbai 
107811,24-04-2025,Customer_1387,T-Shirt,Clothing,5.0,3097.23,412.25,NASHIK
107812,27-08-2025,Customer_0811,Vacuum Cleaner,Home,6.0,44666.42,6357.73,Nagpur
107813,13-05-2025,Customer_1625,Desk,Furniture,8.0,102966.21,17429.09, Nagpur 
107814,01-10-2025,Customer_1167,Headphones,Electronics,2.0,5524.87,522.19,Mumbai
107815,15-06-2025,Customer_0236,Lamp,Home,4.0,5165.51,1038.35, Mumbai 
107816,20-10-2025,Customer_0904,Mixer,Home,2.0,6310.17,728.75,Nagpur
107817,31-08-2025,Customer_0500,Desk,Furniture,3.0,41077.1,7596.23, Pune 
107818,2025/11/16,Customer_1276,Bookshelf,Furniture,3.0,16825.99,2527.78,Aurangabad
107819,18-05-2025,Customer_0681,Cabinet,Furniture,3.0,23311.15,3226.13,Kolhapur
107820,20-03-2025,,T-Shirt,Clothing,2.0,1339.17,140.2,Kolhapur
107821,19-06-2025,Customer_0105,Cookware,Home,5.0,11576.72,2136.68,NAGPUR
107822,05/03/2025,Customer_0812,Vacuum Cleaner,Home,6.0,43375.3,3680.52,Kolhapur
107823,2025/06/25,Customer_2206,Monitor,Electronics,8.0,122847.95,12379.16, Mumbai 
107824,27-10-2025,Customer_1876,Shoes,Clothing,7.0,17118.52,3496.13,AURANGABAD
107825,23-03-2025,Customer_2072,Laptop,Electronics,8.0,433994.48,39723.59,Mumbai
107826,28-03-2025,Customer_1766,Jacket,Clothing,7.0,17600.03,2387.93,Nagpur
107827,13-08-2025,Customer_2302,Vacuum Cleaner,Home,5.0,35061.06,7697.75,Mumbai
107828,16-01-2025,Customer_0862,Mixer,Home,5.0,19008.9,3807.9,Kolhapur
107829,06-11-2025,Customer_1459,Vacuum Cleaner,Home,3.0,20949.82,4258.46,Aurangabad
107830,24-12-2025,Customer_1374,Monitor,Electronics,6.0,73322.6,15308.96,Kolhapur
107831,12-06-2025,Customer_0677,Bookshelf,Furniture,7.0,40694.72,8442.46,Kolhapur
107832,08-04-2025,Customer_1558,Cookware,Home,7.0,13439.89,2344.44,Kolhapur
107833,06/05/2025,Customer_1342,Desk,Furniture,3.0,38545.44,8460.95,Nagpur
107834,02-01-2025,Customer_1246,Table,Furniture,4.0,38903.64,4715.58,Aurangabad
107835,12/16/2025,Customer_1940,Vacuum Cleaner,Home,3.0,19834.9,2353.37, Pune 
107836,18-06-2025,Customer_0789,Shoes,Clothing,3.0,6816.04,679.97,Aurangabad
107837,11-11-2025,Customer_1764,Bookshelf,Furniture,5.0,27498.09,4064.51,NAGPUR
107838,2025/11/21,Customer_1448,Mixer,Home,1.0,3926.47,808.99,Pune
107839,02-04-2025,Customer_0357,Backpack,Clothing,7.0,8491.01,618.01, Kolhapur 
107840,30-06-2025,Customer_0692,Tablet,Electronics,7.0,116365.5,11730.75,Kolhapur
107841,19-08-2025,Customer_0694,Vacuum Cleaner,Home,8.0,45680.27,5580.03,Nashik
107842,28-10-2025,Customer_0078,Backpack,Clothing,5.0,7184.22,1095.64,Mumbai
107843,28-05-2025,Customer_1328,T-Shirt,Clothing,7.0,4963.84,566.81,Nagpur
107844,07-10-2025,Customer_1119,Smartphone,Electronics,5.0,132742.09,25518.0,Pune
107845,08-07-2025,Customer_2231,Desk,Furniture,2.0,22893.17,1686.9,mumbai
107846,13-12-2025,Customer_2373,Laptop,Electronics,7.0,361476.14,29633.45,Aurangabad
107847,16-12-2025,Customer_1724,Bookshelf,Furniture,,47529.97,4037.65,Kolhapur
107848,10-11-2025,Customer_2024,Smartphone,Electronics,4.0,98885.34,9429.75,NAGPUR
107849,08-05-2025,Customer_0373,Cabinet,Furniture,1.0,8572.95,552.19,Aurangabad
107850,2025/01/07,Customer_0315,Desk,Furniture,1.0,12197.09,1062.59,Nagpur
107851,2025/02/16,Customer_0739,Office Chair,Furniture,6.0,38263.39,7617.17,Pune
107852,2025/02/22,Customer_2376,Smartphone,Electronics,4.0,105145.83,7973.3,Pune
107853,06-07-2025,Customer_0300,Jeans,Clothing,4.0,6715.02,1060.06,Mumbai
107854,07-02-2025,Customer_0273,Table,Furniture,4.0,35712.25,4538.36,Nashik
107855,14-08-2025,Customer_0326,Monitor,Electronics,3.0,46877.08,4651.32, Mumbai 
107856,22-02-2025,Customer_1002,Mixer,Home,3.0,10179.68,1146.83,Pune
107857,12-08-2025,Customer_0144,Bedsheet,Home,3.0,5839.35,1206.61,PUNE
107858,03-06-2025,Customer_2476,Cabinet,Furniture,6.0,53036.86,9951.44,Pune
107859,17-02-2025,Customer_1991,Office Chair,Furniture,8.0,68762.22,11795.69,Aurangabad
107860,17-12-2025,Customer_0032,Shoes,Clothing,1.0,2688.29,584.03,Aurangabad
107861,2025/05/27,Customer_1897,Laptop,Electronics,2.0,93730.7,15132.61,Nagpur
107862,05-03-2025,Customer_1205,Jeans,Clothing,3.0,5144.12,1064.07,Nashik
107863,15-12-2025,Customer_2091,Bookshelf,Furniture,4.0,26763.68,5211.26, Nagpur 
107864,01-07-2025,Customer_1281,Headphones,Electronics,2.0,5668.69,827.52,Nashik
107865,2025/05/05,Customer_0473,Lamp,Home,7.0,7157.44,442.11,Pune
107866,28-06-2025,Customer_0045,Mixer,Home,8.0,28374.97,3678.63,Mumbai
107867,02/08/2025,Customer_0136,Cookware,Home,3.0,6503.47,806.85,Nashik
107868,17-09-2025,Customer_2129,Laptop,Electronics,4.0,247569.9,29081.36,Pune
107869,03-01-2025,Customer_0733,Bookshelf,Furniture,2.0,13282.42,2715.7,Mumbai
107870,03/05/2025,Customer_0052,Office Chair,Furniture,7.0,52492.15,6903.25,Pune
107871,29-01-2025,Customer_0729,Backpack,Clothing,4.0,6038.51,1046.33,Nashik
107872,11-01-2025,Customer_0569,Monitor,Electronics,4.0,53119.39,4058.73,Aurangabad
107873,2025/04/07,Customer_1575,Jeans,Clothing,8.0,11897.03,963.24,Mumbai
107874,24-12-2025,Customer_0672,Jeans,Clothing,1.0,1501.47,152.99,Pune
107875,22-07-2025,Customer_1789,Office Chair,Furniture,2.0,15619.7,3322.61,NAGPUR
107876,21-01-2025,Customer_2168,Jacket,Clothing,3.0,8868.07,1846.9,Aurangabad
107877,08-02-2025,Customer_2024,Desk,Furniture,7.0,91160.13,16086.16,AURANGABAD
107878,2025/08/11,Customer_1643,Laptop,Electronics,2.0,107164.04,11998.85,NAGPUR
107879,12-04-2025,Customer_1919,Laptop,Electronics,7.0,424995.04,87065.72,Aurangabad
107880,15-02-2025,Customer_0736,Cookware,Home,1.0,2168.24,133.24,Nashik
107881,07-03-2025,Customer_2078,Headphones,Electronics,4.0,10877.59,1148.79,Nagpur
107882,2025/04/01,Customer_1813,Jeans,Clothing,7.0,9553.22,1803.63,Mumbai
107883,2025/06/13,Customer_0168,Smartphone,Electronics,3.0,75391.82,12788.99,Kolhapur
107884,21-04-2025,Customer_1385,T-Shirt,Clothing,8.0,6296.68,923.02,Mumbai
107885,04-12-2025,Customer_1479,Headphones,Electronics,1.0,2502.4,266.52,Mumbai
107886,03-05-2025,Customer_0305,Monitor,Electronics,5.0,65909.07,12354.44,Pune
107887,12-07-2025,Customer_1321,T-Shirt,Clothing,8.0,5514.37,475.14, Nashik 
107888,09-04-2025,Customer_2056,Monitor,Electronics,5.0,61485.1,8341.51, Nashik 
107889,18-10-2025,Customer_1692,Cabinet,Furniture,5.0,39579.46,6512.93,Nagpur
107890,2025/06/08,Customer_2034,Mixer,Home,4.0,13878.48,1151.31,Kolhapur
107891,04/13/2025,Customer_2499,Shoes,Clothing,8.0,20046.82,4111.33,Nagpur
107892,08-10-2025,Customer_0098,Laptop,Electronics,4.0,197523.13,33650.19,aurangabad
107893,2025/02/12,Customer_1205,Bedsheet,Home,5.0,9253.42,1663.52,Pune
107894,25-03-2025,Customer_1319,Backpack,Clothing,4.0,5013.01,1056.02,NASHIK
107895,10-07-2025,Customer_0670,Laptop,Electronics,8.0,455967.57,89155.97,Nagpur
107896,20-02-2025,Customer_0993,Table,Furniture,8.0,66526.71,11862.12,Aurangabad
107897,2025/07/29,Customer_2314,Cabinet,Furniture,3.0,26023.42,3216.23,pune
107898,06-05-2025,Customer_0535,Monitor,Electronics,4.0,54050.42,8931.69,Pune
107899,10-03-2025,Customer_0646,T-Shirt,Clothing,2.0,1229.23,218.43,pune
107900,22-09-2025,Customer_1750,Bookshelf,Furniture,1.0,5177.2,468.51,Mumbai
107901,2025/09/15,Customer_0299,Vacuum Cleaner,Home,1.0,6820.08,516.5,kolhapur
107902,07-07-2025,Customer_0733,Headphones,Electronics,1.0,2853.88,567.76,Nashik
107903,2025/08/18,Customer_0264,Tablet,Electronics,6.0,112092.2,21415.12,Pune
107904,08-07-2025,Customer_0319,Lamp,Home,8.0,10716.23,1087.87,AURANGABAD
107905,10-01-2025,Customer_1610,Tablet,Electronics,1.0,19886.82,1813.02,nashik
107906,24-04-2025,Customer_2090,Shoes,Clothing,7.0,17045.05,2545.19,Kolhapur
107907,17-03-2025,Customer_0670,Cookware,Home,,4682.34,303.52,NASHIK
107908,13-06-2025,Customer_1262,Tablet,Electronics,1.0,16868.75,2654.52,Aurangabad
107909,26-03-2025,Customer_1010,Backpack,Clothing,2.0,2680.19,493.17,Kolhapur
107910,18-02-2025,Customer_0510,Monitor,Electronics,1.0,14636.94,1427.16,pune
107911,22-11-2025,Customer_2048,Jacket,Clothing,7.0,17518.06,2814.23,Aurangabad
107912,26-06-2025,Customer_1705,Bedsheet,Home,8.0,14186.02,1234.65,Pune
107913,06-08-2025,Customer_2313,Jeans,Clothing,5.0,7583.3,822.69,Nagpur
107914,08-07-2025,Customer_0160,Laptop,Electronics,8.0,388273.42,57272.44,Kolhapur
107915,2025/12/12,Customer_1730,Office Chair,Furniture,8.0,64745.68,9846.18,Nashik
107916,18-08-2025,Customer_1912,T-Shirt,Clothing,8.0,6148.17,494.38,Pune
107917,12-09-2025,Customer_2274,Desk,Furniture,4.0,47072.81,7414.27,Pune
107918,24-08-2025,Customer_1251,Jacket,Clothing,4.0,11791.37,2020.17,Nagpur
107919,26-01-2025,Customer_0557,Table,Furniture,8.0,76945.65,12636.69,NASHIK
107920,13-03-2025,Customer_1448,Desk,Furniture,1.0,10539.22,1804.83,Aurangabad
107921,18-09-2025,Customer_2147,Cabinet,Furniture,5.0,42697.39,9348.88,KOLHAPUR
107922,11-09-2025,Customer_2057,Cookware,Home,6.0,13965.72,2372.68,Nagpur
107923,28-09-2025,Customer_2490,Table,Furniture,3.0,27119.99,5393.29, Mumbai 
107924,03-05-2025,Customer_0066,Bookshelf,Furniture,8.0,55154.42,10184.11,Mumbai
107925,2025/05/24,Customer_2357,T-Shirt,Clothing,4.0,2894.5,210.24,Kolhapur
107926,14-09-2025,Customer_2484,Bedsheet,Home,4.0,7689.76,1333.17,kolhapur
107927,2025/05/24,Customer_2187,Shoes,Clothing,5.0,13533.38,1081.71,Nashik
107928,16-09-2025,Customer_1018,Jeans,Clothing,8.0,13390.33,1436.99,kolhapur
107929,16-02-2025,Customer_1421,Bookshelf,Furniture,7.0,45279.42,4458.2,Mumbai
107930,17-12-2025,Customer_2266,Cabinet,Furniture,2.0,16883.1,1809.85,Aurangabad
107931,2025/01/13,Customer_0681,Bedsheet,Home,7.0,10744.0,1733.41,Mumbai
107932,27-07-2025,Customer_0925,Cookware,Home,6.0,11668.55,1930.99,Mumbai
107933,07-11-2025,Customer_0648,T-Shirt,Clothing,7.0,5525.65,1188.45,pune
107934,23-08-2025,Customer_0797,Tablet,Electronics,7.0,116017.89,21983.13,mumbai
107935,2025/05/29,Customer_1073,T-Shirt,Clothing,2.0,1338.49,273.15,Aurangabad
107936,18-11-2025,Customer_1632,Office Chair,Furniture,6.0,48881.11,3511.01,Aurangabad
107937,04-06-2025,Customer_0726,Bookshelf,Furniture,6.0,34997.08,3988.65,Nagpur
107938,15-06-2025,Customer_2164,Table,Furniture,3.0,29309.97,3682.67, Kolhapur 
107939,31-03-2025,Customer_0799,Cookware,Home,4.0,9287.31,1452.44,Nashik
107940,05-07-2025,Customer_1131,Mixer,Home,5.0,19997.1,4200.3,Nashik
107941,11/14/2025,Customer_1256,Jacket,Clothing,2.0,5478.54,962.98,Mumbai
107942,24-12-2025,Customer_0345,Jacket,Clothing,3.0,9230.24,1881.32,Pune
107943,23-06-2025,Customer_1087,Tablet,Electronics,6.0,94007.55,10184.08,Kolhapur
107944,05-08-2025,Customer_1959,Jacket,Clothing,6.0,15893.96,2058.45, Aurangabad 
107945,21-09-2025,Customer_2271,Jeans,Clothing,2.0,2882.49,401.8,Kolhapur
107946,07-04-2025,Customer_1551,Jeans,Clothing,5.0,8391.71,1171.3,Mumbai
107947,27-04-2025,Customer_0662,Headphones,Electronics,2.0,5248.69,370.72,Kolhapur
107948,2025/07/18,Customer_1119,Laptop,Electronics,7.0,428426.54,90077.14,Nagpur
107949,16-11-2025,Customer_1181,Bookshelf,Furniture,7.0,43485.63,8741.59,Mumbai
107950,21-01-2025,Customer_1807,Cookware,Home,5.0,9783.77,1835.36, Aurangabad 
107951,19-07-2025,Customer_2164,Bookshelf,Furniture,4.0,21257.87,2663.22,Nagpur
107952,2025/12/07,Customer_1476,Backpack,Clothing,2.0,2652.01,407.6,Mumbai
107953,05-09-2025,Customer_1295,Laptop,Electronics,8.0,413799.92,67023.25,Pune
107954,10/03/2025,Customer_2167,Jacket,Clothing,2.0,5377.21,1063.22,Mumbai
107955,21-09-2025,Customer_0961,Shoes,Clothing,3.0,7801.24,736.81,Pune
107956,2025/02/27,Customer_1066,Shoes,Clothing,3.0,7131.29,1394.79,nashik
107957,29-10-2025,Customer_2061,Office Chair,Furniture,1.0,7244.58,1055.74,pune
107958,31-01-2025,Customer_1229,Bookshelf,Furniture,7.0,43876.67,5074.32,Mumbai
107959,06-09-2025,Customer_0689,Vacuum Cleaner,Home,7.0,42687.81,5807.28,Nashik
107960,03-04-2025,Customer_1101,Office Chair,Furniture,2.0,13716.96,1446.78,Aurangabad
107961,22-09-2025,Customer_1724,Mixer,Home,7.0,21281.28,2311.9,Aurangabad
107962,28-09-2025,Customer_1547,Mixer,Home,1.0,3311.74,708.36,Kolhapur
107963,04-04-2025,Customer_1268,Cookware,Home,8.0,18073.77,3361.38,KOLHAPUR
107964,03-06-2025,Customer_2126,Smartphone,Electronics,2.0,43180.66,3326.89,Nagpur
107965,2025/10/12,Customer_0037,Tablet,Electronics,6.0,118191.0,18883.13, Nagpur 
107966,21-03-2025,Customer_0343,Headphones,Electronics,8.0,18145.89,2264.01,Nashik
107967,19-10-2025,Customer_0675,Laptop,Electronics,2.0,111276.19,21696.36, Nashik 
107968,25-03-2025,Customer_0334,Smartphone,Electronics,4.0,86812.36,13497.2,Nagpur
107969,2025/12/31,Customer_0216,Laptop,Electronics,5.0,292905.46,63403.11,mumbai
107970,02/06/2025,Customer_2095,Cookware,Home,7.0,16819.08,1752.49,Mumbai
107971,2025/12/08,Customer_0247,Office Chair,Furniture,3.0,23914.66,4355.44,Kolhapur
107972,23-11-2025,Customer_2245,Mixer,Home,5.0,18706.11,3577.04,Nashik
107973,20-08-2025,Customer_1893,Bookshelf,Furniture,1.0,6726.71,509.54,Kolhapur
107974,03-04-2025,Customer_2070,Bedsheet,Home,8.0,12692.58,2378.89,Nashik
107975,02-12-2025,Customer_0277,Office Chair,Furniture,1.0,6942.84,481.6,Nashik
107976,12-04-2025,Customer_0559,Headphones,Electronics,5.0,12129.61,2318.94,Nashik
107977,15-06-2025,Customer_0913,Mixer,Home,8.0,24863.15,4164.45,NAGPUR
107978,08-06-2025,Customer_0278,Desk,Furniture,7.0,71491.12,5544.71,Aurangabad
107979,14-01-2025,Customer_0695,Backpack,Clothing,6.0,8024.14,588.78,Kolhapur
107980,13-08-2025,Customer_1872,Backpack,Clothing,5.0,7726.39,1531.77, Nashik 
107981,14-03-2025,Customer_2007,Bedsheet,Home,4.0,7752.03,765.88,Aurangabad
107982,06-09-2025,Customer_0118,Cabinet,Furniture,4.0,32223.17,2883.01,Nashik
107983,01-04-2025,Customer_2355,Shoes,Clothing,8.0,18687.67,2664.13,NAGPUR
107984,04-08-2025,Customer_1780,Table,Furniture,8.0,77076.3,5791.88,PUNE
107985,2025/03/31,Customer_0166,Lamp,Home,2.0,2253.62,469.34,Nashik
107986,29-01-2025,,Cabinet,Furniture,5.0,39149.48,8229.97, Pune 
107987,01-11-2025,Customer_0942,T-Shirt,Clothing,5.0,4015.97,579.37, Kolhapur 
107988,2025/08/08,Customer_1777,Smartphone,Electronics,6.0,140461.98,26199.57,Aurangabad
107989,24-11-2025,Customer_2260,Smartphone,Electronics,6.0,134668.98,13511.0,Aurangabad
107990,03-08-2025,Customer_1743,Vacuum Cleaner,Home,7.0,49388.61,6390.06,aurangabad
107991,09-08-2025,Customer_0867,Monitor,Electronics,7.0,89225.22,14649.01,NASHIK
107992,02/11/2025,Customer_0071,Shoes,Clothing,7.0,18722.0,1497.97,Nagpur
107993,2025/05/15,Customer_0357,T-Shirt,Clothing,3.0,1959.5,186.94,Pune
107994,2025/02/11,Customer_0531,Monitor,Electronics,5.0,67476.95,12291.01,Nagpur
107995,13-06-2025,Customer_1274,Desk,Furniture,7.0,89385.44,14838.33,AURANGABAD
107996,27-12-2025,Customer_0536,T-Shirt,Clothing,1.0,596.32,49.34,Nashik
107997,10/10/2025,Customer_0250,Backpack,Clothing,5.0,6418.92,664.44,Kolhapur
107998,27-02-2025,Customer_1318,Backpack,Clothing,4.0,5006.0,629.01,NAGPUR
107999,2025/10/29,Customer_0646,Jeans,Clothing,6.0,8376.52,1507.8,Nashik
108000,18-11-2025,Customer_2420,Table,Furniture,8.0,78214.77,11879.47,NASHIK
108001,25-01-2025,Customer_1485,Tablet,Electronics,7.0,110490.84,22364.82,nashik
108002,14-03-2025,Customer_1033,Cookware,Home,8.0,20058.56,1852.97,Kolhapur
108003,2025/05/09,Customer_0312,Jeans,Clothing,6.0,10189.36,1983.97,Mumbai
108004,28-03-2025,Customer_1718,Bookshelf,Furniture,5.0,30358.59,3392.02,nagpur
108005,26-11-2025,Customer_1330,Laptop,Electronics,8.0,437169.75,62061.93,Mumbai
108006,02-06-2025,Customer_1122,Table,Furniture,3.0,26195.16,5468.89,Kolhapur
108007,01-07-2025,Customer_0857,Lamp,Home,3.0,3863.39,380.96,kolhapur
108008,05-05-2025,Customer_2396,Bedsheet,Home,5.0,9231.0,1571.03,Kolhapur
108009,08-03-2025,Customer_0918,Smartphone,Electronics,1.0,22301.17,2617.0, Aurangabad 
108010,06-01-2025,Customer_1793,Jacket,Clothing,1.0,3140.66,473.45,Pune
108011,05-05-2025,Customer_0368,Monitor,Electronics,5.0,64056.95,5101.85,Nashik
108012,10-11-2025,Customer_0588,Smartphone,Electronics,5.0,125683.51,18554.62,Nagpur
108013,22-11-2025,Customer_0907,Shoes,Clothing,6.0,14254.87,2293.13,Aurangabad
108014,22-02-2025,Customer_2492,T-Shirt,Clothing,4.0,2437.7,202.87,Nagpur
108015,07-03-2025,Customer_0660,Cookware,Home,6.0,13383.24,935.36,Kolhapur
108016,10-11-2025,Customer_1280,Shoes,Clothing,2.0,5571.36,460.99,mumbai
108017,23-03-2025,Customer_1111,Cookware,Home,1.0,2314.79,283.78, Pune 
108018,03/28/2025,,Jeans,Clothing,1.0,1551.9,283.04,Mumbai
108019,02-01-2025,Customer_0313,Bookshelf,Furniture,7.0,41993.22,7395.21,Pune
108020,23-07-2025,Customer_0774,Vacuum Cleaner,Home,8.0,52080.98,8065.51, Nagpur 
108021,30-05-2025,Customer_1567,Cabinet,Furniture,3.0,25877.15,4067.1,Nashik
108022,20-10-2025,Customer_1175,Desk,Furniture,1.0,12416.21,2312.83,Pune
108023,13-04-2025,Customer_1576,Tablet,Electronics,2.0,40850.14,4913.23,Pune
108024,01/24/2025,Customer_0251,Desk,Furniture,4.0,49110.49,3624.54,Kolhapur
108025,2025/07/31,Customer_0356,Jacket,Clothing,5.0,13406.98,1688.31, Kolhapur 
108026,06-03-2025,Customer_1761,Jeans,Clothing,7.0,12326.4,1752.11,Pune
108027,28-07-2025,Customer_0358,Office Chair,Furniture,4.0,32079.6,2022.34,mumbai
108028,08-09-2025,Customer_0649,Vacuum Cleaner,Home,1.0,6430.76,1313.23,Aurangabad
108029,27-04-2025,Customer_1702,Laptop,Electronics,4.0,201804.72,13126.1,nagpur
108030,26-04-2025,Customer_1900,Bedsheet,Home,8.0,14112.33,2437.33,Nagpur
108031,2025/08/25,Customer_1869,Table,Furniture,6.0,53262.31,7115.66,Nagpur
108032,15-04-2025,Customer_1224,Jacket,Clothing,6.0,17655.82,1777.98,Nashik
108033,09/16/2025,Customer_2066,Smartphone,Electronics,5.0,134445.87,11360.43,Pune
108034,15-02-2025,Customer_1468,Jacket,Clothing,4.0,10849.72,1789.78,Aurangabad
108035,11/07/2025,Customer_0573,Laptop,Electronics,1.0,60418.09,11276.73,Nagpur
108036,27-11-2025,Customer_1522,Cabinet,Furniture,6.0,51192.27,6012.81,Mumbai
108037,04-08-2025,Customer_0788,Office Chair,Furniture,3.0,19950.55,1889.19,Aurangabad
108038,28-10-2025,Customer_0843,Desk,Furniture,2.0,26626.8,5250.09,Nashik
108039,29-11-2025,Customer_1378,Headphones,Electronics,6.0,17032.02,1229.0,Aurangabad
108040,24-01-2025,Customer_0587,Tablet,Electronics,1.0,18198.77,2980.76,Nagpur
108041,04-02-2025,Customer_0568,T-Shirt,Clothing,7.0,5209.67,849.27, Nagpur 
108042,24-01-2025,Customer_1153,Tablet,Electronics,8.0,155664.49,18292.98,Aurangabad
108043,01/28/2025,Customer_1217,Headphones,Electronics,2.0,4519.15,419.08,Nashik
108044,16-01-2025,Customer_0440,Bedsheet,Home,3.0,4609.41,534.93,Nagpur
108045,2025/02/28,Customer_1045,Backpack,Clothing,4.0,4914.13,547.62,Aurangabad
108046,31-08-2025,Customer_1021,Table,Furniture,8.0,74769.34,15186.89,Pune
108047,26-07-2025,Customer_0220,Cabinet,Furniture,5.0,44075.27,4426.39,NAGPUR
108048,2025/09/28,Customer_1413,Shoes,Clothing,3.0,6676.69,606.85,mumbai
108049,06-09-2025,Customer_1480,Smartphone,Electronics,4.0,114129.6,16881.58, Kolhapur 
108050,24-09-2025,Customer_0458,Table,Furniture,8.0,65142.05,12671.39, Mumbai 
108051,12-07-2025,Customer_2200,Backpack,Clothing,3.0,4067.94,829.35,Nashik
108052,01-12-2025,Customer_2472,Monitor,Electronics,5.0,64974.22,7986.34,nashik
108053,06-08-2025,Customer_2386,Tablet,Electronics,6.0,108160.31,21936.91,Pune
108054,25-04-2025,Customer_1201,Jacket,Clothing,7.0,21768.29,3306.53, Nashik 
108055,09-03-2025,Customer_0592,Lamp,Home,6.0,6599.04,821.82,Mumbai
108056,2025/10/26,Customer_0298,Laptop,Electronics,5.0,314239.73,49412.22,Nashik
108057,21-11-2025,Customer_2156,Bookshelf,Furniture,3.0,19517.93,2575.94,Nagpur
108058,16-03-2025,Customer_1353,Vacuum Cleaner,Home,6.0,39374.49,5064.84,Nashik
108059,13-04-2025,Customer_2057,Mixer,Home,2.0,7426.13,1457.27, Kolhapur 
108060,24-10-2025,Customer_0185,Bedsheet,Home,6.0,10823.86,1482.21,Pune
108061,27-06-2025,Customer_0179,Shoes,Clothing,8.0,19041.72,1682.06,AURANGABAD
108062,03-08-2025,Customer_0587,Table,Furniture,8.0,81487.75,9010.33,Aurangabad
108063,11-11-2025,Customer_2063,T-Shirt,Clothing,3.0,2289.44,399.4,Aurangabad
108064,08-02-2025,Customer_0315,Laptop,Electronics,5.0,299000.7,62755.13, Nagpur 
108065,2025/09/16,Customer_0989,Mixer,Home,8.0,29036.31,5913.89,nashik
108066,23-07-2025,Customer_0434,Mixer,Home,4.0,12604.33,2020.15,Nagpur
108067,07-01-2025,Customer_0052,Smartphone,Electronics,5.0,135210.34,13989.21,Aurangabad
108068,02/18/2025,Customer_0360,Vacuum Cleaner,Home,3.0,20908.41,3858.78,Nagpur
108069,26-01-2025,Customer_1326,Jacket,Clothing,8.0,24625.58,2710.32,Mumbai
108070,2025/06/10,Customer_0734,Lamp,Home,5.0,6326.89,687.61,Aurangabad
108071,23-12-2025,Customer_2007,Desk,Furniture,7.0,90023.82,12070.01,aurangabad
108072,25-06-2025,Customer_0214,T-Shirt,Clothing,6.0,4322.91,547.0,NAGPUR
108073,20-03-2025,Customer_1424,Vacuum Cleaner,Home,2.0,11681.73,1033.65,NASHIK
108074,2025/01/02,Customer_1495,Mixer,Home,6.0,18338.68,2913.86,Nagpur
108075,12-05-2025,Customer_1699,Mixer,Home,7.0,27062.49,1713.97,kolhapur
108076,10/03/2025,Customer_1723,T-Shirt,Clothing,4.0,2435.64,324.41,Aurangabad
108077,27-04-2025,Customer_1669,Table,Furniture,5.0,48209.23,4109.03,aurangabad
108078,2025/06/13,Customer_1285,Headphones,Electronics,6.0,13972.43,1357.02,Pune
108079,15-10-2025,Customer_0898,Mixer,Home,2.0,6788.01,651.65, Mumbai 
108080,28-01-2025,Customer_0768,Shoes,Clothing,4.0,9557.8,1687.59,Mumbai
108081,11/29/2025,Customer_2093,Jacket,Clothing,2.0,5786.5,422.35,Mumbai
108082,01-01-2025,Customer_0276,Shoes,Clothing,7.0,18223.16,2484.41,kolhapur
108083,2025/07/07,Customer_1760,Office Chair,Furniture,3.0,25433.32,2703.27, Kolhapur 
108084,25-02-2025,Customer_2375,Lamp,Home,7.0,8969.94,1587.12,Nagpur
108085,04-02-2025,Customer_2340,Backpack,Clothing,8.0,10264.24,2099.2,KOLHAPUR
108086,2025/04/22,Customer_2342,Cookware,Home,2.0,4388.36,739.97,nagpur
108087,13-10-2025,Customer_0664,Office Chair,Furniture,6.0,40219.05,4072.12,NAGPUR
108088,06-11-2025,Customer_1593,Headphones,Electronics,4.0,10258.32,1139.13,Kolhapur
108089,05-02-2025,Customer_2308,Desk,Furniture,6.0,71993.37,8627.74,Aurangabad
108090,05-08-2025,Customer_0546,Tablet,Electronics,5.0,93794.95,12938.38,MUMBAI
108091,21-03-2025,Customer_1978,Laptop,Electronics,3.0,140478.19,23031.25,NASHIK
108092,10-11-2025,Customer_0454,Vacuum Cleaner,Home,1.0,6348.14,727.95,NAGPUR
108093,24-03-2025,Customer_2482,Cookware,Home,2.0,3864.27,368.11,Pune
108094,06-03-2025,Customer_0070,Cookware,Home,8.0,16141.52,3384.22,Kolhapur
108095,21-11-2025,Customer_1591,Jacket,Clothing,4.0,10973.24,732.25,Pune
108096,05/08/2025,Customer_0790,Cookware,Home,3.0,,427.51,Pune
108097,03-11-2025,Customer_1709,Cookware,Home,6.0,13551.92,1217.77,
108098,01/22/2025,Customer_1863,Bookshelf,Furniture,8.0,47979.23,5719.6,Nashik
108099,04-08-2025,Customer_0681,Vacuum Cleaner,Home,5.0,35462.79,3946.24,Kolhapur
108100,17-04-2025,Customer_1221,T-Shirt,Clothing,1.0,691.24,121.25,Pune
108101,19-04-2025,Customer_1921,Smartphone,Electronics,3.0,73500.4,13738.29, Mumbai 
108102,12/23/2025,Customer_1264,Smartphone,Electronics,3.0,78637.9,9883.58,
108103,30-06-2025,Customer_1561,Table,Furniture,5.0,45053.76,9675.41,mumbai
108104,22-12-2025,Customer_1399,Jeans,Clothing,4.0,6710.29,1374.26,Nagpur
108105,06/13/2025,Customer_0053,Laptop,Electronics,3.0,149098.55,20473.88,
108106,09-03-2025,Customer_2071,Tablet,Electronics,6.0,121240.64,13532.63,Aurangabad
108107,19-10-2025,Customer_2303,Cookware,Home,2.0,5017.32,378.97,NASHIK
108108,29-06-2025,Customer_0385,Office Chair,Furniture,2.0,16812.02,2206.31, Aurangabad 
108109,06/30/2025,Customer_1912,Cabinet,Furniture,2.0,13953.97,2800.89,Nagpur
108110,18-06-2025,Customer_1737,Smartphone,Electronics,7.0,161976.86,10295.25,Nagpur
108111,22-01-2025,Customer_1245,Cookware,Home,7.0,13717.43,2269.66,Nagpur
108112,07-03-2025,Customer_1009,Cabinet,Furniture,2.0,18293.5,1423.85,Mumbai
108113,21-01-2025,Customer_1378,Lamp,Home,5.0,5931.51,527.32,Pune
108114,04/10/2025,Customer_0202,Desk,Furniture,8.0,103057.05,8130.11,Aurangabad
108115,10/27/2025,Customer_0127,Cabinet,Furniture,5.0,36878.1,3371.58,Mumbai
108116,13-04-2025,Customer_1414,Lamp,Home,4.0,4875.63,973.71,Aurangabad
108117,16-02-2025,Customer_0637,Office Chair,Furniture,4.0,30099.81,2086.49,Aurangabad
108118,08-02-2025,Customer_1836,Jacket,Clothing,3.0,8559.74,1605.84,Aurangabad
108119,2025/10/12,Customer_0402,Shoes,Clothing,8.0,17792.94,1274.58,Kolhapur
108120,2025/11/06,Customer_0224,T-Shirt,Clothing,4.0,2537.76,455.21, Nashik 
108121,31-03-2025,Customer_2276,Vacuum Cleaner,Home,8.0,53430.21,7827.27,Pune
108122,03/26/2025,Customer_1631,Mixer,Home,3.0,9710.86,1098.86,Nashik
108123,30-09-2025,Customer_2220,Bookshelf,Furniture,5.0,34192.97,3368.01,Kolhapur
108124,02-12-2025,Customer_0656,Monitor,Electronics,6.0,94121.46,14389.76,Aurangabad
108125,07-07-2025,Customer_0017,Cabinet,Furniture,3.0,21287.73,2868.95,Aurangabad
108126,08-06-2025,Customer_1133,Headphones,Electronics,2.0,5672.82,720.28,Kolhapur
108127,31-08-2025,Customer_1695,Bedsheet,Home,8.0,15969.83,1613.41,Nashik
108128,14-03-2025,Customer_0348,Smartphone,Electronics,7.0,178723.41,34853.98,Nagpur
108129,18-02-2025,Customer_1419,Shoes,Clothing,7.0,19708.61,2714.5, Mumbai 
108130,11-04-2025,Customer_0445,Desk,Furniture,7.0,87520.14,5292.94,Kolhapur
108131,02-01-2025,Customer_0537,Jacket,Clothing,1.0,2592.71,271.18,Kolhapur
108132,01-09-2025,Customer_2378,Backpack,Clothing,5.0,6146.34,643.84,Nashik
108133,25-06-2025,Customer_1877,Bookshelf,Furniture,6.0,34068.12,7324.73,nagpur
108134,26-08-2025,Customer_0974,Bedsheet,Home,2.0,3782.09,484.72,KOLHAPUR
108135,28-02-2025,Customer_0068,Lamp,Home,6.0,8254.2,697.62,Aurangabad
108136,12/19/2025,Customer_1506,Monitor,Electronics,2.0,27798.83,4545.94,Kolhapur
108137,09-04-2025,Customer_2112,Shoes,Clothing,8.0,17333.48,3028.5,Mumbai
108138,25-12-2025,Customer_2422,Desk,Furniture,6.0,63357.13,5223.49,Mumbai
108139,02-01-2025,Customer_2373,Mixer,Home,2.0,6285.35,1311.26,Nashik
108140,31-08-2025,Customer_0126,Smartphone,Electronics,8.0,210994.13,34786.27, Nagpur 
108141,24-10-2025,Customer_0942,Mixer,Home,6.0,21349.61,2281.18,Nagpur
108142,30-07-2025,Customer_2191,Monitor,Electronics,8.0,116061.89,14580.15,Pune
108143,03-05-2025,Customer_0573,Cookware,Home,1.0,1965.97,334.88,Pune
108144,17-08-2025,Customer_0274,Desk,Furniture,2.0,21332.99,1930.78,Mumbai
108145,03/23/2025,Customer_1623,Monitor,Electronics,7.0,107340.36,17777.57,Nagpur
108146,24-05-2025,Customer_0672,Cookware,Home,8.0,18291.63,2321.44, Pune 
108147,20-05-2025,Customer_1210,Table,Furniture,4.0,34879.83,5944.99,Nashik
108148,29-01-2025,Customer_1723,Table,Furniture,6.0,57888.09,8198.93,nagpur
108149,09/27/2025,Customer_2373,Tablet,Electronics,2.0,41068.11,8743.89,Aurangabad
108150,04-09-2025,Customer_1336,Headphones,Electronics,7.0,17040.25,3259.79,Nagpur
108151,12-01-2025,Customer_2004,Jeans,Clothing,7.0,11345.38,1609.69, Nagpur 
108152,21-12-2025,Customer_1602,Headphones,Electronics,5.0,10831.12,1644.55,Nagpur
108153,03-12-2025,Customer_0311,Cabinet,Furniture,4.0,35845.55,6625.02,Nagpur
108154,04/16/2025,Customer_2419,Backpack,Clothing,1.0,1520.25,130.12,Aurangabad
108155,01-02-2025,Customer_2252,Jacket,Clothing,7.0,18767.68,1826.34,aurangabad
108156,03/15/2025,Customer_1450,Cookware,Home,1.0,2078.5,317.44,kolhapur
108157,20-06-2025,Customer_0239,Vacuum Cleaner,Home,2.0,12472.66,1867.3,Mumbai
108158,03-12-2025,Customer_0560,Jeans,Clothing,2.0,3140.96,332.5,Kolhapur
108159,2025/03/10,Customer_0524,Table,Furniture,7.0,55353.12,11219.75,Nashik
108160,28-10-2025,Customer_0134,Shoes,Clothing,1.0,2133.53,128.58,Kolhapur
108161,28-12-2025,Customer_1253,Backpack,Clothing,1.0,1537.26,337.41,Pune
108162,17-05-2025,Customer_0501,Headphones,Electronics,7.0,18692.29,1167.22, Nashik 
108163,10-04-2025,Customer_0105,Mixer,Home,1.0,3213.02,692.38,Pune
108164,26-05-2025,Customer_0859,Laptop,Electronics,8.0,480735.76,72441.1,Kolhapur
108165,09-01-2025,Customer_1807,Jacket,Clothing,7.0,18052.74,1124.67,Aurangabad
108166,2025/03/03,Customer_1160,Bookshelf,Furniture,8.0,41100.41,6490.45,Mumbai
108167,04-07-2025,Customer_2351,Vacuum Cleaner,Home,4.0,22270.29,4876.77,AURANGABAD
108168,29-01-2025,Customer_0429,Monitor,Electronics,5.0,63351.06,11004.91,Mumbai
108169,24-04-2025,Customer_2357,Monitor,Electronics,6.0,75307.5,11026.14,Nagpur
108170,23-05-2025,Customer_0588,Mixer,Home,4.0,12238.57,2235.8,Pune
108171,04/30/2025,Customer_1204,Office Chair,Furniture,,46146.43,3404.99, Mumbai 
108172,19-06-2025,Customer_0278,Jeans,Clothing,6.0,10603.93,1564.32,Pune
108173,06-06-2025,Customer_0805,Monitor,Electronics,1.0,15770.69,3259.17,Nashik
108174,01-12-2025,Customer_0681,T-Shirt,Clothing,5.0,3941.53,285.55,Aurangabad
108175,15-12-2025,Customer_1285,T-Shirt,Clothing,3.0,1861.2,405.8,Kolhapur
108176,09/17/2025,Customer_0935,Vacuum Cleaner,Home,1.0,6475.82,635.37,Mumbai
108177,23-03-2025,Customer_1716,Cabinet,Furniture,8.0,69177.56,7075.87,Nagpur
108178,30-08-2025,Customer_1587,Bedsheet,Home,1.0,1922.7,372.94,Mumbai
108179,2025/06/21,Customer_1269,T-Shirt,Clothing,4.0,3038.78,315.57,pune
108180,19-08-2025,Customer_2254,Cabinet,Furniture,8.0,62111.08,7833.46,Mumbai
108181,27-07-2025,Customer_0797,Lamp,Home,5.0,5984.29,519.31,Pune
108182,16-03-2025,Customer_1669,Monitor,Electronics,4.0,55201.5,7823.45,Mumbai
108183,27-09-2025,Customer_1834,Cabinet,Furniture,4.0,32304.41,6176.09,AURANGABAD
108184,24-04-2025,Customer_1565,Smartphone,Electronics,7.0,175910.06,17050.16,MUMBAI
108185,03-03-2025,Customer_0502,Office Chair,Furniture,8.0,62936.32,11804.98,Nashik
108186,28-12-2025,Customer_2257,Backpack,Clothing,2.0,2648.27,432.33,Nashik
108187,16-11-2025,Customer_0432,Smartphone,Electronics,4.0,89408.14,10255.85,Pune
108188,2025/04/12,Customer_0232,Vacuum Cleaner,Home,7.0,51085.91,10513.95,Nashik
108189,2025/12/28,Customer_1853,Bedsheet,Home,7.0,12884.73,2221.02,Nagpur
108190,29-07-2025,Customer_2289,Monitor,Electronics,0.0,46460.59,9913.23,kolhapur
108191,12-09-2025,Customer_0242,Office Chair,Furniture,4.0,29908.98,4481.92,Mumbai
108192,20-01-2025,Customer_1106,Lamp,Home,8.0,9357.05,669.19,PUNE
108193,2025/02/27,Customer_0976,Backpack,Clothing,3.0,4102.73,765.16,Aurangabad
108194,22-04-2025,Customer_0054,Smartphone,Electronics,7.0,191006.49,38732.36,Nagpur
108195,2025/11/09,Customer_0454,Bedsheet,Home,8.0,12462.34,1798.87,Kolhapur
108196,07/15/2025,Customer_0717,Bookshelf,Furniture,8.0,42346.91,3900.94,Nagpur
108197,19-12-2025,Customer_0263,Jacket,Clothing,8.0,25089.45,3499.64,Mumbai
108198,02-04-2025,Customer_1953,Lamp,Home,7.0,9051.53,636.34,Nashik
108199,21-02-2025,Customer_1296,T-Shirt,Clothing,5.0,3412.67,572.91,Mumbai
108200,20-10-2025,Customer_1456,Lamp,Home,3.0,3204.08,359.28, Nagpur 
108201,08-01-2025,Customer_1324,Jacket,Clothing,3.0,7302.66,1199.2,
108202,27-10-2025,Customer_0461,Vacuum Cleaner,Home,1.0,7418.24,1426.73,Kolhapur
108203,08-04-2025,Customer_0460,T-Shirt,Clothing,2.0,1599.34,312.35,Nashik
108204,24-08-2025,Customer_0952,Bedsheet,Home,4.0,7967.22,1213.79,kolhapur
108205,10-03-2025,Customer_1884,T-Shirt,Clothing,6.0,4223.0,527.88,NAGPUR
108206,14-02-2025,Customer_0152,Shoes,Clothing,8.0,21908.57,1952.73,Aurangabad
108207,17-05-2025,Customer_2180,T-Shirt,Clothing,7.0,4247.65,899.07,Pune
108208,22-08-2025,Customer_0278,Cabinet,Furniture,4.0,27236.27,5891.01,KOLHAPUR
108209,01-02-2025,Customer_1326,Bookshelf,Furniture,7.0,44883.55,5052.08,Aurangabad
108210,16-10-2025,Customer_1311,Smartphone,Electronics,8.0,211869.19,40437.36,KOLHAPUR
108211,2025/05/06,Customer_1226,Mixer,Home,4.0,12930.52,2370.72,Aurangabad
108212,08-03-2025,Customer_0988,Shoes,Clothing,4.0,10913.11,1090.18,Mumbai
108213,2025/01/30,Customer_1473,Desk,Furniture,5.0,51754.67,4795.57,Mumbai
108214,24-04-2025,Customer_0220,Jacket,Clothing,8.0,20388.34,1436.12,Nashik
108215,23-07-2025,Customer_1928,Headphones,Electronics,6.0,16017.03,1934.79,KOLHAPUR
108216,29-01-2025,Customer_2194,Table,Furniture,4.0,40151.37,4029.08,kolhapur
108217,11-05-2025,Customer_1104,Smartphone,Electronics,3.0,73947.72,11997.48,AURANGABAD
108218,04-07-2025,Customer_1547,Table,Furniture,2.0,20038.31,2884.3,Pune
108219,10-09-2025,Customer_2376,Cookware,Home,7.0,14815.68,2944.21,Nagpur
108220,13-10-2025,Customer_0737,Shoes,Clothing,7.0,16503.79,1199.95,Mumbai
108221,03-03-2025,Customer_2280,Mixer,Home,4.0,13769.18,2555.76,Nashik
108222,03-01-2025,Customer_0760,Shoes,Clothing,8.0,17184.68,2641.99,Nagpur
108223,09-03-2025,Customer_0504,Monitor,Electronics,4.0,57587.0,12010.73,Kolhapur
108224,2025/01/25,Customer_0370,Desk,Furniture,5.0,56156.37,5874.73, Aurangabad 
108225,2025/06/28,Customer_2091,Desk,Furniture,3.0,35357.22,4140.56,Aurangabad
108226,2025/05/21,Customer_1428,Tablet,Electronics,3.0,57828.8,9407.61,Mumbai
108227,19-08-2025,Customer_1125,T-Shirt,Clothing,-1.0,4526.24,865.45,Nashik
108228,27-10-2025,Customer_2209,Jacket,Clothing,2.0,6310.61,813.75,Kolhapur
108229,12-06-2025,Customer_0351,Bookshelf,Furniture,4.0,27489.82,2597.95,Nashik
108230,07-11-2025,Customer_1422,Laptop,Electronics,4.0,234148.1,34054.85,Nagpur
108231,10-05-2025,Customer_0650,Office Chair,Furniture,4.0,32852.11,4477.19,Kolhapur
108232,03-09-2025,Customer_0782,Table,Furniture,8.0,78133.07,16316.3,Nashik
108233,24-10-2025,Customer_1264,Backpack,Clothing,1.0,1497.56,275.81,Nagpur
108234,21-06-2025,Customer_0411,Lamp,Home,8.0,8353.47,775.14,Nagpur
108235,05-03-2025,,Cookware,Home,2.0,5026.08,859.01,Mumbai
108236,31-01-2025,Customer_0708,T-Shirt,Clothing,7.0,4990.33,592.43,KOLHAPUR
108237,16-02-2025,Customer_1581,Vacuum Cleaner,Home,6.0,33669.35,4008.73,Nashik
108238,10-05-2025,Customer_1584,Bookshelf,Furniture,8.0,47984.35,4502.54,pune
108239,18-12-2025,Customer_2362,Desk,Furniture,1.0,10823.29,1529.84,Mumbai
108240,29-11-2025,Customer_0726,Backpack,Clothing,8.0,11488.64,1130.33,kolhapur
108241,20-04-2025,Customer_0875,Shoes,Clothing,8.0,20524.34,4188.08,Nagpur
108242,10-03-2025,Customer_0829,Office Chair,Furniture,7.0,52077.48,10268.76,Mumbai
108243,27-02-2025,Customer_1587,Monitor,Electronics,5.0,78972.7,5905.82,Pune
108244,16-04-2025,Customer_1615,Tablet,Electronics,3.0,47452.15,6461.42,mumbai
108245,27-10-2025,Customer_1660,Smartphone,Electronics,4.0,102643.07,13152.82,NASHIK
108246,26-11-2025,Customer_2047,Monitor,Electronics,5.0,66355.47,10786.68,Nashik
108247,13-09-2025,Customer_0982,Laptop,Electronics,7.0,327490.41,70374.98,Nashik
108248,08-11-2025,Customer_0390,Office Chair,Furniture,4.0,27588.71,5703.57,Pune
108249,20-06-2025,Customer_0963,Tablet,Electronics,7.0,111220.76,10910.08,Nagpur
108250,11-06-2025,Customer_2147,Cookware,Home,3.0,6075.05,1332.77,Nashik
108251,13-10-2025,Customer_0297,Jacket,Clothing,5.0,11919.32,1935.01,Nashik
108252,12-03-2025,Customer_1859,Monitor,Electronics,6.0,93316.1,15636.4,Kolhapur
108253,12-09-2025,Customer_2355,Cookware,Home,3.0,6328.21,1349.99,nashik
108254,24-02-2025,Customer_2095,Laptop,Electronics,1.0,61493.09,7959.22, Nashik 
108255,19-11-2025,Customer_1568,Mixer,Home,1.0,3576.99,768.35,Aurangabad
108256,03-01-2025,Customer_0749,Mixer,Home,1.0,4006.69,528.77,Nagpur
108257,2025/01/26,Customer_2422,Headphones,Electronics,7.0,19323.59,2093.07,Pune
108258,09-11-2025,Customer_1375,Tablet,Electronics,5.0,86538.95,7474.5,Mumbai
108259,06-05-2025,Customer_1280,Tablet,Electronics,3.0,49288.79,8137.57,Nashik
108260,22-02-2025,Customer_1593,Laptop,Electronics,7.0,386245.28,37458.49,Aurangabad
108261,17-07-2025,Customer_1309,Vacuum Cleaner,Home,5.0,31553.37,3777.23,Nagpur
108262,26-10-2025,Customer_1764,Desk,Furniture,2.0,27508.99,5407.46,Nashik
108263,07-07-2025,Customer_0627,Smartphone,Electronics,5.0,120798.74,24911.92,Mumbai
108264,05-07-2025,Customer_1042,Bookshelf,Furniture,5.0,28583.72,4769.6,Pune
108265,01-11-2025,Customer_0063,Mixer,Home,2.0,7979.96,977.1,Aurangabad
108266,25-10-2025,Customer_0099,Cookware,Home,6.0,13912.34,1493.46,Mumbai
108267,23-07-2025,Customer_0125,Office Chair,Furniture,6.0,41845.22,6354.83,Nagpur
108268,01/11/2025,Customer_1035,Bedsheet,Home,2.0,4117.61,545.59,Kolhapur
108269,25-12-2025,Customer_0816,Jeans,Clothing,4.0,7240.26,1493.65,Pune
108270,20-12-2025,Customer_1865,Mixer,Home,5.0,,2014.42,Kolhapur
108271,26-05-2025,Customer_0271,Jacket,Clothing,5.0,14601.87,2086.42, Mumbai 
108272,26-03-2025,Customer_0642,Bookshelf,Furniture,3.0,15818.18,3464.05,
108273,10-04-2025,Customer_1461,Cabinet,Furniture,2.0,17212.74,2238.19,Aurangabad
108274,14-04-2025,Customer_0569,Office Chair,Furniture,6.0,46595.28,3448.59,Pune
108275,15-02-2025,Customer_0493,Bedsheet,Home,1.0,1797.46,375.55,MUMBAI
108276,13-02-2025,Customer_0681,Vacuum Cleaner,Home,7.0,50913.6,5803.18,Nashik
108277,05-10-2025,Customer_1955,Headphones,Electronics,1.0,2523.53,432.99,Aurangabad
108278,30-06-2025,Customer_2459,Desk,Furniture,,57120.17,4020.16,Pune
108279,07/06/2025,Customer_0978,Cabinet,Furniture,5.0,40065.3,6260.67,PUNE
108280,24-04-2025,,Desk,Furniture,6.0,61326.18,4617.37,Aurangabad
108281,12-09-2025,Customer_2460,Table,Furniture,5.0,41048.42,4748.83,nagpur
108282,30-01-2025,Customer_2072,Desk,Furniture,4.0,48591.14,5199.97,Nashik
108283,21-09-2025,Customer_1974,T-Shirt,Clothing,4.0,2611.99,520.04,AURANGABAD
108284,08-04-2025,Customer_0863,Lamp,Home,5.0,5361.09,746.66,Kolhapur
108285,09-11-2025,Customer_2149,Jeans,Clothing,6.0,10904.14,1744.68,PUNE
108286,25-11-2025,Customer_2142,Desk,Furniture,1.0,12781.94,1648.84,Nagpur
108287,2025/04/25,Customer_2280,T-Shirt,Clothing,5.0,2995.93,489.48, Nagpur 
108288,03-10-2025,Customer_2111,Desk,Furniture,1.0,12474.93,968.91,Nashik
108289,2025/10/08,Customer_1116,Headphones,Electronics,1.0,2471.62,510.27,Aurangabad
108290,02-10-2025,Customer_2395,Mixer,Home,6.0,19142.03,2560.74,Pune
108291,18-09-2025,Customer_0866,T-Shirt,Clothing,3.0,2075.5,393.77,Nagpur
108292,27-11-2025,Customer_0244,Cookware,Home,2.0,4828.44,876.28,Kolhapur
108293,26-07-2025,Customer_1184,Tablet,Electronics,5.0,86367.26,6177.5,Nashik
108294,24-11-2025,Customer_2327,Vacuum Cleaner,Home,4.0,24825.97,4189.79,pune
108295,30-07-2025,Customer_1985,Tablet,Electronics,2.0,38189.66,8187.87,Nashik
108296,03-08-2025,Customer_1050,Laptop,Electronics,4.0,216940.32,34968.54,Nashik
108297,09-02-2025,Customer_2171,Vacuum Cleaner,Home,5.0,32882.11,2765.35,nagpur
108298,26-01-2025,Customer_1962,Shoes,Clothing,4.0,9883.61,1454.61,NASHIK
108299,27-01-2025,Customer_1659,Backpack,Clothing,7.0,11125.2,1319.96,Nagpur
108300,09-07-2025,Customer_0898,Tablet,Electronics,3.0,61777.61,9066.98,Nagpur
108301,03/24/2025,Customer_1925,Mixer,Home,5.0,16147.96,1464.08,nashik
108302,19-06-2025,Customer_2287,Smartphone,Electronics,1.0,22312.71,2955.75,Pune
108303,16-06-2025,Customer_2117,Smartphone,Electronics,7.0,149901.14,19668.12, Kolhapur 
108304,2025/07/07,Customer_1457,Cabinet,Furniture,3.0,27516.51,4601.23, Mumbai 
108305,18-06-2025,Customer_0885,T-Shirt,Clothing,5.0,3772.78,298.2,Kolhapur
108306,16-10-2025,Customer_1648,Bookshelf,Furniture,2.0,11903.16,1259.3,Pune
108307,2025/08/17,Customer_1979,Table,Furniture,6.0,60384.38,5374.62,Nagpur
108308,07-04-2025,Customer_1716,Jeans,Clothing,7.0,11061.34,1704.42,Kolhapur
108309,2025/01/16,Customer_0889,Backpack,Clothing,1.0,1405.9,271.11,Aurangabad
108310,06-10-2025,Customer_1640,Tablet,Electronics,4.0,66199.39,7969.25,Nagpur
108311,2025/05/15,Customer_0613,Tablet,Electronics,6.0,117463.53,16972.47,Nashik
108312,2025/01/26,Customer_1000,Smartphone,Electronics,6.0,145595.28,9421.59,Nagpur
108313,2025/12/18,Customer_2498,Lamp,Home,3.0,3873.66,834.96,Kolhapur
108314,12-01-2025,Customer_0047,Cabinet,Furniture,4.0,33154.76,6533.03, Mumbai 
108315,2025/03/13,Customer_0556,Jeans,Clothing,6.0,9648.6,936.58,Aurangabad
108316,13-05-2025,Customer_0771,Mixer,Home,6.0,17940.99,2952.08,Mumbai
108317,16-04-2025,Customer_0124,Cookware,Home,5.0,10977.26,2032.28,Pune
108318,08-08-2025,Customer_1248,Headphones,Electronics,8.0,21168.09,4616.18,nagpur
108319,26-06-2025,Customer_0827,Jacket,Clothing,8.0,22469.3,2883.89,Aurangabad
108320,10/09/2025,Customer_1129,Bedsheet,Home,1.0,1684.84,229.64,Kolhapur
108321,13-05-2025,Customer_1880,Monitor,Electronics,7.0,108962.42,7277.64,Kolhapur
108322,01/22/2025,Customer_1494,Monitor,Electronics,5.0,80035.9,17522.19,Nagpur
108323,26-09-2025,Customer_1847,Backpack,Clothing,8.0,11528.68,1303.28,Mumbai
108324,10-06-2025,Customer_0822,Mixer,Home,1.0,3209.2,334.52,Aurangabad
108325,04/17/2025,Customer_1926,T-Shirt,Clothing,6.0,3633.13,494.17, Mumbai 
108326,06-10-2025,Customer_0210,Vacuum Cleaner,Home,2.0,11273.56,1972.38, Kolhapur 
108327,19-12-2025,Customer_2036,Headphones,Electronics,2.0,4807.89,441.84,Nashik
108328,23-08-2025,Customer_0879,Vacuum Cleaner,Home,5.0,32937.32,7107.92,Pune
108329,18-01-2025,Customer_2060,Cookware,Home,2.0,4657.57,645.91,Aurangabad
108330,2025/08/30,Customer_1739,Bedsheet,Home,2.0,3899.07,694.02,Kolhapur
108331,27-04-2025,Customer_2074,Tablet,Electronics,6.0,120692.23,11193.85,Nagpur
108332,13-10-2025,Customer_1013,Desk,Furniture,7.0,93043.71,10064.0,Nashik
108333,09-10-2025,Customer_1081,Laptop,Electronics,1.0,62276.48,6537.19,Kolhapur
108334,24-05-2025,Customer_1841,Shoes,Clothing,7.0,19740.95,4228.64,Pune
108335,24-07-2025,Customer_1955,Table,Furniture,6.0,48256.96,10419.64,Aurangabad
108336,08-02-2025,Customer_2267,Cabinet,Furniture,2.0,14011.47,1330.68,Mumbai
108337,03-06-2025,Customer_2303,Smartphone,Electronics,8.0,196650.13,43061.58,Kolhapur
108338,25-06-2025,Customer_2366,Jeans,Clothing,5.0,7972.55,1180.46,Aurangabad
108339,29-08-2025,Customer_0106,Monitor,Electronics,7.0,103716.09,22291.39,Aurangabad
108340,2025/05/14,Customer_2295,T-Shirt,Clothing,6.0,4557.02,436.86,Nashik
108341,15-02-2025,Customer_0930,Jeans,Clothing,8.0,12043.49,910.73,Pune
108342,02/19/2025,Customer_1706,Jeans,Clothing,8.0,13354.7,1187.48,MUMBAI
108343,15-06-2025,Customer_1510,Monitor,Electronics,6.0,,15740.74, Kolhapur 
108344,16-04-2025,Customer_2020,Bedsheet,Home,1.0,1706.45,257.1,Pune
108345,04-08-2025,Customer_1046,Vacuum Cleaner,Home,5.0,31501.27,2263.21, Kolhapur 
108346,26-05-2025,Customer_0010,Headphones,Electronics,5.0,11985.74,1501.7,Pune
108347,13-03-2025,Customer_1821,Headphones,Electronics,1.0,2796.78,312.99,Nashik
108348,26-11-2025,Customer_0977,Mixer,Home,3.0,10119.61,1874.79,Pune
108349,30-09-2025,Customer_0166,Tablet,Electronics,5.0,96991.83,18207.85,Nagpur
108350,04-09-2025,Customer_2147,Cookware,Home,7.0,17496.42,3276.89, Aurangabad 
108351,05-07-2025,Customer_1252,Desk,Furniture,6.0,70004.34,13401.73,Mumbai
108352,11-03-2025,Customer_1060,Cookware,Home,5.0,11028.63,1151.77,Kolhapur
108353,30-05-2025,Customer_1536,Vacuum Cleaner,Home,3.0,18347.06,1757.92,Pune
108354,2025/09/03,Customer_1671,Cookware,Home,7.0,13759.87,1231.76,Aurangabad
108355,2025/09/19,Customer_1501,Jacket,Clothing,8.0,19464.56,3934.8,Kolhapur
108356,26-01-2025,Customer_1984,Vacuum Cleaner,Home,4.0,29361.86,4518.3,PUNE
108357,20-05-2025,,Headphones,Electronics,4.0,11021.47,985.0,AURANGABAD
108358,09-04-2025,Customer_1762,Bookshelf,Furniture,1.0,6723.01,948.06,Aurangabad
108359,05-10-2025,Customer_2287,Bedsheet,Home,2.0,3132.54,258.78, Nashik 
108360,20-02-2025,Customer_0438,Table,Furniture,1.0,8484.24,568.18,Nagpur
108361,31-05-2025,Customer_1054,Jeans,Clothing,1.0,1508.46,104.97,pune
108362,14-04-2025,Customer_0242,Bookshelf,Furniture,7.0,38673.95,3964.36,Pune
108363,30-03-2025,Customer_0408,T-Shirt,Clothing,4.0,3215.27,314.09,nagpur
108364,21-05-2025,Customer_1443,Bedsheet,Home,8.0,13273.29,2254.95,Mumbai
108365,01-08-2025,Customer_0453,Mixer,Home,8.0,31018.6,3782.06,Mumbai
108366,21-08-2025,Customer_0421,Vacuum Cleaner,Home,8.0,57859.64,6620.46,Nagpur
108367,2025/07/02,Customer_0038,Cookware,Home,6.0,12000.18,1352.93,Nagpur
108368,08-09-2025,Customer_0645,Jeans,Clothing,8.0,13219.93,1569.77,Kolhapur
108369,09-01-2025,Customer_2097,Headphones,Electronics,4.0,10518.68,1029.88,Kolhapur
108370,20-03-2025,Customer_1892,Tablet,Electronics,7.0,133597.53,15442.56,Nagpur
108371,21-02-2025,Customer_0142,Desk,Furniture,8.0,94729.01,14137.28,Mumbai
108372,26-09-2025,Customer_0295,Jacket,Clothing,4.0,11825.72,1161.22,nagpur
108373,14-08-2025,Customer_1305,Cabinet,Furniture,2.0,17612.54,3090.91,Kolhapur
108374,20-02-2025,Customer_1977,Shoes,Clothing,5.0,11502.87,2484.57, Mumbai 
108375,05-07-2025,Customer_1159,Shoes,Clothing,1.0,2623.6,347.33,Nagpur
108376,03-02-2025,Customer_0184,Vacuum Cleaner,Home,3.0,17496.53,2542.52,Aurangabad
108377,18-10-2025,Customer_1601,Table,Furniture,1.0,8094.89,1041.96,Aurangabad
108378,18-08-2025,Customer_0135,Headphones,Electronics,6.0,14589.21,2555.89,Aurangabad
108379,11-05-2025,Customer_0974,Table,Furniture,2.0,16338.87,3128.88,Nashik
108380,30-04-2025,Customer_0928,Monitor,Electronics,8.0,106158.05,13910.76,Pune
108381,22-11-2025,Customer_1770,Desk,Furniture,1.0,12980.43,2077.68,NAGPUR
108382,04-09-2025,Customer_1323,Bedsheet,Home,7.0,11874.34,1446.2,NASHIK
108383,07/11/2025,Customer_0733,Headphones,Electronics,4.0,9417.36,1461.23,Nashik
108384,19-11-2025,Customer_2316,Office Chair,Furniture,7.0,49863.84,8781.6,Nashik
108385,07/29/2025,Customer_0683,Bookshelf,Furniture,4.0,24574.47,2047.37,Kolhapur
108386,13-04-2025,Customer_2254,Mixer,Home,8.0,26406.26,2519.99,Aurangabad
108387,25-11-2025,Customer_0983,Headphones,Electronics,2.0,4835.47,689.33,Kolhapur
108388,13-05-2025,Customer_0919,Headphones,Electronics,8.0,20040.58,3621.81,Mumbai
108389,2025/11/19,Customer_1817,Smartphone,Electronics,7.0,158681.52,33550.93,KOLHAPUR
108390,19-05-2025,Customer_1361,Lamp,Home,6.0,6860.55,741.21,Nashik
108391,01-05-2025,Customer_1292,Table,Furniture,-2.0,18999.96,3588.76,Pune
108392,04-04-2025,Customer_1425,Tablet,Electronics,1.0,17343.75,3113.12,Aurangabad
108393,09-05-2025,Customer_1492,Shoes,Clothing,1.0,2787.8,509.3,Mumbai
108394,01-04-2025,Customer_2178,T-Shirt,Clothing,7.0,4215.27,810.93,Nagpur
108395,02-04-2025,Customer_0519,Jacket,Clothing,2.0,6061.13,1012.73,Mumbai
108396,04-03-2025,Customer_0710,Backpack,Clothing,7.0,10564.47,2289.4,Nashik
108397,29-01-2025,Customer_1635,Vacuum Cleaner,Home,3.0,19097.01,1351.22,Mumbai
108398,29-07-2025,Customer_0144,Shoes,Clothing,1.0,2470.67,166.6,Nagpur
108399,12-01-2025,Customer_0258,Bookshelf,Furniture,6.0,33777.9,5198.45, Nashik 
108400,29-11-2025,Customer_1488,Tablet,Electronics,8.0,135775.71,23036.15,Pune
108401,24-10-2025,Customer_2409,Table,Furniture,5.0,49346.82,6280.38, Nashik 
108402,10-05-2025,Customer_1861,Office Chair,Furniture,3.0,25200.93,1833.98,Mumbai
108403,2025/10/20,Customer_2171,Jacket,Clothing,6.0,18514.17,3565.31,aurangabad
108404,22-06-2025,Customer_1734,Laptop,Electronics,8.0,416503.19,44896.72,Aurangabad
108405,2025/07/27,Customer_1102,Office Chair,Furniture,4.0,28245.85,5361.71,NAGPUR
108406,24-01-2025,Customer_1543,Tablet,Electronics,5.0,98954.64,11157.69,Pune
108407,09-04-2025,Customer_1374,Jeans,Clothing,7.0,11511.1,946.55,Mumbai
108408,22-12-2025,Customer_1072,Desk,Furniture,3.0,35662.81,7838.93,Nagpur
108409,19-05-2025,Customer_0010,Monitor,Electronics,2.0,25134.25,5318.66, Pune 
108410,10-11-2025,Customer_0688,Backpack,Clothing,2.0,3072.37,662.26,KOLHAPUR
108411,23-06-2025,Customer_0179,Mixer,Home,5.0,15817.79,1489.45,kolhapur
108412,29-01-2025,Customer_1238,Jeans,Clothing,-1.0,10944.77,1925.76,Kolhapur
108413,23-05-2025,Customer_2111,Smartphone,Electronics,7.0,182564.97,16155.26,Pune
108414,12-11-2025,Customer_0034,Vacuum Cleaner,Home,4.0,28270.93,3049.62,Aurangabad
108415,17-12-2025,Customer_1326,Monitor,Electronics,1.0,12466.98,1590.91,Kolhapur
108416,11-02-2025,Customer_2239,Headphones,Electronics,1.0,2193.23,223.97,Pune
108417,26-10-2025,Customer_0888,T-Shirt,Clothing,4.0,2691.92,528.42,nashik
108418,27-07-2025,Customer_2265,Headphones,Electronics,1.0,2719.41,355.81,Aurangabad
108419,26-11-2025,Customer_1543,Laptop,Electronics,6.0,352232.93,53181.52,Aurangabad
108420,11-07-2025,Customer_2423,Bookshelf,Furniture,7.0,39994.61,7044.65,Kolhapur
108421,06/09/2025,Customer_0967,Smartphone,Electronics,2.0,52752.49,8390.55,Pune
108422,2025/03/05,Customer_2329,Tablet,Electronics,7.0,130458.72,22083.68,Nashik
108423,08/31/2025,Customer_0308,Mixer,Home,3.0,10136.32,2017.66,Mumbai
108424,15-09-2025,Customer_1729,Shoes,Clothing,8.0,17973.85,3620.32,Nashik
108425,01-06-2025,Customer_0611,Cabinet,Furniture,2.0,15242.95,1219.51, Aurangabad 
108426,03-08-2025,Customer_1625,Backpack,Clothing,4.0,5768.05,693.08,Mumbai
108427,18-11-2025,Customer_2086,Tablet,Electronics,5.0,98518.49,12701.56,Kolhapur
108428,15-06-2025,Customer_2453,Backpack,Clothing,6.0,8824.78,964.74,Pune
108429,31-01-2025,Customer_2371,Table,Furniture,1.0,8215.52,1003.02,Mumbai
108430,08/20/2025,Customer_0324,Smartphone,Electronics,4.0,103204.24,17040.2,Aurangabad
108431,09-10-2025,Customer_1710,Shoes,Clothing,6.0,15351.93,3348.09, Aurangabad 
108432,29-01-2025,Customer_1719,Shoes,Clothing,2.0,5286.64,1105.13,Nagpur
108433,14-07-2025,Customer_0865,Shoes,Clothing,2.0,4426.9,309.08,Pune
108434,30-11-2025,Customer_0235,Backpack,Clothing,6.0,7923.71,648.59,Nashik
108435,13-09-2025,Customer_1191,Cabinet,Furniture,7.0,56434.59,8072.23,Aurangabad
108436,08-10-2025,Customer_1441,Tablet,Electronics,5.0,92026.27,16494.46,Pune
108437,31-10-2025,Customer_0779,Cookware,Home,6.0,15066.47,3021.15, Mumbai 
108438,17-11-2025,Customer_1933,Desk,Furniture,1.0,10626.12,1213.1,Mumbai
108439,19-11-2025,Customer_1580,Backpack,Clothing,8.0,10379.57,916.42,Nashik
108440,12-12-2025,Customer_0405,Smartphone,Electronics,7.0,177348.06,26340.14,Mumbai
108441,21-10-2025,Customer_1030,Jacket,Clothing,8.0,20567.09,3576.69,nashik
108442,2025/03/28,Customer_1323,Mixer,Home,1.0,3744.56,237.24,Kolhapur
108443,29-05-2025,Customer_1280,Cabinet,Furniture,4.0,30999.27,6274.95,PUNE
108444,09/06/2025,Customer_1144,Bookshelf,Furniture,5.0,30182.87,3489.76,Mumbai
108445,17-11-2025,Customer_2313,Vacuum Cleaner,Home,6.0,36118.01,3573.4,Kolhapur
108446,10/10/2025,Customer_0063,Monitor,Electronics,3.0,36957.08,7049.79,Nagpur
108447,28-12-2025,Customer_0804,Lamp,Home,7.0,7358.38,785.63,Mumbai
108448,17-07-2025,Customer_0582,Backpack,Clothing,7.0,8464.29,1566.08,NAGPUR
108449,13-02-2025,Customer_0984,Cookware,Home,3.0,5687.78,621.83,Nagpur
108450,22-12-2025,Customer_1926,Office Chair,Furniture,3.0,22994.76,2886.53, Nashik 
108451,2025/01/28,Customer_2181,Bookshelf,Furniture,2.0,11216.18,1166.82,Mumbai
108452,2025/01/17,Customer_2298,Jacket,Clothing,-1.0,24401.15,5266.66,Aurangabad
108453,07-05-2025,Customer_2106,Smartphone,Electronics,3.0,71580.92,4743.19,Pune
108454,17-06-2025,Customer_0331,Tablet,Electronics,8.0,123979.64,22499.1,Aurangabad
108455,01-09-2025,Customer_2311,Tablet,Electronics,3.0,54848.39,10167.51,Nashik
108456,17-03-2025,Customer_1584,T-Shirt,Clothing,3.0,2224.42,456.45, Aurangabad 
108457,19-08-2025,Customer_0915,Jacket,Clothing,8.0,24992.74,4651.96,Nashik
108458,23-07-2025,Customer_1155,Bookshelf,Furniture,2.0,11910.68,1301.84,Aurangabad
108459,05-09-2025,Customer_0126,Cabinet,Furniture,2.0,16033.73,2250.04,Aurangabad
108460,29-10-2025,Customer_0507,Desk,Furniture,4.0,49587.97,4451.79,KOLHAPUR
108461,02-08-2025,Customer_2348,Bedsheet,Home,8.0,15072.28,2005.46,Aurangabad
108462,03-08-2025,Customer_1993,Tablet,Electronics,7.0,130543.74,12837.25,Aurangabad
108463,07-06-2025,Customer_0557,Shoes,Clothing,8.0,19606.37,1835.79,Pune
108464,10-03-2025,Customer_1210,Laptop,Electronics,1.0,61192.54,8449.08,Pune
108465,26-03-2025,Customer_1012,Cabinet,Furniture,5.0,36699.78,2443.96,Aurangabad
108466,24-09-2025,Customer_1615,Vacuum Cleaner,Home,3.0,20528.07,1936.68,Pune
108467,10-03-2025,Customer_1921,Monitor,Electronics,8.0,128449.96,18675.6, Aurangabad 
108468,09-04-2025,Customer_0909,Vacuum Cleaner,Home,6.0,36531.03,6035.96,Mumbai
108469,2025/12/13,Customer_1330,Jeans,Clothing,3.0,4476.32,856.07,Mumbai
108470,2025/08/04,Customer_0549,Cabinet,Furniture,3.0,22619.3,4933.71,Nashik
108471,10-06-2025,Customer_1954,Bookshelf,Furniture,8.0,49514.08,9660.48,Nagpur
108472,04-04-2025,Customer_1034,Table,Furniture,8.0,,7264.57,Nashik
108473,23-06-2025,Customer_0676,Lamp,Home,1.0,1285.5,211.86,Pune
108474,14-06-2025,Customer_0409,Jeans,Clothing,2.0,2906.47,340.04,Nashik
108475,25-04-2025,Customer_0931,Shoes,Clothing,1.0,2322.58,367.29,Aurangabad
108476,08-08-2025,Customer_2386,Cookware,Home,4.0,8389.66,918.24,Nagpur
108477,31-01-2025,Customer_0723,Vacuum Cleaner,Home,5.0,29646.94,3719.04,PUNE
108478,11-01-2025,Customer_2408,Shoes,Clothing,6.0,13629.76,2916.92,Kolhapur
108479,2025/12/09,Customer_1832,Bookshelf,Furniture,5.0,26890.52,5542.91,Nagpur
108480,10-05-2025,Customer_2416,Tablet,Electronics,4.0,70455.02,8486.91,Mumbai
108481,04/15/2025,Customer_0224,Jeans,Clothing,3.0,4413.1,713.69,MUMBAI
108482,01/27/2025,Customer_0333,Jacket,Clothing,7.0,20690.9,2789.37, Nagpur 
108483,15-08-2025,Customer_1686,Vacuum Cleaner,Home,5.0,28168.14,5829.72,Aurangabad
108484,02-01-2025,Customer_2130,Bedsheet,Home,2.0,4118.76,531.18,kolhapur
108485,25-12-2025,Customer_0322,Cookware,Home,7.0,15925.11,2102.88,Mumbai
108486,11-04-2025,Customer_1344,Backpack,Clothing,5.0,6625.95,479.53,Kolhapur
108487,21-01-2025,Customer_2295,Office Chair,Furniture,2.0,14802.3,2826.37,Nashik
108488,27-02-2025,Customer_1361,Cookware,Home,4.0,7524.96,1152.35,AURANGABAD
108489,2025/06/29,Customer_1887,Laptop,Electronics,5.0,306413.7,29050.44,Mumbai
108490,07-12-2025,Customer_0564,Bedsheet,Home,7.0,11402.71,2093.13,Nagpur
108491,15-12-2025,,Cabinet,Furniture,7.0,51885.45,4706.92,nashik
108492,20-01-2025,Customer_1961,Bedsheet,Home,2.0,3468.23,425.9,Kolhapur
108493,12-09-2025,Customer_0181,Desk,Furniture,1.0,13346.76,2121.48,Kolhapur
108494,13-11-2025,Customer_0400,Laptop,Electronics,1.0,53448.36,7776.85,aurangabad
108495,07-02-2025,Customer_1705,Jeans,Clothing,7.0,12725.32,994.03,Kolhapur
108496,28-05-2025,Customer_1310,Tablet,Electronics,3.0,49264.99,10542.93,Pune
108497,25-01-2025,Customer_2401,Shoes,Clothing,6.0,17057.96,1507.01,Nashik
108498,01-05-2025,Customer_2315,Headphones,Electronics,1.0,2233.83,284.53, Aurangabad 
108499,26-01-2025,Customer_0058,Bedsheet,Home,2.0,3113.7,513.09,Aurangabad
108500,18-06-2025,Customer_1447,Laptop,Electronics,5.0,240143.42,16638.27,Kolhapur
108501,11/19/2025,Customer_0642,Cookware,Home,5.0,10951.12,2335.28,aurangabad
108502,13-08-2025,Customer_2414,Table,Furniture,5.0,44011.75,5151.0,Nagpur
108503,01-01-2025,Customer_1219,Lamp,Home,3.0,4137.79,600.46,Kolhapur
108504,03-11-2025,Customer_0471,Office Chair,Furniture,6.0,43315.76,5273.16,Nagpur
108505,18-09-2025,Customer_0637,Monitor,Electronics,8.0,101750.64,14444.08,Aurangabad
108506,2025/01/13,Customer_0890,T-Shirt,Clothing,3.0,2061.48,213.01,Nashik
108507,17-02-2025,Customer_0951,Desk,Furniture,6.0,64667.67,7100.39,Nagpur
108508,09-11-2025,Customer_1983,Lamp,Home,8.0,9625.01,667.33,Nagpur
108509,10/18/2025,Customer_0533,Cookware,Home,5.0,9857.36,2086.06,nagpur
108510,11/28/2025,Customer_1322,Backpack,Clothing,8.0,11343.99,795.8,Pune
108511,04-04-2025,Customer_1227,Office Chair,Furniture,1.0,7934.45,554.53,Aurangabad
108512,18-09-2025,Customer_1052,Vacuum Cleaner,Home,2.0,13931.61,2507.61,Pune
108513,05-10-2025,Customer_0747,Bedsheet,Home,2.0,3763.17,666.65,Kolhapur
108514,25-12-2025,Customer_2362,Tablet,Electronics,2.0,31550.03,5561.79,Kolhapur
108515,24-07-2025,Customer_1616,Tablet,Electronics,5.0,80190.58,9167.46,NAGPUR
108516,04-07-2025,Customer_1119,Vacuum Cleaner,Home,8.0,58906.83,8274.06,Nagpur
108517,24-06-2025,Customer_0491,Office Chair,Furniture,8.0,68413.68,5078.18,Mumbai
108518,05-11-2025,Customer_1598,Jeans,Clothing,6.0,9535.36,667.33,Nagpur
108519,2025/03/10,Customer_0630,Office Chair,Furniture,4.0,31171.89,2262.86,Nashik
108520,04/14/2025,Customer_0592,Table,Furniture,6.0,48740.96,4942.96,Nashik
108521,03-09-2025,Customer_1556,Backpack,Clothing,8.0,12035.78,1037.89,Nagpur
108522,10-06-2025,Customer_1944,Bookshelf,Furniture,1.0,6623.94,537.23,Kolhapur
108523,19-07-2025,Customer_0721,Laptop,Electronics,8.0,378652.27,46652.71,KOLHAPUR
108524,08/04/2025,Customer_1890,Cabinet,Furniture,5.0,45753.3,3552.96,Nagpur
108525,31-07-2025,Customer_0752,Shoes,Clothing,2.0,4402.58,793.29,aurangabad
108526,16-01-2025,Customer_2497,Mixer,Home,5.0,16513.85,2886.04, Aurangabad 
108527,2025/11/28,Customer_0440,Table,Furniture,4.0,32760.11,4377.13,Kolhapur
108528,24-07-2025,Customer_1368,Cookware,Home,8.0,16360.73,2163.62,Nagpur
108529,31-12-2025,Customer_2377,Jacket,Clothing,4.0,12104.17,2202.01,Pune
108530,08-02-2025,Customer_1611,T-Shirt,Clothing,6.0,4219.87,880.01,Nagpur
108531,30-03-2025,Customer_1614,Office Chair,Furniture,1.0,-6968.51,686.05,mumbai
108532,13-09-2025,Customer_0221,Cookware,Home,2.0,4550.22,725.34,Nashik
108533,2025/09/11,Customer_0232,Tablet,Electronics,5.0,77756.58,12226.79,Nagpur
108534,04-08-2025,Customer_2054,Mixer,Home,5.0,16840.79,3024.45, Pune 
108535,30-10-2025,Customer_0801,Smartphone,Electronics,6.0,163864.75,24308.45,Aurangabad
108536,21-06-2025,Customer_1495,Cookware,Home,7.0,13097.88,2119.48,Mumbai
108537,17-05-2025,Customer_2379,Cookware,Home,6.0,14185.57,1416.25,Aurangabad
108538,27-06-2025,Customer_1921,Bedsheet,Home,8.0,14247.27,3056.27, Aurangabad 
108539,18-03-2025,Customer_1222,Headphones,Electronics,6.0,14091.52,1348.62,Kolhapur
108540,07/07/2025,Customer_0747,Tablet,Electronics,2.0,32877.23,4912.13, Aurangabad 
108541,15-01-2025,Customer_1334,Vacuum Cleaner,Home,2.0,14754.17,2322.16,Nashik
108542,19-10-2025,Customer_0204,Table,Furniture,1.0,8468.97,1373.42,Aurangabad
108543,15-11-2025,Customer_0889,Cabinet,Furniture,4.0,33198.49,5162.63,Aurangabad
108544,2025/11/21,Customer_1602,Smartphone,Electronics,3.0,67337.09,10877.01, Kolhapur 
108545,02-08-2025,Customer_1724,Table,Furniture,5.0,44057.22,2774.49,Pune
108546,27-07-2025,Customer_1780,Office Chair,Furniture,4.0,30357.88,6626.6,Kolhapur
108547,18-06-2025,Customer_2047,T-Shirt,Clothing,,4010.67,860.25,Nagpur
108548,26-11-2025,Customer_2156,Smartphone,Electronics,2.0,43943.09,7786.36,NASHIK
108549,07-10-2025,Customer_2419,Bookshelf,Furniture,2.0,10611.59,1101.18, Nashik 
108550,01-11-2025,Customer_1785,Mixer,Home,8.0,28595.06,4427.8,Aurangabad
108551,26-05-2025,Customer_0636,Jacket,Clothing,3.0,9093.53,1440.87,Mumbai
108552,2025/09/20,Customer_2240,Jacket,Clothing,3.0,8635.91,1778.79,Nashik
108553,04-01-2025,Customer_0799,Mixer,Home,7.0,24148.38,2319.27,Pune
108554,31-03-2025,Customer_2492,Desk,Furniture,3.0,32347.32,4011.04,mumbai
108555,01-03-2025,Customer_2225,Bookshelf,Furniture,3.0,19148.86,1279.28,NAGPUR
108556,07-11-2025,Customer_0795,Mixer,Home,6.0,18663.04,1436.65,Nashik
108557,16-01-2025,Customer_0642,Lamp,Home,8.0,9845.52,973.31,NAGPUR
108558,15-08-2025,Customer_1690,Shoes,Clothing,5.0,11248.47,1741.75,Nashik
108559,29-01-2025,Customer_1864,Jacket,Clothing,1.0,3019.5,341.64,aurangabad
108560,31-05-2025,Customer_0421,Cabinet,Furniture,4.0,32750.76,2479.23, Pune 
108561,02-09-2025,Customer_0202,Monitor,Electronics,6.0,94966.81,10817.04,Kolhapur
108562,09/27/2025,Customer_1295,Monitor,Electronics,8.0,128716.19,27876.59,Nagpur
108563,20-03-2025,Customer_1387,Jacket,Clothing,1.0,3034.21,191.79,KOLHAPUR
108564,2025/10/16,Customer_2170,Laptop,Electronics,6.0,334304.02,24703.0,Pune
108565,02-06-2025,Customer_1993,Laptop,Electronics,7.0,430638.44,80245.94,Kolhapur
108566,04-10-2025,Customer_2047,Lamp,Home,5.0,6850.21,1077.82,Nagpur
108567,06-10-2025,Customer_1830,Monitor,Electronics,4.0,56372.5,8063.29,KOLHAPUR
108568,26-02-2025,Customer_1574,Bedsheet,Home,4.0,6954.73,938.82,Aurangabad
108569,05-07-2025,Customer_0993,Shoes,Clothing,6.0,15609.36,3266.6,Mumbai
108570,2025/04/03,Customer_1814,Bookshelf,Furniture,8.0,49380.73,9734.85,NASHIK
108571,03-10-2025,Customer_1965,Cookware,Home,4.0,9757.74,1395.49,Kolhapur
108572,2025/06/07,Customer_0698,Desk,Furniture,7.0,80156.23,13011.91,kolhapur
108573,02-10-2025,Customer_1413,Monitor,Electronics,2.0,27545.37,2011.65,Pune
108574,30-06-2025,Customer_1189,Desk,Furniture,8.0,92480.9,20258.08,Mumbai
108575,25-12-2025,Customer_1283,Cookware,Home,5.0,9510.09,1630.66,PUNE
108576,18-03-2025,Customer_2459,Jeans,Clothing,2.0,3527.54,577.8,Nashik
108577,05/31/2025,Customer_1035,Headphones,Electronics,1.0,2552.31,442.08,Nagpur
108578,2025/08/26,Customer_1959,Table,Furniture,1.0,8809.23,657.33,Aurangabad
108579,16-10-2025,Customer_1105,Cookware,Home,2.0,5010.33,647.18,nashik
108580,19-08-2025,Customer_1679,Bedsheet,Home,4.0,7557.24,1095.87, Nagpur 
108581,01/18/2025,Customer_2379,Monitor,Electronics,6.0,72777.76,15460.87,Pune
108582,14-03-2025,Customer_1986,Tablet,Electronics,5.0,97898.51,8209.34,Aurangabad
108583,08-07-2025,Customer_1495,Table,Furniture,7.0,72103.16,12827.46,Mumbai
108584,17-01-2025,Customer_2147,Vacuum Cleaner,Home,6.0,38676.16,6103.84,nagpur
108585,19-01-2025,Customer_1484,Backpack,Clothing,6.0,7408.98,1108.87,Nagpur
108586,08/07/2025,Customer_2193,Smartphone,Electronics,2.0,43604.92,6417.63,Nashik
108587,11/22/2025,Customer_0265,Jacket,Clothing,7.0,19909.85,3980.18,Nagpur
108588,2025/04/30,Customer_0742,Cabinet,Furniture,6.0,51240.83,5120.41,Nashik
108589,11-04-2025,Customer_1953,Lamp,Home,8.0,10718.67,1626.22,Nagpur
108590,02/03/2025,Customer_0647,Jeans,Clothing,8.0,13208.5,1149.63,Pune
108591,25-03-2025,,Desk,Furniture,5.0,66439.92,13882.92,nagpur
108592,15-07-2025,Customer_0298,Lamp,Home,7.0,9092.98,1914.26,Kolhapur
108593,26-11-2025,Customer_1361,Monitor,Electronics,8.0,105357.28,20837.46, Nashik 
108594,21-07-2025,Customer_0520,Vacuum Cleaner,Home,4.0,25913.37,2234.43,Aurangabad
108595,10-12-2025,Customer_0117,Cabinet,Furniture,1.0,8405.12,1424.33,Pune
108596,07-12-2025,Customer_1310,Backpack,Clothing,1.0,1310.51,84.4,Nashik
108597,11-01-2025,Customer_0943,T-Shirt,Clothing,8.0,5095.74,631.69,Nagpur
108598,13-12-2025,Customer_1165,Backpack,Clothing,6.0,7562.26,688.5,Pune
108599,06-08-2025,Customer_2342,Backpack,Clothing,2.0,2708.77,579.37, Mumbai 
108600,10-09-2025,Customer_1190,Jacket,Clothing,3.0,9065.89,1007.76,Nagpur
108601,08/10/2025,Customer_0552,Table,Furniture,2.0,20438.66,3337.7,MUMBAI
108602,21-03-2025,Customer_1665,Desk,Furniture,1.0,11839.62,1597.5,Nashik
108603,01/07/2025,Customer_0798,Desk,Furniture,6.0,70072.08,6816.52,Aurangabad
108604,29-09-2025,Customer_1286,Backpack,Clothing,8.0,10819.08,1562.96,Kolhapur
108605,15-08-2025,Customer_0641,Monitor,Electronics,7.0,98824.0,17973.9,Kolhapur
108606,01/16/2025,Customer_0001,Office Chair,Furniture,7.0,50276.07,8782.61,kolhapur
108607,2025/01/12,Customer_1333,Vacuum Cleaner,Home,8.0,53218.23,11383.13,Aurangabad
108608,18-10-2025,Customer_1951,Vacuum Cleaner,Home,3.0,18828.92,3844.76,Mumbai
108609,29-08-2025,Customer_0195,Bedsheet,Home,4.0,7892.59,1278.81,Kolhapur
108610,21-01-2025,Customer_2380,Bedsheet,Home,4.0,7533.75,554.06,Aurangabad
108611,27-06-2025,,Table,Furniture,7.0,71509.25,5514.06,Pune
108612,16-08-2025,Customer_2062,Vacuum Cleaner,Home,8.0,52986.44,5977.47,nashik
108613,30-09-2025,Customer_1198,T-Shirt,Clothing,1.0,685.27,108.02,Nashik
108614,15-10-2025,Customer_0576,T-Shirt,Clothing,8.0,6286.87,837.48,Kolhapur
108615,24-10-2025,Customer_0335,Cookware,Home,1.0,2521.9,390.52, Pune 
108616,14-05-2025,Customer_0746,Vacuum Cleaner,Home,4.0,23352.32,2111.08,Aurangabad
108617,10-10-2025,Customer_0606,Table,Furniture,6.0,57501.0,3913.73,Nagpur
108618,2025/06/02,Customer_1581,Bookshelf,Furniture,5.0,29823.07,2496.64,Mumbai
108619,07-03-2025,Customer_0322,Headphones,Electronics,5.0,12249.57,2204.76,Aurangabad
108620,17-05-2025,Customer_0496,Shoes,Clothing,8.0,19752.88,1701.75, Pune 
108621,02-04-2025,Customer_0833,Bedsheet,Home,6.0,9996.24,1187.62,Kolhapur
108622,13-11-2025,Customer_1294,Cookware,Home,5.0,9579.55,1470.4, Kolhapur 
108623,16-09-2025,Customer_0141,Monitor,Electronics,8.0,115613.14,8086.48,Kolhapur
108624,13-04-2025,Customer_1349,T-Shirt,Clothing,8.0,5435.88,686.23,Aurangabad
108625,24-02-2025,Customer_1494,Jeans,Clothing,1.0,1520.23,226.88, Mumbai 
108626,14-09-2025,Customer_0582,Lamp,Home,8.0,9156.36,1159.43,Nagpur
108627,11-04-2025,Customer_0137,Cabinet,Furniture,6.0,52284.34,4493.19,Nagpur
108628,17-07-2025,Customer_0778,Headphones,Electronics,2.0,5178.67,729.65,PUNE
108629,28-10-2025,Customer_1837,Vacuum Cleaner,Home,7.0,42839.23,7557.08,Mumbai
108630,14-08-2025,Customer_1301,Smartphone,Electronics,2.0,50767.83,6923.61,Nagpur
108631,25-08-2025,Customer_0116,Cabinet,Furniture,8.0,67219.25,12661.85, Mumbai 
108632,26-01-2025,Customer_0920,Vacuum Cleaner,Home,6.0,44530.22,7155.83,Nagpur
108633,01-05-2025,Customer_2350,Office Chair,Furniture,5.0,41712.45,2510.03,MUMBAI
108634,01-07-2025,Customer_1938,T-Shirt,Clothing,4.0,2825.4,266.56,pune
108635,18-07-2025,Customer_1746,Cookware,Home,1.0,1932.17,280.39, Aurangabad 
108636,29-10-2025,Customer_2168,Cabinet,Furniture,1.0,8592.38,1082.33,Nashik
108637,12-09-2025,Customer_2291,Office Chair,Furniture,7.0,55179.19,7634.32,nashik
108638,02-05-2025,Customer_1735,Table,Furniture,2.0,17660.26,1879.78,NAGPUR
108639,31-01-2025,Customer_1744,Desk,Furniture,7.0,81041.36,9398.15,Nashik
108640,2025/11/11,Customer_1945,Mixer,Home,7.0,25574.48,2009.21,Nagpur
108641,12-10-2025,Customer_1839,Jacket,Clothing,6.0,14746.89,2442.12,Mumbai
108642,16-04-2025,Customer_0013,Jacket,Clothing,2.0,5677.78,731.48,Nashik
108643,12-08-2025,Customer_1450,Bedsheet,Home,3.0,4836.96,608.32,PUNE
108644,30-09-2025,Customer_1345,T-Shirt,Clothing,3.0,2282.53,461.85,Aurangabad
108645,20-08-2025,Customer_1333,Laptop,Electronics,6.0,350055.08,24358.91,Kolhapur
108646,13-09-2025,Customer_1404,Cookware,Home,4.0,9249.88,911.65,Nagpur
108647,24-01-2025,Customer_0611,Jacket,Clothing,8.0,21158.49,1932.61,Pune
108648,19-04-2025,Customer_0468,Smartphone,Electronics,5.0,135340.84,22165.63,PUNE
108649,07/10/2025,Customer_0243,T-Shirt,Clothing,6.0,4340.91,724.39,nagpur
108650,13-12-2025,Customer_0479,Backpack,Clothing,4.0,5157.78,676.41, Nagpur 
108651,25-01-2025,Customer_1754,Mixer,Home,-2.0,7279.83,1178.28,Aurangabad
108652,06-07-2025,Customer_1503,Laptop,Electronics,6.0,358893.33,38019.95,Aurangabad
108653,2025/10/15,Customer_0947,Bedsheet,Home,2.0,3891.96,507.63,Aurangabad
108654,26-04-2025,Customer_1805,T-Shirt,Clothing,5.0,3678.68,488.95,Aurangabad
108655,04-12-2025,Customer_0170,T-Shirt,Clothing,1.0,794.21,70.44,Nashik
108656,06-02-2025,Customer_0139,Backpack,Clothing,5.0,7367.51,1121.67,aurangabad
108657,09-10-2025,Customer_0095,Desk,Furniture,8.0,86574.65,6108.8,Nagpur
108658,17-05-2025,Customer_2487,Tablet,Electronics,5.0,98076.9,8355.39,Nashik
108659,15-08-2025,Customer_1427,Bookshelf,Furniture,7.0,38049.98,8239.7, Aurangabad 
108660,16-11-2025,Customer_0865,Smartphone,Electronics,7.0,186406.19,18655.14,Kolhapur
108661,24-11-2025,Customer_1996,Table,Furniture,5.0,46227.81,6724.2,Mumbai
108662,01-07-2025,Customer_1333,Bookshelf,Furniture,6.0,39720.31,7018.23,Kolhapur
108663,28-12-2025,Customer_2147,Tablet,Electronics,1.0,19791.29,1857.24,Aurangabad
108664,27-03-2025,Customer_0265,Desk,Furniture,6.0,75028.73,4984.8,Nashik
108665,22-02-2025,Customer_1667,Bookshelf,Furniture,5.0,26120.47,4549.25,Nagpur
108666,14-12-2025,Customer_0167,Cabinet,Furniture,1.0,6858.61,1047.74,Aurangabad
108667,21-12-2025,Customer_0868,Headphones,Electronics,6.0,16531.82,1996.89,KOLHAPUR
108668,08/23/2025,Customer_2031,Headphones,Electronics,7.0,15110.41,2632.47,AURANGABAD
108669,09/24/2025,Customer_1236,Bookshelf,Furniture,2.0,13546.87,2367.28,Pune
108670,14-10-2025,Customer_0209,Mixer,Home,8.0,28658.96,2774.32,Kolhapur
108671,10-04-2025,Customer_2040,Cookware,Home,2.0,3760.3,643.57,Pune
108672,28-03-2025,Customer_2185,Tablet,Electronics,7.0,115832.79,22854.51,KOLHAPUR
108673,15-01-2025,Customer_0942,Smartphone,Electronics,1.0,24747.73,3585.99,Aurangabad
108674,11-04-2025,Customer_0740,Shoes,Clothing,2.0,5380.9,993.9,Kolhapur
108675,14-06-2025,Customer_0415,Headphones,Electronics,1.0,2606.99,547.86,Nagpur
108676,29-01-2025,Customer_1675,Jacket,Clothing,5.0,16025.65,3389.45,Nagpur
108677,24-04-2025,Customer_0949,Bookshelf,Furniture,8.0,52668.18,9106.33,Pune
108678,2025/04/17,Customer_1728,Bookshelf,Furniture,4.0,25175.95,1928.48,Pune
108679,30-12-2025,Customer_2431,Table,Furniture,7.0,58681.05,3574.27,Kolhapur
108680,10-05-2025,Customer_0663,Bedsheet,Home,3.0,4812.6,626.97,Kolhapur
108681,25-03-2025,Customer_2001,Shoes,Clothing,5.0,11174.51,2282.57,nashik
108682,28-09-2025,Customer_2311,T-Shirt,Clothing,1.0,764.2,54.61,aurangabad
108683,01-09-2025,Customer_0949,Mixer,Home,8.0,25890.88,4946.49,Aurangabad
108684,02-08-2025,Customer_2032,Office Chair,Furniture,6.0,49091.12,10371.58,Pune
108685,02-11-2025,Customer_0707,Mixer,Home,5.0,20112.13,4348.31,Nagpur
108686,15-06-2025,Customer_1835,Headphones,Electronics,5.0,12163.02,1216.94,pune
108687,2025/10/06,Customer_1086,Lamp,Home,1.0,1293.03,139.5, Nashik 
108688,28-02-2025,Customer_1762,Headphones,Electronics,3.0,8189.4,1191.01,Nashik
108689,2025/03/31,Customer_2456,Jacket,Clothing,3.0,9140.7,951.92,Nagpur
108690,27-11-2025,Customer_0354,Jacket,Clothing,5.0,14033.71,2108.48,Aurangabad
108691,2025/07/13,Customer_2285,Smartphone,Electronics,8.0,226586.48,23260.37,Pune
108692,03-05-2025,Customer_1756,Backpack,Clothing,8.0,12667.27,2391.3,Mumbai
108693,16-05-2025,Customer_2243,Monitor,Electronics,4.0,59879.02,11131.46,Mumbai
108694,19-05-2025,Customer_1333,Cookware,Home,7.0,15887.06,1573.66,Aurangabad
108695,17-08-2025,Customer_1947,Bookshelf,Furniture,3.0,16323.27,3242.04,Aurangabad
108696,01-10-2025,Customer_1153,Mixer,Home,8.0,29891.17,2813.14, Aurangabad 
108697,19-02-2025,Customer_1072,Headphones,Electronics,7.0,18104.24,2382.65,NASHIK
108698,28-04-2025,Customer_0508,Smartphone,Electronics,7.0,157079.4,22791.77,mumbai
108699,21-07-2025,Customer_0635,Jeans,Clothing,5.0,7475.65,563.66,Nashik
108700,10-07-2025,Customer_0354,Jacket,Clothing,7.0,19405.71,2996.58,KOLHAPUR
108701,30-12-2025,Customer_0625,Desk,Furniture,7.0,72582.04,9024.48, Pune 
108702,19-11-2025,Customer_0504,Cabinet,Furniture,5.0,37091.94,2407.42, Aurangabad 
108703,30-06-2025,Customer_0037,Jacket,Clothing,2.0,4971.11,408.85, Kolhapur 
108704,2025/03/19,Customer_1483,Jacket,Clothing,3.0,7600.84,1433.07,Mumbai
108705,03/16/2025,Customer_1507,Lamp,Home,1.0,1178.22,98.42,Nagpur
108706,2025/10/22,Customer_2153,Monitor,Electronics,5.0,61606.24,6633.17,Mumbai
108707,08-10-2025,Customer_1929,Tablet,Electronics,3.0,58827.85,6960.13,Pune
108708,21-01-2025,Customer_0842,Table,Furniture,4.0,32326.89,4029.82,Nashik
108709,2025/06/20,Customer_2002,Smartphone,Electronics,4.0,101659.35,6580.76,Kolhapur
108710,15-01-2025,Customer_1666,Smartphone,Electronics,3.0,77871.94,9595.08,Nagpur
108711,30-07-2025,Customer_0999,Table,Furniture,4.0,30705.04,5152.99,Mumbai
108712,17-02-2025,Customer_1832,Cookware,Home,8.0,18721.41,3006.93,Aurangabad
108713,27-03-2025,Customer_1780,Bedsheet,Home,5.0,8573.21,1240.86,Kolhapur
108714,29-05-2025,Customer_2379,Backpack,Clothing,2.0,2705.21,465.57,Aurangabad
108715,2025/07/07,Customer_1876,Shoes,Clothing,8.0,20501.48,1498.41,nashik
108716,02-11-2025,Customer_1100,Cabinet,Furniture,5.0,41717.12,7090.16,Kolhapur
108717,31-05-2025,Customer_1709,Office Chair,Furniture,4.0,28836.32,5770.89,Nagpur
108718,21-05-2025,Customer_1652,Shoes,Clothing,3.0,8271.78,728.14,NAGPUR
108719,10-03-2025,Customer_1354,Backpack,Clothing,1.0,1569.79,204.92,Mumbai
108720,09/17/2025,Customer_2054,Bedsheet,Home,8.0,15366.6,2923.58,Mumbai
108721,30-11-2025,Customer_0310,Office Chair,Furniture,4.0,30046.01,3721.39,Nagpur
108722,09-01-2025,Customer_1982,Smartphone,Electronics,2.0,56231.77,5450.91,nagpur
108723,2025/05/01,Customer_1239,Headphones,Electronics,4.0,9270.91,1092.66,Pune
108724,11-04-2025,Customer_0776,Cabinet,Furniture,4.0,35450.87,7451.99,Mumbai
108725,29-05-2025,Customer_2098,Headphones,Electronics,2.0,4580.1,907.86,Pune
108726,26-05-2025,Customer_1146,Tablet,Electronics,7.0,116860.07,25160.28,Kolhapur
108727,19-12-2025,Customer_1735,Smartphone,Electronics,4.0,102922.24,6292.03,Mumbai
108728,31-08-2025,Customer_2052,Laptop,Electronics,4.0,189252.57,15821.05,Kolhapur
108729,29-08-2025,Customer_0452,Jeans,Clothing,2.0,2900.07,530.19,Nashik
108730,03-12-2025,Customer_2229,Jeans,Clothing,8.0,11735.42,2523.85,Pune
108731,02/12/2025,Customer_1066,Shoes,Clothing,4.0,10408.34,1777.77,Pune
108732,05-04-2025,Customer_0089,Backpack,Clothing,2.0,2562.97,519.85,AURANGABAD
108733,14-08-2025,Customer_2049,Bedsheet,Home,1.0,1890.62,374.92,Nagpur
108734,01/06/2025,Customer_1447,Desk,Furniture,7.0,95503.32,7650.06,Pune
108735,02-08-2025,Customer_0579,Shoes,Clothing,1.0,2197.44,414.32,Nagpur
108736,25-07-2025,Customer_2026,Desk,Furniture,5.0,66590.27,10215.07, Kolhapur 
108737,03/08/2025,Customer_0430,Desk,Furniture,6.0,69105.61,11362.4,Aurangabad
108738,10-04-2025,Customer_1003,Table,Furniture,2.0,16950.59,1663.56, Nashik 
108739,12-01-2025,Customer_0267,Tablet,Electronics,3.0,53807.95,5089.4,Pune
108740,08/25/2025,Customer_1324,T-Shirt,Clothing,2.0,1393.16,296.82,Nagpur
108741,18-11-2025,Customer_0557,Mixer,Home,7.0,26997.41,5687.3,Aurangabad
108742,15-09-2025,Customer_1450,Laptop,Electronics,8.0,480435.42,56095.71,Mumbai
108743,03-12-2025,Customer_1714,Vacuum Cleaner,Home,7.0,49759.42,10333.37,Nashik
108744,05/15/2025,Customer_1716,Monitor,Electronics,4.0,63510.2,10753.02,Kolhapur
108745,10-08-2025,Customer_0466,Tablet,Electronics,3.0,49324.14,3272.99,Nashik
108746,05-06-2025,Customer_1930,Tablet,Electronics,4.0,64379.52,13808.6,
108747,22-05-2025,Customer_0339,Monitor,Electronics,8.0,110726.45,21790.72,Nashik
108748,07-06-2025,Customer_0799,Cabinet,Furniture,1.0,7916.11,1311.94,Kolhapur
108749,22-11-2025,Customer_0108,Monitor,Electronics,3.0,36004.17,3599.64,Pune
108750,10-12-2025,Customer_1630,Shoes,Clothing,3.0,7356.61,1183.69,Pune
108751,19-09-2025,Customer_1166,Mixer,Home,3.0,9465.29,1725.79,Nagpur
108752,10-10-2025,Customer_1839,Backpack,Clothing,6.0,8058.3,1537.44,Kolhapur
108753,04-12-2025,Customer_0690,Office Chair,Furniture,4.0,26381.72,4452.21,Nagpur
108754,12/10/2025,Customer_1353,Cabinet,Furniture,2.0,15007.98,2810.41,Mumbai
108755,17-08-2025,Customer_0709,Cabinet,Furniture,4.0,31060.84,5170.26,Mumbai
108756,07-10-2025,Customer_1049,Cookware,Home,6.0,14919.85,944.43,PUNE
108757,24-12-2025,Customer_2256,Headphones,Electronics,4.0,8533.35,1563.69,Aurangabad
108758,17-10-2025,Customer_1195,Shoes,Clothing,6.0,15658.77,1673.56,Mumbai
108759,17-06-2025,Customer_1276,Monitor,Electronics,7.0,97835.26,6526.56,Nashik
108760,16-02-2025,Customer_0236,Shoes,Clothing,1.0,2269.33,290.29,Nagpur
108761,22-07-2025,Customer_0888,Bookshelf,Furniture,7.0,46208.96,6318.93,Nagpur
108762,02-08-2025,Customer_1959,Vacuum Cleaner,Home,4.0,26673.63,5329.41,NASHIK
108763,03-09-2025,Customer_1148,Jacket,Clothing,1.0,2639.41,454.27,Nashik
108764,24-01-2025,Customer_1479,Cabinet,Furniture,8.0,-70944.01,6556.54, Pune 
108765,17-11-2025,Customer_0129,Tablet,Electronics,8.0,137799.86,29870.82, Kolhapur 
108766,01-10-2025,Customer_1818,Smartphone,Electronics,2.0,57248.28,5479.62,Mumbai
108767,13-02-2025,Customer_1486,Laptop,Electronics,4.0,191385.43,19779.2,Kolhapur
108768,28-11-2025,Customer_0859,Headphones,Electronics,4.0,9693.2,1265.55,Mumbai
108769,09-11-2025,Customer_2379,Headphones,Electronics,7.0,18123.73,3695.8, Nagpur 
108770,29-12-2025,Customer_0200,T-Shirt,Clothing,2.0,1328.75,260.43,Pune
108771,05-06-2025,Customer_0372,Shoes,Clothing,1.0,2195.11,146.41,Kolhapur
108772,18-07-2025,Customer_0761,Desk,Furniture,6.0,72087.38,5013.39, Pune 
108773,11-06-2025,Customer_1570,Cookware,Home,3.0,6387.13,1299.68,Pune
108774,22-08-2025,Customer_1132,Office Chair,Furniture,7.0,48428.36,8375.98,MUMBAI
108775,12-06-2025,Customer_0947,Bedsheet,Home,4.0,6773.11,455.07,Pune
108776,26-04-2025,Customer_0215,Mixer,Home,5.0,17797.63,3445.2,Kolhapur
108777,03-04-2025,Customer_0032,Desk,Furniture,2.0,23348.17,3706.92,Pune
108778,11-02-2025,Customer_0496,Mixer,Home,8.0,31360.2,5844.01,Kolhapur
108779,11-10-2025,Customer_1025,Jacket,Clothing,8.0,20342.85,3607.63,Pune
108780,2025/07/29,Customer_0119,T-Shirt,Clothing,6.0,4202.39,753.72, Kolhapur 
108781,25-07-2025,Customer_0024,Monitor,Electronics,1.0,13976.97,1124.77,nashik
108782,08-08-2025,Customer_1467,Bedsheet,Home,4.0,7351.0,1019.89,Mumbai
108783,07-10-2025,Customer_2450,Cookware,Home,6.0,13270.97,2662.48,Nashik
108784,16-05-2025,Customer_0978,Tablet,Electronics,7.0,140924.84,18681.83,NASHIK
108785,16-04-2025,Customer_0983,Bookshelf,Furniture,2.0,11840.64,1686.46,Aurangabad
108786,28-04-2025,Customer_2160,Smartphone,Electronics,3.0,75440.76,15998.11,Nagpur
108787,2025/08/25,Customer_1626,Mixer,Home,1.0,3656.87,381.75,NAGPUR
108788,05-11-2025,Customer_0691,Shoes,Clothing,1.0,2523.65,404.68,Nashik
108789,10-04-2025,Customer_1826,Desk,Furniture,6.0,75019.07,11525.98,Nagpur
108790,09/18/2025,Customer_1233,Lamp,Home,2.0,2167.97,141.73,Kolhapur
108791,01-11-2025,Customer_0351,Headphones,Electronics,8.0,19027.06,2443.14,Nagpur
108792,20-12-2025,Customer_0527,Jeans,Clothing,3.0,4169.0,793.76,Aurangabad
108793,2025/10/13,Customer_1425,Vacuum Cleaner,Home,8.0,49567.61,10219.91,Mumbai
108794,2025/11/24,Customer_2159,Mixer,Home,6.0,18822.78,1300.83,Nagpur
108795,13-04-2025,Customer_0405,Tablet,Electronics,4.0,71618.03,6464.29,Nagpur
108796,03/04/2025,Customer_0384,Headphones,Electronics,2.0,5656.1,348.69,pune
108797,24-06-2025,Customer_0476,Jeans,Clothing,5.0,7790.29,1622.56,Mumbai
108798,09-10-2025,Customer_1493,Backpack,Clothing,5.0,6757.28,506.1,Nashik
108799,20-10-2025,Customer_0305,Bedsheet,Home,4.0,6774.25,946.24,Aurangabad
108800,14-08-2025,Customer_1925,Table,Furniture,2.0,16299.82,2194.77,AURANGABAD
108801,2025/01/07,,T-Shirt,Clothing,1.0,770.63,153.83,Nagpur
108802,07-05-2025,Customer_0220,Jacket,Clothing,6.0,14528.27,1245.72,Kolhapur
108803,02-04-2025,Customer_0787,Shoes,Clothing,1.0,2331.47,361.79,NASHIK
108804,09-07-2025,Customer_2020,Laptop,Electronics,2.0,105412.83,20560.41,Nagpur
108805,12/25/2025,Customer_1585,Tablet,Electronics,1.0,19170.03,1458.32,Pune
108806,22-02-2025,Customer_0425,Office Chair,Furniture,2.0,15560.51,1215.0, Aurangabad 
108807,30-08-2025,Customer_2181,Table,Furniture,4.0,33354.39,2950.51,MUMBAI
108808,12-05-2025,Customer_1864,Monitor,Electronics,2.0,25253.72,4005.83,Mumbai
108809,2025/12/30,Customer_1926,Smartphone,Electronics,6.0,152862.22,13477.02,Kolhapur
108810,2025/04/22,Customer_1064,Lamp,Home,7.0,9635.24,1228.43,PUNE
108811,01/07/2025,Customer_1300,Laptop,Electronics,2.0,96703.29,7667.7,Nashik
108812,18-08-2025,Customer_1793,Table,Furniture,1.0,9226.51,1998.93,KOLHAPUR
108813,06/05/2025,Customer_0504,Bookshelf,Furniture,2.0,12259.02,2597.03,Nagpur
108814,16-07-2025,Customer_0707,Jeans,Clothing,5.0,7865.92,1020.48,Nashik
108815,19-11-2025,Customer_1938,Laptop,Electronics,5.0,275000.61,47186.82,Nashik
108816,12/30/2025,Customer_0592,Shoes,Clothing,7.0,16804.98,3331.11,NASHIK
108817,11-08-2025,Customer_0256,Desk,Furniture,4.0,41221.65,5373.75,Aurangabad
108818,07-09-2025,Customer_0301,Lamp,Home,3.0,3611.87,567.52,Pune
108819,24-03-2025,Customer_1640,Vacuum Cleaner,Home,5.0,30316.7,3892.57,Pune
108820,28-08-2025,Customer_0401,Cabinet,Furniture,6.0,47777.34,8117.64,Aurangabad
108821,26-12-2025,Customer_0976,Backpack,Clothing,3.0,4544.67,809.19,NASHIK
108822,19-11-2025,Customer_0602,Bedsheet,Home,6.0,10286.73,2262.18,Pune
108823,20-09-2025,Customer_1054,Lamp,Home,7.0,9278.64,942.74,Nashik
108824,08-07-2025,Customer_1775,Desk,Furniture,2.0,21804.76,2403.83,Nashik
108825,2025/10/17,Customer_0139,T-Shirt,Clothing,7.0,4829.95,947.29,Nashik
108826,28-12-2025,Customer_0874,T-Shirt,Clothing,2.0,1516.91,297.62,Nagpur
108827,27-02-2025,Customer_1742,Smartphone,Electronics,5.0,116448.39,18044.12,Aurangabad
108828,09-01-2025,Customer_2034,Office Chair,Furniture,1.0,7012.31,543.06,Kolhapur
108829,31-10-2025,Customer_2362,Tablet,Electronics,7.0,132962.67,11019.89, Aurangabad 
108830,25-04-2025,Customer_0220,Shoes,Clothing,7.0,18380.41,3008.4,Pune
108831,29-07-2025,Customer_0437,Office Chair,Furniture,5.0,40990.29,3374.68,Aurangabad
108832,10-02-2025,Customer_2001,Jacket,Clothing,5.0,15190.62,3340.18,Nashik
108833,31-10-2025,Customer_1096,Cookware,Home,4.0,9726.75,1753.64,Aurangabad
108834,22-06-2025,Customer_1019,Bookshelf,Furniture,8.0,50335.18,6416.98,Nagpur
108835,22-08-2025,Customer_1748,Mixer,Home,2.0,7484.05,1316.21,Kolhapur
108836,08-10-2025,Customer_0989,Jeans,Clothing,6.0,9978.72,1870.06,pune
108837,19-03-2025,Customer_1041,Lamp,Home,1.0,1181.55,93.82,Pune
108838,18-04-2025,Customer_0339,Table,Furniture,1.0,9159.48,937.99,Aurangabad
108839,08-10-2025,Customer_1630,Monitor,Electronics,6.0,81087.71,5091.2,Kolhapur
108840,08-02-2025,Customer_1469,Lamp,Home,1.0,1157.8,219.3,Mumbai
108841,04/29/2025,Customer_0134,Headphones,Electronics,6.0,15192.25,935.36,Kolhapur
108842,01-12-2025,Customer_2057,Shoes,Clothing,3.0,7432.15,792.51,Pune
108843,02-12-2025,Customer_1600,Shoes,Clothing,3.0,7449.49,929.33,Nagpur
108844,2025/01/27,Customer_2484,Tablet,Electronics,4.0,81330.75,5415.68,Kolhapur
108845,14-04-2025,Customer_1745,Bookshelf,Furniture,2.0,12660.92,2483.62,Aurangabad
108846,15-03-2025,Customer_1104,Laptop,Electronics,6.0,375464.62,33199.26,pune
108847,07/10/2025,Customer_2101,Cookware,Home,8.0,17765.29,1189.82,Aurangabad
108848,20-11-2025,Customer_1613,Monitor,Electronics,1.0,13996.57,1120.75,Kolhapur
108849,27-05-2025,Customer_0615,Office Chair,Furniture,2.0,16520.54,1292.22,Aurangabad
108850,12-09-2025,Customer_2469,Tablet,Electronics,6.0,108430.54,15546.27,Mumbai
108851,11-10-2025,Customer_0989,Desk,Furniture,4.0,54791.77,9029.51,pune
108852,01-08-2025,Customer_1991,Bookshelf,Furniture,7.0,39326.79,3874.79,nagpur
108853,2025/05/03,Customer_0878,Bookshelf,Furniture,,5330.85,965.11,Kolhapur
108854,25-07-2025,Customer_1740,Shoes,Clothing,2.0,5286.13,832.99, Mumbai 
108855,28-08-2025,,Mixer,Home,5.0,15089.41,2747.07,MUMBAI
108856,12/05/2025,Customer_2026,Jeans,Clothing,8.0,13344.85,2858.76,Mumbai
108857,13-10-2025,Customer_2015,Desk,Furniture,6.0,73883.57,8026.14,Mumbai
108858,22-01-2025,Customer_0415,Lamp,Home,3.0,3472.04,306.01,Aurangabad
108859,16-09-2025,Customer_2496,Jeans,Clothing,1.0,1707.0,295.71,Nashik
108860,23-12-2025,Customer_2433,Office Chair,Furniture,8.0,54611.7,4661.56,MUMBAI
108861,2025/04/15,Customer_1514,Lamp,Home,2.0,2095.44,431.49,Aurangabad
108862,15-09-2025,Customer_0588,Mixer,Home,5.0,16098.62,1852.41,Nashik
108863,23-07-2025,Customer_1352,Headphones,Electronics,3.0,7006.14,884.03,Mumbai
108864,2025/11/06,Customer_1471,Monitor,Electronics,6.0,89394.03,17815.81,Aurangabad
108865,19-09-2025,Customer_1620,Bedsheet,Home,4.0,6514.41,1106.32,Nashik
108866,17-04-2025,Customer_1886,Table,Furniture,4.0,34407.67,7462.49,Kolhapur
108867,08-09-2025,Customer_0912,Shoes,Clothing,3.0,7047.57,430.96, Kolhapur 
108868,09-08-2025,Customer_0523,Tablet,Electronics,2.0,36168.91,3042.42,Kolhapur
108869,08/10/2025,Customer_1314,Office Chair,Furniture,4.0,25900.45,4447.7,PUNE
108870,15-09-2025,Customer_0850,Laptop,Electronics,4.0,235329.11,31466.29,Pune
108871,20-07-2025,Customer_1345,Laptop,Electronics,8.0,463348.89,67703.76, Mumbai 
108872,15-09-2025,Customer_1066,T-Shirt,Clothing,3.0,2181.77,339.21,Nagpur
108873,15-12-2025,Customer_0425,Backpack,Clothing,5.0,7348.23,675.6,MUMBAI
108874,13-08-2025,Customer_0743,Desk,Furniture,3.0,33502.03,4368.47,Mumbai
108875,21-07-2025,Customer_1022,Office Chair,Furniture,8.0,59030.3,10856.02,Kolhapur
108876,14-08-2025,Customer_2358,Shoes,Clothing,1.0,,206.45,Nashik
108877,24-08-2025,Customer_1019,Cabinet,Furniture,2.0,14807.04,1397.15,Nagpur
108878,02-07-2025,Customer_2302,Monitor,Electronics,6.0,89837.83,12150.96,Nagpur
108879,2025/07/19,Customer_0508,Table,Furniture,3.0,28689.91,3632.0,Mumbai
108880,23-12-2025,Customer_0576,Tablet,Electronics,3.0,60313.72,13109.99, Nagpur 
108881,09/03/2025,Customer_2442,Monitor,Electronics,1.0,14713.34,2916.33,MUMBAI
108882,19-12-2025,Customer_0438,Mixer,Home,6.0,21049.98,4410.8,Kolhapur
108883,21-04-2025,Customer_2226,Office Chair,Furniture,8.0,65968.56,14426.31,Nashik
108884,06-01-2025,Customer_2214,Backpack,Clothing,4.0,5806.8,1072.36,PUNE
108885,24-08-2025,Customer_1793,Table,Furniture,5.0,45578.72,4624.38,Aurangabad
108886,2025/05/07,Customer_0393,Cabinet,Furniture,2.0,15302.82,3107.1,MUMBAI
108887,14-04-2025,Customer_1025,Table,Furniture,1.0,7801.06,1206.33,Kolhapur
108888,2025/08/25,Customer_1255,Shoes,Clothing,3.0,7213.09,879.06, Nashik 
108889,04-06-2025,Customer_1801,Jacket,Clothing,1.0,3123.04,614.03,Nagpur
108890,14-09-2025,Customer_0953,Laptop,Electronics,6.0,339785.4,35224.54,Nashik
108891,23-08-2025,Customer_0838,Backpack,Clothing,3.0,4169.07,522.5, Nashik 
108892,16-10-2025,Customer_2275,Laptop,Electronics,1.0,52584.7,4019.87,Mumbai
108893,09-02-2025,Customer_0238,Cabinet,Furniture,6.0,48620.84,5265.3,mumbai
108894,15-10-2025,Customer_2424,Shoes,Clothing,8.0,20964.85,2328.62,Kolhapur
108895,16-07-2025,Customer_1451,Bookshelf,Furniture,8.0,47008.75,3214.35,Mumbai
108896,30-09-2025,Customer_1746,Mixer,Home,6.0,24102.99,3403.77, Nashik 
108897,21-09-2025,Customer_0887,Headphones,Electronics,4.0,8572.71,1256.73,aurangabad
108898,26-02-2025,,Tablet,Electronics,1.0,19999.91,3672.15,Nagpur
108899,25-10-2025,Customer_1645,Bedsheet,Home,1.0,1908.49,157.1,MUMBAI
108900,08-04-2025,Customer_2348,Office Chair,Furniture,2.0,15709.82,2868.73,pune
108901,17-05-2025,Customer_2418,Mixer,Home,2.0,7152.08,1450.73,NASHIK
108902,28-03-2025,Customer_2437,Jeans,Clothing,1.0,1492.96,147.42,Mumbai
108903,30-08-2025,Customer_0780,Cookware,Home,2.0,4887.83,782.36, Nashik 
108904,18-07-2025,Customer_2019,Smartphone,Electronics,8.0,170086.83,19815.29,Kolhapur
108905,06-11-2025,Customer_0881,Tablet,Electronics,1.0,19932.42,1283.07,nagpur
108906,25-03-2025,Customer_0400,Office Chair,Furniture,7.0,44676.15,4691.06,Kolhapur
108907,30-08-2025,Customer_1175,Office Chair,Furniture,1.0,8431.5,1722.02,Nashik
108908,08-10-2025,Customer_0590,Office Chair,Furniture,8.0,60337.72,8961.23,Pune
108909,19-11-2025,Customer_1839,Cookware,Home,,10445.63,1034.09,aurangabad
108910,09-09-2025,Customer_1768,Jeans,Clothing,5.0,8756.53,674.32,Kolhapur
108911,09-07-2025,Customer_0604,Shoes,Clothing,4.0,9962.06,1608.91,nashik
108912,01-06-2025,Customer_1346,T-Shirt,Clothing,7.0,4317.41,617.98,Mumbai
108913,29-10-2025,Customer_1576,Headphones,Electronics,4.0,10232.56,1829.58, Nagpur 
108914,05-10-2025,Customer_1845,Smartphone,Electronics,1.0,23011.27,2460.65,Mumbai
108915,19-05-2025,Customer_1953,Monitor,Electronics,6.0,85751.93,18633.91, Kolhapur 
108916,25-06-2025,Customer_1315,Smartphone,Electronics,6.0,137287.19,29893.55,PUNE
108917,08-01-2025,Customer_2211,Monitor,Electronics,7.0,104301.67,20043.98,AURANGABAD
108918,2025/10/22,Customer_1784,Jacket,Clothing,6.0,14731.79,1592.02,Nashik
108919,23-08-2025,Customer_1832,Vacuum Cleaner,Home,2.0,11275.17,1346.79,Nashik
108920,12-06-2025,Customer_1289,Jeans,Clothing,1.0,1831.02,140.7,Nashik
108921,18-02-2025,Customer_1516,Headphones,Electronics,2.0,5093.56,310.56,Aurangabad
108922,29-10-2025,Customer_1150,Shoes,Clothing,8.0,21276.1,1947.84,PUNE
108923,07-02-2025,Customer_1613,Office Chair,Furniture,2.0,13333.13,1518.95,AURANGABAD
108924,16-05-2025,Customer_0146,Lamp,Home,4.0,5190.3,399.95,Pune
108925,2025/11/06,Customer_0322,Smartphone,Electronics,5.0,114868.96,7047.71,Nashik
108926,2025/08/07,Customer_1588,Headphones,Electronics,1.0,2851.31,441.22,Aurangabad
108927,14-12-2025,Customer_1044,Mixer,Home,2.0,7461.79,1225.38,Nashik
108928,23-10-2025,Customer_2127,Lamp,Home,5.0,5359.86,831.8,nashik
108929,02/03/2025,Customer_0165,Laptop,Electronics,1.0,48918.36,6075.55,Nashik
108930,18-12-2025,Customer_1689,Laptop,Electronics,5.0,280689.46,41940.89,Nashik
108931,20-03-2025,Customer_1578,Jacket,Clothing,8.0,19840.17,1299.72,Kolhapur
108932,08/24/2025,Customer_1438,Bookshelf,Furniture,8.0,52294.57,9211.56,Mumbai
108933,30-09-2025,Customer_1156,Shoes,Clothing,1.0,2186.36,175.75,Kolhapur
108934,10-06-2025,Customer_1741,Bookshelf,Furniture,7.0,46946.56,8594.07,MUMBAI
108935,2025/06/24,Customer_0248,Shoes,Clothing,7.0,20104.84,2023.31, Pune 
108936,04-11-2025,Customer_1928,Cabinet,Furniture,1.0,7970.73,779.8,Kolhapur
108937,09-08-2025,Customer_2078,T-Shirt,Clothing,2.0,1451.58,113.9,Pune
108938,09-01-2025,Customer_1446,Office Chair,Furniture,7.0,46629.08,3334.08,Mumbai
108939,16-10-2025,Customer_1508,T-Shirt,Clothing,2.0,1481.31,205.98,Kolhapur
108940,23-04-2025,Customer_1263,Backpack,Clothing,1.0,1449.45,290.89,MUMBAI
108941,24-07-2025,Customer_1799,Headphones,Electronics,1.0,2680.25,358.82,Pune
108942,05-07-2025,Customer_1773,Lamp,Home,2.0,2748.74,365.58,Aurangabad
108943,07-12-2025,Customer_1587,Shoes,Clothing,8.0,17674.7,3867.66,Mumbai
108944,16-07-2025,Customer_0641,Laptop,Electronics,4.0,188506.17,27895.4,Aurangabad
108945,23-09-2025,Customer_1647,Office Chair,Furniture,8.0,56563.72,7951.07,Nagpur
108946,19-09-2025,Customer_1259,Smartphone,Electronics,6.0,152642.08,15022.32,NAGPUR
108947,05-09-2025,Customer_1199,Tablet,Electronics,5.0,91535.19,16565.1,Nashik
108948,25-04-2025,Customer_1159,Vacuum Cleaner,Home,7.0,42312.86,5134.59,Nashik
108949,01-05-2025,Customer_0345,Bookshelf,Furniture,5.0,27914.18,5339.69,Aurangabad
108950,21-05-2025,Customer_0361,Desk,Furniture,2.0,25619.87,5108.38,Mumbai
108951,06-03-2025,Customer_1143,Cookware,Home,5.0,9911.16,711.35,Nagpur
108952,2025/10/03,Customer_1330,Cabinet,Furniture,8.0,56692.16,4862.09,kolhapur
108953,09-11-2025,Customer_2172,Headphones,Electronics,5.0,12624.06,2718.54,kolhapur
108954,2025/08/27,Customer_2353,T-Shirt,Clothing,1.0,670.02,142.96,aurangabad
108955,29-10-2025,Customer_2230,Shoes,Clothing,6.0,12921.9,2691.63,Nashik
108956,2025/01/10,Customer_1185,Cookware,Home,3.0,5968.68,1229.52,Kolhapur
108957,21-08-2025,Customer_1953,Vacuum Cleaner,Home,1.0,5634.64,1192.94, Mumbai 
108958,14-07-2025,Customer_1713,Bedsheet,Home,8.0,13107.45,1421.3,Nashik
108959,2025/01/12,Customer_2176,Cookware,Home,8.0,17552.18,2122.33, Pune 
108960,06/26/2025,Customer_0607,Jeans,Clothing,5.0,8402.07,1814.59, Nashik 
108961,2025/06/26,,Monitor,Electronics,2.0,28893.98,5069.09,Nagpur
108962,05-08-2025,Customer_2205,Tablet,Electronics,3.0,47325.69,7593.41,Kolhapur
108963,11-01-2025,Customer_1783,Lamp,Home,8.0,9467.09,1909.75,Nagpur
108964,28-04-2025,Customer_0235,Bedsheet,Home,7.0,12177.44,2054.49,Aurangabad
108965,13-06-2025,Customer_2464,Monitor,Electronics,2.0,25716.49,2610.21,Mumbai
108966,08-02-2025,Customer_1037,Jeans,Clothing,7.0,10783.77,1171.66,Mumbai
108967,22-02-2025,Customer_0464,Backpack,Clothing,4.0,5186.52,352.41,Nagpur
108968,06-08-2025,Customer_0064,Vacuum Cleaner,Home,8.0,57253.24,4024.23,Kolhapur
108969,25-07-2025,Customer_1305,Shoes,Clothing,8.0,22324.19,1787.6,Kolhapur
108970,08-11-2025,Customer_1787,Laptop,Electronics,6.0,286960.91,43067.31,Aurangabad
108971,26-12-2025,Customer_1987,Cabinet,Furniture,7.0,56041.02,7767.15,Pune
108972,25-02-2025,Customer_1956,Jacket,Clothing,8.0,22900.67,2425.85,Nagpur
108973,28-04-2025,Customer_1456,Headphones,Electronics,1.0,2622.21,368.12,Nagpur
108974,10-09-2025,Customer_1496,Mixer,Home,3.0,9979.44,1918.45,Aurangabad
108975,13-10-2025,Customer_1510,Laptop,Electronics,6.0,352544.39,43355.08,NASHIK
108976,25-09-2025,Customer_0147,Backpack,Clothing,5.0,7730.0,1601.97, Aurangabad 
108977,18-10-2025,Customer_0542,Shoes,Clothing,6.0,15165.9,1431.55,Nashik
108978,29-11-2025,Customer_1059,Cookware,Home,8.0,19795.38,1787.85, Nashik 
108979,29-06-2025,Customer_1380,Jacket,Clothing,6.0,14524.05,1632.47, Aurangabad 
108980,2025/12/24,Customer_0863,Bedsheet,Home,7.0,13457.93,2795.53, Mumbai 
108981,23-08-2025,Customer_0014,Jacket,Clothing,3.0,8745.96,1856.72,Aurangabad
108982,09-12-2025,Customer_0884,T-Shirt,Clothing,6.0,3686.39,257.02,pune
108983,15-07-2025,Customer_1926,Cookware,Home,8.0,18150.13,3894.63,Mumbai
108984,11/04/2025,Customer_2343,Table,Furniture,7.0,63051.43,4302.78, Nashik 
108985,21-03-2025,Customer_0646,Mixer,Home,5.0,16036.4,1590.28,Aurangabad
108986,15-05-2025,Customer_0962,Bedsheet,Home,1.0,1712.44,114.69,Nagpur
108987,2025/01/22,Customer_0768,Vacuum Cleaner,Home,1.0,7289.54,1038.69,Nagpur
108988,27-11-2025,Customer_2216,Lamp,Home,5.0,6307.68,446.25, Mumbai 
108989,13-08-2025,Customer_0190,Jeans,Clothing,6.0,8315.85,1279.27,Pune
108990,27-02-2025,Customer_0421,Vacuum Cleaner,Home,7.0,50786.59,7341.56,NAGPUR
108991,2025/04/03,Customer_2031,Jeans,Clothing,8.0,14250.83,2704.22,Nagpur
108992,07/11/2025,Customer_2012,Jeans,Clothing,5.0,6982.05,644.54,Pune
108993,04/13/2025,Customer_2402,Lamp,Home,2.0,2513.55,329.18,Pune
108994,07-01-2025,Customer_2384,Cookware,Home,7.0,14433.03,1832.73,Nashik
108995,08-05-2025,Customer_1406,Tablet,Electronics,3.0,53112.23,10924.57, Kolhapur 
108996,24-02-2025,Customer_0406,Bookshelf,Furniture,1.0,,553.77,Nagpur
108997,19-08-2025,Customer_1952,Headphones,Electronics,7.0,17697.22,3039.07,Kolhapur
108998,28-12-2025,Customer_0853,Tablet,Electronics,3.0,56116.32,11821.62,pune
108999,03-03-2025,Customer_2146,Mixer,Home,1.0,3810.39,568.25,Pune
109000,08/28/2025,Customer_2374,Desk,Furniture,5.0,54864.29,7249.76,Pune
109001,2025/03/31,Customer_1228,Desk,Furniture,8.0,101569.41,19711.98, Mumbai 
109002,20-08-2025,Customer_1142,Table,Furniture,3.0,30723.86,4819.73,Kolhapur
109003,2025/08/21,Customer_0370,T-Shirt,Clothing,1.0,705.65,44.34,Aurangabad
109004,20-12-2025,Customer_0483,Vacuum Cleaner,Home,6.0,33993.56,2888.66,Pune
109005,29-11-2025,Customer_1723,Cabinet,Furniture,5.0,34657.12,4302.27,Nashik
109006,10/19/2025,Customer_0439,Smartphone,Electronics,2.0,47553.18,7702.51,Kolhapur
109007,11-12-2025,Customer_2456,Cabinet,Furniture,8.0,64684.77,10049.12, Pune 
109008,01-06-2025,Customer_2418,Shoes,Clothing,6.0,14873.9,1553.4,NASHIK
109009,25-05-2025,Customer_0113,Laptop,Electronics,3.0,187414.85,13835.99,Mumbai
109010,05/10/2025,Customer_1506,Cabinet,Furniture,1.0,9053.34,994.04,Kolhapur
109011,21-05-2025,Customer_2375,Bedsheet,Home,7.0,12647.86,979.13,Nashik
109012,03-04-2025,Customer_0774,Desk,Furniture,5.0,52276.76,6729.44,Kolhapur
109013,24-04-2025,Customer_1176,Table,Furniture,6.0,57915.5,5970.99,Mumbai
109014,2025/10/11,Customer_1942,Shoes,Clothing,4.0,10187.04,1065.4,Aurangabad
109015,2025/05/23,Customer_2253,Cookware,Home,5.0,10632.42,2179.98,Aurangabad
109016,08/11/2025,Customer_0040,T-Shirt,Clothing,4.0,3098.91,441.79,Aurangabad
109017,20-08-2025,Customer_0560,Table,Furniture,8.0,66343.08,6031.21,Aurangabad
109018,02-02-2025,Customer_0306,Tablet,Electronics,4.0,81808.29,7561.92,Nagpur
109019,03-10-2025,Customer_1352,Bookshelf,Furniture,1.0,6554.7,780.24,Nashik
109020,19-06-2025,Customer_1817,Desk,Furniture,7.0,96238.63,11443.25, Kolhapur 
109021,20-05-2025,Customer_2094,Bookshelf,Furniture,5.0,28663.65,4643.34,Mumbai
109022,23-12-2025,Customer_2288,Cookware,Home,7.0,17532.21,3790.35,
109023,20-07-2025,Customer_2090,Bedsheet,Home,4.0,7647.57,1382.2,Aurangabad
109024,23-01-2025,Customer_0703,Backpack,Clothing,2.0,2853.26,516.22,kolhapur
109025,12-08-2025,Customer_2075,Bedsheet,Home,3.0,5982.84,824.29,Nagpur
109026,2025/09/27,Customer_2206,Lamp,Home,8.0,,1451.71,Nagpur
109027,2025/12/13,Customer_0074,Laptop,Electronics,5.0,280153.83,56705.28,Nagpur
109028,02-06-2025,Customer_1561,Cookware,Home,7.0,14732.95,1374.72,Nashik
109029,29-11-2025,Customer_1298,Bookshelf,Furniture,2.0,11842.61,1104.84,Nagpur
109030,26-03-2025,Customer_0577,Office Chair,Furniture,1.0,7496.4,1533.47, Pune 
109031,19-04-2025,Customer_0318,T-Shirt,Clothing,5.0,3623.31,713.32,aurangabad
109032,31-01-2025,Customer_2322,Tablet,Electronics,2.0,32394.86,6613.08, Pune 
109033,17-08-2025,Customer_1022,Cabinet,Furniture,5.0,41221.45,2682.76,Aurangabad
109034,28-08-2025,Customer_0738,Table,Furniture,1.0,9359.42,1986.29,Nagpur
109035,29-12-2025,Customer_1193,Shoes,Clothing,2.0,4368.75,669.26,Kolhapur
109036,06-11-2025,Customer_1302,Cookware,Home,6.0,14845.3,913.75,Pune
109037,21-05-2025,Customer_1516,Monitor,Electronics,4.0,58199.34,7914.2,Mumbai
109038,05-06-2025,Customer_0467,Laptop,Electronics,1.0,52475.32,8417.35,Aurangabad
109039,26-10-2025,Customer_1513,Backpack,Clothing,5.0,6060.67,1093.89,Nagpur
109040,11-12-2025,Customer_0897,Cookware,Home,2.0,3745.91,408.72,nagpur
109041,09-04-2025,Customer_1889,Laptop,Electronics,2.0,110130.64,13251.31,Nashik
109042,16-02-2025,Customer_1473,Office Chair,Furniture,8.0,56534.57,10907.42,Nagpur
109043,23-11-2025,Customer_0028,Tablet,Electronics,4.0,81392.38,16261.71,Mumbai
109044,08-03-2025,Customer_1857,Tablet,Electronics,4.0,72484.52,14603.19,Mumbai
109045,03-03-2025,,Cabinet,Furniture,8.0,72080.54,9044.53,Pune
109046,19-04-2025,Customer_2318,Laptop,Electronics,5.0,257134.28,19470.83,mumbai
109047,16-06-2025,Customer_2260,Cookware,Home,2.0,4372.4,924.36,Kolhapur
109048,06-02-2025,Customer_0064,Desk,Furniture,5.0,61096.34,10191.48,Pune
109049,29-04-2025,Customer_2148,Mixer,Home,4.0,12374.11,1026.6,Nagpur
109050,2025/03/27,Customer_1651,Jacket,Clothing,7.0,19391.1,4114.84,Pune
109051,21-02-2025,Customer_1110,Bookshelf,Furniture,2.0,11498.82,2304.34,Mumbai
109052,01-04-2025,Customer_1134,Backpack,Clothing,1.0,1240.52,196.9,Nagpur
109053,16-10-2025,Customer_0134,Laptop,Electronics,1.0,56660.11,11194.9,Nashik
109054,12/03/2025,Customer_1294,T-Shirt,Clothing,2.0,1191.39,107.69,Aurangabad
109055,25-10-2025,Customer_2344,Office Chair,Furniture,2.0,,2912.51,Nashik
109056,23-07-2025,Customer_1974,Mixer,Home,3.0,9409.14,620.19,Nagpur
109057,26-08-2025,Customer_1986,Bookshelf,Furniture,8.0,48496.25,7011.07,Kolhapur
109058,04-06-2025,Customer_1341,Bedsheet,Home,1.0,1985.79,420.62,Nashik
109059,28-08-2025,Customer_1298,Shoes,Clothing,3.0,,1584.1,NAGPUR
109060,2025/05/16,Customer_0693,T-Shirt,Clothing,5.0,3736.42,382.35,Mumbai
109061,28-12-2025,Customer_0234,Shoes,Clothing,5.0,14106.58,2352.85, Nagpur 
109062,05-03-2025,Customer_0450,Backpack,Clothing,7.0,9547.44,1611.98, Aurangabad 
109063,03-05-2025,Customer_0434,Lamp,Home,5.0,5822.36,455.71,Aurangabad
109064,09/11/2025,Customer_0448,Table,Furniture,8.0,76729.94,14720.95,Pune
109065,24-04-2025,Customer_1568,Backpack,Clothing,2.0,2992.2,289.22,Pune
109066,20-01-2025,Customer_0310,Backpack,Clothing,1.0,1591.79,101.94,Kolhapur
109067,16-01-2025,Customer_2008,Lamp,Home,6.0,6838.6,694.9,Pune
109068,25-05-2025,Customer_2247,Table,Furniture,8.0,62239.53,7774.76,Nagpur
109069,27-07-2025,Customer_1110,T-Shirt,Clothing,5.0,3629.27,730.24,Aurangabad
109070,19-01-2025,Customer_1143,T-Shirt,Clothing,5.0,4014.17,759.86,Aurangabad
109071,15-06-2025,Customer_0594,Cabinet,Furniture,5.0,39624.17,6965.64,aurangabad
109072,2025/02/07,Customer_2172,Bedsheet,Home,1.0,1985.56,266.96,kolhapur
109073,30-06-2025,Customer_0266,Headphones,Electronics,1.0,2713.79,372.4,Nashik
109074,2025/12/15,Customer_2097,Smartphone,Electronics,8.0,193189.76,27853.04,Aurangabad
109075,15-04-2025,Customer_2089,Cookware,Home,7.0,16212.45,2858.27,Nashik
109076,10-04-2025,Customer_0586,Mixer,Home,5.0,16747.87,2535.82,Nashik
109077,31-03-2025,Customer_1208,Tablet,Electronics,2.0,40426.61,8740.64, Mumbai 
109078,27-10-2025,Customer_2208,Tablet,Electronics,7.0,115689.98,10510.78,Pune
109079,28-11-2025,Customer_1758,Mixer,Home,1.0,3685.52,465.66,Kolhapur
109080,20-03-2025,Customer_1745,Headphones,Electronics,4.0,8572.67,990.13,Nashik
109081,03/14/2025,Customer_2442,Cookware,Home,4.0,9609.81,1802.69,AURANGABAD
109082,25-06-2025,Customer_0430,Bedsheet,Home,7.0,12579.91,1705.99,aurangabad
109083,06-04-2025,Customer_0498,Headphones,Electronics,5.0,12798.15,1217.15, Nagpur 
109084,11-12-2025,Customer_0120,Headphones,Electronics,1.0,2519.53,155.63,Nagpur
109085,13-04-2025,Customer_1873,Mixer,Home,2.0,6948.68,790.54, Nashik 
109086,12-08-2025,Customer_0023,Monitor,Electronics,1.0,14734.45,2388.99,Nagpur
109087,06-01-2025,Customer_0734,Vacuum Cleaner,Home,5.0,31338.15,1916.76,KOLHAPUR
109088,02-05-2025,Customer_1871,Jacket,Clothing,6.0,15551.46,2509.0,Nagpur
109089,08/24/2025,Customer_1980,Monitor,Electronics,7.0,85427.78,6596.97,Nagpur
109090,26-04-2025,Customer_2000,Tablet,Electronics,7.0,131557.92,23801.83,Mumbai
109091,12-06-2025,Customer_0725,Monitor,Electronics,3.0,39751.53,5499.53,Kolhapur
109092,2025/08/14,Customer_1061,Bookshelf,Furniture,2.0,13604.56,2874.47,Mumbai
109093,18-08-2025,Customer_0454,Monitor,Electronics,3.0,39574.53,7503.26,Nashik
109094,01-07-2025,Customer_1490,Table,Furniture,3.0,27760.95,5998.52,Kolhapur
109095,06-09-2025,Customer_0804,Vacuum Cleaner,Home,4.0,25825.39,4750.66,Nagpur
109096,14-11-2025,Customer_2146,Lamp,Home,1.0,1296.53,180.98,Aurangabad
109097,29-07-2025,Customer_1415,Smartphone,Electronics,1.0,27217.23,2769.8,kolhapur
109098,05/24/2025,Customer_1602,Jacket,Clothing,8.0,19861.54,2542.8,Kolhapur
109099,11-12-2025,Customer_0677,Laptop,Electronics,3.0,186959.72,26196.63, Nashik 
109100,06-04-2025,Customer_2180,Cookware,Home,1.0,2289.27,365.98,Mumbai
109101,12-12-2025,Customer_2292,Mixer,Home,1.0,3114.2,381.33,Kolhapur
109102,01-09-2025,Customer_2011,Smartphone,Electronics,6.0,159312.25,34334.72, Aurangabad 
109103,27-03-2025,Customer_0690,Laptop,Electronics,7.0,346656.05,43564.51,Aurangabad
109104,03-07-2025,Customer_1875,Tablet,Electronics,4.0,63254.03,6248.25,Pune
109105,01-05-2025,Customer_1441,Bookshelf,Furniture,6.0,34669.0,5079.11,KOLHAPUR
109106,28-11-2025,Customer_1604,Headphones,Electronics,2.0,4595.85,443.09,Nagpur
109107,02-04-2025,Customer_1694,Mixer,Home,7.0,26542.05,5680.6,Mumbai
109108,11-03-2025,Customer_0790,Lamp,Home,7.0,7955.5,1353.06,NAGPUR
109109,13-05-2025,Customer_0998,Smartphone,Electronics,6.0,139113.62,29001.34,Nagpur
109110,06-10-2025,Customer_0249,Cookware,Home,3.0,6942.35,1308.13,Kolhapur
109111,17-05-2025,Customer_1131,Desk,Furniture,6.0,62266.05,9698.62,Nashik
109112,11/10/2025,Customer_1587,Monitor,Electronics,1.0,14115.97,1508.71,Kolhapur
109113,06-07-2025,Customer_2291,T-Shirt,Clothing,8.0,5200.88,794.72,Nagpur
109114,09-08-2025,Customer_0397,Cabinet,Furniture,8.0,67964.52,4438.6,Kolhapur
109115,2025/02/15,Customer_0230,Bookshelf,Furniture,2.0,12242.65,1068.46,Pune
109116,05-10-2025,Customer_1322,Tablet,Electronics,7.0,112405.71,17951.09,Kolhapur
109117,11-07-2025,Customer_0987,Backpack,Clothing,5.0,6602.83,861.94,Aurangabad
109118,2025/01/08,Customer_1134,Office Chair,Furniture,1.0,7185.0,1176.43,Nagpur
109119,2025/10/03,Customer_1697,Smartphone,Electronics,6.0,148655.39,31835.05,Pune
109120,28-06-2025,Customer_1131,Mixer,Home,7.0,23415.01,4178.3, Kolhapur 
109121,2025/11/30,Customer_0022,Table,Furniture,6.0,50068.14,7079.66,Nashik
109122,08-02-2025,Customer_1290,Shoes,Clothing,1.0,2539.43,286.09,Aurangabad
109123,20-10-2025,Customer_1925,Office Chair,Furniture,5.0,37182.53,3892.44,PUNE
109124,06/27/2025,Customer_0655,Table,Furniture,1.0,7666.2,724.48,Nagpur
109125,11-06-2025,Customer_0466,Lamp,Home,6.0,7632.14,1399.38,Mumbai
109126,27-11-2025,Customer_0205,Laptop,Electronics,6.0,308240.08,38618.44, Pune 
109127,14-04-2025,Customer_1224,Shoes,Clothing,6.0,12918.15,1265.07,Nagpur
109128,10-06-2025,Customer_2220,Cabinet,Furniture,1.0,8670.13,1360.84,Nashik
109129,14-10-2025,Customer_0100,Table,Furniture,5.0,41027.9,4151.64,Nagpur
109130,03-05-2025,Customer_2054,Cabinet,Furniture,3.0,26280.97,2456.05,nashik
109131,23-02-2025,Customer_1411,Tablet,Electronics,3.0,51313.36,8533.28,nashik
109132,03-02-2025,Customer_1518,Desk,Furniture,1.0,12220.0,1634.29,Aurangabad
109133,2025/08/30,Customer_0299,Cabinet,Furniture,6.0,53756.27,5115.11,Nashik
109134,23-04-2025,Customer_0773,T-Shirt,Clothing,2.0,1501.4,128.29, Nashik 
109135,11/14/2025,Customer_0331,Bookshelf,Furniture,8.0,49666.57,9898.54,pune
109136,23-01-2025,Customer_1416,Vacuum Cleaner,Home,8.0,51343.27,9030.62,Pune
109137,02/15/2025,Customer_0494,T-Shirt,Clothing,4.0,3069.13,250.95,KOLHAPUR
109138,08-11-2025,Customer_1470,T-Shirt,Clothing,1.0,743.22,153.98,Aurangabad
109139,15-05-2025,Customer_0521,Headphones,Electronics,2.0,5114.56,459.18,Pune
109140,28-04-2025,Customer_0171,Tablet,Electronics,5.0,79927.45,8117.24, Nashik 
109141,08-07-2025,Customer_1753,T-Shirt,Clothing,6.0,3700.43,525.99, Kolhapur 
109142,11-05-2025,Customer_1937,Desk,Furniture,3.0,31352.81,3001.87,Nagpur
109143,31-07-2025,Customer_1836,Table,Furniture,5.0,44188.79,6002.0,Mumbai
109144,23-04-2025,Customer_0173,Vacuum Cleaner,Home,4.0,26510.11,4583.56, Kolhapur 
109145,13-02-2025,Customer_0835,Bookshelf,Furniture,3.0,15555.03,1133.95,Kolhapur
109146,08-05-2025,Customer_1504,Tablet,Electronics,1.0,15628.64,1995.84,Nagpur
109147,30-12-2025,Customer_1798,Table,Furniture,1.0,7762.99,1392.47,Pune
109148,07-06-2025,Customer_0834,Bookshelf,Furniture,2.0,11002.8,2313.6,Nagpur
109149,30-09-2025,Customer_0355,Cabinet,Furniture,5.0,39836.85,5235.04,Mumbai
109150,11-11-2025,Customer_2325,Backpack,Clothing,2.0,3035.65,528.52,Mumbai
109151,21-12-2025,Customer_0777,Bedsheet,Home,5.0,9289.73,1947.35,Nagpur
109152,06-12-2025,Customer_1434,Jeans,Clothing,7.0,10938.79,2071.42,Aurangabad
109153,14-02-2025,Customer_1291,Office Chair,Furniture,5.0,36151.05,7018.19,Aurangabad
109154,18-04-2025,Customer_2261,Jacket,Clothing,7.0,18185.71,1932.83,Pune
109155,07-08-2025,Customer_0446,T-Shirt,Clothing,6.0,4424.12,416.02,Nashik
109156,14-11-2025,Customer_2188,Cookware,Home,2.0,4042.48,439.99,Nagpur
109157,11-11-2025,Customer_0983,Bedsheet,Home,4.0,7586.49,1534.76,Aurangabad
109158,26-06-2025,Customer_0033,Smartphone,Electronics,4.0,105237.03,20252.9,Nashik
109159,16-08-2025,Customer_0910,Desk,Furniture,4.0,48627.27,3453.88,Aurangabad
109160,10-07-2025,Customer_0017,Office Chair,Furniture,7.0,46207.34,6871.16,Mumbai
109161,09-06-2025,Customer_2031,T-Shirt,Clothing,3.0,1991.51,189.77,Pune
109162,24-09-2025,Customer_1272,T-Shirt,Clothing,1.0,692.91,115.47,Mumbai
109163,2025/12/24,Customer_2110,Bedsheet,Home,7.0,12165.27,2292.02,NASHIK
109164,22-11-2025,Customer_0626,Mixer,Home,8.0,30003.6,5328.23,Nagpur
109165,2025/07/09,Customer_1289,Smartphone,Electronics,8.0,229111.38,24569.17,Nagpur
109166,24-06-2025,Customer_1693,Bedsheet,Home,4.0,7512.61,1479.06,Kolhapur
109167,17-10-2025,Customer_1989,Headphones,Electronics,4.0,10238.57,1907.65,Mumbai
109168,23-12-2025,Customer_0825,Monitor,Electronics,3.0,40922.1,6321.59, Mumbai 
109169,25-05-2025,Customer_0122,Monitor,Electronics,8.0,97070.39,21134.44,Pune
109170,08/20/2025,Customer_2048,Bookshelf,Furniture,8.0,52320.27,10412.23,Pune
109171,26-12-2025,Customer_2145,Lamp,Home,2.0,2539.89,228.0,Aurangabad
109172,23-07-2025,Customer_0014,Cookware,Home,2.0,3780.96,749.93,Kolhapur
109173,01-08-2025,Customer_1886,Cookware,Home,7.0,14921.05,1525.21,Kolhapur
109174,09-02-2025,Customer_1736,Cabinet,Furniture,2.0,16296.03,2075.2,Kolhapur
109175,2025/10/02,Customer_1550,Mixer,Home,1.0,3659.25,502.81,Nagpur
109176,19-11-2025,Customer_2409,Smartphone,Electronics,8.0,211833.99,41635.49,Pune
109177,03/23/2025,Customer_0704,Jeans,Clothing,6.0,8723.2,983.19,Kolhapur
109178,30-06-2025,Customer_2063,Shoes,Clothing,6.0,14715.67,3148.11,Pune
109179,16-11-2025,Customer_1842,Vacuum Cleaner,Home,2.0,12474.8,1509.15,Kolhapur
109180,24-03-2025,Customer_0414,Desk,Furniture,5.0,62762.51,7975.35,AURANGABAD
109181,30-10-2025,Customer_0035,Vacuum Cleaner,Home,8.0,59039.09,11991.72,Mumbai
109182,19-09-2025,Customer_2176,Laptop,Electronics,1.0,55221.24,9010.12,Mumbai
109183,29-09-2025,Customer_2237,Backpack,Clothing,1.0,1214.37,208.04, Nashik 
109184,19-07-2025,Customer_2257,Jacket,Clothing,8.0,23792.39,2794.94,Kolhapur
109185,28-08-2025,Customer_0789,Headphones,Electronics,4.0,9159.05,1890.54, Nashik 
109186,29-06-2025,Customer_1876,Lamp,Home,7.0,8215.3,1352.18, Aurangabad 
109187,20-06-2025,Customer_0749,Table,Furniture,1.0,7739.99,977.18,Pune
109188,22-10-2025,Customer_1730,Office Chair,Furniture,1.0,8213.83,1002.19,Aurangabad
109189,26-06-2025,Customer_0230,Bedsheet,Home,5.0,9278.54,868.26,Nashik
109190,25-08-2025,Customer_0100,Lamp,Home,4.0,4679.8,975.37,Kolhapur
109191,18-05-2025,Customer_0867,Vacuum Cleaner,Home,1.0,6629.58,1354.48,Nagpur
109192,2025/11/23,Customer_1798,Bookshelf,Furniture,4.0,26894.54,5676.46,Pune
109193,07-11-2025,Customer_0095,Table,Furniture,8.0,80540.46,4874.71,Nashik
109194,09-05-2025,Customer_1994,Headphones,Electronics,6.0,16953.07,1390.04,Kolhapur
109195,18-02-2025,Customer_0821,Smartphone,Electronics,8.0,172395.58,11871.53,AURANGABAD
109196,13-06-2025,Customer_0490,Headphones,Electronics,3.0,7160.06,1140.8,Nagpur
109197,04-10-2025,Customer_1107,Shoes,Clothing,3.0,7280.2,466.58,Nagpur
109198,2025/10/20,Customer_0805,Jacket,Clothing,4.0,11120.98,1453.97, Pune 
109199,04/26/2025,Customer_1842,Vacuum Cleaner,Home,3.0,21002.57,2199.77,Mumbai
109200,2025/01/24,Customer_1674,Headphones,Electronics,8.0,18305.19,1847.91,NAGPUR
109201,07-11-2025,Customer_0058,Office Chair,Furniture,5.0,35292.07,5500.85, Nagpur 
109202,25-01-2025,Customer_0056,Shoes,Clothing,5.0,12393.22,1411.63, Pune 
109203,07-05-2025,Customer_1206,Shoes,Clothing,8.0,19245.88,2296.95,Nagpur
109204,08/22/2025,Customer_2458,Cookware,Home,2.0,5023.58,488.69, Kolhapur 
109205,28-07-2025,Customer_1751,Vacuum Cleaner,Home,6.0,42721.32,7404.19,nashik
109206,03-04-2025,Customer_1232,Bookshelf,Furniture,6.0,30660.16,6711.76,Mumbai
109207,04-04-2025,Customer_1647,Jacket,Clothing,7.0,21107.86,3571.28,Nagpur
109208,23-11-2025,Customer_2346,Cabinet,Furniture,3.0,23318.34,3470.53,Kolhapur
109209,13-08-2025,Customer_0555,Tablet,Electronics,3.0,50002.99,3284.06,Aurangabad
109210,07-10-2025,Customer_0179,Bedsheet,Home,5.0,9907.26,2015.51,Nagpur
109211,01/11/2025,Customer_1065,Laptop,Electronics,6.0,296584.59,55143.67,Pune
109212,2025/11/25,Customer_1796,Cabinet,Furniture,3.0,25736.3,2278.69,Aurangabad
109213,12-01-2025,Customer_2202,Cabinet,Furniture,7.0,54686.72,6980.28,Kolhapur
109214,2025/02/04,Customer_0832,Desk,Furniture,3.0,38807.61,7529.68,Kolhapur
109215,16-08-2025,Customer_1467,Cookware,Home,3.0,5797.65,870.08,Aurangabad
109216,08-08-2025,Customer_0765,Shoes,Clothing,7.0,18874.18,3506.64,Kolhapur
109217,21-05-2025,Customer_0248,Bedsheet,Home,2.0,3219.83,463.92,MUMBAI
109218,01/23/2025,Customer_2037,Shoes,Clothing,6.0,16609.01,1842.99,Nashik
109219,24-03-2025,Customer_0823,Monitor,Electronics,5.0,68427.45,12912.08,Nagpur
109220,17-08-2025,Customer_1682,Headphones,Electronics,3.0,6575.97,1298.88,Mumbai
109221,10-12-2025,Customer_0017,Cookware,Home,,12452.18,750.02,Aurangabad
109222,2025/03/21,Customer_0317,Mixer,Home,1.0,3220.87,239.38,Mumbai
109223,19-12-2025,Customer_1599,Bedsheet,Home,5.0,7899.44,1349.65,Aurangabad
109224,17-10-2025,Customer_0310,Monitor,Electronics,7.0,89590.9,18774.56,Nashik
109225,27-11-2025,Customer_0027,Monitor,Electronics,2.0,28138.13,3759.7,Pune
109226,08-06-2025,Customer_1457,Tablet,Electronics,7.0,123515.92,21098.25,Aurangabad
109227,2025/05/08,Customer_1274,Jacket,Clothing,6.0,16559.4,1334.29,Aurangabad
109228,09-07-2025,Customer_0394,Office Chair,Furniture,1.0,8355.39,1074.03,Nagpur
109229,31-01-2025,Customer_2011,Shoes,Clothing,3.0,6541.51,946.55,Aurangabad
109230,2025/12/25,,Jeans,Clothing,1.0,1670.73,173.91,Mumbai
109231,15-01-2025,Customer_0809,Bookshelf,Furniture,8.0,52324.9,8746.85,Pune
109232,09-11-2025,Customer_0447,Cookware,Home,3.0,6897.68,878.29,Nagpur
109233,16-03-2025,Customer_2333,Lamp,Home,7.0,9564.03,993.42,Pune
109234,03-02-2025,Customer_2180,Tablet,Electronics,1.0,18419.61,2016.0,Aurangabad
109235,25-12-2025,Customer_2027,Mixer,Home,2.0,7514.09,508.3,Pune
109236,2025/07/15,Customer_0602,Bookshelf,Furniture,1.0,5182.61,983.34,nashik
109237,2025/11/27,Customer_1105,Laptop,Electronics,7.0,377407.97,43246.73,Mumbai
109238,29-01-2025,Customer_1054,Table,Furniture,7.0,65032.26,11205.31,Mumbai
109239,13-07-2025,Customer_1696,Backpack,Clothing,5.0,6372.52,571.42,Nashik
109240,16-01-2025,Customer_0250,Table,Furniture,6.0,61422.04,9480.26,Nashik
109241,18-03-2025,Customer_2009,Bookshelf,Furniture,8.0,46417.68,8737.23,aurangabad
109242,10/20/2025,Customer_1685,T-Shirt,Clothing,2.0,1410.57,139.18, Pune 
109243,22-03-2025,Customer_2348,Cabinet,Furniture,6.0,43776.99,5406.35,Nashik
109244,04-05-2025,Customer_1407,Cabinet,Furniture,8.0,70910.0,4951.76,Nashik
109245,19-01-2025,Customer_0244,Lamp,Home,3.0,3296.01,668.77, Nashik 
109246,2025/04/12,Customer_0671,Headphones,Electronics,6.0,13297.81,2137.49,kolhapur
109247,18-03-2025,Customer_0406,Desk,Furniture,1.0,10968.64,1721.4,Nagpur
109248,17-08-2025,Customer_1009,Jeans,Clothing,1.0,1543.89,117.75,Aurangabad
109249,10/24/2025,Customer_1876,Cabinet,Furniture,8.0,65583.52,11102.43,AURANGABAD
109250,22-07-2025,Customer_0931,Jacket,Clothing,5.0,14757.14,2389.56,Mumbai
109251,02-03-2025,Customer_1414,Cabinet,Furniture,5.0,40002.7,5725.01,Aurangabad
109252,2025/01/26,Customer_2044,Vacuum Cleaner,Home,7.0,47351.49,8070.66,aurangabad
109253,2025/03/12,Customer_1936,T-Shirt,Clothing,5.0,3662.62,563.72,Nagpur
109254,13-04-2025,,Bookshelf,Furniture,7.0,37663.57,3529.03,Kolhapur
109255,22-11-2025,Customer_1212,Cookware,Home,4.0,8166.99,1691.76,Pune
109256,12/29/2025,Customer_0306,Tablet,Electronics,8.0,155205.87,23041.66,pune
109257,06-06-2025,Customer_2290,Monitor,Electronics,8.0,103669.11,8059.51,Nashik
109258,29-12-2025,Customer_2372,Jeans,Clothing,3.0,5374.21,1090.03,Kolhapur
109259,25-12-2025,Customer_1064,Office Chair,Furniture,7.0,46368.46,8696.62,Mumbai
109260,2025/07/13,Customer_1736,Smartphone,Electronics,3.0,73799.51,8253.35, Nashik 
109261,10/02/2025,Customer_0207,Backpack,Clothing,0.0,12003.39,1900.05,Mumbai
109262,20-11-2025,Customer_0008,Backpack,Clothing,2.0,3035.23,218.21,Nashik
109263,05-07-2025,Customer_1482,Shoes,Clothing,2.0,4727.88,525.22,Kolhapur
109264,22-11-2025,Customer_1437,Jeans,Clothing,5.0,7591.41,1065.81, Nagpur 
109265,04/23/2025,Customer_0914,T-Shirt,Clothing,3.0,1963.3,257.39,Nashik
109266,09-11-2025,Customer_0229,Bookshelf,Furniture,5.0,28810.0,5118.02,AURANGABAD
109267,14-06-2025,Customer_1698,Mixer,Home,1.0,3608.68,593.92,Aurangabad
109268,02-03-2025,Customer_2421,Office Chair,Furniture,4.0,27395.26,3070.47,Nashik
109269,2025/04/02,Customer_1843,Jeans,Clothing,6.0,8220.96,635.81,Kolhapur
109270,13-10-2025,Customer_1936,Jacket,Clothing,1.0,2602.65,183.42,MUMBAI
109271,02-06-2025,Customer_0301,Smartphone,Electronics,-2.0,77309.23,16984.9,Aurangabad
109272,13-08-2025,Customer_1612,Laptop,Electronics,3.0,145240.35,27798.54,Nashik
109273,07-05-2025,Customer_1309,Office Chair,Furniture,2.0,13284.67,2221.01,Nashik
109274,12-07-2025,Customer_1903,Shoes,Clothing,4.0,10429.47,2132.15,Aurangabad
109275,25-04-2025,Customer_0239,Mixer,Home,8.0,24757.14,2734.95,Nashik
109276,09/19/2025,Customer_1520,Tablet,Electronics,1.0,15790.21,1976.64,Aurangabad
109277,18-01-2025,Customer_1577,Tablet,Electronics,3.0,60667.81,11226.2,Aurangabad
109278,10-01-2025,Customer_1658,Desk,Furniture,8.0,102419.52,14879.96, Mumbai 
109279,02-04-2025,Customer_1751,Jeans,Clothing,3.0,5352.22,706.01,Nashik
109280,05/19/2025,Customer_2032,Cookware,Home,1.0,1968.79,381.97,kolhapur
109281,29-11-2025,Customer_0165,Headphones,Electronics,8.0,18677.83,1280.95,Nagpur
109282,2025/12/23,Customer_2027,Table,Furniture,8.0,63922.42,10064.55, Aurangabad 
109283,06-12-2025,Customer_2413,Jeans,Clothing,4.0,6605.6,671.32,Kolhapur
109284,21-02-2025,Customer_2318,Cookware,Home,7.0,16449.57,3023.14,pune
109285,14-07-2025,Customer_1097,Jacket,Clothing,5.0,15766.11,2421.52,Pune
109286,25-07-2025,Customer_1853,Cabinet,Furniture,,52023.7,9390.07,
109287,14-10-2025,Customer_1638,Cabinet,Furniture,3.0,22256.23,2440.09, Mumbai 
109288,2025/04/03,Customer_1442,Laptop,Electronics,7.0,382514.72,24116.11,Pune
109289,05-11-2025,Customer_0680,Backpack,Clothing,6.0,7889.44,1071.55,Nagpur
109290,25-05-2025,Customer_0405,Shoes,Clothing,8.0,17648.42,1415.48,Nashik
109291,27-03-2025,Customer_0839,Jeans,Clothing,4.0,6329.41,1120.02,Pune
109292,02-06-2025,Customer_0292,Vacuum Cleaner,Home,4.0,28603.24,4216.41,Aurangabad
109293,02-01-2025,Customer_1350,Bookshelf,Furniture,8.0,47636.39,5787.1, Nagpur 
109294,08-12-2025,Customer_0389,Monitor,Electronics,7.0,88972.7,7424.76,Nagpur
109295,17-09-2025,Customer_0584,Lamp,Home,,1305.08,175.4,Pune
109296,2025/06/13,Customer_0703,Laptop,Electronics,1.0,59790.28,10322.99,Nagpur
109297,06-01-2025,Customer_2138,Lamp,Home,6.0,6538.82,926.22, Aurangabad 
109298,29-05-2025,Customer_1438,Mixer,Home,1.0,3441.22,439.86,Pune
109299,24-07-2025,Customer_2101,Bookshelf,Furniture,4.0,24306.51,5277.75,Aurangabad
109300,28-04-2025,Customer_0392,Tablet,Electronics,4.0,78758.65,16113.55,Kolhapur
109301,30-03-2025,Customer_2032,Headphones,Electronics,4.0,8588.92,708.19,Nagpur
109302,2025/06/03,Customer_2358,Desk,Furniture,8.0,84041.19,8582.03,Aurangabad
109303,16-06-2025,Customer_1577,Table,Furniture,5.0,44215.55,7195.13,MUMBAI
109304,10-06-2025,Customer_1300,Table,Furniture,8.0,72017.96,14728.35, Mumbai 
109305,27-09-2025,Customer_0670,Laptop,Electronics,6.0,373545.74,32185.95,Aurangabad
109306,25-02-2025,Customer_0549,Jeans,Clothing,8.0,14155.19,1940.33,Aurangabad
109307,16-08-2025,Customer_1828,Tablet,Electronics,6.0,106487.87,19763.12,Kolhapur
109308,2025/12/03,Customer_1228,Office Chair,Furniture,5.0,32922.83,6624.04,Nashik
109309,29-05-2025,Customer_1107,T-Shirt,Clothing,7.0,5151.17,1030.45,Nashik
109310,15-02-2025,Customer_0830,Cookware,Home,5.0,12631.78,1804.84,Kolhapur
109311,24-05-2025,Customer_2020,T-Shirt,Clothing,3.0,1843.76,159.75,Nagpur
109312,26-08-2025,Customer_0937,Headphones,Electronics,8.0,18941.71,1450.34,Aurangabad
109313,2025/09/29,Customer_0023,Vacuum Cleaner,Home,6.0,42689.5,4589.07,Aurangabad
109314,30-04-2025,Customer_0450,Mixer,Home,6.0,23998.08,4137.62,Kolhapur
109315,12/06/2025,Customer_0486,Bookshelf,Furniture,2.0,10824.35,1473.92,
109316,08-08-2025,Customer_1856,Office Chair,Furniture,7.0,51978.43,7214.7,Mumbai
109317,2025/01/08,Customer_2372,Tablet,Electronics,6.0,109156.39,7093.82,Pune
109318,10-12-2025,Customer_1697,Jacket,Clothing,6.0,17738.96,2447.1,nagpur
109319,02-10-2025,Customer_1649,Monitor,Electronics,7.0,106554.38,20293.91,Aurangabad
109320,19-12-2025,Customer_0378,Bedsheet,Home,1.0,1654.49,112.09,Aurangabad
109321,07-03-2025,Customer_0961,T-Shirt,Clothing,5.0,3713.4,803.73,Nashik
109322,20-03-2025,Customer_0760,Laptop,Electronics,1.0,54119.86,5495.22,nagpur
109323,27-03-2025,Customer_1551,Jacket,Clothing,8.0,20092.84,2129.67,aurangabad
109324,04-05-2025,Customer_1718,Shoes,Clothing,6.0,14225.64,1818.32,Aurangabad
109325,07/21/2025,Customer_0789,Lamp,Home,8.0,10047.57,1041.99,AURANGABAD
109326,30-05-2025,Customer_1965,Cabinet,Furniture,8.0,55378.75,6630.2,Nashik
109327,2025/02/15,Customer_0012,Laptop,Electronics,6.0,365207.33,51032.7,Nagpur
109328,04/23/2025,Customer_0623,Backpack,Clothing,1.0,1595.21,224.25,Mumbai
109329,01-04-2025,Customer_1746,Office Chair,Furniture,5.0,34978.86,3180.64,aurangabad
109330,21-05-2025,Customer_1988,Office Chair,Furniture,5.0,39688.4,5787.4,Aurangabad
109331,16-10-2025,Customer_1537,Tablet,Electronics,2.0,37123.19,6712.63,Nashik
109332,06-08-2025,Customer_0052,Table,Furniture,4.0,38439.76,2573.09,Nashik
109333,18-03-2025,Customer_2225,Bookshelf,Furniture,3.0,19633.89,2851.48,Kolhapur
109334,30-11-2025,Customer_1712,Tablet,Electronics,2.0,34830.45,5085.35,Mumbai
109335,01-06-2025,Customer_0457,Office Chair,Furniture,7.0,54271.11,4554.49,Nashik
109336,19-11-2025,Customer_0207,Tablet,Electronics,2.0,35108.09,3991.57,Nagpur
109337,27-08-2025,Customer_2474,Mixer,Home,7.0,23400.51,1746.0,Pune
109338,25-04-2025,Customer_0237,Table,Furniture,8.0,64652.62,5553.22,Nashik
109339,15-11-2025,Customer_0490,Headphones,Electronics,2.0,4809.84,976.97,Nagpur
109340,04-04-2025,Customer_0831,Bedsheet,Home,7.0,11488.78,1454.37,Pune
109341,17-02-2025,Customer_0133,Shoes,Clothing,8.0,18869.66,3509.4,Kolhapur
109342,10-07-2025,Customer_1111,Mixer,Home,8.0,24221.06,2214.94,Kolhapur
109343,12-01-2025,Customer_0613,Mixer,Home,3.0,9588.52,2098.68,KOLHAPUR
109344,05-06-2025,Customer_2217,Office Chair,Furniture,8.0,61273.95,5038.76,Kolhapur
109345,21-06-2025,Customer_2307,Shoes,Clothing,8.0,18633.19,1618.32,Kolhapur
109346,23-10-2025,,Bookshelf,Furniture,4.0,21297.15,3994.26,Nashik
109347,26-06-2025,Customer_2204,Vacuum Cleaner,Home,7.0,45442.02,7315.88,aurangabad
109348,07-12-2025,Customer_1039,Cookware,Home,8.0,16709.01,2482.81,Kolhapur
109349,26-02-2025,Customer_0147,Desk,Furniture,1.0,11127.25,1216.05,Kolhapur
109350,09-12-2025,Customer_1055,Mixer,Home,6.0,21959.1,1845.79,nagpur
109351,06-12-2025,Customer_0066,Backpack,Clothing,6.0,8695.4,1707.41,pune
109352,2025/07/22,Customer_1853,Desk,Furniture,7.0,74434.67,15154.44,Mumbai
109353,04-07-2025,Customer_1565,Laptop,Electronics,6.0,288365.12,33400.03,Nagpur
109354,01-05-2025,Customer_2195,Headphones,Electronics,1.0,2582.88,386.16,Mumbai
109355,08/14/2025,Customer_1264,Bookshelf,Furniture,7.0,36914.53,6933.51, Kolhapur 
109356,21-07-2025,Customer_0327,Smartphone,Electronics,8.0,228389.2,20325.85,Nagpur
109357,26-11-2025,Customer_0687,T-Shirt,Clothing,5.0,3914.89,583.67,Aurangabad
109358,29-12-2025,Customer_2335,Office Chair,Furniture,6.0,50885.11,4486.73,Nagpur
109359,12/22/2025,Customer_0913,Table,Furniture,2.0,19576.92,1361.87,pune
109360,04-08-2025,Customer_2100,Headphones,Electronics,2.0,5574.79,935.82,Aurangabad
109361,12-02-2025,Customer_2377,Smartphone,Electronics,7.0,168188.38,15216.79,Pune
109362,23-01-2025,Customer_2434,Headphones,Electronics,8.0,21899.2,3427.63,Pune
109363,04-06-2025,Customer_1153,Shoes,Clothing,5.0,11976.56,1569.09,Kolhapur
109364,2025/07/05,Customer_2238,T-Shirt,Clothing,6.0,,526.76, Pune 
109365,06-09-2025,Customer_1045,T-Shirt,Clothing,4.0,2455.29,505.31,Mumbai
109366,25-08-2025,Customer_0298,Vacuum Cleaner,Home,2.0,12560.64,1453.79,Kolhapur
109367,20-10-2025,Customer_0087,Table,Furniture,1.0,8201.88,1669.8,Kolhapur
109368,14-05-2025,Customer_2141,Mixer,Home,7.0,22423.66,3629.67,pune
109369,17-11-2025,Customer_1757,Jacket,Clothing,2.0,6239.69,409.24,Aurangabad
109370,22-01-2025,Customer_0422,Bedsheet,Home,2.0,3955.1,497.14,Nagpur
109371,27-12-2025,Customer_0669,Cookware,Home,5.0,11521.32,1377.77, Pune 
109372,29-03-2025,Customer_2282,Bedsheet,Home,1.0,1905.58,191.87,Pune
109373,2025/06/02,Customer_2271,Backpack,Clothing,6.0,7195.26,1522.85,Mumbai
109374,05-05-2025,Customer_1965,T-Shirt,Clothing,5.0,2992.19,574.07, Nagpur 
109375,2025/03/20,Customer_1167,Shoes,Clothing,3.0,6755.56,829.28,Pune
109376,2025/12/12,Customer_0809,Smartphone,Electronics,1.0,27418.69,2548.54,Pune
109377,20-02-2025,Customer_0379,T-Shirt,Clothing,7.0,5437.59,759.31,NAGPUR
109378,2025/08/04,Customer_0730,Backpack,Clothing,7.0,9406.49,1561.38,mumbai
109379,2025/06/25,Customer_1918,Backpack,Clothing,5.0,6666.92,770.47,Nagpur
109380,24-12-2025,Customer_2416,T-Shirt,Clothing,5.0,3745.2,410.37,Nashik
109381,10-09-2025,Customer_0309,Desk,Furniture,6.0,65536.69,12401.07,Kolhapur
109382,03-09-2025,Customer_0559,Laptop,Electronics,1.0,60038.62,8382.21,Nagpur
109383,15-08-2025,Customer_0549,Desk,Furniture,5.0,60479.8,10364.56,Mumbai
109384,16-04-2025,Customer_0225,Bedsheet,Home,8.0,14440.06,1829.94,Kolhapur
109385,12-07-2025,Customer_0678,Backpack,Clothing,5.0,8039.28,672.26,Nagpur
109386,12-11-2025,Customer_1519,Desk,Furniture,6.0,74002.92,14929.21,Nashik
109387,29-10-2025,Customer_2205,Bookshelf,Furniture,5.0,31684.94,6367.02,Mumbai
109388,05-02-2025,Customer_0481,Smartphone,Electronics,1.0,23772.51,2460.9,Pune
109389,23-07-2025,Customer_1661,Jacket,Clothing,8.0,24760.55,3046.99,Kolhapur
109390,24-09-2025,Customer_0421,T-Shirt,Clothing,6.0,4464.2,373.38,MUMBAI
109391,25-09-2025,Customer_0644,Jacket,Clothing,4.0,12059.62,1782.86,Mumbai
109392,19-06-2025,Customer_2066,Lamp,Home,1.0,1116.7,155.36,Mumbai
109393,08-02-2025,Customer_1896,Cookware,Home,2.0,4659.97,288.46,Nashik
109394,19-05-2025,Customer_0903,Bookshelf,Furniture,3.0,18742.32,2748.65,Mumbai
109395,19-10-2025,Customer_0593,Jeans,Clothing,5.0,7328.69,1322.66,Pune
109396,21-02-2025,Customer_1977,Cabinet,Furniture,6.0,45169.84,4711.11,Kolhapur
109397,2025/10/14,Customer_0680,Lamp,Home,7.0,8327.47,1400.55,KOLHAPUR
109398,16-10-2025,Customer_0913,Tablet,Electronics,4.0,81263.07,6713.72,Nashik
109399,21-05-2025,Customer_1061,Laptop,Electronics,7.0,373042.07,26380.91,Aurangabad
109400,26-05-2025,Customer_1249,Jacket,Clothing,1.0,3017.18,397.17,kolhapur
109401,11/10/2025,Customer_0171,Cabinet,Furniture,5.0,42483.15,4739.04,Nagpur
109402,03-07-2025,Customer_0767,Cabinet,Furniture,7.0,61784.53,8994.13,Nashik
109403,01-06-2025,Customer_0737,Backpack,Clothing,8.0,12690.52,921.46,kolhapur
109404,20-07-2025,Customer_1753,Table,Furniture,1.0,9038.55,1650.74,Mumbai
109405,2025/05/08,Customer_0892,Backpack,Clothing,8.0,11536.51,735.0,Nagpur
109406,14-10-2025,Customer_1505,Monitor,Electronics,1.0,15983.82,1721.81,Nashik
109407,07-11-2025,Customer_0589,Desk,Furniture,7.0,77681.8,10697.22,Mumbai
109408,10-09-2025,Customer_1529,Tablet,Electronics,8.0,145821.23,26627.85,Pune
109409,23-09-2025,Customer_0811,Laptop,Electronics,6.0,319434.09,41652.18,Mumbai
109410,2025/07/07,Customer_1232,Mixer,Home,4.0,14146.83,1741.5, Pune 
109411,18-08-2025,Customer_1383,Shoes,Clothing,8.0,22487.29,4412.01, Nagpur 
109412,28-09-2025,Customer_0368,Cookware,Home,8.0,17362.26,1042.28, Mumbai 
109413,2025/09/16,Customer_0033,Vacuum Cleaner,Home,8.0,58254.58,4654.18,Kolhapur
109414,26-10-2025,Customer_2073,Headphones,Electronics,4.0,9233.54,779.11,Mumbai
109415,17-07-2025,Customer_0914,Smartphone,Electronics,3.0,67795.85,12776.83,Aurangabad
109416,19-11-2025,Customer_1490,Lamp,Home,8.0,9828.96,2093.33,MUMBAI
109417,2025/02/25,Customer_1181,Bedsheet,Home,5.0,8274.92,1139.47,Nashik
109418,15-11-2025,Customer_1571,Smartphone,Electronics,6.0,171484.28,32964.59, Mumbai 
109419,07/22/2025,Customer_2219,Desk,Furniture,1.0,12823.02,1157.1,Aurangabad
109420,2025/09/28,Customer_1051,Bookshelf,Furniture,7.0,45394.51,5248.08,Aurangabad
109421,19-04-2025,Customer_0500,Jeans,Clothing,7.0,11302.6,1779.77,Mumbai
109422,26-04-2025,Customer_2290,Tablet,Electronics,2.0,37181.13,6552.94,Aurangabad
109423,02-04-2025,Customer_2336,Mixer,Home,7.0,25688.51,1822.33,KOLHAPUR
109424,18-05-2025,Customer_1393,Cabinet,Furniture,5.0,39488.16,6564.65,PUNE
109425,2025/10/30,Customer_2125,Tablet,Electronics,4.0,67593.45,7441.3,Aurangabad
109426,26-02-2025,Customer_0290,Cabinet,Furniture,3.0,21296.89,2704.24,Nagpur
109427,19-02-2025,Customer_0061,Cabinet,Furniture,7.0,64178.75,6780.56,Nashik
109428,12-03-2025,Customer_2030,Table,Furniture,6.0,54509.28,9752.69,Pune
109429,23-03-2025,Customer_0781,Smartphone,Electronics,7.0,149458.61,30500.07,aurangabad
109430,15-04-2025,Customer_2452,Headphones,Electronics,7.0,16904.39,3364.96,Nashik
109431,29-03-2025,Customer_0142,Cookware,Home,6.0,11374.23,947.54,Aurangabad
109432,2025/01/02,Customer_0301,Vacuum Cleaner,Home,5.0,30769.66,3546.94,Mumbai
109433,26-12-2025,Customer_2241,Bookshelf,Furniture,,19878.09,1228.31,Kolhapur
109434,25-03-2025,Customer_0128,Monitor,Electronics,7.0,102148.69,8275.06,Kolhapur
109435,12-02-2025,Customer_1886,Laptop,Electronics,1.0,60333.06,11135.78,pune
109436,03-06-2025,Customer_0837,Backpack,Clothing,3.0,4199.9,394.92,Aurangabad
109437,2025/11/23,Customer_1696,Mixer,Home,4.0,14564.88,1238.03,Kolhapur
109438,04-04-2025,Customer_2288,Monitor,Electronics,6.0,76188.6,12210.78,Aurangabad
109439,25-10-2025,Customer_0858,Jacket,Clothing,5.0,16063.16,3253.91,nagpur
109440,13-05-2025,Customer_0712,Office Chair,Furniture,4.0,30837.97,4507.46,Nagpur
109441,06-03-2025,Customer_0871,Bedsheet,Home,7.0,14483.89,2137.58,
109442,17-10-2025,Customer_2066,Office Chair,Furniture,2.0,14640.52,3009.05,Pune
109443,14-09-2025,Customer_0986,Jeans,Clothing,5.0,7362.04,556.6,Pune
109444,01-08-2025,Customer_1350,Vacuum Cleaner,Home,8.0,54091.8,4075.06,Nagpur
109445,28-05-2025,Customer_2275,Jeans,Clothing,2.0,3078.22,393.31,Pune
109446,02-03-2025,Customer_1144,Laptop,Electronics,8.0,446275.02,97584.96,Nagpur
109447,2025/05/29,Customer_0936,Cabinet,Furniture,2.0,14660.71,1761.06,Pune
109448,29-03-2025,Customer_1462,Smartphone,Electronics,7.0,155692.61,24477.71,Kolhapur
109449,20-11-2025,Customer_0031,Lamp,Home,7.0,8973.74,1230.59,mumbai
109450,05-10-2025,Customer_0438,Smartphone,Electronics,4.0,92374.94,14719.22,Mumbai
109451,23-03-2025,Customer_1835,Tablet,Electronics,2.0,36422.9,3182.99,Pune
109452,09-05-2025,Customer_0576,Jeans,Clothing,4.0,6218.91,806.17,Nagpur
109453,13-10-2025,Customer_0326,Backpack,Clothing,2.0,3205.4,627.89, Kolhapur 
109454,19-12-2025,Customer_0100,Backpack,Clothing,3.0,4495.31,908.97,Nagpur
109455,2025/10/07,Customer_0477,Office Chair,Furniture,5.0,40149.2,8212.29,Nagpur
109456,27-09-2025,Customer_0686,Jeans,Clothing,8.0,11089.48,1474.58,Nagpur
109457,2025/10/19,Customer_0040,Monitor,Electronics,2.0,30073.95,4611.16,Kolhapur
109458,22-07-2025,Customer_0175,Jeans,Clothing,2.0,2888.16,330.63,Pune
109459,24-01-2025,Customer_1327,Tablet,Electronics,3.0,51047.94,5197.47,Pune
109460,17-12-2025,Customer_0640,Table,Furniture,3.0,25729.4,3663.26,Mumbai
109461,07-11-2025,Customer_1839,Laptop,Electronics,4.0,243421.36,43505.54,Pune
109462,07/27/2025,Customer_2445,Office Chair,Furniture,2.0,16508.62,3324.45,Nashik
109463,07-10-2025,Customer_1590,Laptop,Electronics,5.0,268082.41,30927.11,Kolhapur
109464,24-07-2025,Customer_1651,Mixer,Home,4.0,12142.02,2536.21,Pune
109465,01-06-2025,Customer_2011,Bedsheet,Home,3.0,4696.63,838.73,Mumbai
109466,26-01-2025,Customer_0199,Headphones,Electronics,6.0,14451.49,3060.9,Aurangabad
109467,13-07-2025,Customer_1438,Tablet,Electronics,4.0,70263.4,13396.23,Mumbai
109468,02-12-2025,Customer_0112,Desk,Furniture,6.0,67305.34,7259.16,Pune
109469,26-08-2025,Customer_0541,Cookware,Home,7.0,15841.3,3479.97,Nashik
109470,2025/11/17,Customer_2361,Laptop,Electronics,5.0,276449.72,58001.75,Nashik
109471,16-03-2025,Customer_1001,Mixer,Home,8.0,30404.5,5695.93,Pune
109472,12-06-2025,Customer_0412,T-Shirt,Clothing,6.0,4119.31,501.92,Mumbai
109473,26-10-2025,Customer_2424,Desk,Furniture,1.0,10890.92,2333.17,Nagpur
109474,29-01-2025,Customer_2403,Cookware,Home,1.0,2503.2,449.4,mumbai
109475,14-06-2025,Customer_1268,T-Shirt,Clothing,8.0,5257.7,521.72,Pune
109476,03-12-2025,Customer_1700,Bookshelf,Furniture,7.0,48156.49,3402.1,Nashik
109477,05-07-2025,Customer_0911,Desk,Furniture,1.0,13236.83,1547.03,nagpur
109478,02/23/2025,Customer_1969,Cabinet,Furniture,6.0,46831.72,9043.98,nashik
109479,22-10-2025,Customer_2409,Desk,Furniture,2.0,21052.34,2456.12,Nashik
109480,11-02-2025,Customer_2264,Laptop,Electronics,,62458.4,10733.51,Nashik
109481,12-10-2025,Customer_1545,Tablet,Electronics,3.0,58130.01,10533.21,Nagpur
109482,18-05-2025,Customer_1271,T-Shirt,Clothing,2.0,1215.44,112.44,NAGPUR
109483,06-07-2025,Customer_1603,Office Chair,Furniture,5.0,37401.71,4447.21,Nashik
109484,23-07-2025,Customer_2366,Laptop,Electronics,4.0,214120.21,39619.0,Nashik
109485,11-02-2025,Customer_1592,Jacket,Clothing,5.0,11961.65,1981.79,Aurangabad
109486,16-12-2025,Customer_0401,Jeans,Clothing,1.0,1360.05,95.33,Kolhapur
109487,2025/10/15,Customer_0576,Monitor,Electronics,1.0,13614.8,2648.78,Mumbai
109488,2025/01/26,Customer_1538,Office Chair,Furniture,2.0,13402.48,1993.48, Nashik 
109489,2025/02/25,Customer_1663,Monitor,Electronics,1.0,14749.72,1426.67,Aurangabad
109490,10-09-2025,Customer_1994,Monitor,Electronics,2.0,28103.57,5784.42,Nashik
109491,02-05-2025,Customer_0492,Tablet,Electronics,6.0,108396.2,9232.29,Aurangabad
109492,16-04-2025,Customer_1939,Table,Furniture,8.0,74760.79,11569.38,Aurangabad
109493,10-05-2025,Customer_1644,T-Shirt,Clothing,-1.0,3003.3,223.73,Pune
109494,03-12-2025,Customer_2111,Cookware,Home,3.0,5920.43,484.33,Aurangabad
109495,07-06-2025,Customer_1417,Jeans,Clothing,7.0,10391.8,1378.54,Nagpur
109496,19-08-2025,Customer_0583,Cookware,Home,1.0,2115.33,428.36,Pune
109497,04-11-2025,Customer_0330,Backpack,Clothing,8.0,11576.69,2317.46,Pune
109498,01-04-2025,Customer_0932,Table,Furniture,6.0,54438.04,4049.06,nashik
109499,2025/01/22,Customer_0363,Bedsheet,Home,5.0,8900.88,1704.74,Nashik
109500,17-10-2025,,Jeans,Clothing,8.0,11625.36,867.19,AURANGABAD
109501,20-04-2025,Customer_0893,Lamp,Home,6.0,6831.58,834.98,Pune
109502,18-02-2025,Customer_1455,Jacket,Clothing,6.0,15823.54,1291.81,Pune
109503,09-05-2025,Customer_0076,Laptop,Electronics,3.0,152666.57,25825.87,Nagpur
109504,14-03-2025,Customer_0802,Jacket,Clothing,,21633.44,3487.48, Nashik 
109505,06-12-2025,Customer_1840,Lamp,Home,3.0,3639.21,538.05,aurangabad
109506,22-02-2025,Customer_0833,Cabinet,Furniture,5.0,36982.59,5305.04, Nagpur 
109507,22-12-2025,Customer_2317,Laptop,Electronics,1.0,47139.31,6084.7,Kolhapur
109508,17-06-2025,Customer_0233,Bookshelf,Furniture,6.0,36784.33,3278.19,Aurangabad
109509,14-02-2025,Customer_1218,Headphones,Electronics,7.0,16221.93,1543.11,Nagpur
109510,15-04-2025,Customer_1714,Smartphone,Electronics,4.0,87116.74,10075.68,Pune
109511,30-05-2025,Customer_2016,Lamp,Home,2.0,2744.86,320.11,pune
109512,26-05-2025,Customer_0711,Mixer,Home,3.0,10375.69,1706.74,Nashik
109513,23-07-2025,Customer_0829,Bookshelf,Furniture,6.0,37603.78,7971.37,AURANGABAD
109514,28-12-2025,Customer_0383,Smartphone,Electronics,5.0,138408.66,25886.86,Nagpur
109515,26-10-2025,Customer_2237,Cookware,Home,3.0,7494.22,726.36,Pune
109516,16-06-2025,Customer_2015,Jacket,Clothing,2.0,5796.65,1170.64,Nashik
109517,20-07-2025,Customer_1591,T-Shirt,Clothing,2.0,1452.14,314.22,Mumbai
109518,2025/05/14,Customer_1438,Vacuum Cleaner,Home,1.0,5720.69,745.36,Kolhapur
109519,30-07-2025,Customer_2268,Backpack,Clothing,3.0,4801.48,579.69,PUNE
109520,17-02-2025,Customer_0866,Cookware,Home,4.0,9432.43,611.83,KOLHAPUR
109521,06-05-2025,Customer_0108,Vacuum Cleaner,Home,2.0,13759.86,2883.25,Kolhapur
109522,27-08-2025,Customer_1450,Cabinet,Furniture,7.0,54029.47,3425.9,Nagpur
109523,07-01-2025,Customer_1568,Smartphone,Electronics,1.0,21459.32,4350.31,Nashik
109524,29-09-2025,Customer_1965,Lamp,Home,7.0,8960.74,690.6,Nagpur
109525,06-02-2025,Customer_1567,Shoes,Clothing,6.0,12995.66,2453.22,Mumbai
109526,30-07-2025,Customer_1446,T-Shirt,Clothing,5.0,3825.35,303.29,Pune
109527,06/14/2025,Customer_2350,Headphones,Electronics,4.0,9404.56,1738.0,Kolhapur
109528,05-05-2025,Customer_0064,Bookshelf,Furniture,8.0,48365.93,10304.54,Kolhapur
109529,2025/12/03,Customer_0491,Cabinet,Furniture,7.0,55681.85,9371.99,Pune
109530,2025/07/11,Customer_1372,Cabinet,Furniture,6.0,48140.88,10151.68,Pune
109531,2025/08/06,Customer_1321,Jeans,Clothing,3.0,4654.07,450.36,Aurangabad
109532,2025/08/02,Customer_1009,Jeans,Clothing,1.0,1516.78,297.96,Mumbai
109533,03-03-2025,Customer_2199,Lamp,Home,2.0,2398.52,279.86,Pune
109534,2025/11/24,Customer_2172,Headphones,Electronics,3.0,7599.59,617.97,Mumbai
109535,10-06-2025,Customer_0062,Headphones,Electronics,4.0,8516.08,893.28,Nagpur
109536,07-03-2025,Customer_2218,Cookware,Home,1.0,2269.3,394.56,Mumbai
109537,13-10-2025,Customer_0077,Smartphone,Electronics,5.0,137247.91,28584.1,Pune
109538,27-08-2025,Customer_1646,Bedsheet,Home,8.0,14020.33,2502.39,kolhapur
109539,20-01-2025,Customer_0072,Office Chair,Furniture,2.0,13086.03,905.62,nashik
109540,07-07-2025,Customer_2371,Tablet,Electronics,2.0,31947.82,4209.8,nagpur
109541,23-03-2025,Customer_1987,Monitor,Electronics,6.0,76724.29,8125.72,Nashik
109542,29-12-2025,Customer_0101,Jacket,Clothing,5.0,14621.1,1715.98,Nagpur
109543,21-07-2025,Customer_2089,Headphones,Electronics,4.0,10172.11,1281.53,Nagpur
109544,12-05-2025,Customer_2263,Bedsheet,Home,4.0,6484.97,465.9,Aurangabad
109545,06-02-2025,Customer_1301,Jeans,Clothing,2.0,2946.78,204.01,Aurangabad
109546,12-05-2025,Customer_1740,Shoes,Clothing,8.0,20711.67,3879.6,Kolhapur
109547,18-03-2025,Customer_0670,Backpack,Clothing,8.0,10661.53,1300.04,Kolhapur
109548,30-03-2025,Customer_0929,Cookware,Home,7.0,16860.8,1612.2,Mumbai
109549,10-09-2025,Customer_1084,Cookware,Home,3.0,5845.94,819.48,mumbai
109550,2025/12/10,Customer_0323,Mixer,Home,4.0,14614.0,2278.98,kolhapur
109551,13-07-2025,Customer_1661,Headphones,Electronics,7.0,18622.83,1286.47,Nashik
109552,25-06-2025,Customer_0957,Headphones,Electronics,2.0,4892.3,480.28,Nashik
109553,2025/02/02,Customer_1627,Office Chair,Furniture,8.0,64664.18,12909.36,Kolhapur
109554,27-02-2025,Customer_1576,Desk,Furniture,8.0,89702.47,6748.76, Aurangabad 
109555,20-07-2025,Customer_1451,Tablet,Electronics,1.0,16668.51,1277.5,aurangabad
109556,28-01-2025,Customer_1929,Monitor,Electronics,2.0,26508.35,3873.18,Pune
109557,2025/02/04,Customer_0974,Bookshelf,Furniture,3.0,20557.88,2547.11,Nagpur
109558,2025/05/05,Customer_0881,Table,Furniture,5.0,41220.54,3573.34, Nagpur 
109559,17-11-2025,Customer_0276,Cabinet,Furniture,1.0,7215.3,655.26,Mumbai
109560,11-02-2025,Customer_0790,Monitor,Electronics,5.0,75507.61,5267.75,Nashik
109561,26-03-2025,Customer_1973,Smartphone,Electronics,6.0,172383.12,24759.36,Aurangabad
109562,07-07-2025,Customer_1696,Tablet,Electronics,3.0,54717.2,6413.42,Pune
109563,21-04-2025,Customer_1890,Laptop,Electronics,5.0,290696.07,39369.84,NAGPUR
109564,28-09-2025,Customer_0840,Office Chair,Furniture,8.0,56923.1,5830.19,Nashik
109565,21-11-2025,Customer_0938,Vacuum Cleaner,Home,8.0,58640.16,6248.6,Aurangabad
109566,15-04-2025,Customer_1150,Jacket,Clothing,2.0,5493.14,637.5,Nashik
109567,16-11-2025,Customer_1852,Shoes,Clothing,5.0,10948.17,982.59,Mumbai
109568,10-02-2025,Customer_2097,Laptop,Electronics,7.0,349137.48,59696.9,Kolhapur
109569,03-08-2025,Customer_1657,Backpack,Clothing,3.0,4082.3,755.69,Nagpur
109570,12-03-2025,Customer_0057,Table,Furniture,1.0,9564.17,867.74,Kolhapur
109571,25-02-2025,Customer_0186,Jeans,Clothing,4.0,6520.8,1166.35,Pune
109572,24-08-2025,Customer_1942,Backpack,Clothing,6.0,8735.27,1362.72,Kolhapur
109573,10/08/2025,Customer_1776,Tablet,Electronics,6.0,115763.39,7997.5,Pune
109574,15-04-2025,Customer_2082,Headphones,Electronics,2.0,5347.13,554.1,Aurangabad
109575,11-06-2025,Customer_1165,Smartphone,Electronics,5.0,127695.21,12612.3,NAGPUR
109576,07/10/2025,Customer_1771,Cabinet,Furniture,3.0,26439.49,3619.29, Pune 
109577,09-01-2025,Customer_1547,Cookware,Home,5.0,11471.71,2145.82,Pune
109578,2025/03/01,Customer_0826,Cookware,Home,7.0,17226.36,3051.3,Pune
109579,01-11-2025,Customer_0384,Backpack,Clothing,4.0,5009.93,985.58, Kolhapur 
109580,2025/08/13,Customer_0548,Smartphone,Electronics,8.0,207114.67,32623.04,Mumbai
109581,03-11-2025,Customer_1252,Cabinet,Furniture,1.0,9011.22,899.44,Nashik
109582,07-07-2025,Customer_2149,Smartphone,Electronics,1.0,23046.91,3275.22,aurangabad
109583,11-03-2025,Customer_0332,Bookshelf,Furniture,2.0,12903.11,1697.51,NAGPUR
109584,20-10-2025,Customer_1045,Shoes,Clothing,7.0,18202.93,2410.14, Kolhapur 
109585,14-10-2025,Customer_2298,Table,Furniture,4.0,37192.18,7124.61,Aurangabad
109586,06/18/2025,Customer_0834,Vacuum Cleaner,Home,2.0,11753.86,2012.97,MUMBAI
109587,03-03-2025,,Cookware,Home,3.0,7169.1,943.01,
109588,15-12-2025,Customer_1491,Monitor,Electronics,2.0,26515.16,1648.37,Nashik
109589,14-01-2025,Customer_1496,Cabinet,Furniture,3.0,26139.16,2939.88,Aurangabad
109590,13-06-2025,Customer_0362,Office Chair,Furniture,3.0,21536.84,2450.05,Mumbai
109591,09/02/2025,Customer_1672,Bedsheet,Home,2.0,3598.64,620.41,Pune
109592,01-12-2025,Customer_0298,Desk,Furniture,5.0,64893.54,7969.66,Aurangabad
109593,08-01-2025,Customer_1654,Vacuum Cleaner,Home,8.0,54544.39,9562.15,Pune
109594,03-06-2025,Customer_1269,Cabinet,Furniture,8.0,60100.81,4535.17,Kolhapur
109595,05-02-2025,Customer_1695,Tablet,Electronics,3.0,60393.58,10166.57,Aurangabad
109596,17-02-2025,Customer_0016,Backpack,Clothing,2.0,2924.41,203.03,Nashik
109597,03/26/2025,Customer_1710,Smartphone,Electronics,2.0,54768.1,8246.36, Nagpur 
109598,28-01-2025,Customer_1820,Smartphone,Electronics,4.0,110436.53,23846.54,Kolhapur
109599,15-07-2025,Customer_2324,Cabinet,Furniture,6.0,54582.24,10751.3,Mumbai
109600,27-07-2025,Customer_0753,Monitor,Electronics,3.0,35837.94,7229.1,Nagpur
109601,23-07-2025,Customer_2344,Headphones,Electronics,7.0,15269.08,2995.66,Nashik
109602,11/03/2025,Customer_1004,Cabinet,Furniture,6.0,44834.51,7066.41,Nagpur
109603,14-04-2025,Customer_0176,Desk,Furniture,3.0,31011.14,5687.1,Nagpur
109604,2025/08/18,Customer_0407,Bookshelf,Furniture,7.0,37107.5,4664.79,AURANGABAD
109605,11-04-2025,Customer_0653,Headphones,Electronics,7.0,19166.59,3282.39, Mumbai 
109606,29-01-2025,Customer_2264,Tablet,Electronics,8.0,122661.04,15269.48,Pune
109607,07-05-2025,Customer_1580,Monitor,Electronics,5.0,60380.48,10129.43,Nagpur
109608,04-12-2025,Customer_0318,Laptop,Electronics,5.0,313688.25,51708.94,Mumbai
109609,10-01-2025,Customer_1793,Headphones,Electronics,5.0,11466.4,1339.7,pune
109610,16-04-2025,Customer_1720,Office Chair,Furniture,4.0,34289.86,3286.63,Mumbai
109611,16-06-2025,Customer_1260,Backpack,Clothing,8.0,11406.74,1415.26,Kolhapur
109612,14-09-2025,Customer_0877,Shoes,Clothing,3.0,8103.71,1610.87,Nagpur
109613,22-10-2025,Customer_0907,Mixer,Home,8.0,26663.03,4417.09,Mumbai
109614,04-10-2025,Customer_0104,Bedsheet,Home,7.0,12785.4,1336.73,Aurangabad
109615,06-03-2025,Customer_0272,Cookware,Home,6.0,12296.89,1797.57,AURANGABAD
109616,28-09-2025,Customer_1748,Table,Furniture,1.0,8065.81,1530.32,Nashik
109617,07-07-2025,Customer_1692,Lamp,Home,0.0,2089.68,157.0,Kolhapur
109618,13-11-2025,Customer_1658,Jeans,Clothing,7.0,10669.88,841.8,Aurangabad
109619,18-05-2025,Customer_1522,Desk,Furniture,8.0,95300.16,11812.28,Nagpur
109620,09-12-2025,Customer_1449,Monitor,Electronics,5.0,74658.01,15863.38,Mumbai
109621,15-04-2025,Customer_1973,Shoes,Clothing,8.0,21521.35,1909.2,Aurangabad
109622,03-02-2025,Customer_2306,Vacuum Cleaner,Home,6.0,44095.6,5412.35,Mumbai
109623,20-04-2025,Customer_1696,Jacket,Clothing,4.0,11113.28,1416.41,Pune
109624,02-02-2025,Customer_1279,Table,Furniture,5.0,42037.38,8542.29,Kolhapur
109625,20-12-2025,Customer_0154,Desk,Furniture,7.0,79772.42,12171.31,Nashik
109626,19-08-2025,Customer_1329,Bookshelf,Furniture,5.0,27660.3,5188.52, Pune 
109627,13-11-2025,Customer_2034,Bookshelf,Furniture,7.0,45454.9,4882.31,Aurangabad
109628,2025/09/23,Customer_1964,Smartphone,Electronics,2.0,52723.31,9101.09, Kolhapur 
109629,01-07-2025,Customer_2408,Cabinet,Furniture,6.0,48900.16,7633.11,Kolhapur
109630,06-12-2025,Customer_0014,Tablet,Electronics,2.0,36804.11,2690.32,Mumbai
109631,06-03-2025,Customer_0663,Bedsheet,Home,4.0,7567.77,1022.89, Kolhapur 
109632,29-11-2025,Customer_2081,T-Shirt,Clothing,4.0,2748.3,543.06,Aurangabad
109633,01-01-2025,Customer_2011,Headphones,Electronics,4.0,8569.68,858.77,Nashik
109634,13-05-2025,Customer_2249,Smartphone,Electronics,7.0,155123.68,10184.58,PUNE
109635,21-03-2025,Customer_0493,Lamp,Home,6.0,6715.46,1465.02,Pune
109636,28-09-2025,Customer_0013,Mixer,Home,8.0,26069.93,4332.64,Nagpur
109637,29-08-2025,Customer_0328,Cabinet,Furniture,4.0,28335.67,4428.74,MUMBAI
109638,01/28/2025,Customer_0133,Cabinet,Furniture,5.0,45813.78,4888.06,MUMBAI
109639,11-08-2025,Customer_0744,Lamp,Home,5.0,6626.54,1455.26,Nashik
109640,01/23/2025,Customer_1530,Laptop,Electronics,7.0,395228.0,43279.12, Nagpur 
109641,04/19/2025,Customer_1945,Jacket,Clothing,6.0,17674.6,3449.65,Nashik
109642,2025/04/17,Customer_2275,Cookware,Home,3.0,5949.27,787.7,
109643,25-05-2025,Customer_1397,Tablet,Electronics,1.0,17023.61,1793.22,Nagpur
109644,20-12-2025,Customer_1962,Headphones,Electronics,6.0,16623.7,2118.93,Mumbai
109645,19-05-2025,Customer_2344,T-Shirt,Clothing,1.0,666.21,104.3,NAGPUR
109646,11-10-2025,Customer_1555,Laptop,Electronics,7.0,352590.88,34124.79,Pune
109647,25-10-2025,Customer_0794,Mixer,Home,6.0,21127.82,2651.2,Pune
109648,09-04-2025,Customer_0086,Bedsheet,Home,7.0,11825.03,811.58,Aurangabad
109649,13-11-2025,Customer_1535,Bookshelf,Furniture,5.0,30186.97,5755.37,Nagpur
109650,03-05-2025,Customer_2091,Vacuum Cleaner,Home,2.0,14370.37,1403.56,Pune
109651,11/16/2025,Customer_1586,Jeans,Clothing,4.0,6591.31,1298.1,Kolhapur
109652,14-10-2025,Customer_1362,Lamp,Home,8.0,9337.13,1952.79,Nashik
109653,22-03-2025,Customer_1575,Shoes,Clothing,1.0,2802.23,261.45,Kolhapur
109654,10-01-2025,Customer_1712,Bookshelf,Furniture,3.0,16698.41,1484.0,Pune
109655,01/08/2025,Customer_2150,Jeans,Clothing,4.0,5816.42,1193.87,Kolhapur
109656,24-07-2025,Customer_2411,Bookshelf,Furniture,7.0,47432.34,3239.8, Nagpur 
109657,2025/11/11,Customer_2105,Mixer,Home,2.0,7196.57,1081.48,Nagpur
109658,16-07-2025,Customer_1182,Backpack,Clothing,1.0,1354.03,218.1,pune
109659,2025/07/17,Customer_1717,T-Shirt,Clothing,4.0,3175.79,277.06,Mumbai
109660,30-01-2025,Customer_1066,Backpack,Clothing,,9924.58,648.5,Nashik
109661,2025/01/20,Customer_0496,Smartphone,Electronics,7.0,167851.25,19138.49,kolhapur
109662,17-02-2025,Customer_0675,Table,Furniture,1.0,8813.21,1238.52,Mumbai
109663,10-05-2025,Customer_1206,Office Chair,Furniture,5.0,40400.52,4958.68,Mumbai
109664,20-10-2025,Customer_0809,Smartphone,Electronics,2.0,47459.2,9126.43,nashik
109665,12-05-2025,Customer_2485,Jacket,Clothing,8.0,24750.63,2406.81,Kolhapur
109666,22-12-2025,Customer_0760,Laptop,Electronics,8.0,415536.68,79790.78,Nashik
109667,23-02-2025,Customer_0538,Bedsheet,Home,8.0,12583.04,1411.01,MUMBAI
109668,08-10-2025,Customer_1717,Tablet,Electronics,4.0,70884.36,6374.73, Nashik 
109669,22-09-2025,Customer_1811,Vacuum Cleaner,Home,4.0,23503.33,3007.91,aurangabad
109670,03-08-2025,Customer_0216,Headphones,Electronics,2.0,5381.78,1046.42, Nashik 
109671,17-10-2025,Customer_1990,Smartphone,Electronics,7.0,200159.84,14378.97,Nagpur
109672,12-02-2025,Customer_2484,Bedsheet,Home,8.0,13176.07,2385.67,Nashik
109673,15-03-2025,Customer_1112,Desk,Furniture,3.0,36438.47,4096.73,Kolhapur
109674,16-12-2025,Customer_1917,Bedsheet,Home,4.0,6564.07,688.42, Pune 
109675,05-10-2025,Customer_1346,Bedsheet,Home,6.0,10570.9,933.88,Nagpur
109676,22-11-2025,Customer_2478,Smartphone,Electronics,1.0,28481.69,2199.19,Nashik
109677,30-08-2025,Customer_0669,Jacket,Clothing,1.0,3207.89,624.58,kolhapur
109678,10-05-2025,Customer_2294,Jacket,Clothing,4.0,10941.79,1951.69,AURANGABAD
109679,2025/12/16,Customer_1654,Table,Furniture,8.0,75704.73,7125.78, Kolhapur 
109680,2025/07/13,Customer_1592,T-Shirt,Clothing,4.0,2664.82,378.67,Nagpur
109681,01-02-2025,,Lamp,Home,7.0,8747.37,1284.67,Kolhapur
109682,16-04-2025,,Vacuum Cleaner,Home,1.0,6447.33,843.98,NAGPUR
109683,23-07-2025,Customer_1217,Cookware,Home,2.0,4397.71,569.49, Pune 
109684,01-01-2025,Customer_1169,Bookshelf,Furniture,1.0,6074.39,1227.5,Kolhapur
109685,09/02/2025,Customer_1067,Headphones,Electronics,5.0,12998.11,2282.72, Nagpur 
109686,13-03-2025,Customer_0219,Jeans,Clothing,8.0,13174.34,2145.87, Nagpur 
109687,02-11-2025,Customer_1117,Bookshelf,Furniture,5.0,30705.15,1974.3,Nashik
109688,15-01-2025,Customer_0262,Table,Furniture,7.0,72442.41,4736.1,PUNE
109689,22-02-2025,Customer_0669,Jacket,Clothing,8.0,,1666.61,Kolhapur
109690,08-01-2025,Customer_1870,Lamp,Home,1.0,1054.89,197.23,Nashik
109691,26-11-2025,Customer_0508,Monitor,Electronics,4.0,54755.55,10304.02,NASHIK
109692,15-02-2025,Customer_1839,Mixer,Home,4.0,13045.7,1318.06,Kolhapur
109693,21-11-2025,Customer_0936,Cabinet,Furniture,1.0,7402.96,1173.99,Nashik
109694,2025/04/24,Customer_0077,Vacuum Cleaner,Home,,14228.5,1883.31,Kolhapur
109695,2025/05/27,Customer_1968,Backpack,Clothing,8.0,10794.28,2329.11,Nagpur
109696,15-06-2025,Customer_0121,Tablet,Electronics,6.0,95582.83,13177.17,Pune
109697,19-05-2025,Customer_2461,Cabinet,Furniture,,31121.48,2355.9,Aurangabad
109698,27-04-2025,Customer_1851,Bookshelf,Furniture,7.0,39079.32,2522.59,Kolhapur
109699,26-10-2025,Customer_1003,Lamp,Home,7.0,9349.92,1470.33,Pune
109700,03-10-2025,Customer_2125,Bedsheet,Home,2.0,3940.22,565.22,Nagpur
109701,04-10-2025,Customer_1801,Table,Furniture,7.0,64880.74,11168.36,Aurangabad
109702,04-12-2025,Customer_0953,Mixer,Home,7.0,27498.89,2053.63,Mumbai
109703,09-11-2025,Customer_0991,Cookware,Home,2.0,4176.85,724.45,Pune
109704,27-06-2025,Customer_0532,Desk,Furniture,7.0,95550.43,20727.68,Nashik
109705,2025/11/26,Customer_2499,Lamp,Home,1.0,1249.72,113.69, Nashik 
109706,20-12-2025,Customer_1134,Bedsheet,Home,6.0,9566.24,2021.99,Kolhapur
109707,03-06-2025,Customer_1282,Bedsheet,Home,1.0,1764.32,160.85,mumbai
109708,20-07-2025,Customer_1018,Lamp,Home,5.0,6781.01,520.27,Nashik
109709,25-04-2025,Customer_0541,Jacket,Clothing,2.0,5985.68,957.96,Pune
109710,08-06-2025,Customer_0199,Bedsheet,Home,3.0,4732.13,540.41,Kolhapur
109711,11-02-2025,Customer_2176,Laptop,Electronics,3.0,147671.57,23143.06,kolhapur
109712,04-09-2025,Customer_2182,Bookshelf,Furniture,3.0,17876.41,1084.81,Pune
109713,2025/03/09,Customer_0077,Monitor,Electronics,3.0,47993.95,5564.11,Nashik
109714,22-11-2025,Customer_0107,Table,Furniture,6.0,50082.91,4787.47,Nashik
109715,30-11-2025,Customer_1716,Shoes,Clothing,7.0,15708.78,3453.76,Kolhapur
109716,15-07-2025,Customer_2463,Laptop,Electronics,2.0,103238.61,12892.66,Mumbai
109717,31-03-2025,Customer_1295,Desk,Furniture,2.0,26673.76,4339.87,Mumbai
109718,21-04-2025,Customer_0504,T-Shirt,Clothing,5.0,3362.13,684.98,Nashik
109719,25-12-2025,Customer_0596,Lamp,Home,5.0,6449.5,622.15,NAGPUR
109720,25-05-2025,Customer_0382,Vacuum Cleaner,Home,7.0,47462.04,9852.35,Aurangabad
109721,02-10-2025,Customer_2338,Table,Furniture,8.0,71923.55,12757.66,Aurangabad
109722,06/28/2025,Customer_0980,Desk,Furniture,4.0,54783.89,9338.81,Nashik
109723,29-08-2025,Customer_0634,Vacuum Cleaner,Home,5.0,28623.78,2837.46,Pune
109724,22-11-2025,Customer_1051,Monitor,Electronics,5.0,71997.03,7494.09,Nashik
109725,15-11-2025,Customer_0344,Bedsheet,Home,7.0,14329.51,1789.13,NAGPUR
109726,27-11-2025,Customer_0218,Cabinet,Furniture,6.0,47384.12,8162.21,AURANGABAD
109727,02-06-2025,Customer_0057,Lamp,Home,2.0,2417.46,292.86,Mumbai
109728,14-04-2025,Customer_0259,Monitor,Electronics,5.0,61109.4,9498.31,Aurangabad
109729,16-03-2025,Customer_1671,Cookware,Home,3.0,7327.81,1243.69, Nashik 
109730,05/08/2025,Customer_1754,Desk,Furniture,5.0,57866.91,4654.59,Nashik
109731,18-07-2025,Customer_0261,Jacket,Clothing,7.0,21460.07,4521.2,Mumbai
109732,03-06-2025,Customer_1685,Smartphone,Electronics,5.0,120810.24,21333.0,NAGPUR
109733,2025/02/25,Customer_1240,Table,Furniture,5.0,43795.31,6147.23, Aurangabad 
109734,05-10-2025,Customer_2090,Laptop,Electronics,3.0,181655.58,13324.05,Kolhapur
109735,11-12-2025,Customer_1368,Headphones,Electronics,4.0,10091.01,951.98,Mumbai
109736,19-01-2025,Customer_1405,Jacket,Clothing,3.0,7996.31,1304.27,Aurangabad
109737,08-06-2025,Customer_0010,Cookware,Home,7.0,13215.8,2048.61,Nagpur
109738,26-01-2025,Customer_1863,Smartphone,Electronics,5.0,116879.08,19532.54,Nashik
109739,18-06-2025,Customer_0178,Smartphone,Electronics,5.0,111559.3,19827.42,Nagpur
109740,23-01-2025,Customer_2061,Backpack,Clothing,2.0,2922.34,629.47,AURANGABAD
109741,16-02-2025,Customer_2195,T-Shirt,Clothing,6.0,4718.16,496.96,Mumbai
109742,13-01-2025,Customer_1292,T-Shirt,Clothing,6.0,3604.42,594.22,Nashik
109743,05-08-2025,Customer_0538,Lamp,Home,2.0,2474.08,159.3,Pune
109744,18-11-2025,Customer_1765,Vacuum Cleaner,Home,1.0,5764.22,885.11,Pune
109745,13-07-2025,Customer_2425,Monitor,Electronics,6.0,94378.05,19351.28,
109746,24-05-2025,Customer_1345,Table,Furniture,3.0,24177.03,2938.28,Mumbai
109747,14-03-2025,Customer_1293,Smartphone,Electronics,2.0,43148.04,5828.59,kolhapur
109748,05-06-2025,Customer_0934,Shoes,Clothing,5.0,13449.06,2506.85, Kolhapur 
109749,18-03-2025,Customer_2241,Jacket,Clothing,3.0,8397.45,632.66,Pune
109750,18-06-2025,Customer_0251,Jacket,Clothing,1.0,2700.35,564.74,Kolhapur
109751,14-10-2025,Customer_2356,Desk,Furniture,2.0,22053.21,2451.45,Nashik
109752,26-03-2025,Customer_0996,Tablet,Electronics,8.0,154662.93,27433.02, Pune 
109753,01-07-2025,Customer_0156,Jeans,Clothing,1.0,1797.86,219.52,Mumbai
109754,11-11-2025,Customer_0652,Jeans,Clothing,3.0,4821.02,649.79,Nagpur
109755,10/24/2025,Customer_1493,Office Chair,Furniture,6.0,50774.65,9296.48,Aurangabad
109756,22-04-2025,Customer_0605,Jacket,Clothing,7.0,21548.88,1751.83,Kolhapur
109757,18-08-2025,Customer_1522,Backpack,Clothing,8.0,12180.6,1574.67,Nagpur
109758,06-04-2025,Customer_0940,Shoes,Clothing,4.0,8570.02,596.59,Kolhapur
109759,17-06-2025,Customer_0851,Cabinet,Furniture,5.0,42134.9,5036.05,Pune
109760,2025/06/05,Customer_0326,Monitor,Electronics,6.0,93276.51,16555.06,Kolhapur
109761,15-04-2025,Customer_2174,Shoes,Clothing,8.0,17130.08,2910.44,Mumbai
109762,12-07-2025,Customer_1976,Monitor,Electronics,6.0,76247.28,9730.16,Mumbai
109763,26-11-2025,Customer_2124,Cabinet,Furniture,8.0,66394.92,13254.74,Mumbai
109764,2025/05/12,Customer_1481,Laptop,Electronics,7.0,379929.31,71942.83,Aurangabad
109765,21-12-2025,Customer_1847,Shoes,Clothing,1.0,2712.22,342.62,Nashik
109766,18-05-2025,Customer_1309,Shoes,Clothing,3.0,7502.21,1290.96,Aurangabad
109767,27-11-2025,Customer_0857,Bedsheet,Home,1.0,1546.82,313.28,Mumbai
109768,27-09-2025,Customer_1461,Mixer,Home,8.0,30266.46,3023.82,Kolhapur
109769,07-02-2025,Customer_2375,Lamp,Home,1.0,1373.22,121.81,KOLHAPUR
109770,14-02-2025,Customer_1990,Smartphone,Electronics,1.0,28105.65,3145.46,Nashik
109771,2025/06/12,Customer_1640,Office Chair,Furniture,5.0,40460.4,5382.05,Kolhapur
109772,27-11-2025,Customer_0853,Tablet,Electronics,5.0,96384.62,8185.49,Kolhapur
109773,10-09-2025,Customer_2184,Tablet,Electronics,5.0,83776.67,6365.12,nashik
109774,18-06-2025,Customer_0688,Bedsheet,Home,-1.0,7988.71,858.04,Pune
109775,12-10-2025,Customer_1102,Bookshelf,Furniture,5.0,31750.29,6071.78,Pune
109776,01-10-2025,Customer_2352,Cookware,Home,2.0,4929.87,379.64, Nagpur 
109777,20-01-2025,Customer_0495,Monitor,Electronics,1.0,15650.66,1432.98,Pune
109778,27-08-2025,Customer_1629,Office Chair,Furniture,4.0,32132.12,5675.04,Nagpur
109779,27-09-2025,Customer_1618,Cabinet,Furniture,2.0,13640.82,1299.97,Kolhapur
109780,06-11-2025,Customer_0339,Jeans,Clothing,7.0,11172.81,1421.24,Aurangabad
109781,31-01-2025,Customer_1125,Bedsheet,Home,7.0,14182.21,1667.24,Nagpur
109782,10-11-2025,Customer_2348,Laptop,Electronics,8.0,497681.85,66444.85,Mumbai
109783,14-04-2025,Customer_1400,Jeans,Clothing,8.0,14583.12,2595.46,Nagpur
109784,19-06-2025,Customer_2228,Jeans,Clothing,1.0,1758.08,134.99,Mumbai
109785,05-07-2025,Customer_0022,Smartphone,Electronics,1.0,25646.06,2124.32,Pune
109786,08-05-2025,Customer_0732,Mixer,Home,4.0,13150.01,2100.98,Pune
109787,29-07-2025,Customer_0244,Jeans,Clothing,1.0,1708.59,113.23,Nagpur
109788,08-10-2025,Customer_1547,T-Shirt,Clothing,7.0,4945.49,744.05,Aurangabad
109789,09/10/2025,Customer_2253,Jeans,Clothing,1.0,1397.84,195.85,Nagpur
109790,19-01-2025,Customer_2279,Headphones,Electronics,3.0,7981.15,546.84,Aurangabad
109791,19-07-2025,Customer_2011,Office Chair,Furniture,7.0,56599.22,8616.0,Mumbai
109792,08-08-2025,Customer_1565,Desk,Furniture,5.0,65998.09,6262.56,aurangabad
109793,16-05-2025,Customer_0474,Jacket,Clothing,8.0,24639.6,1851.17,Pune
109794,11-08-2025,Customer_0252,Mixer,Home,7.0,23793.15,2187.01,NAGPUR
109795,03-01-2025,Customer_1857,Cookware,Home,8.0,19585.39,3384.1,Kolhapur
109796,24-08-2025,Customer_0501,Office Chair,Furniture,5.0,32160.32,1978.62,Kolhapur
109797,08-12-2025,Customer_1881,Laptop,Electronics,1.0,51555.61,4275.26,Mumbai
109798,16-08-2025,Customer_1929,Monitor,Electronics,5.0,72736.39,12089.33,Kolhapur
109799,22-05-2025,Customer_1869,Laptop,Electronics,2.0,124584.38,26452.55,Pune
109800,09-01-2025,Customer_1905,Shoes,Clothing,5.0,13095.86,797.64,Aurangabad
109801,09-07-2025,Customer_1862,Lamp,Home,6.0,6895.44,979.86,Nashik
109802,16-12-2025,Customer_0923,Vacuum Cleaner,Home,1.0,6498.4,1017.22,AURANGABAD
109803,14-06-2025,Customer_1312,Table,Furniture,8.0,81947.91,16523.23,Aurangabad
109804,19-05-2025,Customer_0085,Shoes,Clothing,2.0,4413.36,452.62,KOLHAPUR
109805,03-10-2025,Customer_2212,Table,Furniture,5.0,49496.98,9497.93,Aurangabad
109806,18-10-2025,Customer_0890,Lamp,Home,3.0,3357.4,593.9,Pune
109807,22-02-2025,Customer_0877,Headphones,Electronics,6.0,15774.17,2141.56,mumbai
109808,06/24/2025,Customer_1081,Jeans,Clothing,1.0,1456.7,294.52,kolhapur
109809,04/20/2025,Customer_0133,Office Chair,Furniture,8.0,63201.32,5500.97,Pune
109810,07/22/2025,Customer_1920,Smartphone,Electronics,7.0,185752.12,33180.79,Nashik
109811,16-05-2025,,Jacket,Clothing,8.0,24999.84,2391.34,Mumbai
109812,04-01-2025,Customer_1739,Lamp,Home,2.0,2751.9,232.65,Mumbai
109813,2025/06/04,Customer_0427,Bookshelf,Furniture,2.0,12362.48,2041.64,Nagpur
109814,06/21/2025,Customer_0789,Desk,Furniture,1.0,11708.23,1592.39,NASHIK
109815,24-12-2025,Customer_0718,Office Chair,Furniture,8.0,67036.38,10943.28,nagpur
109816,16-02-2025,Customer_2229,Desk,Furniture,1.0,11989.2,965.56,Pune
109817,04-04-2025,Customer_2193,Backpack,Clothing,1.0,1193.08,95.44,Aurangabad
109818,17-02-2025,Customer_0682,Mixer,Home,2.0,7957.99,1450.37,Nashik
109819,28-08-2025,Customer_0949,Headphones,Electronics,5.0,14251.69,936.53,Pune
109820,13-12-2025,Customer_1982,Lamp,Home,8.0,10119.03,678.86, Mumbai 
109821,01-08-2025,Customer_1824,Laptop,Electronics,3.0,178961.8,21645.79,PUNE
109822,06-12-2025,Customer_0004,Vacuum Cleaner,Home,2.0,11423.48,1723.66,Kolhapur
109823,20-11-2025,Customer_1757,Tablet,Electronics,7.0,117688.54,19481.2,Mumbai
109824,19-05-2025,Customer_1368,Jeans,Clothing,2.0,3351.85,579.2,Mumbai
109825,2025/07/24,Customer_1850,Bedsheet,Home,4.0,8263.72,1007.11,Pune
109826,14-03-2025,Customer_0027,Laptop,Electronics,8.0,435421.64,82180.55,Nagpur
109827,04-01-2025,Customer_1123,Vacuum Cleaner,Home,7.0,46569.75,3071.79,Nagpur
109828,17-03-2025,Customer_1937,T-Shirt,Clothing,5.0,3860.23,263.42,mumbai
109829,25-11-2025,Customer_1752,Backpack,Clothing,5.0,6308.72,481.56,Kolhapur
109830,18-03-2025,Customer_1196,Jeans,Clothing,8.0,11179.24,716.7,Mumbai
109831,31-10-2025,Customer_1882,Jeans,Clothing,6.0,8318.48,1087.98,Nagpur
109832,13-09-2025,Customer_1976,Vacuum Cleaner,Home,8.0,48144.5,3863.4,Mumbai
109833,12-04-2025,Customer_1581,T-Shirt,Clothing,7.0,5133.3,493.71,Pune
109834,16-04-2025,Customer_1968,Desk,Furniture,4.0,41072.87,5214.08,Aurangabad
109835,11/29/2025,Customer_0070,Laptop,Electronics,5.0,259360.72,28783.0, Kolhapur 
109836,08-02-2025,Customer_0315,T-Shirt,Clothing,8.0,5508.05,919.99,NASHIK
109837,10-11-2025,Customer_0912,Monitor,Electronics,7.0,101424.49,21295.27, Mumbai 
109838,02-10-2025,Customer_1998,Office Chair,Furniture,5.0,37699.31,5112.45,Nagpur
109839,29-03-2025,Customer_0309,Bookshelf,Furniture,7.0,38389.02,6943.08,Aurangabad
109840,30-07-2025,Customer_0942,Headphones,Electronics,6.0,13383.49,1854.7,Mumbai
109841,18-03-2025,Customer_0515,T-Shirt,Clothing,7.0,4784.34,790.99,Aurangabad
109842,18-03-2025,Customer_2243,Tablet,Electronics,3.0,60765.47,12849.18,Aurangabad
109843,28-01-2025,Customer_1629,Headphones,Electronics,7.0,15755.95,1605.39,Pune
109844,02-09-2025,Customer_1440,Office Chair,Furniture,1.0,8201.18,1172.15,Pune
109845,07-03-2025,Customer_1123,Bookshelf,Furniture,4.0,23661.85,4110.06,Kolhapur
109846,23-09-2025,Customer_1318,Table,Furniture,4.0,37100.79,7988.33,Nagpur
109847,24-07-2025,Customer_1815,Monitor,Electronics,0.0,114821.55,15449.91,Kolhapur
109848,27-02-2025,Customer_0594,Bookshelf,Furniture,8.0,48616.57,9206.34,Nashik
109849,07/20/2025,Customer_1900,T-Shirt,Clothing,7.0,5065.63,828.37,Nagpur
109850,2025/08/13,Customer_1189,Office Chair,Furniture,8.0,68485.9,10885.37, Mumbai 
109851,22-05-2025,Customer_1172,Monitor,Electronics,7.0,94480.39,16119.5, Nagpur 
109852,25-03-2025,Customer_0574,Jeans,Clothing,4.0,6706.16,417.23,Nagpur
109853,23-05-2025,Customer_0100,Bookshelf,Furniture,8.0,47529.54,8501.35,Kolhapur
109854,2025/12/18,Customer_0427,Cabinet,Furniture,6.0,47986.2,8864.94,Nagpur
109855,02-02-2025,Customer_2280,Cabinet,Furniture,1.0,7882.12,1713.03,Nashik
109856,2025/06/01,Customer_1547,Jacket,Clothing,3.0,7878.09,588.81,Mumbai
109857,07-06-2025,Customer_0915,Bedsheet,Home,4.0,7048.83,1033.88,Pune
109858,05/21/2025,Customer_0536,Bookshelf,Furniture,2.0,11456.74,1131.52, Aurangabad 
109859,09/08/2025,Customer_0914,Bedsheet,Home,7.0,13250.38,1594.55,Nashik
109860,30-10-2025,Customer_1812,Headphones,Electronics,2.0,5197.05,959.64,Aurangabad
109861,2025/04/22,Customer_1743,Jacket,Clothing,8.0,24153.94,2899.67,Nashik
109862,24-05-2025,,Desk,Furniture,5.0,61222.17,8077.98, Kolhapur 
109863,28-07-2025,Customer_0471,Vacuum Cleaner,Home,6.0,43338.42,8693.75,Nagpur
109864,12-08-2025,Customer_1519,Office Chair,Furniture,8.0,57187.35,4270.64,Pune
109865,12-02-2025,Customer_1522,Mixer,Home,4.0,12603.85,1496.33,Aurangabad
109866,21-09-2025,Customer_1343,Cabinet,Furniture,5.0,40771.0,6730.72,Nashik
109867,01-09-2025,Customer_0030,Mixer,Home,6.0,19937.64,3325.6,Aurangabad
109868,03-01-2025,Customer_1065,Headphones,Electronics,8.0,22626.44,3718.03,Aurangabad
109869,2025/05/05,Customer_1986,Backpack,Clothing,1.0,1256.6,191.94, Nagpur 
109870,2025/09/25,Customer_2121,Lamp,Home,8.0,9720.66,1937.44,Nashik
109871,25-03-2025,Customer_0488,Smartphone,Electronics,4.0,95509.09,12193.77,mumbai
109872,16-01-2025,Customer_2030,Bedsheet,Home,1.0,1853.28,266.7,Kolhapur
109873,30-11-2025,Customer_2485,Desk,Furniture,6.0,76730.76,5099.7,Nashik
109874,28-02-2025,Customer_1485,Desk,Furniture,5.0,61143.29,4858.9,Mumbai
109875,26-06-2025,Customer_1585,Backpack,Clothing,2.0,2644.78,438.66,Pune
109876,04-03-2025,Customer_1267,Bookshelf,Furniture,4.0,21533.38,2356.07,PUNE
109877,18-02-2025,Customer_1276,Bedsheet,Home,6.0,11457.74,1880.55,NAGPUR
109878,03-11-2025,Customer_0423,Headphones,Electronics,2.0,4386.56,668.35,AURANGABAD
109879,03-09-2025,Customer_1200,Laptop,Electronics,2.0,98359.4,9871.69,Aurangabad
109880,2025/10/16,Customer_0694,Cookware,Home,2.0,4346.16,336.81,Kolhapur
109881,2025/10/13,Customer_1154,Bookshelf,Furniture,5.0,34442.82,2977.9, Kolhapur 
109882,28-11-2025,Customer_1879,Laptop,Electronics,3.0,178924.98,34492.12, Nagpur 
109883,15-01-2025,Customer_2007,Smartphone,Electronics,8.0,229667.84,29531.73, Aurangabad 
109884,04-12-2025,Customer_2056,Headphones,Electronics,7.0,19464.0,4149.85,Nashik
109885,12-09-2025,Customer_2420,Cabinet,Furniture,1.0,7214.95,986.35,Pune
109886,02-04-2025,Customer_1997,Lamp,Home,5.0,5208.02,829.72,Kolhapur
109887,06-10-2025,Customer_0788,T-Shirt,Clothing,1.0,717.1,66.45,Pune
109888,25-07-2025,Customer_1649,Desk,Furniture,1.0,13072.45,862.3,Nashik
109889,04-04-2025,Customer_1335,Monitor,Electronics,7.0,107003.08,6876.37,Kolhapur
109890,13-08-2025,Customer_2315,T-Shirt,Clothing,3.0,2198.8,159.64,Mumbai
109891,28-10-2025,Customer_1319,Bedsheet,Home,5.0,8328.31,1461.67,Mumbai
109892,14-11-2025,Customer_0531,Lamp,Home,8.0,8967.57,1271.49,Kolhapur
109893,18-07-2025,Customer_2254,Smartphone,Electronics,4.0,112457.45,7640.53, Nagpur 
109894,28-09-2025,Customer_1696,Shoes,Clothing,3.0,8199.93,577.63,Pune
109895,22-08-2025,Customer_1496,Monitor,Electronics,1.0,12432.54,983.3,Kolhapur
109896,15-02-2025,Customer_0029,Laptop,Electronics,1.0,63152.69,5609.84,Aurangabad
109897,05-03-2025,Customer_1361,Office Chair,Furniture,1.0,8392.71,1834.22,Mumbai
109898,18-08-2025,Customer_2238,Vacuum Cleaner,Home,3.0,18820.14,3029.44,Nagpur
109899,06-09-2025,Customer_0210,Cookware,Home,3.0,7152.6,878.51,Mumbai
109900,03-09-2025,Customer_0252,Tablet,Electronics,2.0,32347.59,4185.84,Kolhapur
109901,03/16/2025,Customer_0682,Tablet,Electronics,-1.0,58404.58,10800.29,mumbai
109902,06/06/2025,Customer_0686,Bedsheet,Home,7.0,11581.44,1019.1,Pune
109903,11-08-2025,Customer_1428,Jacket,Clothing,2.0,6306.54,422.79,Aurangabad
109904,09-07-2025,Customer_1825,Monitor,Electronics,1.0,14985.9,1010.46,Pune
109905,21-02-2025,Customer_0683,Table,Furniture,3.0,29736.99,6092.11,AURANGABAD
109906,2025/03/29,Customer_0888,Jeans,Clothing,7.0,10519.33,755.6,Nashik
109907,2025/11/09,Customer_1600,Bookshelf,Furniture,3.0,17895.7,1928.33,Mumbai
109908,05-12-2025,Customer_1439,Lamp,Home,6.0,7021.01,1168.28,Kolhapur
109909,07-03-2025,Customer_0941,Laptop,Electronics,3.0,150636.39,17641.37,Mumbai
109910,30-05-2025,Customer_1866,Jacket,Clothing,,18224.11,2970.57,Mumbai
109911,20-01-2025,Customer_0883,Bookshelf,Furniture,7.0,39811.07,6620.11,Aurangabad
109912,02-02-2025,Customer_2458,Tablet,Electronics,2.0,38865.38,6016.27,PUNE
109913,24-11-2025,Customer_1498,Jacket,Clothing,8.0,20649.42,1239.78,Mumbai
109914,08-10-2025,Customer_0354,Smartphone,Electronics,7.0,190899.58,36580.44,Nashik
109915,15-02-2025,Customer_0265,Monitor,Electronics,5.0,74149.69,5357.53,Nagpur
109916,14-03-2025,Customer_0643,Vacuum Cleaner,Home,6.0,39997.1,7653.98,Aurangabad
109917,20-12-2025,Customer_2441,Smartphone,Electronics,8.0,193380.1,17729.11, Kolhapur 
109918,09-11-2025,Customer_1079,Headphones,Electronics,6.0,15394.32,2958.93,Kolhapur
109919,2025/12/09,Customer_1939,Laptop,Electronics,2.0,95112.71,14791.19,Aurangabad
109920,13-05-2025,Customer_1382,Cabinet,Furniture,5.0,41718.09,6523.82,Kolhapur
109921,24-02-2025,Customer_1108,Backpack,Clothing,8.0,11704.11,1884.6,kolhapur
109922,02-03-2025,Customer_2361,T-Shirt,Clothing,1.0,622.38,60.74,mumbai
109923,11-12-2025,Customer_1420,Cookware,Home,7.0,15949.75,1002.14,Aurangabad
109924,08-01-2025,Customer_0088,Tablet,Electronics,3.0,56182.86,9352.3,Pune
109925,29-09-2025,Customer_0085,Headphones,Electronics,8.0,18435.05,2870.36,Pune
109926,03-09-2025,Customer_1319,Lamp,Home,4.0,4849.09,493.2, Nagpur 
109927,25-06-2025,Customer_1353,Jeans,Clothing,3.0,4746.68,975.63,Nashik
109928,26-04-2025,Customer_2242,Shoes,Clothing,1.0,2444.95,393.09,NASHIK
109929,13-11-2025,Customer_0006,Vacuum Cleaner,Home,1.0,5593.93,405.27,Pune
109930,28-09-2025,Customer_0524,Backpack,Clothing,2.0,2448.3,451.76,Mumbai
109931,12-07-2025,Customer_0767,Cookware,Home,5.0,10505.85,1012.95,Nashik
109932,30-05-2025,Customer_0020,Shoes,Clothing,1.0,2685.49,234.16,Mumbai
109933,11-05-2025,Customer_1611,T-Shirt,Clothing,1.0,646.76,83.4,Aurangabad
109934,12-04-2025,Customer_1104,Cookware,Home,5.0,10443.75,1604.81,Nagpur
109935,06-11-2025,Customer_1938,Monitor,Electronics,6.0,79913.58,9819.16,aurangabad
109936,27-09-2025,Customer_2182,Cookware,Home,5.0,12197.53,2458.11,Nagpur
109937,2025/10/19,,Lamp,Home,8.0,10543.81,2091.61,Mumbai
109938,29-07-2025,Customer_1366,Monitor,Electronics,4.0,57171.44,9341.66,Nagpur
109939,27-12-2025,Customer_0388,Cabinet,Furniture,1.0,8137.22,1511.03,Aurangabad
109940,04-12-2025,Customer_1024,Laptop,Electronics,7.0,390890.56,30400.46,Nashik
109941,2025/03/08,Customer_2069,Lamp,Home,2.0,2622.9,476.56,pune
109942,10-01-2025,Customer_0631,Jeans,Clothing,1.0,1753.74,158.66,Mumbai
109943,18-02-2025,Customer_2309,Office Chair,Furniture,6.0,41916.83,4498.53,Nagpur
109944,21-04-2025,Customer_0880,Shoes,Clothing,4.0,10024.24,816.18,Nagpur
109945,17-11-2025,Customer_1549,Cabinet,Furniture,8.0,61799.33,5509.12,Nashik
109946,07-08-2025,Customer_1422,Lamp,Home,6.0,6691.89,1157.84,Mumbai
109947,26-02-2025,Customer_2284,Backpack,Clothing,7.0,10843.14,690.33,Nashik
109948,10-10-2025,Customer_0101,Vacuum Cleaner,Home,6.0,39770.99,2615.72,Aurangabad
109949,23-04-2025,Customer_2052,Bedsheet,Home,5.0,7880.17,1361.8,Nagpur
109950,05/13/2025,Customer_2090,Table,Furniture,5.0,48180.71,9165.75,Nagpur
109951,12-03-2025,Customer_0211,Smartphone,Electronics,1.0,24806.81,4901.06,PUNE
109952,2025/03/24,Customer_1070,Bookshelf,Furniture,6.0,32401.85,3238.72,Nagpur
109953,26-02-2025,Customer_0978,Jacket,Clothing,4.0,9971.93,1870.79,Nashik
109954,15-12-2025,Customer_0559,Vacuum Cleaner,Home,6.0,35825.5,3040.93,Kolhapur
109955,2025/09/28,Customer_1179,Backpack,Clothing,5.0,7258.53,525.03,Nagpur
109956,21-04-2025,Customer_1276,Headphones,Electronics,2.0,4317.35,332.76, Nashik 
109957,23-12-2025,Customer_0869,Headphones,Electronics,7.0,14876.26,2551.55,Mumbai
109958,17-03-2025,Customer_2472,Mixer,Home,7.0,24957.43,2335.52, Nashik 
109959,2025/06/07,Customer_2419,Laptop,Electronics,2.0,101189.16,19201.15,Nagpur
109960,20-01-2025,Customer_1491,Smartphone,Electronics,8.0,200109.21,34371.67,Aurangabad
109961,11-05-2025,Customer_0670,Jacket,Clothing,5.0,13801.57,1353.04,Mumbai
109962,25-11-2025,Customer_0622,Smartphone,Electronics,4.0,114112.08,17174.28,Nashik
109963,02-05-2025,Customer_1893,Monitor,Electronics,8.0,99600.99,12447.57,AURANGABAD
109964,10-02-2025,,Laptop,Electronics,1.0,52184.07,4918.56,
109965,16-06-2025,Customer_1207,Bedsheet,Home,8.0,16272.46,3269.91,Mumbai
109966,2025/05/10,Customer_2235,Mixer,Home,5.0,15920.52,1852.25,Kolhapur
109967,2025/01/23,Customer_2473,Monitor,Electronics,6.0,90610.35,8459.47,Mumbai
109968,06-10-2025,Customer_0915,Mixer,Home,5.0,17980.72,3092.09,aurangabad
109969,08-09-2025,Customer_1927,Vacuum Cleaner,Home,5.0,34001.23,5883.08,Nashik
109970,09-01-2025,Customer_1600,Bookshelf,Furniture,8.0,50976.47,10927.77,Aurangabad
109971,13-01-2025,Customer_0334,Cabinet,Furniture,7.0,53421.18,10714.93,nagpur
109972,03-11-2025,Customer_1882,Monitor,Electronics,8.0,95932.72,10179.66,Nagpur
109973,16-11-2025,Customer_2211,Jacket,Clothing,1.0,2420.87,397.49,Nashik
109974,2025/02/21,Customer_1303,Office Chair,Furniture,7.0,46212.45,9025.9,Mumbai
109975,28-07-2025,Customer_0114,Tablet,Electronics,1.0,18791.6,1214.13,nashik
109976,07-02-2025,Customer_1720,Office Chair,Furniture,3.0,23949.75,4740.27,pune
109977,10-04-2025,Customer_1226,Jacket,Clothing,8.0,23482.73,1523.65,Pune
109978,12-07-2025,Customer_1377,Cabinet,Furniture,5.0,44295.03,7848.82,Kolhapur
109979,10-07-2025,Customer_1735,Backpack,Clothing,8.0,10791.6,1214.93,Kolhapur
109980,20-02-2025,Customer_0699,Jacket,Clothing,2.0,5566.1,1106.19,Nagpur
109981,21-05-2025,Customer_2032,Smartphone,Electronics,1.0,23140.45,1762.24,KOLHAPUR
109982,17-06-2025,Customer_0448,Table,Furniture,4.0,39938.07,2564.28,Kolhapur
109983,07-11-2025,Customer_0447,Bookshelf,Furniture,5.0,33698.97,3670.47, Mumbai 
109984,2025/04/19,Customer_2388,Bookshelf,Furniture,6.0,36088.81,2929.23,Aurangabad
109985,26-07-2025,Customer_1515,Desk,Furniture,3.0,40344.35,7260.93,Aurangabad
109986,27-10-2025,Customer_1424,Smartphone,Electronics,5.0,140905.83,23857.7,Nashik
109987,20-04-2025,Customer_1570,Mixer,Home,2.0,6337.86,692.87,MUMBAI
109988,07/15/2025,Customer_1364,Lamp,Home,4.0,4781.06,751.4,Pune
109989,01-06-2025,Customer_2107,Backpack,Clothing,3.0,,575.27,nagpur
109990,2025/08/31,Customer_0225,Desk,Furniture,8.0,101848.47,21771.27,Mumbai
109991,05/08/2025,Customer_1051,Office Chair,Furniture,8.0,53742.73,10642.86, Aurangabad 
109992,15-04-2025,Customer_0183,Smartphone,Electronics,2.0,48810.59,8648.63,Nagpur
109993,10-01-2025,Customer_0952,Tablet,Electronics,7.0,118195.75,13407.83,nashik
109994,22-12-2025,Customer_1147,Jeans,Clothing,4.0,5492.1,1183.13,AURANGABAD
109995,05/28/2025,Customer_1538,Mixer,Home,3.0,11487.38,861.86, Mumbai 
109996,31-12-2025,Customer_1138,Bookshelf,Furniture,7.0,48293.81,7572.66, Pune 
109997,30-12-2025,Customer_0155,Cookware,Home,8.0,19467.69,1375.7,Mumbai
109998,20-05-2025,Customer_1475,Jeans,Clothing,2.0,3093.87,517.12,Aurangabad
109999,09-07-2025,Customer_1438,Headphones,Electronics,4.0,8819.3,1219.04,Pune
103272,07-05-2025,Customer_0031,Lamp,Home,3.0,3226.04,262.33,Mumbai
104846,27-07-2025,Customer_1717,T-Shirt,Clothing,2.0,1521.54,221.07,Kolhapur
104359,11/05/2025,Customer_2455,Headphones,Electronics,5.0,14035.54,2721.55,Pune
104367,08-04-2025,Customer_1726,Monitor,Electronics,4.0,53834.81,4062.93,Pune
108576,2025/03/18,Customer_2459,Jeans,Clothing,2.0,3527.54,577.8,Nashik
109939,2025/12/27,Customer_0388,Cabinet,Furniture,1.0,8137.22,1511.03,Aurangabad
108293,2025/07/26,Customer_1184,Tablet,Electronics,5.0,86367.26,6177.5,Nashik
101424,02-10-2025,Customer_1555,Smartphone,Electronics,6.0,129970.72,21801.63,Nagpur
103610,03-05-2025,Customer_1146,Lamp,Home,6.0,6763.36,1433.61,Kolhapur
104394,28-09-2025,Customer_1076,Headphones,Electronics,5.0,10938.74,1134.68,Nashik
107232,10/23/2025,Customer_1514,Laptop,Electronics,2.0,103817.86,8391.2, Mumbai 
105493,16-12-2025,Customer_0493,Monitor,Electronics,7.0,104327.74,22236.11,Aurangabad
100208,08-08-2025,Customer_0437,Table,Furniture,8.0,66986.07,10492.75,Mumbai
102569,21-04-2025,Customer_0770,Desk,Furniture,8.0,100734.01,17022.24,pune
101390,06/01/2025,Customer_0173,Lamp,Home,8.0,9876.57,1320.12,Nashik
107428,02-08-2025,Customer_0029,T-Shirt,Clothing,5.0,4007.95,790.54,Pune
106163,24-06-2025,Customer_2341,Bookshelf,Furniture,2.0,12829.57,2203.84,Mumbai
106317,09-11-2025,Customer_2346,Shoes,Clothing,1.0,2775.93,465.87,Aurangabad
107397,30-09-2025,Customer_2395,Bookshelf,Furniture,5.0,28395.94,3104.84,Mumbai
109806,18-10-2025,Customer_0890,Lamp,Home,3.0,3357.4,593.9,Pune
107017,20-05-2025,Customer_0935,Tablet,Electronics,3.0,48052.36,4828.54, Pune 
104478,02-08-2025,Customer_2031,Mixer,Home,7.0,27916.45,4228.48,Mumbai
106226,2025/05/28,Customer_2432,T-Shirt,Clothing,2.0,1404.71,138.15,Kolhapur
109077,31-03-2025,Customer_1208,Tablet,Electronics,2.0,40426.61,8740.64,Mumbai
108569,05-07-2025,Customer_0993,Shoes,Clothing,6.0,15609.36,3266.6,Mumbai
105765,03/14/2025,Customer_1566,Desk,Furniture,8.0,103189.09,18698.47,Aurangabad
105377,17-03-2025,Customer_0032,Backpack,Clothing,6.0,9403.56,1267.03,Mumbai
102656,07/03/2025,Customer_2152,Bedsheet,Home,3.0,4694.06,427.39,Nagpur
102865,09-06-2025,Customer_0171,Cookware,Home,7.0,15989.65,3352.07,Nashik
105033,05/25/2025,Customer_2451,Vacuum Cleaner,Home,5.0,33793.93,3933.76,Pune
106451,30-03-2025,Customer_1302,Headphones,Electronics,1.0,2393.93,207.87,Pune
104329,03-06-2025,Customer_1465,Jeans,Clothing,1.0,1496.93,214.45,NAGPUR
107657,20-05-2025,Customer_1062,Jacket,Clothing,1.0,2469.62,510.7,Nagpur
107009,31-07-2025,Customer_0069,Jacket,Clothing,7.0,20045.52,2969.82,NASHIK
104569,23-08-2025,Customer_0453,Vacuum Cleaner,Home,3.0,22409.33,2356.31,MUMBAI
109660,30-01-2025,Customer_1066,Backpack,Clothing,8.0,9924.58,648.5,Nashik
104910,12-02-2025,Customer_1110,Lamp,Home,1.0,1267.52,83.02, Nagpur 
106269,21-03-2025,Customer_0984,Lamp,Home,4.0,5196.21,472.26,nagpur
107786,24-10-2025,Customer_1189,Table,Furniture,5.0,46192.39,4283.28,Nashik
105622,20-10-2025,Customer_0058,Bedsheet,Home,3.0,-6133.19,627.17, Kolhapur 
102047,09/21/2025,Customer_0087,Backpack,Clothing,2.0,3031.55,321.66,Pune
103580,01-01-2025,Customer_1446,Cookware,Home,3.0,5914.19,1078.18,Kolhapur
105868,08/07/2025,Customer_1714,Jeans,Clothing,5.0,8597.85,1302.39,Nashik
105304,09-05-2025,Customer_2477,Shoes,Clothing,7.0,19906.07,3916.48,Nashik
105277,28-04-2025,Customer_0617,Jeans,Clothing,1.0,1490.19,278.92,Kolhapur
108592,15-07-2025,Customer_0298,Lamp,Home,7.0,9092.98,1914.26,Kolhapur
106248,12-07-2025,Customer_2195,Tablet,Electronics,8.0,137262.56,27443.28,Aurangabad
106960,11-05-2025,Customer_1839,Shoes,Clothing,3.0,7940.15,1676.62,nashik
107376,26-05-2025,Customer_1190,Table,Furniture,4.0,38236.13,4856.74,Aurangabad
106420,08-03-2025,Customer_0132,Shoes,Clothing,4.0,8916.78,1057.72,AURANGABAD
104429,2025/02/07,Customer_1372,Lamp,Home,4.0,4478.69,553.7,Kolhapur
103397,17-11-2025,Customer_0706,Table,Furniture,7.0,61084.66,5002.89,Kolhapur
107798,10-05-2025,Customer_1895,Cabinet,Furniture,5.0,45825.96,9616.15,Aurangabad
107400,10-12-2025,Customer_1315,Bookshelf,Furniture,8.0,50780.8,6347.77,Mumbai
104070,09-04-2025,Customer_2071,Jeans,Clothing,7.0,10617.9,1128.97,Nagpur
103625,22-10-2025,Customer_0548,Desk,Furniture,2.0,20901.9,4129.72,Mumbai
102697,14-01-2025,Customer_0189,Vacuum Cleaner,Home,8.0,59581.16,4042.5,AURANGABAD
106652,22-09-2025,Customer_1840,Cabinet,Furniture,5.0,45774.94,4810.05,Pune
108865,19-09-2025,Customer_1620,Bedsheet,Home,4.0,6514.41,1106.32, Nashik 
109873,30-11-2025,Customer_2485,Desk,Furniture,6.0,76730.76,5099.7,NASHIK
104076,10/30/2025,Customer_1142,Mixer,Home,2.0,6399.64,948.97,Pune
101348,03/28/2025,Customer_0924,Tablet,Electronics,4.0,71344.53,13217.96,Nashik
105572,2025/02/23,Customer_1575,Office Chair,Furniture,1.0,8348.61,644.62, Mumbai 
101073,14-05-2025,Customer_2331,T-Shirt,Clothing,7.0,4332.5,728.65,Mumbai
106125,25-01-2025,Customer_0994,Smartphone,Electronics,6.0,156077.3,15287.94,NAGPUR
108918,22-10-2025,Customer_1784,Jacket,Clothing,6.0,14731.79,1592.02,Nashik
103351,04-10-2025,Customer_0650,Tablet,Electronics,8.0,129469.33,25814.53,PUNE
108315,13-03-2025,Customer_0556,Jeans,Clothing,6.0,9648.6,936.58,Aurangabad
102204,09/28/2025,Customer_2023,Monitor,Electronics,6.0,83602.17,16140.44,Kolhapur
106647,14-06-2025,Customer_1774,Cookware,Home,6.0,12085.14,1984.22,Nashik
100497,16-01-2025,Customer_0926,Bedsheet,Home,4.0,6883.51,1120.32,Nashik
106901,15-06-2025,Customer_0065,Smartphone,Electronics,2.0,53906.85,8273.73,Aurangabad
104026,23-11-2025,Customer_2053,Bedsheet,Home,1.0,1851.5,212.62,pune
101718,20-03-2025,Customer_2348,Monitor,Electronics,4.0,61139.59,4961.71,Mumbai
108136,19-12-2025,Customer_1506,Monitor,Electronics,2.0,27798.83,4545.94,KOLHAPUR
102806,16-11-2025,Customer_1134,Jacket,Clothing,4.0,11849.81,2449.68,Nagpur
103433,06-05-2025,Customer_2042,Jeans,Clothing,8.0,13255.41,2572.93,Mumbai
100162,14-05-2025,Customer_1742,Bookshelf,Furniture,4.0,25472.35,3378.03,Pune
106654,10-04-2025,Customer_0374,Desk,Furniture,8.0,106752.23,16116.55,Aurangabad
103418,02-05-2025,Customer_1177,Cabinet,Furniture,8.0,66749.03,13426.83,NAGPUR
102741,23-03-2025,Customer_2443,Mixer,Home,1.0,3421.57,535.99,Mumbai
108365,01-08-2025,Customer_0453,Mixer,Home,8.0,31018.6,3782.06,Mumbai
102855,2025/03/25,Customer_0773,T-Shirt,Clothing,3.0,1842.52,331.66,Aurangabad
104096,14-07-2025,Customer_0495,Table,Furniture,8.0,79126.23,16048.78,Kolhapur
108776,26-04-2025,Customer_0215,Mixer,Home,5.0,17797.63,3445.2,Kolhapur
100833,18-12-2025,Customer_0547,Jacket,Clothing,8.0,21210.42,2077.79,Mumbai
103825,06/19/2025,Customer_0604,Table,Furniture,2.0,17165.41,3120.73,Aurangabad
100232,24-05-2025,Customer_0869,Tablet,Electronics,2.0,36463.08,7046.96,Aurangabad
104245,30-03-2025,Customer_0114,Cabinet,Furniture,3.0,-26142.47,4537.61,Aurangabad
107949,16-11-2025,Customer_1181,Bookshelf,Furniture,7.0,43485.63,8741.59,Mumbai
100119,09-04-2025,Customer_0080,T-Shirt,Clothing,8.0,5482.7,1096.55,Aurangabad
104196,08-09-2025,Customer_1380,Jeans,Clothing,8.0,14199.59,1500.49,Aurangabad
100956,17-05-2025,Customer_1888,Bookshelf,Furniture,8.0,44338.8,6753.4,Kolhapur
101036,27-12-2025,Customer_1457,T-Shirt,Clothing,1.0,641.76,112.17, Aurangabad 
100964,2025/01/06,Customer_1459,Desk,Furniture,4.0,48818.09,8096.18, Mumbai 
100223,03-07-2025,Customer_1238,Office Chair,Furniture,8.0,58910.38,8212.79,Aurangabad
105187,11/27/2025,Customer_0740,Bedsheet,Home,3.0,4984.99,577.54, Kolhapur 
103025,07/08/2025,Customer_0621,Laptop,Electronics,3.0,157225.29,33806.19,pune
108609,2025/08/29,Customer_0195,Bedsheet,Home,4.0,7892.59,1278.81,Kolhapur
107182,08-08-2025,Customer_0230,Laptop,Electronics,4.0,222056.15,39280.54,Nashik
102498,27-04-2025,Customer_1077,Bookshelf,Furniture,3.0,19387.86,2850.46, Kolhapur 
102266,19-04-2025,Customer_0353,Backpack,Clothing,3.0,3696.29,667.92,Aurangabad
103326,16-09-2025,Customer_0412,Backpack,Clothing,5.0,6561.01,1227.54,NAGPUR
101602,04-05-2025,Customer_2282,Jacket,Clothing,1.0,2838.72,267.52,Nashik
101114,25-04-2025,Customer_2146,Desk,Furniture,5.0,65592.97,4405.24,mumbai
106311,13-12-2025,Customer_0186,Bookshelf,Furniture,2.0,13330.05,1803.7,Mumbai
108015,2025/03/07,Customer_0660,Cookware,Home,6.0,13383.24,935.36,Kolhapur
100381,02/05/2025,Customer_1842,Mixer,Home,5.0,16101.3,1644.84,Mumbai
106184,23-09-2025,Customer_0205,Mixer,Home,1.0,3791.45,392.2,KOLHAPUR
108650,13-12-2025,Customer_0479,Backpack,Clothing,4.0,5157.78,676.41,Nagpur
106115,05-04-2025,Customer_1819,Vacuum Cleaner,Home,3.0,16763.61,3022.02,Pune
108794,24-11-2025,Customer_2159,Mixer,Home,6.0,18822.78,1300.83,Nagpur
105865,05-04-2025,Customer_0392,Bedsheet,Home,5.0,9339.9,1065.56,Mumbai
104795,12-06-2025,Customer_1051,Lamp,Home,7.0,8379.32,1485.86,Nagpur
100315,10-10-2025,Customer_2103,Bookshelf,Furniture,8.0,50056.35,8552.04,Mumbai
105518,22-01-2025,Customer_2041,Jacket,Clothing,3.0,9329.46,1856.48,Aurangabad
108063,11-11-2025,Customer_2063,T-Shirt,Clothing,3.0,2289.44,399.4,Aurangabad
107062,08/10/2025,Customer_2207,Office Chair,Furniture,3.0,19565.32,1417.94,Mumbai
102895,02-03-2025,Customer_0991,Office Chair,Furniture,2.0,16190.54,1032.31,Nagpur
103187,02/16/2025,Customer_0939,Lamp,Home,3.0,3191.28,301.25,Nagpur
